uid,namedLocation,domainID,siteID,startCollectDate,endCollectDate,testingID,testingVialID,poolSize,dataQF
"38e56b6f-ce31-4358-8e93-6d45ae925cb1","NOGP","D09","NOGP","2016-09-12T23:20Z","2016-09-14T15:09Z","NOGP.2016.37.AEDVEX.F.T","NOGP.2016.37.AEDVEX.F.T.02",24,
"e97ea21e-9102-4bc3-b7ce-0e67a194820e","NOGP","D09","NOGP","2016-09-12T23:20Z","2016-09-14T15:09Z","NOGP.2016.37.AEDVEX.F.T","NOGP.2016.37.AEDVEX.F.T.01",24,
"d03ad95b-fbbf-4f77-a3bf-aedff64d54f5","NOGP","D09","NOGP","2016-09-12T23:20Z","2016-09-14T15:09Z","NOGP.2016.37.AEDDOR.F.T","NOGP.2016.37.AEDDOR.F.T.03",36,
"f76d883a-c9c8-4d16-a02f-0d63a01bc47b","NOGP","D09","NOGP","2016-09-12T23:20Z","2016-09-14T15:09Z","NOGP.2016.37.AEDDOR.F.T","NOGP.2016.37.AEDDOR.F.T.02",37,
"6b1cd87a-c4d4-47e4-805b-c873db983b13","NOGP","D09","NOGP","2016-09-12T23:20Z","2016-09-14T15:09Z","NOGP.2016.37.AEDDOR.F.T","NOGP.2016.37.AEDDOR.F.T.01",37,
