uid,namedLocation,domainID,siteID,startCollectDate,endCollectDate,testingID,testingVialID,poolSize,dataQF
"3b4bbba7-f5db-44fe-9aa6-b1ca2dd3c067","STEI","D05","STEI","2016-07-06T22:15Z","2016-07-08T11:09Z","STEI.2016.27.AEDEXC.F.T","STEI.2016.27.AEDEXC.F.T.01",28,
"9bfa466c-a053-4782-b1d1-0dba0ef6f385","STEI","D05","STEI","2016-07-06T22:15Z","2016-07-08T11:09Z","STEI.2016.27.AEDCIN.F.T","STEI.2016.27.AEDCIN.F.T.01",12,
"40aff108-3e7f-4fb5-a621-22ad40c7a3e6","STEI","D05","STEI","2016-07-06T22:15Z","2016-07-08T11:14Z","STEI.2016.27.AEDVEX.F.T","STEI.2016.27.AEDVEX.F.T.02",27,
"35eff659-5287-46f8-9c85-de7cca47d773","STEI","D05","STEI","2016-07-06T22:15Z","2016-07-08T11:14Z","STEI.2016.27.AEDVEX.F.T","STEI.2016.27.AEDVEX.F.T.01",27,
"0a99e5bf-7e1d-4553-8937-674afe3ef188","STEI","D05","STEI","2016-07-06T22:15Z","2016-07-08T11:20Z","STEI.2016.27.AEDSTI.F.T","STEI.2016.27.AEDSTI.F.T.07",39,
"6e2e2f09-f2d7-4394-8d44-3bd476984581","STEI","D05","STEI","2016-07-06T22:15Z","2016-07-08T11:20Z","STEI.2016.27.AEDSTI.F.T","STEI.2016.27.AEDSTI.F.T.04",40,
"c0a962e3-3b23-41bd-84de-b6aa1ab892ed","STEI","D05","STEI","2016-07-06T22:15Z","2016-07-08T11:20Z","STEI.2016.27.AEDSTI.F.T","STEI.2016.27.AEDSTI.F.T.05",40,
"4bfc399d-474a-4215-8a05-b71bdba0e780","STEI","D05","STEI","2016-07-06T22:15Z","2016-07-08T11:20Z","STEI.2016.27.AEDCAN2.F.T","STEI.2016.27.AEDCAN2.F.T.11",37,
"07d24f12-f9f1-40fd-8c1f-6f5707d98545","STEI","D05","STEI","2016-07-06T22:15Z","2016-07-08T11:20Z","STEI.2016.27.AEDCAN2.F.T","STEI.2016.27.AEDCAN2.F.T.02",38,
"bb279e1f-4c4a-4640-b24c-dfed2ac565ff","STEI","D05","STEI","2016-07-06T22:15Z","2016-07-08T11:20Z","STEI.2016.27.AEDCAN2.F.T","STEI.2016.27.AEDCAN2.F.T.07",37,
"13e866da-d723-4529-ac5d-48e1e74522f3","STEI","D05","STEI","2016-07-06T22:15Z","2016-07-08T11:20Z","STEI.2016.27.AEDCAN2.F.T","STEI.2016.27.AEDCAN2.F.T.13",37,
"7cdd32f7-9e60-45e6-a21e-1fa4405fb2f2","STEI","D05","STEI","2016-07-06T22:15Z","2016-07-08T11:20Z","STEI.2016.27.AEDCAN2.F.T","STEI.2016.27.AEDCAN2.F.T.01",38,
"2892ba3c-7940-4fed-8e5e-41dac374a72e","STEI","D05","STEI","2016-07-06T22:15Z","2016-07-08T11:20Z","STEI.2016.27.AEDCAN2.F.T","STEI.2016.27.AEDCAN2.F.T.10",37,
"d1511311-ab74-48d1-a914-ca8dea614701","STEI","D05","STEI","2016-07-06T22:15Z","2016-07-08T11:20Z","STEI.2016.27.AEDCAN2.F.T","STEI.2016.27.AEDCAN2.F.T.12",37,
"3556a72b-e239-4229-aa6e-587e3bbfe3a2","STEI","D05","STEI","2016-07-06T22:15Z","2016-07-08T11:20Z","STEI.2016.27.AEDCAN2.F.T","STEI.2016.27.AEDCAN2.F.T.06",37,
"878a6623-1fb0-48a6-a24b-c66a3d092a3d","STEI","D05","STEI","2016-07-06T22:15Z","2016-07-08T11:20Z","STEI.2016.27.AEDCAN2.F.T","STEI.2016.27.AEDCAN2.F.T.03",38,
"818dc36e-2d86-430c-81fd-041fd7c5dfec","STEI","D05","STEI","2016-07-06T22:15Z","2016-07-08T11:20Z","STEI.2016.27.AEDCAN2.F.T","STEI.2016.27.AEDCAN2.F.T.08",37,
"9c8212ea-e50c-4867-a617-c70da75a33aa","STEI","D05","STEI","2016-07-06T22:15Z","2016-07-08T11:20Z","STEI.2016.27.AEDCAN2.F.T","STEI.2016.27.AEDCAN2.F.T.05",37,
"ca1dddbd-4d57-49fc-8d4e-3935d4933ad5","STEI","D05","STEI","2016-07-06T22:15Z","2016-07-08T11:20Z","STEI.2016.27.AEDCAN2.F.T","STEI.2016.27.AEDCAN2.F.T.09",37,
"0597332e-ced9-45a0-8825-a809e68d8502","STEI","D05","STEI","2016-07-06T22:15Z","2016-07-08T11:20Z","STEI.2016.27.AEDCAN2.F.T","STEI.2016.27.AEDCAN2.F.T.04",38,
"15ff53b6-4c49-4cf0-9a27-c4a203875844","STEI","D05","STEI","2016-07-06T22:15Z","2016-07-08T11:20Z","STEI.2016.27.AEDSTI.F.T","STEI.2016.27.AEDSTI.F.T.02",40,
"668b1866-7fde-4f9e-ad26-791babe82dce","STEI","D05","STEI","2016-07-06T22:15Z","2016-07-08T11:20Z","STEI.2016.27.AEDSTI.F.T","STEI.2016.27.AEDSTI.F.T.06",40,
"8de078b1-18fc-4b3e-8c8a-c341ff98108b","STEI","D05","STEI","2016-07-06T22:15Z","2016-07-08T11:20Z","STEI.2016.27.AEDSTI.F.T","STEI.2016.27.AEDSTI.F.T.03",40,
"9dcf55fe-eaa7-445b-824a-54ff70316476","STEI","D05","STEI","2016-07-06T22:15Z","2016-07-08T11:20Z","STEI.2016.27.AEDSTI.F.T","STEI.2016.27.AEDSTI.F.T.08",39,
"5f9244d6-9ac3-480b-b864-963f3f984c42","STEI","D05","STEI","2016-07-06T22:15Z","2016-07-08T11:20Z","STEI.2016.27.AEDSTI.F.T","STEI.2016.27.AEDSTI.F.T.01",40,
