uid,namedLocation,domainID,siteID,startCollectDate,endCollectDate,testingID,testingVialID,poolSize,dataQF
"089feb6c-5277-4676-bcd3-c2b5aa099082","TALL","D08","TALL","2014-05-06T21:02Z","2014-05-08T14:42Z","TALL.2014.18.AEDVEX.F.T","TALL.2014.18.AEDVEX.F.T.08",40,
"5d9305e0-022d-4cc5-bbda-336816a22176","TALL","D08","TALL","2014-05-06T21:02Z","2014-05-08T14:42Z","TALL.2014.18.AEDVEX.F.T","TALL.2014.18.AEDVEX.F.T.04",40,
"738fa80c-11f9-49fc-ae4a-3060976842fa","TALL","D08","TALL","2014-05-06T21:02Z","2014-05-08T14:42Z","TALL.2014.18.AEDCAN2.F.T","TALL.2014.18.AEDCAN2.F.T.03",50,
"6ac43e59-e9fe-47ca-b7ed-6e0c8c76346e","TALL","D08","TALL","2014-05-06T21:02Z","2014-05-08T14:42Z","TALL.2014.18.AEDCAN2.F.T","TALL.2014.18.AEDCAN2.F.T.07",50,
"aad3c7fe-3ef0-48c4-aca1-d844872224a0","TALL","D08","TALL","2014-05-06T21:02Z","2014-05-08T14:42Z","TALL.2014.18.AEDCAN2.F.T","TALL.2014.18.AEDCAN2.F.T.11",50,
"ff25f78f-7526-4796-a6da-658a780e25cf","TALL","D08","TALL","2014-05-06T21:02Z","2014-05-08T14:42Z","TALL.2014.18.AEDCAN2.F.T","TALL.2014.18.AEDCAN2.F.T.06",50,
"35e9433e-19ab-494f-9ede-15537cbb6920","TALL","D08","TALL","2014-05-06T21:02Z","2014-05-08T14:42Z","TALL.2014.18.AEDVEX.F.T","TALL.2014.18.AEDVEX.F.T.01",40,
"fe5aa763-76da-4de1-affe-438e4fa625e6","TALL","D08","TALL","2014-05-06T21:02Z","2014-05-08T14:42Z","TALL.2014.18.AEDVEX.F.T","TALL.2014.18.AEDVEX.F.T.02",40,
"6ca311e8-c842-435d-bc37-cc404f4d1272","TALL","D08","TALL","2014-05-06T21:02Z","2014-05-08T14:42Z","TALL.2014.18.AEDCAN2.F.T","TALL.2014.18.AEDCAN2.F.T.05",50,
"0b52f0b7-c85f-4ad5-a836-833b0df5c539","TALL","D08","TALL","2014-05-06T21:02Z","2014-05-08T14:42Z","TALL.2014.18.AEDCAN2.F.T","TALL.2014.18.AEDCAN2.F.T.02",50,
"4f988207-63a4-4df3-9dfe-13c6462566c5","TALL","D08","TALL","2014-05-06T21:02Z","2014-05-08T14:42Z","TALL.2014.18.AEDCAN2.F.T","TALL.2014.18.AEDCAN2.F.T.09",50,
"2394d0bb-93cd-4465-a41f-3778f27ef820","TALL","D08","TALL","2014-05-06T21:02Z","2014-05-08T14:42Z","TALL.2014.18.AEDCAN2.F.T","TALL.2014.18.AEDCAN2.F.T.08",50,
"426f79ef-3698-4b8e-98f6-02cca62fb2e9","TALL","D08","TALL","2014-05-06T21:02Z","2014-05-08T14:42Z","TALL.2014.18.AEDCAN2.F.T","TALL.2014.18.AEDCAN2.F.T.01",50,
"ccf16c01-759b-43ea-af64-737fc6006b56","TALL","D08","TALL","2014-05-06T21:02Z","2014-05-08T14:42Z","TALL.2014.18.AEDCAN2.F.T","TALL.2014.18.AEDCAN2.F.T.04",50,
"c4556837-faa6-41b7-85a3-b2af41d4a7d2","TALL","D08","TALL","2014-05-06T21:02Z","2014-05-08T14:42Z","TALL.2014.18.AEDCAN2.F.T","TALL.2014.18.AEDCAN2.F.T.12",50,
"7a48a54b-d43b-45c4-ac1b-0e7b21b72096","TALL","D08","TALL","2014-05-06T21:02Z","2014-05-08T14:42Z","TALL.2014.18.AEDCAN2.F.T","TALL.2014.18.AEDCAN2.F.T.10",50,
"4a0544d1-8799-4997-9752-0a49b92b9d20","TALL","D08","TALL","2014-05-06T21:02Z","2014-05-08T14:42Z","TALL.2014.18.AEDVEX.F.T","TALL.2014.18.AEDVEX.F.T.05",40,
"486e9ed3-6985-467b-b9f8-def12a130bc5","TALL","D08","TALL","2014-05-06T21:02Z","2014-05-08T14:42Z","TALL.2014.18.AEDVEX.F.T","TALL.2014.18.AEDVEX.F.T.06",40,
"b668a93c-dfe5-4a56-b297-4c6406b6695b","TALL","D08","TALL","2014-05-06T21:02Z","2014-05-08T14:42Z","TALL.2014.18.AEDVEX.F.T","TALL.2014.18.AEDVEX.F.T.07",40,
"1e23aabb-e320-4d58-9dba-0a5fc9171ad4","TALL","D08","TALL","2014-05-06T21:02Z","2014-05-08T14:42Z","TALL.2014.18.AEDVEX.F.T","TALL.2014.18.AEDVEX.F.T.09",40,
"ac394a15-be62-4ac9-b833-c29480c36866","TALL","D08","TALL","2014-05-06T21:02Z","2014-05-08T14:42Z","TALL.2014.18.AEDVEX.F.T","TALL.2014.18.AEDVEX.F.T.03",40,
"7223dca9-34c1-4f68-bf7f-f833d326df25","TALL","D08","TALL","2014-05-06T21:02Z","2014-05-08T14:42Z","TALL.2014.18.AEDCAN2.F.T","TALL.2014.18.AEDCAN2.F.T.13",50,
"cff9abe5-e38d-4307-8250-245e006549b3","TALL","D08","TALL","2014-05-06T21:18Z","2014-05-08T14:42Z","TALL.2014.18.COQPER.F.T","TALL.2014.18.COQPER.F.T.05",40,
"26c3ecd2-3315-41e6-bb78-3c1ae04f8554","TALL","D08","TALL","2014-05-06T21:18Z","2014-05-08T14:42Z","TALL.2014.18.COQPER.F.T","TALL.2014.18.COQPER.F.T.06",40,
"a8fa4f34-0891-4151-8de4-b6200aaf835f","TALL","D08","TALL","2014-05-06T21:18Z","2014-05-08T14:42Z","TALL.2014.18.COQPER.F.T","TALL.2014.18.COQPER.F.T.02",40,
"af1410fe-295b-4ee0-a2cd-0485294aad5b","TALL","D08","TALL","2014-05-06T21:18Z","2014-05-08T14:42Z","TALL.2014.18.COQPER.F.T","TALL.2014.18.COQPER.F.T.07",40,
"d45b8fc3-2146-409a-9dc4-d9c7e1541ef5","TALL","D08","TALL","2014-05-06T21:18Z","2014-05-08T14:42Z","TALL.2014.18.COQPER.F.T","TALL.2014.18.COQPER.F.T.01",40,
"ffed20ed-0173-43e8-a0fc-9cf9fedc17e0","TALL","D08","TALL","2014-05-06T21:18Z","2014-05-08T14:42Z","TALL.2014.18.COQPER.F.T","TALL.2014.18.COQPER.F.T.08",40,
"6d2e4d83-58af-4dc9-9852-e9404a8cf369","TALL","D08","TALL","2014-05-06T21:18Z","2014-05-08T14:42Z","TALL.2014.18.COQPER.F.T","TALL.2014.18.COQPER.F.T.03",40,
"3b1b21b8-ab59-4cea-abcf-cc49f07c5447","TALL","D08","TALL","2014-05-06T21:18Z","2014-05-08T14:42Z","TALL.2014.18.COQPER.F.T","TALL.2014.18.COQPER.F.T.04",40,
"ab506055-a6e2-4e83-aef6-929f35d52c74","TALL","D08","TALL","2014-05-19T22:09Z","2014-05-21T14:37Z","TALL.2014.20.AEDCAN2.F.T","TALL.2014.20.AEDCAN2.F.T.05",50,
"6a2abb4b-954e-4aea-99cd-d38383c358dd","TALL","D08","TALL","2014-05-19T22:09Z","2014-05-21T14:37Z","TALL.2014.20.AEDCAN2.F.T","TALL.2014.20.AEDCAN2.F.T.15",50,
"95fdb93a-3698-43a0-86de-4c5d3e5be657","TALL","D08","TALL","2014-05-19T22:09Z","2014-05-21T14:37Z","TALL.2014.20.AEDCAN2.F.T","TALL.2014.20.AEDCAN2.F.T.09",50,
"53e0db5a-b501-437c-991f-fdae78a76b6d","TALL","D08","TALL","2014-05-19T22:09Z","2014-05-21T14:37Z","TALL.2014.20.AEDCAN2.F.T","TALL.2014.20.AEDCAN2.F.T.14",50,
"a79c3603-48a9-4aa3-8f8e-1c4c349f4ed8","TALL","D08","TALL","2014-05-19T22:09Z","2014-05-21T14:37Z","TALL.2014.20.COQPER.F.T","TALL.2014.20.COQPER.F.T.03",30,
"6f5da2ab-88a1-4317-a87a-3c241642ccc3","TALL","D08","TALL","2014-05-19T22:09Z","2014-05-21T14:37Z","TALL.2014.20.COQPER.F.T","TALL.2014.20.COQPER.F.T.05",30,
"05893188-9764-4c3c-9d3b-552376e1b6a7","TALL","D08","TALL","2014-05-19T22:09Z","2014-05-21T14:37Z","TALL.2014.20.AEDCAN2.F.T","TALL.2014.20.AEDCAN2.F.T.10",50,
"238a77ac-9188-4c7c-99ac-9f407b8b9d4b","TALL","D08","TALL","2014-05-19T22:09Z","2014-05-21T14:37Z","TALL.2014.20.AEDCAN2.F.T","TALL.2014.20.AEDCAN2.F.T.13",50,
"1d29d2a3-ec4a-4293-96d4-253ffce6f442","TALL","D08","TALL","2014-05-19T22:09Z","2014-05-21T14:37Z","TALL.2014.20.COQPER.F.T","TALL.2014.20.COQPER.F.T.04",30,
"1e080cab-7d9b-4e95-ab24-a2f7234c44bd","TALL","D08","TALL","2014-05-19T22:09Z","2014-05-21T14:37Z","TALL.2014.20.AEDCAN2.F.T","TALL.2014.20.AEDCAN2.F.T.07",50,
"f2db3e94-9e1a-4a8c-9168-e7b19a901396","TALL","D08","TALL","2014-05-19T22:09Z","2014-05-21T14:37Z","TALL.2014.20.AEDCAN2.F.T","TALL.2014.20.AEDCAN2.F.T.04",50,
"24a52a5d-932e-4b50-bd11-fbdc70355303","TALL","D08","TALL","2014-05-19T22:09Z","2014-05-21T14:37Z","TALL.2014.20.COQPER.F.T","TALL.2014.20.COQPER.F.T.01",30,
"0faa8382-fcdf-4a35-bdaa-454eb6e7e605","TALL","D08","TALL","2014-05-19T22:09Z","2014-05-21T14:37Z","TALL.2014.20.AEDCAN2.F.T","TALL.2014.20.AEDCAN2.F.T.11",50,
"932f464b-ac5d-4a0b-978d-c551eb0f0969","TALL","D08","TALL","2014-05-19T22:09Z","2014-05-21T14:37Z","TALL.2014.20.COQPER.F.T","TALL.2014.20.COQPER.F.T.02",30,
"fe47f4c0-5cc8-42d4-af00-694b7a57c5a3","TALL","D08","TALL","2014-05-19T22:09Z","2014-05-21T14:37Z","TALL.2014.20.AEDCAN2.F.T","TALL.2014.20.AEDCAN2.F.T.08",50,
"a1efa7c0-c4fe-453d-b87a-3d7e1e9553ad","TALL","D08","TALL","2014-05-19T22:09Z","2014-05-21T14:37Z","TALL.2014.20.AEDCAN2.F.T","TALL.2014.20.AEDCAN2.F.T.06",50,
"c7d275a2-43d1-400d-a730-021503c68413","TALL","D08","TALL","2014-05-19T22:09Z","2014-05-21T14:37Z","TALL.2014.20.AEDCAN2.F.T","TALL.2014.20.AEDCAN2.F.T.02",50,
"1e07f1bf-cdde-4210-b18c-783ca7e0093b","TALL","D08","TALL","2014-05-19T22:09Z","2014-05-21T14:37Z","TALL.2014.20.AEDCAN2.F.T","TALL.2014.20.AEDCAN2.F.T.12",50,
"b94c3d83-88e5-4a11-8292-58230f56a71b","TALL","D08","TALL","2014-05-19T22:09Z","2014-05-21T14:37Z","TALL.2014.20.COQPER.F.T","TALL.2014.20.COQPER.F.T.06",30,
"1a1e976d-6ab1-41c9-884d-8bf6bb4795e9","TALL","D08","TALL","2014-05-19T22:09Z","2014-05-21T14:37Z","TALL.2014.20.AEDCAN2.F.T","TALL.2014.20.AEDCAN2.F.T.03",50,
"a4f3eb6d-3d42-41d7-a2c7-4d7a45db6ae0","TALL","D08","TALL","2014-05-19T22:09Z","2014-05-21T14:37Z","TALL.2014.20.AEDCAN2.F.T","TALL.2014.20.AEDCAN2.F.T.01",50,
"18fb290b-88cc-48c6-82aa-b0b86f664fa1","TALL","D08","TALL","2014-05-19T22:31Z","2014-05-21T14:37Z","TALL.2014.20.AEDVEX.F.T","TALL.2014.20.AEDVEX.F.T.02",20,
"be36cf70-2011-49c6-a854-1e2cfffeadb4","TALL","D08","TALL","2014-05-19T22:31Z","2014-05-21T14:37Z","TALL.2014.20.AEDVEX.F.T","TALL.2014.20.AEDVEX.F.T.01",20,
