uid,namedLocation,domainID,siteID,nlcdClass,decimalLatitude,decimalLongitude,geodeticDatum,coordinateUncertainty,elevation,elevationUncertainty,startCollectDate,endCollectDate,receivedDate,testedDate,testingVialID,deprecatedVialID,sampleCondition,testProtocolVersion,testMethod,testResult,testPathogenName,testNumber,finalResult,locus,percentIdentity,sequenceDatabase,sequenceDatabaseID,extractDepleted,remarks,testedBy,laboratoryName
"79255db9-4b55-4a43-8229-825bdbfb5321","TALL","D08","TALL",,32.950470,-87.393259,"WGS84",,166.9,,"2014-05-06T21:02Z","2014-05-08T14:42Z","2014-10-28T12:00Z","2014-11-04T12:00Z","TALL.2014.18.AEDCAN2.F.T.07","TALL.2014.1.Aedes canadensis.Female.T7","No known compromise","CAES_Pathogen_testing_SOP_2014-05-06","Culture","Negative","UNKV",1,"Y",,,,,"Y",,"r4iH4e2lsYW4kI6RhiJwwMegvyzkVSXT","Connecticut Agricultural Experiment Station"
"ab1d9de4-8d7e-48d0-851f-b21ce0a1ad34","TALL","D08","TALL",,32.950470,-87.393259,"WGS84",,166.9,,"2014-05-06T21:02Z","2014-05-08T14:42Z","2014-10-28T12:00Z","2014-11-04T12:00Z","TALL.2014.18.AEDCAN2.F.T.11","TALL.2014.1.Aedes canadensis.Female.T11","No known compromise","CAES_Pathogen_testing_SOP_2014-05-06","Culture","Negative","UNKV",1,"Y",,,,,"Y",,"r4iH4e2lsYW4kI6RhiJwwMegvyzkVSXT","Connecticut Agricultural Experiment Station"
"a6236141-623b-467f-be6d-7d2d4f5ae700","TALL","D08","TALL",,32.950470,-87.393259,"WGS84",,166.9,,"2014-05-06T21:02Z","2014-05-08T14:42Z","2014-10-28T12:00Z","2014-11-04T12:00Z","TALL.2014.18.AEDCAN2.F.T.01","TALL.2014.1.Aedes canadensis.Female.T1","No known compromise","CAES_Pathogen_testing_SOP_2014-05-06","Culture","Negative","UNKV",1,"Y",,,,,"Y",,"r4iH4e2lsYW4kI6RhiJwwMegvyzkVSXT","Connecticut Agricultural Experiment Station"
"7d14d227-961f-401c-87b2-d0f4994b84ce","TALL","D08","TALL",,32.950470,-87.393259,"WGS84",,166.9,,"2014-05-06T21:02Z","2014-05-08T14:42Z","2014-10-28T12:00Z","2014-11-04T12:00Z","TALL.2014.18.AEDVEX.F.T.02","TALL.2014.1.Aedes vexans.Female.T2","No known compromise","CAES_Pathogen_testing_SOP_2014-05-06","Culture","Negative","UNKV",1,"Y",,,,,"Y",,"r4iH4e2lsYW4kI6RhiJwwMegvyzkVSXT","Connecticut Agricultural Experiment Station"
"1bdec1a8-5329-4b1a-b955-dfb664b1395c","TALL","D08","TALL",,32.950470,-87.393259,"WGS84",,166.9,,"2014-05-06T21:02Z","2014-05-08T14:42Z","2014-10-28T12:00Z","2014-11-04T12:00Z","TALL.2014.18.AEDCAN2.F.T.03","TALL.2014.1.Aedes canadensis.Female.T3","No known compromise","CAES_Pathogen_testing_SOP_2014-05-06","Culture","Negative","UNKV",1,"Y",,,,,"Y",,"r4iH4e2lsYW4kI6RhiJwwMegvyzkVSXT","Connecticut Agricultural Experiment Station"
"6e1b547c-d297-4bfc-80e8-767995e63a52","TALL","D08","TALL",,32.950470,-87.393259,"WGS84",,166.9,,"2014-05-06T21:02Z","2014-05-08T14:42Z","2014-10-28T12:00Z","2014-11-04T12:00Z","TALL.2014.18.AEDCAN2.F.T.09","TALL.2014.1.Aedes canadensis.Female.T9","No known compromise","CAES_Pathogen_testing_SOP_2014-05-06","Culture","Negative","UNKV",1,"Y",,,,,"Y",,"r4iH4e2lsYW4kI6RhiJwwMegvyzkVSXT","Connecticut Agricultural Experiment Station"
"e317c5d9-7242-45a3-b077-d8e519053574","TALL","D08","TALL",,32.950470,-87.393259,"WGS84",,166.9,,"2014-05-06T21:02Z","2014-05-08T14:42Z","2014-10-28T12:00Z","2014-11-04T12:00Z","TALL.2014.18.AEDCAN2.F.T.10","TALL.2014.1.Aedes canadensis.Female.T10","No known compromise","CAES_Pathogen_testing_SOP_2014-05-06","Culture","Negative","UNKV",1,"Y",,,,,"Y",,"r4iH4e2lsYW4kI6RhiJwwMegvyzkVSXT","Connecticut Agricultural Experiment Station"
"fc0529ba-c097-4034-ad34-dccad3f1e9db","TALL","D08","TALL",,32.950470,-87.393259,"WGS84",,166.9,,"2014-05-06T21:02Z","2014-05-08T14:42Z","2014-10-28T12:00Z","2014-11-04T12:00Z","TALL.2014.18.AEDCAN2.F.T.05","TALL.2014.1.Aedes canadensis.Female.T5","No known compromise","CAES_Pathogen_testing_SOP_2014-05-06","Culture","Negative","UNKV",1,"Y",,,,,"Y",,"r4iH4e2lsYW4kI6RhiJwwMegvyzkVSXT","Connecticut Agricultural Experiment Station"
"1589821e-b462-479d-9b06-8a28ca327f65","TALL","D08","TALL",,32.950470,-87.393259,"WGS84",,166.9,,"2014-05-06T21:02Z","2014-05-08T14:42Z","2014-10-28T12:00Z","2014-11-04T12:00Z","TALL.2014.18.AEDCAN2.F.T.12","TALL.2014.1.Aedes canadensis.Female.T12","No known compromise","CAES_Pathogen_testing_SOP_2014-05-06","Culture","Negative","UNKV",1,"Y",,,,,"Y",,"r4iH4e2lsYW4kI6RhiJwwMegvyzkVSXT","Connecticut Agricultural Experiment Station"
"3e11125f-d69e-4a26-8789-e42118317ad5","TALL","D08","TALL",,32.950470,-87.393259,"WGS84",,166.9,,"2014-05-06T21:02Z","2014-05-08T14:42Z","2014-10-28T12:00Z","2014-11-12T12:00Z","TALL.2014.18.AEDCAN2.F.T.04","TALL.2014.1.Aedes canadensis.Female.T4","No known compromise","CAES_Pathogen_testing_SOP_2014-05-06","Culture","Negative","UNKV",2,"Y",,,,,"Y",,"r4iH4e2lsYW4kI6RhiJwwMegvyzkVSXT","Connecticut Agricultural Experiment Station"
"7a00a655-b068-467d-adc2-658aeae1356f","TALL","D08","TALL",,32.950470,-87.393259,"WGS84",,166.9,,"2014-05-06T21:02Z","2014-05-08T14:42Z","2014-10-28T12:00Z","2014-11-04T12:00Z","TALL.2014.18.AEDVEX.F.T.06","TALL.2014.1.Aedes vexans.Female.T6","No known compromise","CAES_Pathogen_testing_SOP_2014-05-06","Culture","Negative","UNKV",1,"Y",,,,,"Y",,"r4iH4e2lsYW4kI6RhiJwwMegvyzkVSXT","Connecticut Agricultural Experiment Station"
"55e80362-33ca-437f-981a-b4e7f1e06131","TALL","D08","TALL",,32.950470,-87.393259,"WGS84",,166.9,,"2014-05-06T21:02Z","2014-05-08T14:42Z","2014-10-28T12:00Z","2014-11-04T12:00Z","TALL.2014.18.AEDVEX.F.T.07","TALL.2014.1.Aedes vexans.Female.T7","No known compromise","CAES_Pathogen_testing_SOP_2014-05-06","Culture","Negative","UNKV",1,"Y",,,,,"Y",,"r4iH4e2lsYW4kI6RhiJwwMegvyzkVSXT","Connecticut Agricultural Experiment Station"
"99125c92-3403-4ca3-a92b-99250893251c","TALL","D08","TALL",,32.950470,-87.393259,"WGS84",,166.9,,"2014-05-06T21:02Z","2014-05-08T14:42Z","2014-10-28T12:00Z","2014-11-04T12:00Z","TALL.2014.18.AEDVEX.F.T.08","TALL.2014.1.Aedes vexans.Female.T8","No known compromise","CAES_Pathogen_testing_SOP_2014-05-06","Culture","Negative","UNKV",1,"Y",,,,,"Y",,"r4iH4e2lsYW4kI6RhiJwwMegvyzkVSXT","Connecticut Agricultural Experiment Station"
"d930b904-e180-49c1-a23e-4b7c049196bd","TALL","D08","TALL",,32.950470,-87.393259,"WGS84",,166.9,,"2014-05-06T21:02Z","2014-05-08T14:42Z","2014-10-28T12:00Z","2014-11-04T12:00Z","TALL.2014.18.AEDVEX.F.T.04","TALL.2014.1.Aedes vexans.Female.T4","No known compromise","CAES_Pathogen_testing_SOP_2014-05-06","Culture","Negative","UNKV",1,"Y",,,,,"Y",,"r4iH4e2lsYW4kI6RhiJwwMegvyzkVSXT","Connecticut Agricultural Experiment Station"
"7e90517a-aa42-4e40-98cb-c2a1431e1b2a","TALL","D08","TALL",,32.950470,-87.393259,"WGS84",,166.9,,"2014-05-06T21:02Z","2014-05-08T14:42Z","2014-10-28T12:00Z","2014-11-04T12:00Z","TALL.2014.18.AEDVEX.F.T.09","TALL.2014.1.Aedes vexans.Female.T9","No known compromise","CAES_Pathogen_testing_SOP_2014-05-06","Culture","Negative","UNKV",1,"Y",,,,,"Y",,"r4iH4e2lsYW4kI6RhiJwwMegvyzkVSXT","Connecticut Agricultural Experiment Station"
"127e9c27-88fb-4e65-a932-42e7f88b5710","TALL","D08","TALL",,32.950470,-87.393259,"WGS84",,166.9,,"2014-05-06T21:02Z","2014-05-08T14:42Z","2014-10-28T12:00Z","2014-11-04T12:00Z","TALL.2014.18.AEDVEX.F.T.03","TALL.2014.1.Aedes vexans.Female.T3","No known compromise","CAES_Pathogen_testing_SOP_2014-05-06","Culture","Negative","UNKV",1,"Y",,,,,"Y",,"r4iH4e2lsYW4kI6RhiJwwMegvyzkVSXT","Connecticut Agricultural Experiment Station"
"60f4528c-fcd6-4401-9aa5-9e08be404ba1","TALL","D08","TALL",,32.950470,-87.393259,"WGS84",,166.9,,"2014-05-06T21:02Z","2014-05-08T14:42Z","2014-10-28T12:00Z","2014-11-04T12:00Z","TALL.2014.18.AEDVEX.F.T.05","TALL.2014.1.Aedes vexans.Female.T5","No known compromise","CAES_Pathogen_testing_SOP_2014-05-06","Culture","Negative","UNKV",1,"Y",,,,,"Y",,"r4iH4e2lsYW4kI6RhiJwwMegvyzkVSXT","Connecticut Agricultural Experiment Station"
"7c41585b-d34a-427e-b058-d64a3c15c15a","TALL","D08","TALL",,32.950470,-87.393259,"WGS84",,166.9,,"2014-05-06T21:02Z","2014-05-08T14:42Z","2014-10-28T12:00Z","2014-11-04T12:00Z","TALL.2014.18.AEDCAN2.F.T.04","TALL.2014.1.Aedes canadensis.Female.T4","No known compromise","CAES_Pathogen_testing_SOP_2014-05-06","Culture","Inconclusive","UNKV",1,"N",,,,,"Y","CPE? 11/6/2014","r4iH4e2lsYW4kI6RhiJwwMegvyzkVSXT","Connecticut Agricultural Experiment Station"
"528bee36-d14a-47cb-bc6b-9b0f72838cc4","TALL","D08","TALL",,32.950470,-87.393259,"WGS84",,166.9,,"2014-05-06T21:02Z","2014-05-08T14:42Z","2014-10-28T12:00Z","2014-11-04T12:00Z","TALL.2014.18.AEDCAN2.F.T.02","TALL.2014.1.Aedes canadensis.Female.T2","No known compromise","CAES_Pathogen_testing_SOP_2014-05-06","Culture","Negative","UNKV",1,"Y",,,,,"Y",,"r4iH4e2lsYW4kI6RhiJwwMegvyzkVSXT","Connecticut Agricultural Experiment Station"
"46d0a486-577d-4653-a8fe-428fe53e7569","TALL","D08","TALL",,32.950470,-87.393259,"WGS84",,166.9,,"2014-05-06T21:02Z","2014-05-08T14:42Z","2014-10-28T12:00Z","2014-11-04T12:00Z","TALL.2014.18.AEDCAN2.F.T.06","TALL.2014.1.Aedes canadensis.Female.T6","No known compromise","CAES_Pathogen_testing_SOP_2014-05-06","Culture","Negative","UNKV",1,"Y",,,,,"Y",,"r4iH4e2lsYW4kI6RhiJwwMegvyzkVSXT","Connecticut Agricultural Experiment Station"
"b9c58862-8f58-40ad-89a6-85d25bc92fbf","TALL","D08","TALL",,32.950470,-87.393259,"WGS84",,166.9,,"2014-05-06T21:02Z","2014-05-08T14:42Z","2014-10-28T12:00Z","2014-11-04T12:00Z","TALL.2014.18.AEDCAN2.F.T.13","TALL.2014.1.Aedes canadensis.Female.T13","No known compromise","CAES_Pathogen_testing_SOP_2014-05-06","Culture","Negative","UNKV",1,"Y",,,,,"Y",,"r4iH4e2lsYW4kI6RhiJwwMegvyzkVSXT","Connecticut Agricultural Experiment Station"
"9bc109a7-1482-44fd-bda9-789afdefcb54","TALL","D08","TALL",,32.950470,-87.393259,"WGS84",,166.9,,"2014-05-06T21:02Z","2014-05-08T14:42Z","2014-10-28T12:00Z","2014-11-04T12:00Z","TALL.2014.18.AEDCAN2.F.T.08","TALL.2014.1.Aedes canadensis.Female.T8","No known compromise","CAES_Pathogen_testing_SOP_2014-05-06","Culture","Negative","UNKV",1,"Y",,,,,"Y",,"r4iH4e2lsYW4kI6RhiJwwMegvyzkVSXT","Connecticut Agricultural Experiment Station"
"a4f0ca91-1e60-424f-99db-70010c9d764b","TALL","D08","TALL",,32.950470,-87.393259,"WGS84",,166.9,,"2014-05-06T21:02Z","2014-05-08T14:42Z","2014-10-28T12:00Z","2014-11-04T12:00Z","TALL.2014.18.AEDVEX.F.T.01","TALL.2014.1.Aedes vexans.Female.T1","No known compromise","CAES_Pathogen_testing_SOP_2014-05-06","Culture","Negative","UNKV",1,"Y",,,,,"Y",,"r4iH4e2lsYW4kI6RhiJwwMegvyzkVSXT","Connecticut Agricultural Experiment Station"
"59a159dc-40a7-49c9-b0e4-8f86dd3ea59b","TALL","D08","TALL",,32.950470,-87.393259,"WGS84",,166.9,,"2014-05-06T21:18Z","2014-05-08T14:42Z","2014-10-28T12:00Z","2014-11-04T12:00Z","TALL.2014.18.COQPER.F.T.04","TALL.2014.1.Coquillettidia perturbans.Female.T4","No known compromise","CAES_Pathogen_testing_SOP_2014-05-06","Culture","Negative","UNKV",1,"Y",,,,,"Y",,"r4iH4e2lsYW4kI6RhiJwwMegvyzkVSXT","Connecticut Agricultural Experiment Station"
"1c36c69a-8d93-48c5-8ddb-95d43e305418","TALL","D08","TALL",,32.950470,-87.393259,"WGS84",,166.9,,"2014-05-06T21:18Z","2014-05-08T14:42Z","2014-10-28T12:00Z","2014-11-04T12:00Z","TALL.2014.18.COQPER.F.T.06","TALL.2014.1.Coquillettidia perturbans.Female.T6","No known compromise","CAES_Pathogen_testing_SOP_2014-05-06","Culture","Negative","UNKV",1,"Y",,,,,"Y",,"r4iH4e2lsYW4kI6RhiJwwMegvyzkVSXT","Connecticut Agricultural Experiment Station"
"5c567724-8084-4bc3-8d2e-af94c09b3327","TALL","D08","TALL",,32.950470,-87.393259,"WGS84",,166.9,,"2014-05-06T21:18Z","2014-05-08T14:42Z","2014-10-28T12:00Z","2014-11-04T12:00Z","TALL.2014.18.COQPER.F.T.02","TALL.2014.1.Coquillettidia perturbans.Female.T2","No known compromise","CAES_Pathogen_testing_SOP_2014-05-06","Culture","Negative","UNKV",1,"Y",,,,,"Y",,"r4iH4e2lsYW4kI6RhiJwwMegvyzkVSXT","Connecticut Agricultural Experiment Station"
"36197cfc-f0bd-4a80-aa46-d866706d75cf","TALL","D08","TALL",,32.950470,-87.393259,"WGS84",,166.9,,"2014-05-06T21:18Z","2014-05-08T14:42Z","2014-10-28T12:00Z","2014-11-04T12:00Z","TALL.2014.18.COQPER.F.T.03","TALL.2014.1.Coquillettidia perturbans.Female.T3","No known compromise","CAES_Pathogen_testing_SOP_2014-05-06","Culture","Negative","UNKV",1,"Y",,,,,"Y",,"r4iH4e2lsYW4kI6RhiJwwMegvyzkVSXT","Connecticut Agricultural Experiment Station"
"50eec244-47c2-455c-9f0b-7336bcddb574","TALL","D08","TALL",,32.950470,-87.393259,"WGS84",,166.9,,"2014-05-06T21:18Z","2014-05-08T14:42Z","2014-10-28T12:00Z","2014-11-04T12:00Z","TALL.2014.18.COQPER.F.T.01","TALL.2014.1.Coquillettidia perturbans.Female.T1","No known compromise","CAES_Pathogen_testing_SOP_2014-05-06","Culture","Inconclusive","UNKV",1,"N",,,,,"Y","CPE? 11/7/2014","r4iH4e2lsYW4kI6RhiJwwMegvyzkVSXT","Connecticut Agricultural Experiment Station"
"594f866d-93a7-4194-a6df-40d23495b6ab","TALL","D08","TALL",,32.950470,-87.393259,"WGS84",,166.9,,"2014-05-06T21:18Z","2014-05-08T14:42Z","2014-10-28T12:00Z","2014-11-12T12:00Z","TALL.2014.18.COQPER.F.T.01","TALL.2014.1.Coquillettidia perturbans.Female.T1","No known compromise","CAES_Pathogen_testing_SOP_2014-05-06","Culture","Negative","UNKV",2,"Y",,,,,"Y",,"r4iH4e2lsYW4kI6RhiJwwMegvyzkVSXT","Connecticut Agricultural Experiment Station"
"3c6338b8-cef7-416a-9c2e-7a58e249b1a8","TALL","D08","TALL",,32.950470,-87.393259,"WGS84",,166.9,,"2014-05-06T21:18Z","2014-05-08T14:42Z","2014-10-28T12:00Z","2014-11-04T12:00Z","TALL.2014.18.COQPER.F.T.07","TALL.2014.1.Coquillettidia perturbans.Female.T7","No known compromise","CAES_Pathogen_testing_SOP_2014-05-06","Culture","Negative","UNKV",1,"Y",,,,,"Y",,"r4iH4e2lsYW4kI6RhiJwwMegvyzkVSXT","Connecticut Agricultural Experiment Station"
"d3328b25-6513-4d41-8e6e-f97c51ac1e3f","TALL","D08","TALL",,32.950470,-87.393259,"WGS84",,166.9,,"2014-05-06T21:18Z","2014-05-08T14:42Z","2014-10-28T12:00Z","2014-11-04T12:00Z","TALL.2014.18.COQPER.F.T.08","TALL.2014.1.Coquillettidia perturbans.Female.T8","No known compromise","CAES_Pathogen_testing_SOP_2014-05-06","Culture","Negative","UNKV",1,"Y",,,,,"Y",,"r4iH4e2lsYW4kI6RhiJwwMegvyzkVSXT","Connecticut Agricultural Experiment Station"
"25db6456-0317-4532-86f3-33c3b2dc818f","TALL","D08","TALL",,32.950470,-87.393259,"WGS84",,166.9,,"2014-05-06T21:18Z","2014-05-08T14:42Z","2014-10-28T12:00Z","2014-11-04T12:00Z","TALL.2014.18.COQPER.F.T.05","TALL.2014.1.Coquillettidia perturbans.Female.T5","No known compromise","CAES_Pathogen_testing_SOP_2014-05-06","Culture","Negative","UNKV",1,"Y",,,,,"Y",,"r4iH4e2lsYW4kI6RhiJwwMegvyzkVSXT","Connecticut Agricultural Experiment Station"
"6805d28c-579f-4b69-b47f-696377192306","TALL","D08","TALL",,32.950470,-87.393259,"WGS84",,166.9,,"2014-05-19T22:09Z","2014-05-21T14:37Z","2014-10-28T12:00Z","2014-11-04T12:00Z","TALL.2014.20.COQPER.F.T.03","TALL.2014.2.Coquillettidia perturbans.Female.T3","No known compromise","CAES_Pathogen_testing_SOP_2014-05-06","Culture","Negative","UNKV",1,"Y",,,,,"Y",,"r4iH4e2lsYW4kI6RhiJwwMegvyzkVSXT","Connecticut Agricultural Experiment Station"
"d503656c-d069-4432-91ab-a73e8ad5e885","TALL","D08","TALL",,32.950470,-87.393259,"WGS84",,166.9,,"2014-05-19T22:09Z","2014-05-21T14:37Z","2014-10-28T12:00Z","2014-11-04T12:00Z","TALL.2014.20.AEDCAN2.F.T.14","TALL.2014.2.Aedes canadensis.Female.T14","No known compromise","CAES_Pathogen_testing_SOP_2014-05-06","Culture","Negative","UNKV",1,"Y",,,,,"Y",,"r4iH4e2lsYW4kI6RhiJwwMegvyzkVSXT","Connecticut Agricultural Experiment Station"
"256a842c-36cc-4119-85b3-d380572421a5","TALL","D08","TALL",,32.950470,-87.393259,"WGS84",,166.9,,"2014-05-19T22:09Z","2014-05-21T14:37Z","2014-10-28T12:00Z","2014-11-04T12:00Z","TALL.2014.20.COQPER.F.T.06","TALL.2014.2.Coquillettidia perturbans.Female.T6","No known compromise","CAES_Pathogen_testing_SOP_2014-05-06","Culture","Negative","UNKV",1,"Y",,,,,"Y",,"r4iH4e2lsYW4kI6RhiJwwMegvyzkVSXT","Connecticut Agricultural Experiment Station"
"5d8993b4-e835-4538-87a5-def763675a6a","TALL","D08","TALL",,32.950470,-87.393259,"WGS84",,166.9,,"2014-05-19T22:09Z","2014-05-21T14:37Z","2014-10-28T12:00Z","2014-11-04T12:00Z","TALL.2014.20.AEDCAN2.F.T.04","TALL.2014.2.Aedes canadensis.Female.T4","No known compromise","CAES_Pathogen_testing_SOP_2014-05-06","Culture","Negative","UNKV",1,"Y",,,,,"Y",,"r4iH4e2lsYW4kI6RhiJwwMegvyzkVSXT","Connecticut Agricultural Experiment Station"
"01631673-4fd4-439b-80ea-ecc47fccc372","TALL","D08","TALL",,32.950470,-87.393259,"WGS84",,166.9,,"2014-05-19T22:09Z","2014-05-21T14:37Z","2014-10-28T12:00Z","2014-11-04T12:00Z","TALL.2014.20.AEDCAN2.F.T.15","TALL.2014.2.Aedes canadensis.Female.T15","No known compromise","CAES_Pathogen_testing_SOP_2014-05-06","Culture","Negative","UNKV",1,"Y",,,,,"Y",,"r4iH4e2lsYW4kI6RhiJwwMegvyzkVSXT","Connecticut Agricultural Experiment Station"
"7941efcf-5aef-4c14-8226-cb7e6aa315df","TALL","D08","TALL",,32.950470,-87.393259,"WGS84",,166.9,,"2014-05-19T22:09Z","2014-05-21T14:37Z","2014-10-28T12:00Z","2014-11-04T12:00Z","TALL.2014.20.COQPER.F.T.01","TALL.2014.2.Coquillettidia perturbans.Female.T1","No known compromise","CAES_Pathogen_testing_SOP_2014-05-06","Culture","Negative","UNKV",1,"Y",,,,,"Y",,"r4iH4e2lsYW4kI6RhiJwwMegvyzkVSXT","Connecticut Agricultural Experiment Station"
"7128b634-811b-4f7a-94d3-8c35d366695e","TALL","D08","TALL",,32.950470,-87.393259,"WGS84",,166.9,,"2014-05-19T22:09Z","2014-05-21T14:37Z","2014-10-28T12:00Z","2014-11-04T12:00Z","TALL.2014.20.COQPER.F.T.04","TALL.2014.2.Coquillettidia perturbans.Female.T4","No known compromise","CAES_Pathogen_testing_SOP_2014-05-06","Culture","Negative","UNKV",1,"Y",,,,,"Y",,"r4iH4e2lsYW4kI6RhiJwwMegvyzkVSXT","Connecticut Agricultural Experiment Station"
"8a0f4bf1-2736-4fa8-9398-28b86037f2a1","TALL","D08","TALL",,32.950470,-87.393259,"WGS84",,166.9,,"2014-05-19T22:09Z","2014-05-21T14:37Z","2014-10-28T12:00Z","2014-11-04T12:00Z","TALL.2014.20.COQPER.F.T.05","TALL.2014.2.Coquillettidia perturbans.Female.T5","No known compromise","CAES_Pathogen_testing_SOP_2014-05-06","Culture","Negative","UNKV",1,"Y",,,,,"Y",,"r4iH4e2lsYW4kI6RhiJwwMegvyzkVSXT","Connecticut Agricultural Experiment Station"
"028f5f59-a51b-4e88-864a-731229f4f0ac","TALL","D08","TALL",,32.950470,-87.393259,"WGS84",,166.9,,"2014-05-19T22:09Z","2014-05-21T14:37Z","2014-10-28T12:00Z","2014-11-04T12:00Z","TALL.2014.20.AEDCAN2.F.T.06","TALL.2014.2.Aedes canadensis.Female.T6","No known compromise","CAES_Pathogen_testing_SOP_2014-05-06","Culture","Negative","UNKV",1,"Y",,,,,"Y",,"r4iH4e2lsYW4kI6RhiJwwMegvyzkVSXT","Connecticut Agricultural Experiment Station"
"4e3dbd8e-7f28-4b76-adef-f7d55e65bdd3","TALL","D08","TALL",,32.950470,-87.393259,"WGS84",,166.9,,"2014-05-19T22:09Z","2014-05-21T14:37Z","2014-10-28T12:00Z","2014-11-04T12:00Z","TALL.2014.20.AEDCAN2.F.T.01","TALL.2014.2.Aedes canadensis.Female.T1","No known compromise","CAES_Pathogen_testing_SOP_2014-05-06","Culture","Negative","UNKV",1,"Y",,,,,"Y",,"r4iH4e2lsYW4kI6RhiJwwMegvyzkVSXT","Connecticut Agricultural Experiment Station"
"7fd20090-6e5a-4bf2-8ca4-6aef390ed5df","TALL","D08","TALL",,32.950470,-87.393259,"WGS84",,166.9,,"2014-05-19T22:09Z","2014-05-21T14:37Z","2014-10-28T12:00Z","2014-11-04T12:00Z","TALL.2014.20.AEDCAN2.F.T.05","TALL.2014.2.Aedes canadensis.Female.T5","No known compromise","CAES_Pathogen_testing_SOP_2014-05-06","Culture","Negative","UNKV",1,"Y",,,,,"Y",,"r4iH4e2lsYW4kI6RhiJwwMegvyzkVSXT","Connecticut Agricultural Experiment Station"
"a8c7abc2-98da-4ef8-9947-44f4df5af6f1","TALL","D08","TALL",,32.950470,-87.393259,"WGS84",,166.9,,"2014-05-19T22:09Z","2014-05-21T14:37Z","2014-10-28T12:00Z","2014-11-04T12:00Z","TALL.2014.20.AEDCAN2.F.T.09","TALL.2014.2.Aedes canadensis.Female.T9","No known compromise","CAES_Pathogen_testing_SOP_2014-05-06","Culture","Negative","UNKV",1,"Y",,,,,"Y",,"r4iH4e2lsYW4kI6RhiJwwMegvyzkVSXT","Connecticut Agricultural Experiment Station"
"cee76df5-b447-484b-b0a9-aee22b899623","TALL","D08","TALL",,32.950470,-87.393259,"WGS84",,166.9,,"2014-05-19T22:09Z","2014-05-21T14:37Z","2014-10-28T12:00Z","2014-11-04T12:00Z","TALL.2014.20.AEDCAN2.F.T.10","TALL.2014.2.Aedes canadensis.Female.T10","No known compromise","CAES_Pathogen_testing_SOP_2014-05-06","Culture","Negative","UNKV",1,"Y",,,,,"Y",,"r4iH4e2lsYW4kI6RhiJwwMegvyzkVSXT","Connecticut Agricultural Experiment Station"
"e23b4dd6-4652-4c66-b9a7-d6ae8cda1d46","TALL","D08","TALL",,32.950470,-87.393259,"WGS84",,166.9,,"2014-05-19T22:09Z","2014-05-21T14:37Z","2014-10-28T12:00Z","2014-11-04T12:00Z","TALL.2014.20.COQPER.F.T.02","TALL.2014.2.Coquillettidia perturbans.Female.T2","No known compromise","CAES_Pathogen_testing_SOP_2014-05-06","Culture","Negative","UNKV",1,"Y",,,,,"Y",,"r4iH4e2lsYW4kI6RhiJwwMegvyzkVSXT","Connecticut Agricultural Experiment Station"
"6f1338e3-ce1d-4fb1-bf15-60b2a19e4e37","TALL","D08","TALL",,32.950470,-87.393259,"WGS84",,166.9,,"2014-05-19T22:09Z","2014-05-21T14:37Z","2014-10-28T12:00Z","2014-11-04T12:00Z","TALL.2014.20.AEDCAN2.F.T.03","TALL.2014.2.Aedes canadensis.Female.T3","No known compromise","CAES_Pathogen_testing_SOP_2014-05-06","Culture","Negative","UNKV",1,"Y",,,,,"Y",,"r4iH4e2lsYW4kI6RhiJwwMegvyzkVSXT","Connecticut Agricultural Experiment Station"
"e5ce9130-0acf-4d82-90c5-e2b922555e68","TALL","D08","TALL",,32.950470,-87.393259,"WGS84",,166.9,,"2014-05-19T22:09Z","2014-05-21T14:37Z","2014-10-28T12:00Z","2014-11-04T12:00Z","TALL.2014.20.AEDCAN2.F.T.08","TALL.2014.2.Aedes canadensis.Female.T8","No known compromise","CAES_Pathogen_testing_SOP_2014-05-06","Culture","Negative","UNKV",1,"Y",,,,,"Y",,"r4iH4e2lsYW4kI6RhiJwwMegvyzkVSXT","Connecticut Agricultural Experiment Station"
"7f03cad2-a404-4620-ae4f-58900bc38723","TALL","D08","TALL",,32.950470,-87.393259,"WGS84",,166.9,,"2014-05-19T22:09Z","2014-05-21T14:37Z","2014-10-28T12:00Z","2014-11-04T12:00Z","TALL.2014.20.AEDCAN2.F.T.02","TALL.2014.2.Aedes canadensis.Female.T2","No known compromise","CAES_Pathogen_testing_SOP_2014-05-06","Culture","Negative","UNKV",1,"Y",,,,,"Y",,"r4iH4e2lsYW4kI6RhiJwwMegvyzkVSXT","Connecticut Agricultural Experiment Station"
"8ecc3981-0946-4703-8298-72ed87f9d1a7","TALL","D08","TALL",,32.950470,-87.393259,"WGS84",,166.9,,"2014-05-19T22:09Z","2014-05-21T14:37Z","2014-10-28T12:00Z","2014-11-04T12:00Z","TALL.2014.20.AEDCAN2.F.T.12","TALL.2014.2.Aedes canadensis.Female.T12","No known compromise","CAES_Pathogen_testing_SOP_2014-05-06","Culture","Negative","UNKV",1,"Y",,,,,"Y",,"r4iH4e2lsYW4kI6RhiJwwMegvyzkVSXT","Connecticut Agricultural Experiment Station"
"22ea95e6-7d42-402f-b815-7a149b46c61f","TALL","D08","TALL",,32.950470,-87.393259,"WGS84",,166.9,,"2014-05-19T22:09Z","2014-05-21T14:37Z","2014-10-28T12:00Z","2014-11-04T12:00Z","TALL.2014.20.AEDCAN2.F.T.07","TALL.2014.2.Aedes canadensis.Female.T7","No known compromise","CAES_Pathogen_testing_SOP_2014-05-06","Culture","Negative","UNKV",1,"Y",,,,,"Y",,"r4iH4e2lsYW4kI6RhiJwwMegvyzkVSXT","Connecticut Agricultural Experiment Station"
"2e33fb51-98cb-4313-bd4e-58841310db4a","TALL","D08","TALL",,32.950470,-87.393259,"WGS84",,166.9,,"2014-05-19T22:09Z","2014-05-21T14:37Z","2014-10-28T12:00Z","2014-11-04T12:00Z","TALL.2014.20.AEDCAN2.F.T.11","TALL.2014.2.Aedes canadensis.Female.T11","No known compromise","CAES_Pathogen_testing_SOP_2014-05-06","Culture","Negative","UNKV",1,"Y",,,,,"Y",,"r4iH4e2lsYW4kI6RhiJwwMegvyzkVSXT","Connecticut Agricultural Experiment Station"
"ab3146a3-40b7-4559-aa7b-c8501c4a74f5","TALL","D08","TALL",,32.950470,-87.393259,"WGS84",,166.9,,"2014-05-19T22:09Z","2014-05-21T14:37Z","2014-10-28T12:00Z","2014-11-04T12:00Z","TALL.2014.20.AEDCAN2.F.T.13","TALL.2014.2.Aedes canadensis.Female.T13","No known compromise","CAES_Pathogen_testing_SOP_2014-05-06","Culture","Negative","UNKV",1,"Y",,,,,"Y",,"r4iH4e2lsYW4kI6RhiJwwMegvyzkVSXT","Connecticut Agricultural Experiment Station"
"47d2918a-915b-4a92-907e-911483465786","TALL","D08","TALL",,32.950470,-87.393259,"WGS84",,166.9,,"2014-05-19T22:31Z","2014-05-21T14:37Z","2014-10-28T12:00Z","2014-11-04T12:00Z","TALL.2014.20.AEDVEX.F.T.02","TALL.2014.2.Aedes vexans.Female.T2","No known compromise","CAES_Pathogen_testing_SOP_2014-05-06","Culture","Negative","UNKV",1,"Y",,,,,"Y",,"r4iH4e2lsYW4kI6RhiJwwMegvyzkVSXT","Connecticut Agricultural Experiment Station"
"bede023b-b2a9-4719-8b00-44d55914960b","TALL","D08","TALL",,32.950470,-87.393259,"WGS84",,166.9,,"2014-05-19T22:31Z","2014-05-21T14:37Z","2014-10-28T12:00Z","2014-11-04T12:00Z","TALL.2014.20.AEDVEX.F.T.01","TALL.2014.2.Aedes vexans.Female.T1","No known compromise","CAES_Pathogen_testing_SOP_2014-05-06","Culture","Negative","UNKV",1,"Y",,,,,"Y",,"r4iH4e2lsYW4kI6RhiJwwMegvyzkVSXT","Connecticut Agricultural Experiment Station"
