uid,namedLocation,domainID,siteID,startCollectDate,endCollectDate,testingID,testingVialID,poolSize,dataQF
"9cf71264-2593-469a-a915-7d5742ace6f1","BLAN","D02","BLAN","2015-10-20T19:48Z","2015-10-22T13:17Z","BLAN.2015.42.AEDVEX.F.T","BLAN.2015.42.AEDVEX.F.T.04",37,
"fb32188f-7494-48e9-94fc-445d31b175ef","BLAN","D02","BLAN","2015-10-20T19:48Z","2015-10-22T13:17Z","BLAN.2015.42.AEDVEX.F.T","BLAN.2015.42.AEDVEX.F.T.06",36,
"dfcb4d3c-221a-4de8-9f3c-ac84fba45980","BLAN","D02","BLAN","2015-10-20T19:48Z","2015-10-22T13:17Z","BLAN.2015.42.AEDVEX.F.T","BLAN.2015.42.AEDVEX.F.T.01",37,
"474e0451-0163-4b4c-a86f-c39098593b61","BLAN","D02","BLAN","2015-10-20T19:48Z","2015-10-22T13:17Z","BLAN.2015.42.AEDVEX.F.T","BLAN.2015.42.AEDVEX.F.T.03",37,
"babbe4ce-3e30-4e1f-a377-33819785861a","BLAN","D02","BLAN","2015-10-20T19:48Z","2015-10-22T13:17Z","BLAN.2015.42.AEDVEX.F.T","BLAN.2015.42.AEDVEX.F.T.05",37,
"e09ca13a-65d0-4071-9382-7c685eb67074","BLAN","D02","BLAN","2015-10-20T19:48Z","2015-10-22T13:17Z","BLAN.2015.42.AEDVEX.F.T","BLAN.2015.42.AEDVEX.F.T.07",36,
"28d26867-84e4-4593-bb2c-3f85c0083f7a","BLAN","D02","BLAN","2015-10-20T19:48Z","2015-10-22T13:17Z","BLAN.2015.42.AEDVEX.F.T","BLAN.2015.42.AEDVEX.F.T.02",37,
