uid,namedLocation,domainID,siteID,startCollectDate,endCollectDate,testingID,testingVialID,poolSize,dataQF
"72803e60-aa70-4a5b-86f1-f57c539c35b5","OAES","D11","OAES","2016-09-06T23:00Z","2016-09-08T13:27Z","OAES.2016.36.CULERR.F.T","OAES.2016.36.CULERR.F.T.04",38,
"af2458f2-eb6b-4607-92e3-9dc7b5ca3daf","OAES","D11","OAES","2016-09-06T23:00Z","2016-09-08T13:27Z","OAES.2016.36.AEDNIG.F.T","OAES.2016.36.AEDNIG.F.T.04",39,
"4a5b643f-ad10-4f7e-a48c-f23023a74b34","OAES","D11","OAES","2016-09-06T23:00Z","2016-09-08T13:27Z","OAES.2016.36.CULERR.F.T","OAES.2016.36.CULERR.F.T.05",38,
"3f22ff31-bf38-43ed-b547-0b9f94f7c948","OAES","D11","OAES","2016-09-06T23:00Z","2016-09-08T13:27Z","OAES.2016.36.CULERR.F.T","OAES.2016.36.CULERR.F.T.02",39,
"9e7cb235-28fe-45b5-9430-a2d10f317c8a","OAES","D11","OAES","2016-09-06T23:00Z","2016-09-08T13:27Z","OAES.2016.36.CULERR.F.T","OAES.2016.36.CULERR.F.T.01",39,
"d852ac86-5109-46dc-b3bd-31b01583b486","OAES","D11","OAES","2016-09-06T23:00Z","2016-09-08T13:27Z","OAES.2016.36.CULERR.F.T","OAES.2016.36.CULERR.F.T.03",38,
"3246a8ae-8426-4f3d-a048-c27bc00d0f64","OAES","D11","OAES","2016-09-06T23:00Z","2016-09-08T13:27Z","OAES.2016.36.AEDNIG.F.T","OAES.2016.36.AEDNIG.F.T.02",39,
"4c87e4f0-0167-4985-8d03-3cb0797db328","OAES","D11","OAES","2016-09-06T23:00Z","2016-09-08T13:27Z","OAES.2016.36.AEDNIG.F.T","OAES.2016.36.AEDNIG.F.T.08",39,
"b12ad1ab-3361-4498-97ca-90b8f91eb367","OAES","D11","OAES","2016-09-06T23:00Z","2016-09-08T13:27Z","OAES.2016.36.AEDNIG.F.T","OAES.2016.36.AEDNIG.F.T.01",39,
"23c5ecab-3339-4e28-90a3-68df7b126311","OAES","D11","OAES","2016-09-06T23:00Z","2016-09-08T13:27Z","OAES.2016.36.AEDNIG.F.T","OAES.2016.36.AEDNIG.F.T.16",39,
"f0e0bd9b-d411-40cf-9847-4b64f0cc5416","OAES","D11","OAES","2016-09-06T23:00Z","2016-09-08T13:27Z","OAES.2016.36.AEDNIG.F.T","OAES.2016.36.AEDNIG.F.T.07",39,
"b7e9f561-8667-402d-8f27-65e132e7f2b9","OAES","D11","OAES","2016-09-06T23:00Z","2016-09-08T13:27Z","OAES.2016.36.AEDNIG.F.T","OAES.2016.36.AEDNIG.F.T.15",39,
"97e4c3a1-5df5-420c-b160-47a02b906b3f","OAES","D11","OAES","2016-09-06T23:00Z","2016-09-08T13:27Z","OAES.2016.36.AEDNIG.F.T","OAES.2016.36.AEDNIG.F.T.17",39,
"e2f1d59a-9132-4ee5-8c87-07becff9ee21","OAES","D11","OAES","2016-09-06T23:00Z","2016-09-08T13:27Z","OAES.2016.36.AEDNIG.F.T","OAES.2016.36.AEDNIG.F.T.10",39,
"1cdb46b7-4c92-4bcc-9c13-e714a805013d","OAES","D11","OAES","2016-09-06T23:00Z","2016-09-08T13:27Z","OAES.2016.36.AEDNIG.F.T","OAES.2016.36.AEDNIG.F.T.09",39,
"51ab0bdb-f9ac-4040-b93c-af228373545b","OAES","D11","OAES","2016-09-06T23:00Z","2016-09-08T13:27Z","OAES.2016.36.AEDNIG.F.T","OAES.2016.36.AEDNIG.F.T.03",39,
"92e2faaf-a675-45dd-a06d-434d8f1ff603","OAES","D11","OAES","2016-09-06T23:00Z","2016-09-08T13:27Z","OAES.2016.36.AEDNIG.F.T","OAES.2016.36.AEDNIG.F.T.12",39,
"21d98475-d4db-4f51-8a69-5cfca88e6ccd","OAES","D11","OAES","2016-09-06T23:00Z","2016-09-08T13:27Z","OAES.2016.36.AEDNIG.F.T","OAES.2016.36.AEDNIG.F.T.13",39,
"62fb0729-b549-4649-8f6c-6674a6cb8a93","OAES","D11","OAES","2016-09-06T23:00Z","2016-09-08T13:27Z","OAES.2016.36.AEDNIG.F.T","OAES.2016.36.AEDNIG.F.T.05",39,
"d80c1bd7-18c1-4ae4-afda-45ad744df94f","OAES","D11","OAES","2016-09-06T23:00Z","2016-09-08T13:27Z","OAES.2016.36.AEDNIG.F.T","OAES.2016.36.AEDNIG.F.T.11",39,
"ecccb9c5-7da6-40c7-a99f-10311b16b45c","OAES","D11","OAES","2016-09-06T23:00Z","2016-09-08T13:27Z","OAES.2016.36.AEDNIG.F.T","OAES.2016.36.AEDNIG.F.T.14",39,
"662940fe-2f9f-48e5-91d7-e8deba4be176","OAES","D11","OAES","2016-09-06T23:00Z","2016-09-08T13:27Z","OAES.2016.36.AEDNIG.F.T","OAES.2016.36.AEDNIG.F.T.06",39,
"2078b5f6-d173-441d-91af-161e47a5871b","OAES","D11","OAES","2016-09-06T23:37Z","2016-09-08T13:27Z","OAES.2016.36.AEDVEX.F.T","OAES.2016.36.AEDVEX.F.T.01",16,
