uid,namedLocation,domainID,siteID,startCollectDate,endCollectDate,testingID,testingVialID,poolSize,dataQF
"fb49812a-6007-4e8f-b0e0-a7b737d4d0ba","DSNY","D03","DSNY","2016-09-12T21:11Z","2016-09-15T12:37Z","DSNY.2016.37.AEDATL.F.T","DSNY.2016.37.AEDATL.F.T.01",27,
"0337a5b4-d25f-4ba9-850f-655aabed3026","DSNY","D03","DSNY","2016-09-12T21:11Z","2016-09-15T12:37Z","DSNY.2016.37.AEDATL.F.T","DSNY.2016.37.AEDATL.F.T.02",27,
"7ce33fd0-ad6b-4b3d-83e5-08317f568c6a","DSNY","D03","DSNY","2016-09-12T21:11Z","2016-09-15T12:47Z","DSNY.2016.37.CULNIG.F.T","DSNY.2016.37.CULNIG.F.T.18",40,
"d665ac32-b42e-49f1-a5da-81fc0ed75d60","DSNY","D03","DSNY","2016-09-12T21:11Z","2016-09-15T12:47Z","DSNY.2016.37.CULNIG.F.T","DSNY.2016.37.CULNIG.F.T.22",39,
"dadcbc32-89a0-4d15-bad1-aebb6b7f15ea","DSNY","D03","DSNY","2016-09-12T21:11Z","2016-09-15T12:47Z","DSNY.2016.37.CULNIG.F.T","DSNY.2016.37.CULNIG.F.T.11",40,
"fe16e3a3-7711-4697-990f-839b75583548","DSNY","D03","DSNY","2016-09-12T21:11Z","2016-09-15T12:47Z","DSNY.2016.37.CULNIG.F.T","DSNY.2016.37.CULNIG.F.T.13",40,
"81a437e6-ae74-44c5-9a65-09e3b4068dfa","DSNY","D03","DSNY","2016-09-12T21:11Z","2016-09-15T12:47Z","DSNY.2016.37.CULNIG.F.T","DSNY.2016.37.CULNIG.F.T.16",40,
"3c0cbb18-7a41-43c2-9ef8-c324ca36cb74","DSNY","D03","DSNY","2016-09-12T21:11Z","2016-09-15T12:47Z","DSNY.2016.37.CULNIG.F.T","DSNY.2016.37.CULNIG.F.T.26",39,
"c3c9f96a-e74c-4cef-b33b-8ba6ee7cc645","DSNY","D03","DSNY","2016-09-12T21:11Z","2016-09-15T12:47Z","DSNY.2016.37.CULNIG.F.T","DSNY.2016.37.CULNIG.F.T.19",40,
"58a31b2f-0e53-43f8-a680-ccdb5c776100","DSNY","D03","DSNY","2016-09-12T21:11Z","2016-09-15T12:47Z","DSNY.2016.37.CULNIG.F.T","DSNY.2016.37.CULNIG.F.T.12",40,
"e28bfb37-77f6-4966-baa1-51d0cbd32006","DSNY","D03","DSNY","2016-09-12T21:11Z","2016-09-15T12:47Z","DSNY.2016.37.CULNIG.F.T","DSNY.2016.37.CULNIG.F.T.27",39,
"29ea921c-69ff-4162-8b86-00b18c7c0989","DSNY","D03","DSNY","2016-09-12T21:11Z","2016-09-15T12:47Z","DSNY.2016.37.CULNIG.F.T","DSNY.2016.37.CULNIG.F.T.32",39,
"ebf61d9e-a3cb-49ef-877c-42dac3b96dab","DSNY","D03","DSNY","2016-09-12T21:11Z","2016-09-15T12:47Z","DSNY.2016.37.CULNIG.F.T","DSNY.2016.37.CULNIG.F.T.20",40,
"6c8646ae-341c-4cea-8412-cd65e137e53b","DSNY","D03","DSNY","2016-09-12T21:11Z","2016-09-15T12:47Z","DSNY.2016.37.CULNIG.F.T","DSNY.2016.37.CULNIG.F.T.15",40,
"bc75c33f-bcd9-4522-a1b9-1ba909e430c9","DSNY","D03","DSNY","2016-09-12T21:11Z","2016-09-15T12:47Z","DSNY.2016.37.CULNIG.F.T","DSNY.2016.37.CULNIG.F.T.29",39,
"23511478-4240-4d0e-a8d7-02fd8fab90ab","DSNY","D03","DSNY","2016-09-12T21:11Z","2016-09-15T12:47Z","DSNY.2016.37.CULNIG.F.T","DSNY.2016.37.CULNIG.F.T.08",40,
"b047f4bd-c736-4c11-a875-0abb2e2d1c5d","DSNY","D03","DSNY","2016-09-12T21:11Z","2016-09-15T12:47Z","DSNY.2016.37.CULNIG.F.T","DSNY.2016.37.CULNIG.F.T.17",40,
"aeca617a-5ec0-456e-af2d-0a2c51597798","DSNY","D03","DSNY","2016-09-12T21:11Z","2016-09-15T12:47Z","DSNY.2016.37.CULNIG.F.T","DSNY.2016.37.CULNIG.F.T.14",40,
"f6496b3f-8c53-4871-b3dc-6b4437ce0f75","DSNY","D03","DSNY","2016-09-12T21:11Z","2016-09-15T12:47Z","DSNY.2016.37.CULNIG.F.T","DSNY.2016.37.CULNIG.F.T.21",40,
"a8c9942e-6525-4a78-b982-dfbf06ebaea2","DSNY","D03","DSNY","2016-09-12T21:11Z","2016-09-15T12:47Z","DSNY.2016.37.CULNIG.F.T","DSNY.2016.37.CULNIG.F.T.23",39,
"ff005a80-af6d-434b-8fdc-e2fc64fbad9b","DSNY","D03","DSNY","2016-09-12T21:11Z","2016-09-15T12:47Z","DSNY.2016.37.CULNIG.F.T","DSNY.2016.37.CULNIG.F.T.09",40,
"31c268f9-2335-47ce-8ff0-cabafdad5c54","DSNY","D03","DSNY","2016-09-12T21:11Z","2016-09-15T12:47Z","DSNY.2016.37.CULNIG.F.T","DSNY.2016.37.CULNIG.F.T.31",39,
"2f9132e8-502e-441d-94c2-0fcce9eab2c8","DSNY","D03","DSNY","2016-09-12T21:11Z","2016-09-15T12:47Z","DSNY.2016.37.CULNIG.F.T","DSNY.2016.37.CULNIG.F.T.10",40,
"bbba392e-feaf-4e12-9df0-280ea5f4de7c","DSNY","D03","DSNY","2016-09-12T21:11Z","2016-09-15T12:47Z","DSNY.2016.37.CULNIG.F.T","DSNY.2016.37.CULNIG.F.T.24",39,
"2ba554fa-540a-4462-8898-40a80d4e979a","DSNY","D03","DSNY","2016-09-12T21:11Z","2016-09-15T12:47Z","DSNY.2016.37.CULNIG.F.T","DSNY.2016.37.CULNIG.F.T.28",39,
"8dfd1012-3b1d-4434-8c3c-734e9301dac6","DSNY","D03","DSNY","2016-09-12T21:11Z","2016-09-15T12:47Z","DSNY.2016.37.CULNIG.F.T","DSNY.2016.37.CULNIG.F.T.03",40,
"d5c57b64-9550-4b77-bb23-a4fe9403a6e1","DSNY","D03","DSNY","2016-09-12T21:11Z","2016-09-15T12:47Z","DSNY.2016.37.CULNIG.F.T","DSNY.2016.37.CULNIG.F.T.02",40,
"01dc8902-9adc-4546-a578-732134bc7ced","DSNY","D03","DSNY","2016-09-12T21:11Z","2016-09-15T12:47Z","DSNY.2016.37.CULNIG.F.T","DSNY.2016.37.CULNIG.F.T.01",40,
"793c3d82-dbb2-482b-87f7-eb94894ab954","DSNY","D03","DSNY","2016-09-12T21:11Z","2016-09-15T12:47Z","DSNY.2016.37.CULNIG.F.T","DSNY.2016.37.CULNIG.F.T.06",40,
"24fab8ef-d617-4ab8-8d77-8effa8fa3e8f","DSNY","D03","DSNY","2016-09-12T21:11Z","2016-09-15T12:47Z","DSNY.2016.37.CULNIG.F.T","DSNY.2016.37.CULNIG.F.T.07",40,
"b4407d23-0ec1-4df5-bb5e-3db078feb745","DSNY","D03","DSNY","2016-09-12T21:11Z","2016-09-15T12:47Z","DSNY.2016.37.CULNIG.F.T","DSNY.2016.37.CULNIG.F.T.04",40,
"0ddf2da2-eb9a-447f-b7e8-ce2e216234d1","DSNY","D03","DSNY","2016-09-12T21:11Z","2016-09-15T12:47Z","DSNY.2016.37.CULNIG.F.T","DSNY.2016.37.CULNIG.F.T.05",40,
"8fbbefec-7605-49e1-8675-2139d46870b4","DSNY","D03","DSNY","2016-09-12T21:11Z","2016-09-15T12:47Z","DSNY.2016.37.CULERR.F.T","DSNY.2016.37.CULERR.F.T.01",35,
"b0473919-6bda-4bf2-8110-7cc50b842944","DSNY","D03","DSNY","2016-09-12T21:11Z","2016-09-15T12:47Z","DSNY.2016.37.CULERR.F.T","DSNY.2016.37.CULERR.F.T.03",35,
"446b67ad-af53-4965-8f3b-68d929e81063","DSNY","D03","DSNY","2016-09-12T21:11Z","2016-09-15T12:47Z","DSNY.2016.37.CULERR.F.T","DSNY.2016.37.CULERR.F.T.04",34,
"b65a0521-3e88-4914-8cb7-ad42941c850c","DSNY","D03","DSNY","2016-09-12T21:11Z","2016-09-15T12:47Z","DSNY.2016.37.CULERR.F.T","DSNY.2016.37.CULERR.F.T.05",34,
"0b8c150d-a413-4c97-85c3-858a1c88daec","DSNY","D03","DSNY","2016-09-12T21:11Z","2016-09-15T12:47Z","DSNY.2016.37.CULERR.F.T","DSNY.2016.37.CULERR.F.T.02",35,
"3396e26a-29ba-4fda-85af-ca866fecb66e","DSNY","D03","DSNY","2016-09-12T21:11Z","2016-09-15T12:47Z","DSNY.2016.37.CULNIG.F.T","DSNY.2016.37.CULNIG.F.T.25",39,
"e6003ab4-467c-4e2d-8488-09058dc02675","DSNY","D03","DSNY","2016-09-12T21:11Z","2016-09-15T12:47Z","DSNY.2016.37.CULNIG.F.T","DSNY.2016.37.CULNIG.F.T.30",39,
"9198126e-1e70-4bac-8f41-9fe0690d6a86","DSNY","D03","DSNY","2016-09-12T21:11Z","2016-09-15T12:47Z","DSNY.2016.37.CULNIG.F.T","DSNY.2016.37.CULNIG.F.T.33",39,
