uid,namedLocation,domainID,siteID,startCollectDate,endCollectDate,testingID,testingVialID,poolSize,dataQF
"a3371cb1-ac45-4a8c-b42f-38e69ae7ce6e","ORNL","D07","ORNL","2016-08-30T21:14Z","2016-09-01T13:22Z","ORNL.2016.35.CULERR.F.T","ORNL.2016.35.CULERR.F.T.04",36,
"891b1d84-88b0-4f69-9f99-00b4737862f2","ORNL","D07","ORNL","2016-08-30T21:14Z","2016-09-01T13:22Z","ORNL.2016.35.CULERR.F.T","ORNL.2016.35.CULERR.F.T.05",36,
"30bfaf04-a4d9-4080-ab22-59c5dcf5cf32","ORNL","D07","ORNL","2016-08-30T21:14Z","2016-09-01T13:22Z","ORNL.2016.35.CULERR.F.T","ORNL.2016.35.CULERR.F.T.01",37,
"bd11a8e0-60f3-45da-a398-2dc85c1f63d4","ORNL","D07","ORNL","2016-08-30T21:14Z","2016-09-01T13:22Z","ORNL.2016.35.CULERR.F.T","ORNL.2016.35.CULERR.F.T.03",36,
"d05fc330-7013-4c4a-a549-9d5ce45117ec","ORNL","D07","ORNL","2016-08-30T21:14Z","2016-09-01T13:22Z","ORNL.2016.35.CULERR.F.T","ORNL.2016.35.CULERR.F.T.02",36,
"630f4558-2f49-476a-b138-b3d0e297ce5e","ORNL","D07","ORNL","2016-09-13T20:27Z","2016-09-15T13:19Z","ORNL.2016.37.CULERR.F.T","ORNL.2016.37.CULERR.F.T.04",37,
"a8472d8e-2e0e-4e70-b893-2ec48eab7242","ORNL","D07","ORNL","2016-09-13T20:27Z","2016-09-15T13:19Z","ORNL.2016.37.CULERR.F.T","ORNL.2016.37.CULERR.F.T.05",36,
"c99300c8-aecf-40c6-988f-f6ad6fbf7888","ORNL","D07","ORNL","2016-09-13T20:27Z","2016-09-15T13:19Z","ORNL.2016.37.CULERR.F.T","ORNL.2016.37.CULERR.F.T.02",37,
"3e0a4031-498b-4735-9979-287e87b48dfa","ORNL","D07","ORNL","2016-09-13T20:27Z","2016-09-15T13:19Z","ORNL.2016.37.CULERR.F.T","ORNL.2016.37.CULERR.F.T.06",36,
"b330a260-8582-4cb2-8a4a-d28d68581560","ORNL","D07","ORNL","2016-09-13T20:27Z","2016-09-15T13:19Z","ORNL.2016.37.CULERR.F.T","ORNL.2016.37.CULERR.F.T.01",37,
"1111b825-6f25-499f-9a43-3ecff6680e1b","ORNL","D07","ORNL","2016-09-13T20:27Z","2016-09-15T13:19Z","ORNL.2016.37.CULERR.F.T","ORNL.2016.37.CULERR.F.T.07",36,
"6bfbcb7e-3f72-4b74-a436-0e6c0bf390ba","ORNL","D07","ORNL","2016-09-13T20:27Z","2016-09-15T13:19Z","ORNL.2016.37.CULERR.F.T","ORNL.2016.37.CULERR.F.T.03",37,
"09177173-24c8-417a-81b5-89460dd54f68","ORNL","D07","ORNL","2016-09-28T20:43Z","2016-09-30T13:04Z","ORNL.2016.39.CULERR.F.T","ORNL.2016.39.CULERR.F.T.02",37,
"b3d90941-0873-4bfc-b74a-0b585404c263","ORNL","D07","ORNL","2016-09-28T20:43Z","2016-09-30T13:04Z","ORNL.2016.39.CULERR.F.T","ORNL.2016.39.CULERR.F.T.01",37,
"ad11f8e3-26d5-4ae5-a308-bc450b0c5335","ORNL","D07","ORNL","2016-09-28T20:43Z","2016-09-30T13:04Z","ORNL.2016.39.CULERR.F.T","ORNL.2016.39.CULERR.F.T.03",37,
"02a81d60-33a6-434a-b3d8-f9204706f822","ORNL","D07","ORNL","2016-09-28T20:43Z","2016-09-30T13:23Z","ORNL.2016.39.AEDVEX.F.T","ORNL.2016.39.AEDVEX.F.T.01",38,
"8c0bfe84-5ed2-4a48-bdc2-f6760e0f1c7f","ORNL","D07","ORNL","2016-09-28T20:43Z","2016-09-30T13:23Z","ORNL.2016.39.AEDVEX.F.T","ORNL.2016.39.AEDVEX.F.T.02",37,
