uid,namedLocation,domainID,siteID,startCollectDate,endCollectDate,testingID,testingVialID,poolSize,dataQF
"1c592cf9-9ea7-467d-8c48-bbee1f3855e6","LENO","D08","LENO","2016-07-12T21:30Z","2016-07-14T14:21Z","LENO.2016.28.CULNIG.F.T","LENO.2016.28.CULNIG.F.T.09",38,
"016830e1-d045-4723-a973-b68638ab38cc","LENO","D08","LENO","2016-07-12T21:30Z","2016-07-14T14:21Z","LENO.2016.28.CULNIG.F.T","LENO.2016.28.CULNIG.F.T.02",39,
"1fcf6e4b-dfce-4567-8892-1530d96f00b7","LENO","D08","LENO","2016-07-12T21:30Z","2016-07-14T14:21Z","LENO.2016.28.CULNIG.F.T","LENO.2016.28.CULNIG.F.T.05",39,
"c60b4012-4e65-490d-a1d1-fa38133301b2","LENO","D08","LENO","2016-07-12T21:30Z","2016-07-14T14:21Z","LENO.2016.28.CULNIG.F.T","LENO.2016.28.CULNIG.F.T.03",39,
"b932e8f6-cffc-43b8-b690-e88d5f9b623f","LENO","D08","LENO","2016-07-12T21:30Z","2016-07-14T14:21Z","LENO.2016.28.CULNIG.F.T","LENO.2016.28.CULNIG.F.T.06",39,
"a232abc2-2872-472a-a397-f4b0136f111e","LENO","D08","LENO","2016-07-12T21:30Z","2016-07-14T14:21Z","LENO.2016.28.CULNIG.F.T","LENO.2016.28.CULNIG.F.T.01",39,
"00997896-6747-4c98-8b3e-7dfee0173ff7","LENO","D08","LENO","2016-07-12T21:30Z","2016-07-14T14:21Z","LENO.2016.28.CULNIG.F.T","LENO.2016.28.CULNIG.F.T.08",38,
"ee5d61ae-0eaf-47b4-b7b6-2003feb9adf2","LENO","D08","LENO","2016-07-12T21:30Z","2016-07-14T14:21Z","LENO.2016.28.CULNIG.F.T","LENO.2016.28.CULNIG.F.T.07",38,
"3889ad7f-c9bc-4f33-835c-2e4d1d89260d","LENO","D08","LENO","2016-07-12T21:30Z","2016-07-14T14:21Z","LENO.2016.28.CULNIG.F.T","LENO.2016.28.CULNIG.F.T.04",39,
"68c2a1ce-c3b0-4d59-adbb-91bf0840357d","LENO","D08","LENO","2016-07-12T21:30Z","2016-07-14T14:21Z","LENO.2016.28.CULERR.F.T","LENO.2016.28.CULERR.F.T.93",40,
"1f504d77-fc34-43bf-a74f-db9abd4c7b66","LENO","D08","LENO","2016-07-12T21:30Z","2016-07-14T14:21Z","LENO.2016.28.CULERR.F.T","LENO.2016.28.CULERR.F.T.96",40,
"039f6606-554f-4925-9493-5d57a45d466e","LENO","D08","LENO","2016-07-12T21:30Z","2016-07-14T14:21Z","LENO.2016.28.CULERR.F.T","LENO.2016.28.CULERR.F.T.94",40,
"1630d1af-3aa8-498d-ab7b-da3c370bede2","LENO","D08","LENO","2016-07-12T21:30Z","2016-07-14T14:21Z","LENO.2016.28.CULERR.F.T","LENO.2016.28.CULERR.F.T.98",40,
"58c6e3a6-7206-490d-a091-3cec8c7afb77","LENO","D08","LENO","2016-07-12T21:30Z","2016-07-14T14:21Z","LENO.2016.28.CULERR.F.T","LENO.2016.28.CULERR.F.T.99",40,
"e707d917-2f2f-4387-874d-a88186fd1f42","LENO","D08","LENO","2016-07-12T21:30Z","2016-07-14T14:21Z","LENO.2016.28.CULERR.F.T","LENO.2016.28.CULERR.F.T.97",40,
"41d79eb4-6817-455b-a43b-28e92c3327ea","LENO","D08","LENO","2016-07-12T21:30Z","2016-07-14T14:21Z","LENO.2016.28.CULERR.F.T","LENO.2016.28.CULERR.F.T.95",40,
"0c086cd4-5c55-4325-9926-feb93dbcf34b","LENO","D08","LENO","2016-07-12T21:30Z","2016-07-14T14:21Z","LENO.2016.28.CULERR.F.T","LENO.2016.28.CULERR.F.T.89",40,
"9af7ebb1-b9df-4080-b1b0-3dd1c306407c","LENO","D08","LENO","2016-07-12T21:30Z","2016-07-14T14:21Z","LENO.2016.28.CULERR.F.T","LENO.2016.28.CULERR.F.T.82",40,
"2a1300e5-5d48-4bbb-be81-7ddefe85f6d8","LENO","D08","LENO","2016-07-12T21:30Z","2016-07-14T14:21Z","LENO.2016.28.CULERR.F.T","LENO.2016.28.CULERR.F.T.57",40,
"9f236589-2aac-43ed-a118-38e13cff9589","LENO","D08","LENO","2016-07-12T21:30Z","2016-07-14T14:21Z","LENO.2016.28.CULERR.F.T","LENO.2016.28.CULERR.F.T.90",40,
"c5e9bf4b-b5a0-4365-ad48-9eb05578f35f","LENO","D08","LENO","2016-07-12T21:30Z","2016-07-14T14:21Z","LENO.2016.28.CULERR.F.T","LENO.2016.28.CULERR.F.T.81",40,
"02615812-1ff4-4766-8542-b529215edd06","LENO","D08","LENO","2016-07-12T21:30Z","2016-07-14T14:21Z","LENO.2016.28.CULERR.F.T","LENO.2016.28.CULERR.F.T.63",40,
"5dd754ea-55c1-4312-a386-905885802c1d","LENO","D08","LENO","2016-07-12T21:30Z","2016-07-14T14:21Z","LENO.2016.28.CULERR.F.T","LENO.2016.28.CULERR.F.T.87",40,
"cf0c4b24-82ec-4a97-bfe1-337d6966fb7b","LENO","D08","LENO","2016-07-12T21:30Z","2016-07-14T14:21Z","LENO.2016.28.CULERR.F.T","LENO.2016.28.CULERR.F.T.46",40,
"9b514f16-fea3-4129-a340-b66f2e2f03a0","LENO","D08","LENO","2016-07-12T21:30Z","2016-07-14T14:21Z","LENO.2016.28.CULERR.F.T","LENO.2016.28.CULERR.F.T.60",40,
"7ab81929-b431-4361-9e53-cd9a657f29d0","LENO","D08","LENO","2016-07-12T21:30Z","2016-07-14T14:21Z","LENO.2016.28.CULERR.F.T","LENO.2016.28.CULERR.F.T.92",40,
"ddd37c2b-45ff-495f-909e-65af888f10db","LENO","D08","LENO","2016-07-12T21:30Z","2016-07-14T14:21Z","LENO.2016.28.CULERR.F.T","LENO.2016.28.CULERR.F.T.71",40,
"95f4661e-983c-4e44-8020-5f29b3b950ac","LENO","D08","LENO","2016-07-12T21:30Z","2016-07-14T14:21Z","LENO.2016.28.CULERR.F.T","LENO.2016.28.CULERR.F.T.85",40,
"ed0edf3f-e1d5-492c-bb3c-121f822a4752","LENO","D08","LENO","2016-07-12T21:30Z","2016-07-14T14:21Z","LENO.2016.28.CULERR.F.T","LENO.2016.28.CULERR.F.T.45",40,
"808bf0ca-a237-4625-9c7a-5a8a4c1cf008","LENO","D08","LENO","2016-07-12T21:30Z","2016-07-14T14:21Z","LENO.2016.28.CULERR.F.T","LENO.2016.28.CULERR.F.T.91",40,
"d1e6f6bc-4e23-432a-9816-e4aba0ac3e98","LENO","D08","LENO","2016-07-12T21:30Z","2016-07-14T14:21Z","LENO.2016.28.CULERR.F.T","LENO.2016.28.CULERR.F.T.58",40,
"7cbdf0a5-45e4-4466-b706-7428c50b76ac","LENO","D08","LENO","2016-07-12T21:30Z","2016-07-14T14:21Z","LENO.2016.28.CULERR.F.T","LENO.2016.28.CULERR.F.T.51",40,
"9f2075d4-5c4a-4569-aa21-c0a9d32d8b46","LENO","D08","LENO","2016-07-12T21:30Z","2016-07-14T14:21Z","LENO.2016.28.CULERR.F.T","LENO.2016.28.CULERR.F.T.80",40,
"4e4380b0-c226-4fc4-a6fe-09f69fdf1f8b","LENO","D08","LENO","2016-07-12T21:30Z","2016-07-14T14:21Z","LENO.2016.28.CULERR.F.T","LENO.2016.28.CULERR.F.T.68",40,
"09eb9b34-d646-41af-be5a-d1657e038f94","LENO","D08","LENO","2016-07-12T21:30Z","2016-07-14T14:21Z","LENO.2016.28.CULERR.F.T","LENO.2016.28.CULERR.F.T.83",40,
"9ee9494b-4d99-4a93-9dcf-b7d681722e58","LENO","D08","LENO","2016-07-12T21:30Z","2016-07-14T14:21Z","LENO.2016.28.CULERR.F.T","LENO.2016.28.CULERR.F.T.47",40,
"41b70e19-2753-4d24-9b1c-8cce173b87fe","LENO","D08","LENO","2016-07-12T21:30Z","2016-07-14T14:21Z","LENO.2016.28.CULERR.F.T","LENO.2016.28.CULERR.F.T.76",40,
"ff26ff4f-0082-4455-9a7d-785a05de3eac","LENO","D08","LENO","2016-07-12T21:30Z","2016-07-14T14:21Z","LENO.2016.28.CULERR.F.T","LENO.2016.28.CULERR.F.T.62",40,
"1ba2baf4-8737-43e1-9b72-470721112794","LENO","D08","LENO","2016-07-12T21:30Z","2016-07-14T14:21Z","LENO.2016.28.CULERR.F.T","LENO.2016.28.CULERR.F.T.73",40,
"5fe8308c-7091-4bdc-9908-9ff75bb541f1","LENO","D08","LENO","2016-07-12T21:30Z","2016-07-14T14:21Z","LENO.2016.28.CULERR.F.T","LENO.2016.28.CULERR.F.T.72",40,
"43051596-bef2-48b8-9d1e-94e462d724fd","LENO","D08","LENO","2016-07-12T21:30Z","2016-07-14T14:21Z","LENO.2016.28.CULERR.F.T","LENO.2016.28.CULERR.F.T.75",40,
"82fe4981-4072-4498-9124-844371ba5463","LENO","D08","LENO","2016-07-12T21:30Z","2016-07-14T14:21Z","LENO.2016.28.CULERR.F.T","LENO.2016.28.CULERR.F.T.61",40,
"88c1c7c4-b5c6-4d7f-829b-8ae1a0178b21","LENO","D08","LENO","2016-07-12T21:30Z","2016-07-14T14:21Z","LENO.2016.28.CULERR.F.T","LENO.2016.28.CULERR.F.T.49",40,
"2d3c5439-7669-45bf-9a9c-b95f0dfaa8f8","LENO","D08","LENO","2016-07-12T21:30Z","2016-07-14T14:21Z","LENO.2016.28.CULERR.F.T","LENO.2016.28.CULERR.F.T.59",40,
"546d2af5-d6ca-42fa-b422-d0febca9ddd6","LENO","D08","LENO","2016-07-12T21:30Z","2016-07-14T14:21Z","LENO.2016.28.CULERR.F.T","LENO.2016.28.CULERR.F.T.52",40,
"a8d5277f-616e-4a94-8aa8-fa2ccd7f1a3d","LENO","D08","LENO","2016-07-12T21:30Z","2016-07-14T14:21Z","LENO.2016.28.CULERR.F.T","LENO.2016.28.CULERR.F.T.70",40,
"55c7c917-c450-4117-8f30-734e1c7256d6","LENO","D08","LENO","2016-07-12T21:30Z","2016-07-14T14:21Z","LENO.2016.28.CULERR.F.T","LENO.2016.28.CULERR.F.T.79",40,
"f25f8b9e-218b-4a30-a1ce-cf86f07bad1a","LENO","D08","LENO","2016-07-12T21:30Z","2016-07-14T14:21Z","LENO.2016.28.CULERR.F.T","LENO.2016.28.CULERR.F.T.56",40,
"62f6c336-e973-4435-ab8e-e30a9c758632","LENO","D08","LENO","2016-07-12T21:30Z","2016-07-14T14:21Z","LENO.2016.28.CULERR.F.T","LENO.2016.28.CULERR.F.T.44",40,
"67a922a1-9bd2-42ed-ae3d-289296078df4","LENO","D08","LENO","2016-07-12T21:30Z","2016-07-14T14:21Z","LENO.2016.28.CULERR.F.T","LENO.2016.28.CULERR.F.T.69",40,
"8bd7e7e6-983b-4a9d-8201-251c176f9869","LENO","D08","LENO","2016-07-12T21:30Z","2016-07-14T14:21Z","LENO.2016.28.CULERR.F.T","LENO.2016.28.CULERR.F.T.65",40,
"b5a84feb-a6d5-4d78-9954-c748810ba712","LENO","D08","LENO","2016-07-12T21:30Z","2016-07-14T14:21Z","LENO.2016.28.CULERR.F.T","LENO.2016.28.CULERR.F.T.16",40,
"bee3efef-b0f6-49a5-bd32-02713dd52d5e","LENO","D08","LENO","2016-07-12T21:30Z","2016-07-14T14:21Z","LENO.2016.28.CULERR.F.T","LENO.2016.28.CULERR.F.T.31",40,
"ab4ab22b-4672-48c4-b6fd-8496cb8ec1ba","LENO","D08","LENO","2016-07-12T21:30Z","2016-07-14T14:21Z","LENO.2016.28.CULERR.F.T","LENO.2016.28.CULERR.F.T.14",40,
"26579c33-c521-4827-a741-5b205bd277d2","LENO","D08","LENO","2016-07-12T21:30Z","2016-07-14T14:21Z","LENO.2016.28.CULERR.F.T","LENO.2016.28.CULERR.F.T.15",40,
"ba387c04-0ec5-4bb2-b06a-1948fc3b734c","LENO","D08","LENO","2016-07-12T21:30Z","2016-07-14T14:21Z","LENO.2016.28.CULERR.F.T","LENO.2016.28.CULERR.F.T.05",40,
"5dcdd7bd-c67d-4aa3-9576-1aea05f5ea44","LENO","D08","LENO","2016-07-12T21:30Z","2016-07-14T14:21Z","LENO.2016.28.CULERR.F.T","LENO.2016.28.CULERR.F.T.18",40,
"1de01ccb-c7c0-44ec-90e8-adb458e50df7","LENO","D08","LENO","2016-07-12T21:30Z","2016-07-14T14:21Z","LENO.2016.28.CULERR.F.T","LENO.2016.28.CULERR.F.T.13",40,
"d2b3d040-914d-497b-9dc6-f0b25431d201","LENO","D08","LENO","2016-07-12T21:30Z","2016-07-14T14:21Z","LENO.2016.28.CULERR.F.T","LENO.2016.28.CULERR.F.T.11",40,
"02cfff01-33f0-47e2-b17b-dddffaeaf8d4","LENO","D08","LENO","2016-07-12T21:30Z","2016-07-14T14:21Z","LENO.2016.28.CULERR.F.T","LENO.2016.28.CULERR.F.T.34",40,
"e1f8e2a5-68c2-4a96-ae22-4e97d44f757f","LENO","D08","LENO","2016-07-12T21:30Z","2016-07-14T14:21Z","LENO.2016.28.CULERR.F.T","LENO.2016.28.CULERR.F.T.10",40,
"11274bec-c6bc-411d-a47b-7c9997ff81e2","LENO","D08","LENO","2016-07-12T21:30Z","2016-07-14T14:21Z","LENO.2016.28.CULERR.F.T","LENO.2016.28.CULERR.F.T.01",40,
"1324c355-24a7-4b65-8d7e-df65407f41b0","LENO","D08","LENO","2016-07-12T21:30Z","2016-07-14T14:21Z","LENO.2016.28.CULERR.F.T","LENO.2016.28.CULERR.F.T.04",40,
"49ba9714-ba83-408b-b485-eb79e824565b","LENO","D08","LENO","2016-07-12T21:30Z","2016-07-14T14:21Z","LENO.2016.28.CULERR.F.T","LENO.2016.28.CULERR.F.T.37",40,
"2ee17402-3dbd-4ffc-a46c-d04e0ff19c42","LENO","D08","LENO","2016-07-12T21:30Z","2016-07-14T14:21Z","LENO.2016.28.CULERR.F.T","LENO.2016.28.CULERR.F.T.12",40,
"38b354b3-7b8d-46bf-b9c0-9a8ff6d6853b","LENO","D08","LENO","2016-07-12T21:30Z","2016-07-14T14:21Z","LENO.2016.28.CULERR.F.T","LENO.2016.28.CULERR.F.T.27",40,
"f42bcaa3-bb23-4065-825a-3cf9182c231d","LENO","D08","LENO","2016-07-12T21:30Z","2016-07-14T14:21Z","LENO.2016.28.CULERR.F.T","LENO.2016.28.CULERR.F.T.38",40,
"00b7252b-f8e6-44bd-a52f-5ea09fa72a73","LENO","D08","LENO","2016-07-12T21:30Z","2016-07-14T14:21Z","LENO.2016.28.CULERR.F.T","LENO.2016.28.CULERR.F.T.20",40,
"e0198493-5aa7-4dfe-9f0a-b08858e63f68","LENO","D08","LENO","2016-07-12T21:30Z","2016-07-14T14:21Z","LENO.2016.28.CULERR.F.T","LENO.2016.28.CULERR.F.T.40",40,
"e0187ad1-10fe-4c59-9d5e-e61af8d11df0","LENO","D08","LENO","2016-07-12T21:30Z","2016-07-14T14:21Z","LENO.2016.28.CULERR.F.T","LENO.2016.28.CULERR.F.T.17",40,
"c099924b-1eeb-4d81-95e4-6b781bff6b14","LENO","D08","LENO","2016-07-12T21:30Z","2016-07-14T14:21Z","LENO.2016.28.CULERR.F.T","LENO.2016.28.CULERR.F.T.41",40,
"a1fcd969-b2b9-4372-8b93-3d8be3bf08d7","LENO","D08","LENO","2016-07-12T21:30Z","2016-07-14T14:21Z","LENO.2016.28.CULERR.F.T","LENO.2016.28.CULERR.F.T.19",40,
"c12c80a4-2adc-46e9-915e-aae7ae5f2a4e","LENO","D08","LENO","2016-07-12T21:30Z","2016-07-14T14:21Z","LENO.2016.28.CULERR.F.T","LENO.2016.28.CULERR.F.T.28",40,
"0047033e-9743-42af-9578-4eea8fa66185","LENO","D08","LENO","2016-07-12T21:30Z","2016-07-14T14:21Z","LENO.2016.28.CULERR.F.T","LENO.2016.28.CULERR.F.T.42",40,
"32a9f7e4-f2d1-4fc2-83c7-2317465efbf7","LENO","D08","LENO","2016-07-12T21:30Z","2016-07-14T14:21Z","LENO.2016.28.CULERR.F.T","LENO.2016.28.CULERR.F.T.29",40,
"26e41176-150e-4fed-addc-3439830e3199","LENO","D08","LENO","2016-07-12T21:30Z","2016-07-14T14:21Z","LENO.2016.28.CULERR.F.T","LENO.2016.28.CULERR.F.T.08",40,
"fdef4576-2753-477a-9bed-c2ba509dd877","LENO","D08","LENO","2016-07-12T21:30Z","2016-07-14T14:21Z","LENO.2016.28.CULERR.F.T","LENO.2016.28.CULERR.F.T.22",40,
"bbb48aa6-1cdb-42ad-8deb-80b9a9066bf6","LENO","D08","LENO","2016-07-12T21:30Z","2016-07-14T14:21Z","LENO.2016.28.CULERR.F.T","LENO.2016.28.CULERR.F.T.35",40,
"45f2f7b7-baa7-4878-8c76-508027025a0c","LENO","D08","LENO","2016-07-12T21:30Z","2016-07-14T14:21Z","LENO.2016.28.CULERR.F.T","LENO.2016.28.CULERR.F.T.23",40,
"51acfae0-caec-4d0a-89fc-b0b6c1e2296a","LENO","D08","LENO","2016-07-12T21:30Z","2016-07-14T14:21Z","LENO.2016.28.CULERR.F.T","LENO.2016.28.CULERR.F.T.25",40,
"9023f5fd-3897-4198-951d-06c4e9f5dedc","LENO","D08","LENO","2016-07-12T21:30Z","2016-07-14T14:21Z","LENO.2016.28.CULERR.F.T","LENO.2016.28.CULERR.F.T.24",40,
"398004e4-c8a3-4aa0-9328-7307e1d9a76e","LENO","D08","LENO","2016-07-12T21:30Z","2016-07-14T14:21Z","LENO.2016.28.CULERR.F.T","LENO.2016.28.CULERR.F.T.33",40,
"277521d1-a799-4e4d-b243-e5b99601a108","LENO","D08","LENO","2016-07-12T21:30Z","2016-07-14T14:21Z","LENO.2016.28.CULERR.F.T","LENO.2016.28.CULERR.F.T.26",40,
"e6cb9db3-eca6-4e9a-a86a-3f139d28bb6b","LENO","D08","LENO","2016-07-12T21:30Z","2016-07-14T14:21Z","LENO.2016.28.CULERR.F.T","LENO.2016.28.CULERR.F.T.32",40,
"85bd432f-8452-4b24-93bc-6cc6f8ab26b6","LENO","D08","LENO","2016-07-12T21:30Z","2016-07-14T14:21Z","LENO.2016.28.CULERR.F.T","LENO.2016.28.CULERR.F.T.07",40,
"5c845aa6-b4b9-4554-84ef-f4a9c9041630","LENO","D08","LENO","2016-07-12T21:30Z","2016-07-14T14:21Z","LENO.2016.28.CULERR.F.T","LENO.2016.28.CULERR.F.T.09",40,
"b3f8b388-d6e0-4094-90f4-5328a574cefc","LENO","D08","LENO","2016-07-12T21:30Z","2016-07-14T14:21Z","LENO.2016.28.CULERR.F.T","LENO.2016.28.CULERR.F.T.02",40,
"146e09d1-b8be-422a-99a8-630fbd278646","LENO","D08","LENO","2016-07-12T21:30Z","2016-07-14T14:21Z","LENO.2016.28.CULERR.F.T","LENO.2016.28.CULERR.F.T.21",40,
"b65bd4a9-b48e-4e1f-9aa2-cb1f7b2677b4","LENO","D08","LENO","2016-07-12T21:30Z","2016-07-14T14:21Z","LENO.2016.28.CULERR.F.T","LENO.2016.28.CULERR.F.T.39",40,
"35e3c97e-ec29-464b-bd59-247dd69d5d80","LENO","D08","LENO","2016-07-12T21:30Z","2016-07-14T14:21Z","LENO.2016.28.CULERR.F.T","LENO.2016.28.CULERR.F.T.36",40,
"f0e0d3cf-0517-43df-8b18-462c864ee753","LENO","D08","LENO","2016-07-12T21:30Z","2016-07-14T14:21Z","LENO.2016.28.CULERR.F.T","LENO.2016.28.CULERR.F.T.03",40,
"f4549dd6-f12e-48b8-9ce9-7f0fff3ecb67","LENO","D08","LENO","2016-07-12T21:30Z","2016-07-14T14:21Z","LENO.2016.28.CULERR.F.T","LENO.2016.28.CULERR.F.T.30",40,
"ddca8680-5787-4a74-9aa3-86c5201e7349","LENO","D08","LENO","2016-07-12T21:30Z","2016-07-14T14:21Z","LENO.2016.28.CULERR.F.T","LENO.2016.28.CULERR.F.T.06",40,
"cdc57c81-f7a2-4287-a0cf-881399cfe31c","LENO","D08","LENO","2016-07-12T21:30Z","2016-07-14T14:21Z","LENO.2016.28.CULERR.F.T","LENO.2016.28.CULERR.F.T.43",40,
"ffebff34-a739-4b79-9aa2-f45836d6140b","LENO","D08","LENO","2016-07-12T21:30Z","2016-07-14T14:21Z","LENO.2016.28.CULERR.F.T","LENO.2016.28.CULERR.F.T.84",40,
"b1b20cf2-7943-44d4-bb98-7b2bf04d1c0d","LENO","D08","LENO","2016-07-12T21:30Z","2016-07-14T14:21Z","LENO.2016.28.CULERR.F.T","LENO.2016.28.CULERR.F.T.64",40,
"4aeb474c-ce19-4707-bb83-74bbafb27549","LENO","D08","LENO","2016-07-12T21:30Z","2016-07-14T14:21Z","LENO.2016.28.CULERR.F.T","LENO.2016.28.CULERR.F.T.66",40,
"735eb139-b310-4794-9ffb-b4acaffbd632","LENO","D08","LENO","2016-07-12T21:30Z","2016-07-14T14:21Z","LENO.2016.28.CULERR.F.T","LENO.2016.28.CULERR.F.T.86",40,
"976e095a-d723-4f27-a3dd-ad626e98ce0e","LENO","D08","LENO","2016-07-12T21:30Z","2016-07-14T14:21Z","LENO.2016.28.CULERR.F.T","LENO.2016.28.CULERR.F.T.88",40,
"c5663385-2916-453c-9da0-9f34882864f5","LENO","D08","LENO","2016-07-12T21:30Z","2016-07-14T14:21Z","LENO.2016.28.CULERR.F.T","LENO.2016.28.CULERR.F.T.48",40,
"eff97393-1a38-4e4d-a0de-b63d2cfe2444","LENO","D08","LENO","2016-07-12T21:30Z","2016-07-14T14:21Z","LENO.2016.28.CULERR.F.T","LENO.2016.28.CULERR.F.T.55",40,
"d46dbcba-d226-4641-9545-2f64ca9705a7","LENO","D08","LENO","2016-07-12T21:30Z","2016-07-14T14:21Z","LENO.2016.28.CULERR.F.T","LENO.2016.28.CULERR.F.T.67",40,
"0d946976-0e53-437e-a9c3-99d7d0784f37","LENO","D08","LENO","2016-07-12T21:30Z","2016-07-14T14:21Z","LENO.2016.28.CULERR.F.T","LENO.2016.28.CULERR.F.T.77",40,
"b9eab815-4ec2-4f41-9784-1c2e40adf4f4","LENO","D08","LENO","2016-07-12T21:30Z","2016-07-14T14:21Z","LENO.2016.28.CULERR.F.T","LENO.2016.28.CULERR.F.T.53",40,
"d231f91d-4bbe-4c2a-a85b-881db93f2c83","LENO","D08","LENO","2016-07-12T21:30Z","2016-07-14T14:21Z","LENO.2016.28.CULERR.F.T","LENO.2016.28.CULERR.F.T.50",40,
"42f7f4a5-41a4-48d5-b7fb-38e63a17390e","LENO","D08","LENO","2016-07-12T21:30Z","2016-07-14T14:21Z","LENO.2016.28.CULERR.F.T","LENO.2016.28.CULERR.F.T.74",40,
"c844aae8-1ef1-4da2-8999-7cf45df64481","LENO","D08","LENO","2016-07-12T21:30Z","2016-07-14T14:21Z","LENO.2016.28.CULERR.F.T","LENO.2016.28.CULERR.F.T.54",40,
"e35311c5-6bd4-45d4-9c30-b6141f9a8c5c","LENO","D08","LENO","2016-07-12T21:30Z","2016-07-14T14:21Z","LENO.2016.28.CULERR.F.T","LENO.2016.28.CULERR.F.T.78",40,
