uid,namedLocation,domainID,siteID,startCollectDate,endCollectDate,testingID,testingVialID,poolSize,dataQF
"1a725e20-270e-4e69-904a-8b29c1cfbfcd","SERC","D02","SERC","2016-10-24T19:06Z","2016-10-26T13:22Z","SERC.2016.43.AEDVEX.F.T","SERC.2016.43.AEDVEX.F.T.04",39,
"d6a03f6b-a8bd-428e-8f94-b27321a54ffe","SERC","D02","SERC","2016-10-24T19:06Z","2016-10-26T13:22Z","SERC.2016.43.AEDVEX.F.T","SERC.2016.43.AEDVEX.F.T.02",40,
"f93deb80-8839-49b0-9cc8-da71299ba79a","SERC","D02","SERC","2016-10-24T19:06Z","2016-10-26T13:22Z","SERC.2016.43.AEDVEX.F.T","SERC.2016.43.AEDVEX.F.T.05",39,
"cacb197a-eb07-42e1-8965-24f4f8cf40ff","SERC","D02","SERC","2016-10-24T19:06Z","2016-10-26T13:22Z","SERC.2016.43.AEDVEX.F.T","SERC.2016.43.AEDVEX.F.T.01",40,
"b5e9d232-1153-4788-bf1a-1b5988b01d7b","SERC","D02","SERC","2016-10-24T19:06Z","2016-10-26T13:22Z","SERC.2016.43.AEDVEX.F.T","SERC.2016.43.AEDVEX.F.T.03",40,
"ab2537c2-874e-41bb-81b1-95cb727cf594","SERC","D02","SERC","2016-10-24T19:21Z","2016-10-26T13:22Z","SERC.2016.43.CULRES.F.T","SERC.2016.43.CULRES.F.T.01",26,
