uid,namedLocation,domainID,siteID,startCollectDate,endCollectDate,testingID,testingVialID,poolSize,dataQF
"fdd2da70-9f00-4bce-a9e7-1dd01c1fce88","CLBJ","D11","CLBJ","2016-06-20T22:47Z","2016-06-22T13:40Z","CLBJ.2016.25.CULSAL.F.T","CLBJ.2016.25.CULSAL.F.T.02",23,
"4a3c8ba7-91b8-46d5-8ba2-0bafcfb37215","CLBJ","D11","CLBJ","2016-06-20T22:47Z","2016-06-22T13:40Z","CLBJ.2016.25.CULTAR.F.T","CLBJ.2016.25.CULTAR.F.T.02",25,
"5d92b018-eb8b-47e3-a670-38e04c572b2a","CLBJ","D11","CLBJ","2016-06-20T22:47Z","2016-06-22T13:40Z","CLBJ.2016.25.CULERR.F.T","CLBJ.2016.25.CULERR.F.T.07",39,
"b0cb9c6c-649e-4541-93f1-8dcbf7adc634","CLBJ","D11","CLBJ","2016-06-20T22:47Z","2016-06-22T13:40Z","CLBJ.2016.25.CULERR.F.T","CLBJ.2016.25.CULERR.F.T.06",39,
"8aa3847e-5d88-4970-8dc3-37a4e7f57544","CLBJ","D11","CLBJ","2016-06-20T22:47Z","2016-06-22T13:40Z","CLBJ.2016.25.CULERR.F.T","CLBJ.2016.25.CULERR.F.T.02",39,
"9234a6c9-7a66-4ccb-ab4c-3651d8f91db8","CLBJ","D11","CLBJ","2016-06-20T22:47Z","2016-06-22T13:40Z","CLBJ.2016.25.CULERR.F.T","CLBJ.2016.25.CULERR.F.T.11",39,
"06c2cfce-8d35-4a86-8338-6179fa797dce","CLBJ","D11","CLBJ","2016-06-20T22:47Z","2016-06-22T13:40Z","CLBJ.2016.25.CULERR.F.T","CLBJ.2016.25.CULERR.F.T.04",39,
"4b71d0b7-5d01-4ab6-911e-971ea89c7ce7","CLBJ","D11","CLBJ","2016-06-20T22:47Z","2016-06-22T13:40Z","CLBJ.2016.25.CULERR.F.T","CLBJ.2016.25.CULERR.F.T.05",39,
"2b6cb283-1e06-4fc9-ba63-10fa9cab1bf5","CLBJ","D11","CLBJ","2016-06-20T22:47Z","2016-06-22T13:40Z","CLBJ.2016.25.CULERR.F.T","CLBJ.2016.25.CULERR.F.T.01",40,
"11324956-a4dc-49db-807c-42b0159265d1","CLBJ","D11","CLBJ","2016-06-20T22:47Z","2016-06-22T13:40Z","CLBJ.2016.25.CULERR.F.T","CLBJ.2016.25.CULERR.F.T.03",39,
"6946dac7-4352-453d-b3c6-e8f0371ab5df","CLBJ","D11","CLBJ","2016-06-20T22:47Z","2016-06-22T13:40Z","CLBJ.2016.25.CULERR.F.T","CLBJ.2016.25.CULERR.F.T.10",39,
"f8d0e3aa-9d43-4da7-abcd-3fa889ffbbc5","CLBJ","D11","CLBJ","2016-06-20T22:47Z","2016-06-22T13:40Z","CLBJ.2016.25.CULERR.F.T","CLBJ.2016.25.CULERR.F.T.08",39,
"d86b206d-2c8f-49fc-8c92-cdb2cabd8685","CLBJ","D11","CLBJ","2016-06-20T22:47Z","2016-06-22T13:40Z","CLBJ.2016.25.CULERR.F.T","CLBJ.2016.25.CULERR.F.T.09",39,
"6ee74300-4f01-41ef-ba53-2ed7a3462787","CLBJ","D11","CLBJ","2016-06-20T22:47Z","2016-06-22T13:40Z","CLBJ.2016.25.AEDVEX.F.T","CLBJ.2016.25.AEDVEX.F.T.09",36,
"34094ae6-5a44-479a-a1fe-5de32c38adfc","CLBJ","D11","CLBJ","2016-06-20T22:47Z","2016-06-22T13:40Z","CLBJ.2016.25.AEDTRI.F.T","CLBJ.2016.25.AEDTRI.F.T.04",40,
"c5257707-e974-4b57-9ef7-38ded61b5262","CLBJ","D11","CLBJ","2016-06-20T22:47Z","2016-06-22T13:40Z","CLBJ.2016.25.AEDVEX.F.T","CLBJ.2016.25.AEDVEX.F.T.02",37,
"c1ca9213-7ec3-4742-8b67-fb658a4cc738","CLBJ","D11","CLBJ","2016-06-20T22:47Z","2016-06-22T13:40Z","CLBJ.2016.25.AEDTRI.F.T","CLBJ.2016.25.AEDTRI.F.T.03",40,
"6303e117-e2af-47c4-b3b7-9b06df1eb5e3","CLBJ","D11","CLBJ","2016-06-20T22:47Z","2016-06-22T13:40Z","CLBJ.2016.25.AEDTRI.F.T","CLBJ.2016.25.AEDTRI.F.T.17",39,
"9c83c761-cb9c-46f3-b854-c3b114877a1b","CLBJ","D11","CLBJ","2016-06-20T22:47Z","2016-06-22T13:40Z","CLBJ.2016.25.AEDTRI.F.T","CLBJ.2016.25.AEDTRI.F.T.09",39,
"7ec34f81-ac86-4019-aa13-b4f1be1260be","CLBJ","D11","CLBJ","2016-06-20T22:47Z","2016-06-22T13:40Z","CLBJ.2016.25.AEDTRI.F.T","CLBJ.2016.25.AEDTRI.F.T.07",40,
"5635a810-8d3e-45d0-a6c5-9f19df02221e","CLBJ","D11","CLBJ","2016-06-20T22:47Z","2016-06-22T13:40Z","CLBJ.2016.25.AEDVEX.F.T","CLBJ.2016.25.AEDVEX.F.T.07",37,
"574e1195-0bdf-4baf-bbb8-59802d985ae9","CLBJ","D11","CLBJ","2016-06-20T22:47Z","2016-06-22T13:40Z","CLBJ.2016.25.AEDVEX.F.T","CLBJ.2016.25.AEDVEX.F.T.03",37,
"dd94dd74-3348-4ab3-aded-d3e588b6f73b","CLBJ","D11","CLBJ","2016-06-20T22:47Z","2016-06-22T13:40Z","CLBJ.2016.25.AEDVEX.F.T","CLBJ.2016.25.AEDVEX.F.T.06",37,
"1d778fb4-03bf-4068-b058-43df07039650","CLBJ","D11","CLBJ","2016-06-20T22:47Z","2016-06-22T13:40Z","CLBJ.2016.25.AEDVEX.F.T","CLBJ.2016.25.AEDVEX.F.T.04",37,
"50a9cfcd-782e-4f88-ac74-ec9647dfeb26","CLBJ","D11","CLBJ","2016-06-20T22:47Z","2016-06-22T13:40Z","CLBJ.2016.25.AEDTRI.F.T","CLBJ.2016.25.AEDTRI.F.T.14",39,
"4e6560e2-65e7-44ca-998d-42296d8c3230","CLBJ","D11","CLBJ","2016-06-20T22:47Z","2016-06-22T13:40Z","CLBJ.2016.25.AEDTRI.F.T","CLBJ.2016.25.AEDTRI.F.T.18",39,
"6f0b4366-3393-485a-a3db-294ef88ea0a7","CLBJ","D11","CLBJ","2016-06-20T22:47Z","2016-06-22T13:40Z","CLBJ.2016.25.AEDTRI.F.T","CLBJ.2016.25.AEDTRI.F.T.06",40,
"51aa8249-9014-4b2b-aab5-0c3aec432599","CLBJ","D11","CLBJ","2016-06-20T22:47Z","2016-06-22T13:40Z","CLBJ.2016.25.AEDTRI.F.T","CLBJ.2016.25.AEDTRI.F.T.05",40,
"9002ff88-6345-48f5-8833-ec7de08732e8","CLBJ","D11","CLBJ","2016-06-20T22:47Z","2016-06-22T13:40Z","CLBJ.2016.25.AEDVEX.F.T","CLBJ.2016.25.AEDVEX.F.T.08",36,
"587ac470-7587-4f85-8efa-7cb64804cce7","CLBJ","D11","CLBJ","2016-06-20T22:47Z","2016-06-22T13:40Z","CLBJ.2016.25.AEDTRI.F.T","CLBJ.2016.25.AEDTRI.F.T.11",39,
"8d11d4ec-bf65-46b0-b3ec-a13616c72443","CLBJ","D11","CLBJ","2016-06-20T22:47Z","2016-06-22T13:40Z","CLBJ.2016.25.AEDTRI.F.T","CLBJ.2016.25.AEDTRI.F.T.15",39,
"34a800f7-ec5c-4eb5-ba74-4f4247610f37","CLBJ","D11","CLBJ","2016-06-20T22:47Z","2016-06-22T13:40Z","CLBJ.2016.25.AEDTRI.F.T","CLBJ.2016.25.AEDTRI.F.T.19",39,
"36bd4da9-c6d7-4d81-9219-52317a4335ac","CLBJ","D11","CLBJ","2016-06-20T22:47Z","2016-06-22T13:40Z","CLBJ.2016.25.AEDVEX.F.T","CLBJ.2016.25.AEDVEX.F.T.01",37,
"904e375a-0bb5-4c2e-b843-c3085f366f22","CLBJ","D11","CLBJ","2016-06-20T22:47Z","2016-06-22T13:40Z","CLBJ.2016.25.AEDTRI.F.T","CLBJ.2016.25.AEDTRI.F.T.10",39,
"dac29661-1ef3-42ab-8d13-16ec06da4d06","CLBJ","D11","CLBJ","2016-06-20T22:47Z","2016-06-22T13:40Z","CLBJ.2016.25.AEDTRI.F.T","CLBJ.2016.25.AEDTRI.F.T.02",40,
"f60f73af-b56d-495a-80e2-436ce9ba8aba","CLBJ","D11","CLBJ","2016-06-20T22:47Z","2016-06-22T13:40Z","CLBJ.2016.25.AEDTRI.F.T","CLBJ.2016.25.AEDTRI.F.T.08",39,
"076b15ef-5a9e-465b-ad67-1b1fff815770","CLBJ","D11","CLBJ","2016-06-20T22:47Z","2016-06-22T13:40Z","CLBJ.2016.25.AEDTRI.F.T","CLBJ.2016.25.AEDTRI.F.T.01",40,
"406a91ee-cbee-4946-a189-0ab016504976","CLBJ","D11","CLBJ","2016-06-20T22:47Z","2016-06-22T13:40Z","CLBJ.2016.25.AEDTRI.F.T","CLBJ.2016.25.AEDTRI.F.T.12",39,
"05a0df78-b182-4078-9f7a-41bd4ee2b94f","CLBJ","D11","CLBJ","2016-06-20T22:47Z","2016-06-22T13:40Z","CLBJ.2016.25.AEDTRI.F.T","CLBJ.2016.25.AEDTRI.F.T.16",39,
"6d2ab02e-1b11-4e9b-9754-b7a468be9944","CLBJ","D11","CLBJ","2016-06-20T22:47Z","2016-06-22T13:40Z","CLBJ.2016.25.AEDTRI.F.T","CLBJ.2016.25.AEDTRI.F.T.21",39,
"287689b3-1633-4a8d-b23a-223354a89ab1","CLBJ","D11","CLBJ","2016-06-20T22:47Z","2016-06-22T13:40Z","CLBJ.2016.25.AEDVEX.F.T","CLBJ.2016.25.AEDVEX.F.T.05",37,
"75cbe357-db0c-4e5c-a2ac-ca1c56fdc331","CLBJ","D11","CLBJ","2016-06-20T22:47Z","2016-06-22T13:40Z","CLBJ.2016.25.AEDTRI.F.T","CLBJ.2016.25.AEDTRI.F.T.13",39,
"67f23eb6-5e73-4903-81dd-ce997c0d943e","CLBJ","D11","CLBJ","2016-06-20T22:47Z","2016-06-22T13:40Z","CLBJ.2016.25.AEDTRI.F.T","CLBJ.2016.25.AEDTRI.F.T.20",39,
"3483c612-0205-4cd0-b7a7-afc4b89e5484","CLBJ","D11","CLBJ","2016-06-20T22:47Z","2016-06-22T13:40Z","CLBJ.2016.25.CULTAR.F.T","CLBJ.2016.25.CULTAR.F.T.01",25,
"125dc044-c4ef-43d6-b2af-de6244f48f43","CLBJ","D11","CLBJ","2016-06-20T22:47Z","2016-06-22T13:40Z","CLBJ.2016.25.CULSAL.F.T","CLBJ.2016.25.CULSAL.F.T.01",23,
