uid,namedLocation,domainID,siteID,startCollectDate,endCollectDate,testingID,testingVialID,poolSize,dataQF
"589074fd-e7a0-49bc-9e4b-41115fe38f9c","TALL","D08","TALL","2014-06-30T21:25Z","2014-07-02T13:46Z","TALL.2014.26.AEDCAN2.F.T","TALL.2014.26.AEDCAN2.F.T.01",20,
"d2afe28d-0fe8-4e7b-9980-04b171933eb3","TALL","D08","TALL","2014-06-30T21:25Z","2014-07-02T13:46Z","TALL.2014.26.AEDCAN2.F.T","TALL.2014.26.AEDCAN2.F.T.02",20,
"af1d7373-900e-4355-9bbf-3fbb6de8c9b2","TALL","D08","TALL","2014-06-30T21:53Z","2014-07-02T14:11Z","TALL.2014.26.COQPER.F.T","TALL.2014.26.COQPER.F.T.01",30,
"b97169a6-fd69-41ab-a58a-acc79331013d","TALL","D08","TALL","2014-06-30T21:53Z","2014-07-02T14:11Z","TALL.2014.26.COQPER.F.T","TALL.2014.26.COQPER.F.T.02",30,
"225823c5-c143-4a3f-b023-fd46425529af","TALL","D08","TALL","2014-06-30T21:53Z","2014-07-02T14:11Z","TALL.2014.26.COQPER.F.T","TALL.2014.26.COQPER.F.T.03",30,
"f607dfad-342d-4f60-a02b-c91dd53742f2","TALL","D08","TALL","2014-07-15T21:38Z","2014-07-17T14:17Z","TALL.2014.28.COQPER.F.T","TALL.2014.28.COQPER.F.T.01",20,
