uid,namedLocation,domainID,siteID,nlcdClass,decimalLatitude,decimalLongitude,geodeticDatum,coordinateUncertainty,elevation,elevationUncertainty,startCollectDate,endCollectDate,receivedDate,testedDate,testingVialID,deprecatedVialID,sampleCondition,testProtocolVersion,testMethod,testResult,testPathogenName,testNumber,finalResult,locus,percentIdentity,sequenceDatabase,sequenceDatabaseID,extractDepleted,remarks,testedBy,laboratoryName
"33d62654-86bc-49a2-90d7-705cc9e968bb","TALL","D08","TALL",,32.950470,-87.393259,"WGS84",,166.9,,"2014-06-30T21:25Z","2014-07-02T13:46Z","2014-10-28T12:00Z","2014-11-04T12:00Z","TALL.2014.26.AEDCAN2.F.T.02","TALL.2014.5.Aedes canadensis.Female.T2","No known compromise","CAES_Pathogen_testing_SOP_2014-05-06","Culture","Negative","UNKV",1,"Y",,,,,"Y",,"r4iH4e2lsYW4kI6RhiJwwMegvyzkVSXT","Connecticut Agricultural Experiment Station"
"56de49c1-3dbe-4f3d-a23f-192e4be70bfb","TALL","D08","TALL",,32.950470,-87.393259,"WGS84",,166.9,,"2014-06-30T21:25Z","2014-07-02T13:46Z","2014-10-28T12:00Z","2014-11-04T12:00Z","TALL.2014.26.AEDCAN2.F.T.01","TALL.2014.5.Aedes canadensis.Female.T1","No known compromise","CAES_Pathogen_testing_SOP_2014-05-06","Culture","Negative","UNKV",1,"Y",,,,,"Y",,"r4iH4e2lsYW4kI6RhiJwwMegvyzkVSXT","Connecticut Agricultural Experiment Station"
"2dd2b712-fc34-46dd-8ab4-a38b52ac4152","TALL","D08","TALL",,32.950470,-87.393259,"WGS84",,166.9,,"2014-06-30T21:53Z","2014-07-02T14:11Z","2014-10-28T12:00Z","2014-11-04T12:00Z","TALL.2014.26.COQPER.F.T.03","TALL.2014.5.Coquillettidia perturbans.Female.T3","No known compromise","CAES_Pathogen_testing_SOP_2014-05-06","Culture","Negative","UNKV",1,"Y",,,,,"Y",,"r4iH4e2lsYW4kI6RhiJwwMegvyzkVSXT","Connecticut Agricultural Experiment Station"
"9867ea0a-5e4c-4765-985e-240719e13755","TALL","D08","TALL",,32.950470,-87.393259,"WGS84",,166.9,,"2014-06-30T21:53Z","2014-07-02T14:11Z","2014-10-28T12:00Z","2014-11-04T12:00Z","TALL.2014.26.COQPER.F.T.02","TALL.2014.5.Coquillettidia perturbans.Female.T2","No known compromise","CAES_Pathogen_testing_SOP_2014-05-06","Culture","Negative","UNKV",1,"Y",,,,,"Y",,"r4iH4e2lsYW4kI6RhiJwwMegvyzkVSXT","Connecticut Agricultural Experiment Station"
"f3636617-7517-4620-8a09-8b6f45822f47","TALL","D08","TALL",,32.950470,-87.393259,"WGS84",,166.9,,"2014-06-30T21:53Z","2014-07-02T14:11Z","2014-10-28T12:00Z","2014-11-04T12:00Z","TALL.2014.26.COQPER.F.T.01","TALL.2014.5.Coquillettidia perturbans.Female.T1","No known compromise","CAES_Pathogen_testing_SOP_2014-05-06","Culture","Negative","UNKV",1,"Y",,,,,"Y",,"r4iH4e2lsYW4kI6RhiJwwMegvyzkVSXT","Connecticut Agricultural Experiment Station"
"207d0ab3-2156-4c1a-9099-931fb8e42fc0","TALL","D08","TALL",,32.950470,-87.393259,"WGS84",,166.9,,"2014-07-15T21:38Z","2014-07-17T14:17Z","2014-10-28T12:00Z","2014-11-04T12:00Z","TALL.2014.28.COQPER.F.T.01","TALL.2014.6.Coquillettidia perturbans.Female.T1","No known compromise","CAES_Pathogen_testing_SOP_2014-05-06","Culture","Negative","UNKV",1,"Y",,,,,"Y",,"r4iH4e2lsYW4kI6RhiJwwMegvyzkVSXT","Connecticut Agricultural Experiment Station"
