uid,namedLocation,domainID,siteID,startCollectDate,endCollectDate,testingID,testingVialID,poolSize,dataQF
"130fa967-9c0c-4b36-93ef-fdbb8f322baf","TREE","D05","TREE","2016-07-20T23:23Z","2016-07-22T12:50Z","TREE.2016.29.AEDVEX.F.T","TREE.2016.29.AEDVEX.F.T.01",39,
"1ccc92a5-a293-4b29-855d-f7415ee09d63","TREE","D05","TREE","2016-07-20T23:23Z","2016-07-22T12:50Z","TREE.2016.29.AEDEXC.F.T","TREE.2016.29.AEDEXC.F.T.02",37,
"01315cb0-3997-4f67-a17e-435ffa9a3fb9","TREE","D05","TREE","2016-07-20T23:23Z","2016-07-22T12:50Z","TREE.2016.29.AEDEXC.F.T","TREE.2016.29.AEDEXC.F.T.01",37,
"275c2e2c-e896-498c-a444-33fa565fedc2","TREE","D05","TREE","2016-07-20T23:23Z","2016-07-22T12:50Z","TREE.2016.29.AEDCIN.F.T","TREE.2016.29.AEDCIN.F.T.03",31,
"b5db8cd6-de34-4242-9bec-7f31652c2dab","TREE","D05","TREE","2016-07-20T23:23Z","2016-07-22T12:50Z","TREE.2016.29.AEDCIN.F.T","TREE.2016.29.AEDCIN.F.T.01",32,
"6fd4d368-9cc6-41e2-85e0-d17638b2bf90","TREE","D05","TREE","2016-07-20T23:23Z","2016-07-22T12:50Z","TREE.2016.29.AEDCIN.F.T","TREE.2016.29.AEDCIN.F.T.02",32,
"7043859d-3685-427c-92df-537df28457ea","TREE","D05","TREE","2016-07-20T23:23Z","2016-07-22T12:50Z","TREE.2016.29.AEDCAN2.F.T","TREE.2016.29.AEDCAN2.F.T.08",40,
"ec57ab90-7adf-4af5-a8f7-1434cb2a1ef4","TREE","D05","TREE","2016-07-20T23:23Z","2016-07-22T12:50Z","TREE.2016.29.AEDCAN2.F.T","TREE.2016.29.AEDCAN2.F.T.02",40,
"5cb9ebef-0624-4afb-9eb3-5b6ab460ada0","TREE","D05","TREE","2016-07-20T23:23Z","2016-07-22T12:50Z","TREE.2016.29.AEDCAN2.F.T","TREE.2016.29.AEDCAN2.F.T.06",40,
"8d321d82-5329-4b27-8243-790a8ed790b3","TREE","D05","TREE","2016-07-20T23:23Z","2016-07-22T12:50Z","TREE.2016.29.AEDCAN2.F.T","TREE.2016.29.AEDCAN2.F.T.04",40,
"f9119170-12f1-4951-a6b5-605093a112b4","TREE","D05","TREE","2016-07-20T23:23Z","2016-07-22T12:50Z","TREE.2016.29.AEDCAN2.F.T","TREE.2016.29.AEDCAN2.F.T.14",40,
"c878ea31-d8bf-4c47-8a33-a09464cb7ee0","TREE","D05","TREE","2016-07-20T23:23Z","2016-07-22T12:50Z","TREE.2016.29.AEDCAN2.F.T","TREE.2016.29.AEDCAN2.F.T.09",40,
"087fa410-a77b-4c6a-9dbc-9861ff0f3de1","TREE","D05","TREE","2016-07-20T23:23Z","2016-07-22T12:50Z","TREE.2016.29.AEDCAN2.F.T","TREE.2016.29.AEDCAN2.F.T.17",40,
"ff79fba6-851f-4590-bb1d-b78909d8acf0","TREE","D05","TREE","2016-07-20T23:23Z","2016-07-22T12:50Z","TREE.2016.29.AEDCAN2.F.T","TREE.2016.29.AEDCAN2.F.T.15",40,
"7dfcca17-8ccb-4d84-8131-f4074fd8d687","TREE","D05","TREE","2016-07-20T23:23Z","2016-07-22T12:50Z","TREE.2016.29.AEDCAN2.F.T","TREE.2016.29.AEDCAN2.F.T.05",40,
"1f192f05-affc-4f93-9fce-3fd003fe8b14","TREE","D05","TREE","2016-07-20T23:23Z","2016-07-22T12:50Z","TREE.2016.29.AEDCAN2.F.T","TREE.2016.29.AEDCAN2.F.T.21",40,
"191d4356-7eb3-44d6-91cd-d7a389355e03","TREE","D05","TREE","2016-07-20T23:23Z","2016-07-22T12:50Z","TREE.2016.29.AEDCAN2.F.T","TREE.2016.29.AEDCAN2.F.T.10",40,
"f24a0b24-3481-455e-8834-3c7d8f00033f","TREE","D05","TREE","2016-07-20T23:23Z","2016-07-22T12:50Z","TREE.2016.29.AEDCAN2.F.T","TREE.2016.29.AEDCAN2.F.T.12",40,
"892c25bf-831f-4068-b2ff-ebb8d50b12f3","TREE","D05","TREE","2016-07-20T23:23Z","2016-07-22T12:50Z","TREE.2016.29.AEDCAN2.F.T","TREE.2016.29.AEDCAN2.F.T.11",40,
"48d8c46a-fea5-4664-9ccf-223b0a2f1b70","TREE","D05","TREE","2016-07-20T23:23Z","2016-07-22T12:50Z","TREE.2016.29.AEDCAN2.F.T","TREE.2016.29.AEDCAN2.F.T.16",40,
"9e9612df-1b93-4689-9de0-c298ec43dc30","TREE","D05","TREE","2016-07-20T23:23Z","2016-07-22T12:50Z","TREE.2016.29.AEDCAN2.F.T","TREE.2016.29.AEDCAN2.F.T.18",40,
"f345f6e0-b159-43d9-b182-a09dbfc1f316","TREE","D05","TREE","2016-07-20T23:23Z","2016-07-22T12:50Z","TREE.2016.29.AEDCAN2.F.T","TREE.2016.29.AEDCAN2.F.T.25",39,
"5cdcdaab-2e1a-4e6a-8c03-e9c72cd8a8ec","TREE","D05","TREE","2016-07-20T23:23Z","2016-07-22T12:50Z","TREE.2016.29.AEDCAN2.F.T","TREE.2016.29.AEDCAN2.F.T.27",39,
"6c9a61bb-050a-455a-82bf-ceb3e14ba2e6","TREE","D05","TREE","2016-07-20T23:23Z","2016-07-22T12:50Z","TREE.2016.29.AEDCAN2.F.T","TREE.2016.29.AEDCAN2.F.T.23",39,
"754a3940-459f-4927-ae58-5c2e1118491d","TREE","D05","TREE","2016-07-20T23:23Z","2016-07-22T12:50Z","TREE.2016.29.AEDCAN2.F.T","TREE.2016.29.AEDCAN2.F.T.13",40,
"5d31f0b9-a491-42a3-851b-6f31350f1632","TREE","D05","TREE","2016-07-20T23:23Z","2016-07-22T12:50Z","TREE.2016.29.AEDCAN2.F.T","TREE.2016.29.AEDCAN2.F.T.22",40,
"399d7c76-2578-4c95-a9ae-8f4aadf5a16d","TREE","D05","TREE","2016-07-20T23:23Z","2016-07-22T12:50Z","TREE.2016.29.AEDCAN2.F.T","TREE.2016.29.AEDCAN2.F.T.07",40,
"4223f408-ec21-40f4-a1a7-6174201d95ec","TREE","D05","TREE","2016-07-20T23:23Z","2016-07-22T12:50Z","TREE.2016.29.AEDCAN2.F.T","TREE.2016.29.AEDCAN2.F.T.26",39,
"dc005b48-d9b0-4026-a71d-f29d93a41f27","TREE","D05","TREE","2016-07-20T23:23Z","2016-07-22T12:50Z","TREE.2016.29.AEDCAN2.F.T","TREE.2016.29.AEDCAN2.F.T.19",40,
"530112b6-06b9-4d69-b575-557383042e0b","TREE","D05","TREE","2016-07-20T23:23Z","2016-07-22T12:50Z","TREE.2016.29.AEDCAN2.F.T","TREE.2016.29.AEDCAN2.F.T.03",40,
"562486ee-de4e-482d-a1dc-fefcaa2024f9","TREE","D05","TREE","2016-07-20T23:23Z","2016-07-22T12:50Z","TREE.2016.29.AEDCAN2.F.T","TREE.2016.29.AEDCAN2.F.T.01",40,
"ececd194-1914-41c9-9d42-ad3c411dbdf1","TREE","D05","TREE","2016-07-20T23:23Z","2016-07-22T12:50Z","TREE.2016.29.AEDCAN2.F.T","TREE.2016.29.AEDCAN2.F.T.28",39,
"6facdaec-b6b4-42c7-a601-12df941d5cd7","TREE","D05","TREE","2016-07-20T23:23Z","2016-07-22T12:50Z","TREE.2016.29.AEDCAN2.F.T","TREE.2016.29.AEDCAN2.F.T.24",39,
"971d684c-d6e2-40f6-96b3-f47abc91635e","TREE","D05","TREE","2016-07-20T23:23Z","2016-07-22T12:50Z","TREE.2016.29.AEDCAN2.F.T","TREE.2016.29.AEDCAN2.F.T.20",40,
"c39af65d-f617-4b16-a33f-d1f4b4211546","TREE","D05","TREE","2016-07-20T23:36Z","2016-07-22T12:16Z","TREE.2016.29.AEDPUN.F.T","TREE.2016.29.AEDPUN.F.T.01",18,
