uid,namedLocation,domainID,siteID,startCollectDate,endCollectDate,testingID,testingVialID,poolSize,dataQF
"dc37ce98-9146-4a18-8587-ce98fb48cd0f","STER","D10","STER","2016-08-16T23:38Z","2016-08-18T13:26Z","STER.2016.33.AEDVEX.F.T","STER.2016.33.AEDVEX.F.T.01",20,
"65952935-57a7-4999-97af-eef50e7009c6","STER","D10","STER","2016-08-16T23:38Z","2016-08-18T14:14Z","STER.2016.33.CULTAR.F.T","STER.2016.33.CULTAR.F.T.05",34,
"4e27589f-0d4a-4804-b2e7-3f6e9816118c","STER","D10","STER","2016-08-16T23:38Z","2016-08-18T14:14Z","STER.2016.33.CULTAR.F.T","STER.2016.33.CULTAR.F.T.03",35,
"905a7415-0788-47b3-85b8-f118235205a5","STER","D10","STER","2016-08-16T23:38Z","2016-08-18T14:14Z","STER.2016.33.CULTAR.F.T","STER.2016.33.CULTAR.F.T.02",35,
"6dde2ef1-e984-457c-9bdf-1fc517074072","STER","D10","STER","2016-08-16T23:38Z","2016-08-18T14:14Z","STER.2016.33.CULTAR.F.T","STER.2016.33.CULTAR.F.T.04",35,
"ad085af7-48d1-448f-9bec-3de9ddda32d9","STER","D10","STER","2016-08-16T23:38Z","2016-08-18T14:14Z","STER.2016.33.AEDDOR.F.T","STER.2016.33.AEDDOR.F.T.01",29,
"f7a28ec0-11e9-4e67-8ae8-0b8576cd342e","STER","D10","STER","2016-08-16T23:38Z","2016-08-18T14:14Z","STER.2016.33.CULTAR.F.T","STER.2016.33.CULTAR.F.T.01",35,
