uid,namedLocation,domainID,siteID,startCollectDate,endCollectDate,testingID,testingVialID,poolSize,dataQF
"2fda4be4-fc01-4636-b9fa-d7b760de24e5","OSBS","D03","OSBS","2014-10-06T19:18Z","2014-10-08T15:25Z","OSBS.2014.40.CULNIG.F.T","OSBS.2014.40.CULNIG.F.T.01",48,
"8685aa0f-8d94-4eaf-a617-d62562d58745","OSBS","D03","OSBS","2014-10-06T19:18Z","2014-10-08T15:25Z","OSBS.2014.40.CULNIG.F.T","OSBS.2014.40.CULNIG.F.T.07",48,
"caaf498d-e5f3-45d9-89c7-1dea8d8d6166","OSBS","D03","OSBS","2014-10-06T19:18Z","2014-10-08T15:25Z","OSBS.2014.40.CULNIG.F.T","OSBS.2014.40.CULNIG.F.T.12",47,
"74f448f1-eb9d-4647-8572-4d5d561e1ca6","OSBS","D03","OSBS","2014-10-06T19:18Z","2014-10-08T15:25Z","OSBS.2014.40.CULNIG.F.T","OSBS.2014.40.CULNIG.F.T.09",47,
"501d5b43-3e43-4ea1-9eb8-60815d35babf","OSBS","D03","OSBS","2014-10-06T19:18Z","2014-10-08T15:25Z","OSBS.2014.40.CULNIG.F.T","OSBS.2014.40.CULNIG.F.T.02",48,
"f7811f78-388c-4e71-9d96-58337dd82422","OSBS","D03","OSBS","2014-10-06T19:18Z","2014-10-08T15:25Z","OSBS.2014.40.CULNIG.F.T","OSBS.2014.40.CULNIG.F.T.03",48,
"d1b60321-fe75-4fb4-b411-6f555fda5a21","OSBS","D03","OSBS","2014-10-06T19:18Z","2014-10-08T15:25Z","OSBS.2014.40.CULNIG.F.T","OSBS.2014.40.CULNIG.F.T.10",47,
"ccd1d439-a383-470a-8d45-2c4156103944","OSBS","D03","OSBS","2014-10-06T19:18Z","2014-10-08T15:25Z","OSBS.2014.40.CULNIG.F.T","OSBS.2014.40.CULNIG.F.T.05",48,
"bc83b550-265b-4db3-a840-1671661b5fd6","OSBS","D03","OSBS","2014-10-06T19:18Z","2014-10-08T15:25Z","OSBS.2014.40.CULNIG.F.T","OSBS.2014.40.CULNIG.F.T.04",48,
"2397ef7f-d00e-4afd-bc41-c64cbcad3357","OSBS","D03","OSBS","2014-10-06T19:18Z","2014-10-08T15:25Z","OSBS.2014.40.CULNIG.F.T","OSBS.2014.40.CULNIG.F.T.08",48,
"ec171fe3-b3ef-44f3-bceb-daa4ec15fe25","OSBS","D03","OSBS","2014-10-06T19:18Z","2014-10-08T15:25Z","OSBS.2014.40.CULERR.F.T","OSBS.2014.40.CULERR.F.T.27",50,
"8e430315-de42-4313-ad7c-1acd048385e9","OSBS","D03","OSBS","2014-10-06T19:18Z","2014-10-08T15:25Z","OSBS.2014.40.CULERR.F.T","OSBS.2014.40.CULERR.F.T.12",50,
"25d8a057-c917-4656-a8fe-f4e3f3ddd3f9","OSBS","D03","OSBS","2014-10-06T19:18Z","2014-10-08T15:25Z","OSBS.2014.40.CULERR.F.T","OSBS.2014.40.CULERR.F.T.43",50,
"d12e2378-cc01-4dd2-b97e-c22ebd8c2e32","OSBS","D03","OSBS","2014-10-06T19:18Z","2014-10-08T15:25Z","OSBS.2014.40.CULERR.F.T","OSBS.2014.40.CULERR.F.T.32",50,
"c2d87c3e-55d5-44d2-b58c-988830aac72c","OSBS","D03","OSBS","2014-10-06T19:18Z","2014-10-08T15:25Z","OSBS.2014.40.CULERR.F.T","OSBS.2014.40.CULERR.F.T.47",50,
"873513bf-a76a-4ee9-adef-082737835de3","OSBS","D03","OSBS","2014-10-06T19:18Z","2014-10-08T15:25Z","OSBS.2014.40.CULERR.F.T","OSBS.2014.40.CULERR.F.T.42",50,
"9e569ccf-a4ec-44ca-929d-b1a69fa71a30","OSBS","D03","OSBS","2014-10-06T19:18Z","2014-10-08T15:25Z","OSBS.2014.40.CULERR.F.T","OSBS.2014.40.CULERR.F.T.25",50,
"3048d68b-178b-4fb1-8cbe-48616342a934","OSBS","D03","OSBS","2014-10-06T19:18Z","2014-10-08T15:25Z","OSBS.2014.40.CULERR.F.T","OSBS.2014.40.CULERR.F.T.21",50,
"1070346d-b6f0-433d-a40a-c95bc7853c7b","OSBS","D03","OSBS","2014-10-06T19:18Z","2014-10-08T15:25Z","OSBS.2014.40.CULERR.F.T","OSBS.2014.40.CULERR.F.T.55",50,
"7e29c92e-607c-4e1b-8773-44d6a6b2833e","OSBS","D03","OSBS","2014-10-06T19:18Z","2014-10-08T15:25Z","OSBS.2014.40.CULERR.F.T","OSBS.2014.40.CULERR.F.T.29",50,
"7666463f-c561-43e2-9cb7-c5faf4d05fae","OSBS","D03","OSBS","2014-10-06T19:18Z","2014-10-08T15:25Z","OSBS.2014.40.CULERR.F.T","OSBS.2014.40.CULERR.F.T.46",50,
"ec91b8fe-26af-41be-8a70-caa123244191","OSBS","D03","OSBS","2014-10-06T19:18Z","2014-10-08T15:25Z","OSBS.2014.40.CULERR.F.T","OSBS.2014.40.CULERR.F.T.31",50,
"cb870308-f51c-4034-af70-3016a0a8b5c4","OSBS","D03","OSBS","2014-10-06T19:18Z","2014-10-08T15:25Z","OSBS.2014.40.CULERR.F.T","OSBS.2014.40.CULERR.F.T.54",50,
"8b19f465-d855-44d9-bc73-4b631ff258d1","OSBS","D03","OSBS","2014-10-06T19:18Z","2014-10-08T15:25Z","OSBS.2014.40.CULERR.F.T","OSBS.2014.40.CULERR.F.T.40",50,
"52e9e937-95eb-4e59-b081-dd8f5bb058e4","OSBS","D03","OSBS","2014-10-06T19:18Z","2014-10-08T15:25Z","OSBS.2014.40.CULERR.F.T","OSBS.2014.40.CULERR.F.T.20",50,
"f9b42f87-4d5d-4e16-9f32-5548956b305c","OSBS","D03","OSBS","2014-10-06T19:18Z","2014-10-08T15:25Z","OSBS.2014.40.CULERR.F.T","OSBS.2014.40.CULERR.F.T.08",50,
"bd2eaef6-08f6-49b6-84f3-1ef698b0984d","OSBS","D03","OSBS","2014-10-06T19:18Z","2014-10-08T15:25Z","OSBS.2014.40.CULERR.F.T","OSBS.2014.40.CULERR.F.T.19",50,
"ced5a1f3-b5ed-47a3-873e-bb9d6607ae8e","OSBS","D03","OSBS","2014-10-06T19:18Z","2014-10-08T15:25Z","OSBS.2014.40.CULERR.F.T","OSBS.2014.40.CULERR.F.T.26",50,
"7514f2cb-eb29-426f-a755-48d4d5c887ab","OSBS","D03","OSBS","2014-10-06T19:18Z","2014-10-08T15:25Z","OSBS.2014.40.CULERR.F.T","OSBS.2014.40.CULERR.F.T.23",50,
"51cead3d-c358-4b15-bc84-18dcb9fe7334","OSBS","D03","OSBS","2014-10-06T19:18Z","2014-10-08T15:25Z","OSBS.2014.40.CULERR.F.T","OSBS.2014.40.CULERR.F.T.52",50,
"11979c72-84d3-4372-86bd-bcf80da69e87","OSBS","D03","OSBS","2014-10-06T19:18Z","2014-10-08T15:25Z","OSBS.2014.40.CULERR.F.T","OSBS.2014.40.CULERR.F.T.17",50,
"95c4b1a2-9b5a-44e0-b54a-fafe82cbd664","OSBS","D03","OSBS","2014-10-06T19:18Z","2014-10-08T15:25Z","OSBS.2014.40.CULERR.F.T","OSBS.2014.40.CULERR.F.T.11",50,
"845709ef-d8fc-4921-bed9-c4aa11ac1a99","OSBS","D03","OSBS","2014-10-06T19:18Z","2014-10-08T15:25Z","OSBS.2014.40.CULERR.F.T","OSBS.2014.40.CULERR.F.T.09",50,
"7ac2692a-6543-4905-bdfb-0b5472ce9ae7","OSBS","D03","OSBS","2014-10-06T19:18Z","2014-10-08T15:25Z","OSBS.2014.40.CULERR.F.T","OSBS.2014.40.CULERR.F.T.24",50,
"e4f240cf-c09c-429f-bcac-22c22a26cef9","OSBS","D03","OSBS","2014-10-06T19:18Z","2014-10-08T15:25Z","OSBS.2014.40.CULERR.F.T","OSBS.2014.40.CULERR.F.T.41",50,
"47ccf75a-30b2-41ce-b459-fba79630e150","OSBS","D03","OSBS","2014-10-06T19:18Z","2014-10-08T15:25Z","OSBS.2014.40.CULERR.F.T","OSBS.2014.40.CULERR.F.T.14",50,
"2c4d29db-6114-424b-b4ad-bf427bfb43c6","OSBS","D03","OSBS","2014-10-06T19:18Z","2014-10-08T15:25Z","OSBS.2014.40.CULERR.F.T","OSBS.2014.40.CULERR.F.T.13",50,
"c54aac20-4c22-482f-8002-d041e1bc794b","OSBS","D03","OSBS","2014-10-06T19:18Z","2014-10-08T15:25Z","OSBS.2014.40.CULERR.F.T","OSBS.2014.40.CULERR.F.T.36",50,
"6ef9b28f-b9d6-4d59-b0be-476900a5ba73","OSBS","D03","OSBS","2014-10-06T19:18Z","2014-10-08T15:25Z","OSBS.2014.40.CULERR.F.T","OSBS.2014.40.CULERR.F.T.53",50,
"21b63e18-8999-48d1-81be-10c99b845f00","OSBS","D03","OSBS","2014-10-06T19:18Z","2014-10-08T15:25Z","OSBS.2014.40.CULERR.F.T","OSBS.2014.40.CULERR.F.T.44",50,
"e41c789f-3851-41c6-bfe8-fbf07c2d3c6a","OSBS","D03","OSBS","2014-10-06T19:18Z","2014-10-08T15:25Z","OSBS.2014.40.CULERR.F.T","OSBS.2014.40.CULERR.F.T.10",50,
"fbebf781-7c9c-418f-9f66-8e770b3ebf0e","OSBS","D03","OSBS","2014-10-06T19:18Z","2014-10-08T15:25Z","OSBS.2014.40.CULERR.F.T","OSBS.2014.40.CULERR.F.T.37",50,
"0e9fad5f-59e6-4f10-9fb0-4fb554d1c471","OSBS","D03","OSBS","2014-10-06T19:18Z","2014-10-08T15:25Z","OSBS.2014.40.CULERR.F.T","OSBS.2014.40.CULERR.F.T.35",50,
"86ae0e2e-215f-4eb4-ba30-cfbdf641c577","OSBS","D03","OSBS","2014-10-06T19:18Z","2014-10-08T15:25Z","OSBS.2014.40.CULERR.F.T","OSBS.2014.40.CULERR.F.T.22",50,
"091c6498-e4d8-416b-ade8-2e2eca0f9c4c","OSBS","D03","OSBS","2014-10-06T19:18Z","2014-10-08T15:25Z","OSBS.2014.40.CULERR.F.T","OSBS.2014.40.CULERR.F.T.33",50,
"119c5fd0-d272-4a3b-9166-8f5a790c8718","OSBS","D03","OSBS","2014-10-06T19:18Z","2014-10-08T15:25Z","OSBS.2014.40.CULERR.F.T","OSBS.2014.40.CULERR.F.T.34",50,
"4edff747-6256-4f20-a472-77b36c4c3241","OSBS","D03","OSBS","2014-10-06T19:18Z","2014-10-08T15:25Z","OSBS.2014.40.CULERR.F.T","OSBS.2014.40.CULERR.F.T.48",50,
"a1b73d27-8297-4bc3-9059-185cb3f25035","OSBS","D03","OSBS","2014-10-06T19:18Z","2014-10-08T15:25Z","OSBS.2014.40.CULERR.F.T","OSBS.2014.40.CULERR.F.T.30",50,
"55cde2de-0443-4d8d-aabb-5a285ad7907f","OSBS","D03","OSBS","2014-10-06T19:18Z","2014-10-08T15:25Z","OSBS.2014.40.CULERR.F.T","OSBS.2014.40.CULERR.F.T.49",50,
"9dc59ba7-29fd-4de5-8a89-75d9549ab2e1","OSBS","D03","OSBS","2014-10-06T19:18Z","2014-10-08T15:25Z","OSBS.2014.40.CULERR.F.T","OSBS.2014.40.CULERR.F.T.45",50,
"eb14898a-78c7-4901-9150-395e6d27c286","OSBS","D03","OSBS","2014-10-06T19:18Z","2014-10-08T15:25Z","OSBS.2014.40.CULERR.F.T","OSBS.2014.40.CULERR.F.T.28",50,
"29d03184-2ed2-481e-b9a8-b737d0cd86a5","OSBS","D03","OSBS","2014-10-06T19:18Z","2014-10-08T15:25Z","OSBS.2014.40.CULERR.F.T","OSBS.2014.40.CULERR.F.T.18",50,
"f473e1a0-f303-455e-ade1-3908afa550f9","OSBS","D03","OSBS","2014-10-06T19:18Z","2014-10-08T15:25Z","OSBS.2014.40.CULNIG.F.T","OSBS.2014.40.CULNIG.F.T.14",47,
"a8716620-6c99-4ecf-99aa-398bdbcb699b","OSBS","D03","OSBS","2014-10-06T19:18Z","2014-10-08T15:25Z","OSBS.2014.40.CULNIG.F.T","OSBS.2014.40.CULNIG.F.T.15",47,
"e7ba2361-af7c-4163-9bff-c4339f89c330","OSBS","D03","OSBS","2014-10-06T19:18Z","2014-10-08T15:25Z","OSBS.2014.40.CULNIG.F.T","OSBS.2014.40.CULNIG.F.T.13",47,
"9bc8e594-3eeb-4088-b616-b08e9c211f71","OSBS","D03","OSBS","2014-10-06T19:18Z","2014-10-08T15:25Z","OSBS.2014.40.CULNIG.F.T","OSBS.2014.40.CULNIG.F.T.06",48,
"0e7de349-971b-4677-bd70-26bd6d9d3f83","OSBS","D03","OSBS","2014-10-06T19:18Z","2014-10-08T15:25Z","OSBS.2014.40.CULNIG.F.T","OSBS.2014.40.CULNIG.F.T.11",47,
"d57b98b8-7b46-4a24-9dbe-e3698bc33dbe","OSBS","D03","OSBS","2014-10-06T19:18Z","2014-10-08T15:25Z","OSBS.2014.40.CULERR.F.T","OSBS.2014.40.CULERR.F.T.38",50,
"cc33e471-9fd2-4d7e-b961-bfa027112aed","OSBS","D03","OSBS","2014-10-06T19:18Z","2014-10-08T15:25Z","OSBS.2014.40.CULERR.F.T","OSBS.2014.40.CULERR.F.T.56",49,
"7d78e0d5-0f50-4d4c-adcc-95d9e02c9c81","OSBS","D03","OSBS","2014-10-06T19:18Z","2014-10-08T15:25Z","OSBS.2014.40.CULERR.F.T","OSBS.2014.40.CULERR.F.T.50",50,
"2b100dc6-516d-4e9f-bf01-eebbb99fd326","OSBS","D03","OSBS","2014-10-06T19:18Z","2014-10-08T15:25Z","OSBS.2014.40.CULERR.F.T","OSBS.2014.40.CULERR.F.T.15",50,
"7a2021bc-5721-424b-8f9d-1ccd415fa2fa","OSBS","D03","OSBS","2014-10-06T19:18Z","2014-10-08T15:25Z","OSBS.2014.40.CULERR.F.T","OSBS.2014.40.CULERR.F.T.51",50,
"640b1ce1-2217-4987-8494-af7a59e5be97","OSBS","D03","OSBS","2014-10-06T19:18Z","2014-10-08T15:25Z","OSBS.2014.40.CULERR.F.T","OSBS.2014.40.CULERR.F.T.16",50,
"349a04d0-0a93-4735-9d6b-1f42348a1f5d","OSBS","D03","OSBS","2014-10-06T19:18Z","2014-10-08T15:25Z","OSBS.2014.40.CULERR.F.T","OSBS.2014.40.CULERR.F.T.39",50,
"afeac641-719b-4e9a-8c25-5047960eb3c3","OSBS","D03","OSBS","2014-10-06T19:18Z","2014-10-08T15:25Z","OSBS.2014.40.CULERR.F.T","OSBS.2014.40.CULERR.F.T.01",50,
"4aabb706-e710-4001-9f44-3cc63eef0d90","OSBS","D03","OSBS","2014-10-06T19:18Z","2014-10-08T15:25Z","OSBS.2014.40.CULERR.F.T","OSBS.2014.40.CULERR.F.T.04",50,
"0e0f70c3-0315-4954-a557-b153cfee19a0","OSBS","D03","OSBS","2014-10-06T19:18Z","2014-10-08T15:25Z","OSBS.2014.40.CULERR.F.T","OSBS.2014.40.CULERR.F.T.05",50,
"72ea07de-c1a0-4f4e-a22b-aa8d8a9985ff","OSBS","D03","OSBS","2014-10-06T19:18Z","2014-10-08T15:25Z","OSBS.2014.40.CULERR.F.T","OSBS.2014.40.CULERR.F.T.06",50,
"d1aa3529-ea23-4f8f-bf94-b7546822a188","OSBS","D03","OSBS","2014-10-06T19:18Z","2014-10-08T15:25Z","OSBS.2014.40.CULERR.F.T","OSBS.2014.40.CULERR.F.T.02",50,
"06f1dc42-37fa-4156-ba7e-0541cc5d879a","OSBS","D03","OSBS","2014-10-06T19:18Z","2014-10-08T15:25Z","OSBS.2014.40.CULERR.F.T","OSBS.2014.40.CULERR.F.T.03",50,
"23f91a41-9551-4ac5-a5b6-c0718a772ed1","OSBS","D03","OSBS","2014-10-06T19:18Z","2014-10-08T15:25Z","OSBS.2014.40.CULERR.F.T","OSBS.2014.40.CULERR.F.T.07",50,
"d998af0a-4458-4ed3-bc75-d9e101046c3c","OSBS","D03","OSBS","2014-10-20T19:33Z","2014-10-22T14:21Z","OSBS.2014.42.CULNIG.F.T","OSBS.2014.42.CULNIG.F.T.02",49,
"81f5045f-c05a-4c7f-a6ac-3d102295b643","OSBS","D03","OSBS","2014-10-20T19:33Z","2014-10-22T14:21Z","OSBS.2014.42.CULERR.F.T","OSBS.2014.42.CULERR.F.T.01",50,
"38abe690-aa12-44de-8967-f10fd3320ffb","OSBS","D03","OSBS","2014-10-20T19:33Z","2014-10-22T14:21Z","OSBS.2014.42.CULNIG.F.T","OSBS.2014.42.CULNIG.F.T.04",49,
"9e0b718d-134f-435c-974a-9812e08359a5","OSBS","D03","OSBS","2014-10-20T19:33Z","2014-10-22T14:21Z","OSBS.2014.42.CULNIG.F.T","OSBS.2014.42.CULNIG.F.T.05",49,
"53e90118-c1bc-4ffa-890d-d1492719f685","OSBS","D03","OSBS","2014-10-20T19:33Z","2014-10-22T14:21Z","OSBS.2014.42.CULNIG.F.T","OSBS.2014.42.CULNIG.F.T.07",49,
"475d3da7-2e13-4e31-8c59-294d131c575f","OSBS","D03","OSBS","2014-10-20T19:33Z","2014-10-22T14:21Z","OSBS.2014.42.CULNIG.F.T","OSBS.2014.42.CULNIG.F.T.03",49,
"634822aa-2178-47ea-8ac1-de177621e520","OSBS","D03","OSBS","2014-10-20T19:33Z","2014-10-22T14:21Z","OSBS.2014.42.CULNIG.F.T","OSBS.2014.42.CULNIG.F.T.06",49,
"057fcf3b-bad8-496a-81d6-6da4ef5b67c4","OSBS","D03","OSBS","2014-10-20T19:33Z","2014-10-22T14:21Z","OSBS.2014.42.CULNIG.F.T","OSBS.2014.42.CULNIG.F.T.08",49,
"ef28edd5-7599-4fe6-9ca0-1cdc1bd20c57","OSBS","D03","OSBS","2014-10-20T19:33Z","2014-10-22T14:21Z","OSBS.2014.42.CULNIG.F.T","OSBS.2014.42.CULNIG.F.T.10",49,
"e0f4cddd-ff13-4453-9427-0d1adaff096b","OSBS","D03","OSBS","2014-10-20T19:33Z","2014-10-22T14:21Z","OSBS.2014.42.CULNIG.F.T","OSBS.2014.42.CULNIG.F.T.09",49,
"1bfd34ec-47d4-451e-b10a-ecc8e90b8e2b","OSBS","D03","OSBS","2014-10-20T19:33Z","2014-10-22T14:21Z","OSBS.2014.42.CULNIG.F.T","OSBS.2014.42.CULNIG.F.T.01",49,
"93e32200-673f-4165-a44f-89be7ff8d638","OSBS","D03","OSBS","2014-10-20T19:33Z","2014-10-22T14:21Z","OSBS.2014.42.CULERR.F.T","OSBS.2014.42.CULERR.F.T.21",49,
"8dece371-7f8c-4adf-9162-4fa55d4ee450","OSBS","D03","OSBS","2014-10-20T19:33Z","2014-10-22T14:21Z","OSBS.2014.42.CULERR.F.T","OSBS.2014.42.CULERR.F.T.12",50,
"c3f0cff3-f920-4d0f-99ed-e20c8162390d","OSBS","D03","OSBS","2014-10-20T19:33Z","2014-10-22T14:21Z","OSBS.2014.42.CULERR.F.T","OSBS.2014.42.CULERR.F.T.16",50,
"3de94ed0-0ca1-405e-b028-a3a2ad23817a","OSBS","D03","OSBS","2014-10-20T19:33Z","2014-10-22T14:21Z","OSBS.2014.42.CULERR.F.T","OSBS.2014.42.CULERR.F.T.20",49,
"21f7aa2c-3aec-4a9b-af95-aa1780e39008","OSBS","D03","OSBS","2014-10-20T19:33Z","2014-10-22T14:21Z","OSBS.2014.42.CULERR.F.T","OSBS.2014.42.CULERR.F.T.22",49,
"09502a66-62a9-46ac-8f49-c2bacb3cd98c","OSBS","D03","OSBS","2014-10-20T19:33Z","2014-10-22T14:21Z","OSBS.2014.42.CULERR.F.T","OSBS.2014.42.CULERR.F.T.07",50,
"0e06988f-1f8e-496e-9e6d-ebc0e21f76f9","OSBS","D03","OSBS","2014-10-20T19:33Z","2014-10-22T14:21Z","OSBS.2014.42.CULERR.F.T","OSBS.2014.42.CULERR.F.T.10",50,
"fa702239-a99d-4710-9ded-1e045c81d98c","OSBS","D03","OSBS","2014-10-20T19:33Z","2014-10-22T14:21Z","OSBS.2014.42.CULERR.F.T","OSBS.2014.42.CULERR.F.T.04",50,
"262824c1-4242-441f-98a6-bd04704d86b1","OSBS","D03","OSBS","2014-10-20T19:33Z","2014-10-22T14:21Z","OSBS.2014.42.CULERR.F.T","OSBS.2014.42.CULERR.F.T.14",50,
"c19be628-fb4c-465c-a696-db914913d073","OSBS","D03","OSBS","2014-10-20T19:33Z","2014-10-22T14:21Z","OSBS.2014.42.CULERR.F.T","OSBS.2014.42.CULERR.F.T.06",50,
"379c8085-0efe-4679-88aa-9c7608ed3043","OSBS","D03","OSBS","2014-10-20T19:33Z","2014-10-22T14:21Z","OSBS.2014.42.CULERR.F.T","OSBS.2014.42.CULERR.F.T.09",50,
"32c05ba7-e49a-4460-9696-731f4b78971b","OSBS","D03","OSBS","2014-10-20T19:33Z","2014-10-22T14:21Z","OSBS.2014.42.CULERR.F.T","OSBS.2014.42.CULERR.F.T.15",50,
"2fbd2a23-0ff9-4b3f-b674-4e06d48049c7","OSBS","D03","OSBS","2014-10-20T19:33Z","2014-10-22T14:21Z","OSBS.2014.42.CULERR.F.T","OSBS.2014.42.CULERR.F.T.02",50,
"775992a2-2095-4181-824e-bd0f6b3c8433","OSBS","D03","OSBS","2014-10-20T19:33Z","2014-10-22T14:21Z","OSBS.2014.42.CULERR.F.T","OSBS.2014.42.CULERR.F.T.03",50,
"c849bc72-5058-4563-9522-c8cefea2def1","OSBS","D03","OSBS","2014-10-20T19:33Z","2014-10-22T14:21Z","OSBS.2014.42.CULERR.F.T","OSBS.2014.42.CULERR.F.T.05",50,
"92c2dac1-24c9-42a9-84ae-be3aeeaef6cd","OSBS","D03","OSBS","2014-10-20T19:33Z","2014-10-22T14:21Z","OSBS.2014.42.CULERR.F.T","OSBS.2014.42.CULERR.F.T.19",49,
"dc7d52d8-7bb2-47a4-ad2e-7dd62d63e8de","OSBS","D03","OSBS","2014-10-20T19:33Z","2014-10-22T14:21Z","OSBS.2014.42.CULERR.F.T","OSBS.2014.42.CULERR.F.T.08",50,
"4d5946b3-d14c-4a81-9db7-4745684b2d82","OSBS","D03","OSBS","2014-10-20T19:33Z","2014-10-22T14:21Z","OSBS.2014.42.CULERR.F.T","OSBS.2014.42.CULERR.F.T.18",50,
"87b26bbb-f8e3-45ba-b422-ec639bc264a3","OSBS","D03","OSBS","2014-10-20T19:33Z","2014-10-22T14:21Z","OSBS.2014.42.CULERR.F.T","OSBS.2014.42.CULERR.F.T.11",50,
"4e24a6c9-31b0-40ca-aea3-61fe684d7ffd","OSBS","D03","OSBS","2014-10-20T19:33Z","2014-10-22T14:21Z","OSBS.2014.42.CULERR.F.T","OSBS.2014.42.CULERR.F.T.17",50,
"660e0e21-5ff2-4da8-9418-509e6dbd80b1","OSBS","D03","OSBS","2014-10-20T19:33Z","2014-10-22T14:21Z","OSBS.2014.42.CULERR.F.T","OSBS.2014.42.CULERR.F.T.13",50,
"0e679cf7-3e7e-4d57-9599-0a2755076205","OSBS","D03","OSBS","2014-10-20T19:33Z","2014-10-22T14:21Z","OSBS.2014.42.CULNIG.F.T","OSBS.2014.42.CULNIG.F.T.11",49,
