uid,namedLocation,domainID,siteID,startCollectDate,endCollectDate,testingID,testingVialID,poolSize,dataQF
"f7824c96-9377-4e82-b47c-ede18740cd71","SERC","D02","SERC","2016-09-26T20:47Z","2016-09-28T13:21Z","SERC.2016.39.CULERR.F.T","SERC.2016.39.CULERR.F.T.01",30,
"ddac3438-65f5-4fec-ac6b-e6bee5609bfd","SERC","D02","SERC","2016-09-26T20:47Z","2016-09-28T13:56Z","SERC.2016.39.CULRES.F.T","SERC.2016.39.CULRES.F.T.19",39,
"111076e4-8255-4ba4-b3c9-3a15ba206b57","SERC","D02","SERC","2016-09-26T20:47Z","2016-09-28T13:56Z","SERC.2016.39.CULRES.F.T","SERC.2016.39.CULRES.F.T.04",40,
"e0ca552f-71a6-49b8-863f-1d016d93d5eb","SERC","D02","SERC","2016-09-26T20:47Z","2016-09-28T13:56Z","SERC.2016.39.CULRES.F.T","SERC.2016.39.CULRES.F.T.12",39,
"65739eb8-d8e7-4691-9eed-59de865e2c07","SERC","D02","SERC","2016-09-26T20:47Z","2016-09-28T13:56Z","SERC.2016.39.CULRES.F.T","SERC.2016.39.CULRES.F.T.08",39,
"42e267d5-60f1-4564-a93a-91c4130d3053","SERC","D02","SERC","2016-09-26T20:47Z","2016-09-28T13:56Z","SERC.2016.39.CULRES.F.T","SERC.2016.39.CULRES.F.T.14",39,
"c7fda889-dddb-4636-b490-0b936a1bbd25","SERC","D02","SERC","2016-09-26T20:47Z","2016-09-28T13:56Z","SERC.2016.39.CULRES.F.T","SERC.2016.39.CULRES.F.T.01",40,
"8794871d-b977-4b6f-88ed-a50e391474d7","SERC","D02","SERC","2016-09-26T20:47Z","2016-09-28T13:56Z","SERC.2016.39.CULRES.F.T","SERC.2016.39.CULRES.F.T.16",39,
"fc19d852-143e-4350-a378-411fcc3d17dc","SERC","D02","SERC","2016-09-26T20:47Z","2016-09-28T13:56Z","SERC.2016.39.CULRES.F.T","SERC.2016.39.CULRES.F.T.06",39,
"52470987-bffc-420d-be31-b0e3f9970e79","SERC","D02","SERC","2016-09-26T20:47Z","2016-09-28T13:56Z","SERC.2016.39.CULRES.F.T","SERC.2016.39.CULRES.F.T.03",40,
"8c4c7c10-e3bf-464e-8c08-d36a8853b325","SERC","D02","SERC","2016-09-26T20:47Z","2016-09-28T13:56Z","SERC.2016.39.CULRES.F.T","SERC.2016.39.CULRES.F.T.13",39,
"cc1f8263-9045-4e6a-8ce9-5f7957aa2ee8","SERC","D02","SERC","2016-09-26T20:47Z","2016-09-28T13:56Z","SERC.2016.39.CULRES.F.T","SERC.2016.39.CULRES.F.T.07",39,
"b342b34c-fab7-4759-97ec-35721d3cdcd3","SERC","D02","SERC","2016-09-26T20:47Z","2016-09-28T13:56Z","SERC.2016.39.CULRES.F.T","SERC.2016.39.CULRES.F.T.10",39,
"95121ed7-05cd-4189-81f3-f00137b47a7b","SERC","D02","SERC","2016-09-26T20:47Z","2016-09-28T13:56Z","SERC.2016.39.CULRES.F.T","SERC.2016.39.CULRES.F.T.09",39,
"faccf70e-68e8-4718-a611-434834d5b59f","SERC","D02","SERC","2016-09-26T20:47Z","2016-09-28T13:56Z","SERC.2016.39.CULRES.F.T","SERC.2016.39.CULRES.F.T.02",40,
"c212ca90-8653-440a-8225-2413145ef6d0","SERC","D02","SERC","2016-09-26T20:47Z","2016-09-28T13:56Z","SERC.2016.39.CULRES.F.T","SERC.2016.39.CULRES.F.T.11",39,
"261489cd-f13f-4797-ba98-8b78947a0224","SERC","D02","SERC","2016-09-26T20:47Z","2016-09-28T13:56Z","SERC.2016.39.CULRES.F.T","SERC.2016.39.CULRES.F.T.15",39,
"0816cd18-b213-450c-a76d-14aeca887e36","SERC","D02","SERC","2016-09-26T20:47Z","2016-09-28T13:56Z","SERC.2016.39.CULRES.F.T","SERC.2016.39.CULRES.F.T.05",40,
"60d525c1-54c1-4b6c-b1a1-097798d03d0d","SERC","D02","SERC","2016-09-26T20:47Z","2016-09-28T13:56Z","SERC.2016.39.AEDVEX.F.T","SERC.2016.39.AEDVEX.F.T.01",20,
"f9f61212-1565-483a-8d3b-f5786c6fa2f2","SERC","D02","SERC","2016-09-26T20:47Z","2016-09-28T13:56Z","SERC.2016.39.CULRES.F.T","SERC.2016.39.CULRES.F.T.18",39,
"5d894936-1e64-4610-9eca-6ed89f754c35","SERC","D02","SERC","2016-09-26T20:47Z","2016-09-28T13:56Z","SERC.2016.39.CULRES.F.T","SERC.2016.39.CULRES.F.T.17",39,
