uid,namedLocation,domainID,siteID,nlcdClass,decimalLatitude,decimalLongitude,geodeticDatum,coordinateUncertainty,elevation,elevationUncertainty,startCollectDate,endCollectDate,receivedDate,testedDate,testingVialID,deprecatedVialID,sampleCondition,testProtocolVersion,testMethod,testResult,testPathogenName,testNumber,finalResult,locus,percentIdentity,sequenceDatabase,sequenceDatabaseID,extractDepleted,remarks,testedBy,laboratoryName
"8efe00bd-1652-42e4-9fe8-98f3af6d24d4","OSBS","D03","OSBS",,29.689282,-81.993431,"WGS84",,46.0,,"2014-05-05T20:53Z","2014-05-07T14:13Z","2015-01-06T12:00Z","2015-01-08T12:00Z","OSBS.2014.18.CULERR.F.T.05","OSBS.2014.3.Culex erraticus.Female.T5","No known compromise","CAES_Pathogen_testing_SOP_2014-05-06","Culture","Negative","UNKV",1,"Y",,,,,"Y",,"r4iH4e2lsYW4kI6RhiJwwMegvyzkVSXT","Connecticut Agricultural Experiment Station"
"808827ab-fd69-4f59-a54b-73f808d7fd8f","OSBS","D03","OSBS",,29.689282,-81.993431,"WGS84",,46.0,,"2014-05-05T20:53Z","2014-05-07T14:13Z","2015-01-06T12:00Z","2015-01-08T12:00Z","OSBS.2014.18.COQPER.F.T.06","OSBS.2014.3.Coquillettidia perturbans.Female.T6","No known compromise","CAES_Pathogen_testing_SOP_2014-05-06","Culture","Negative","UNKV",1,"Y",,,,,"Y",,"r4iH4e2lsYW4kI6RhiJwwMegvyzkVSXT","Connecticut Agricultural Experiment Station"
"995cf810-c4c3-4e26-8a6e-9bb6b2586012","OSBS","D03","OSBS",,29.689282,-81.993431,"WGS84",,46.0,,"2014-05-05T20:53Z","2014-05-07T14:13Z","2015-01-06T12:00Z","2015-01-08T12:00Z","OSBS.2014.18.COQPER.F.T.08","OSBS.2014.3.Coquillettidia perturbans.Female.T8","No known compromise","CAES_Pathogen_testing_SOP_2014-05-06","Culture","Negative","UNKV",1,"Y",,,,,"Y",,"r4iH4e2lsYW4kI6RhiJwwMegvyzkVSXT","Connecticut Agricultural Experiment Station"
"0623c883-c963-42d4-b7ed-f7ac70839f91","OSBS","D03","OSBS",,29.689282,-81.993431,"WGS84",,46.0,,"2014-05-05T20:53Z","2014-05-07T14:13Z","2015-01-06T12:00Z","2015-01-08T12:00Z","OSBS.2014.18.COQPER.F.T.09","OSBS.2014.3.Coquillettidia perturbans.Female.T9","No known compromise","CAES_Pathogen_testing_SOP_2014-05-06","Culture","Negative","UNKV",1,"Y",,,,,"Y",,"r4iH4e2lsYW4kI6RhiJwwMegvyzkVSXT","Connecticut Agricultural Experiment Station"
"90dfa229-6df3-4d44-93fd-c42776c9b75d","OSBS","D03","OSBS",,29.689282,-81.993431,"WGS84",,46.0,,"2014-05-05T20:53Z","2014-05-07T14:13Z","2015-01-06T12:00Z","2015-01-08T12:00Z","OSBS.2014.18.COQPER.F.T.11","OSBS.2014.3.Coquillettidia perturbans.Female.T11","No known compromise","CAES_Pathogen_testing_SOP_2014-05-06","Culture","Negative","UNKV",1,"Y",,,,,"Y",,"r4iH4e2lsYW4kI6RhiJwwMegvyzkVSXT","Connecticut Agricultural Experiment Station"
"d68bacc8-f3bc-4fbe-a6c6-2aafce617479","OSBS","D03","OSBS",,29.689282,-81.993431,"WGS84",,46.0,,"2014-05-05T20:53Z","2014-05-07T14:13Z","2015-01-06T12:00Z","2015-01-08T12:00Z","OSBS.2014.18.COQPER.F.T.01","OSBS.2014.3.Coquillettidia perturbans.Female.T1","No known compromise","CAES_Pathogen_testing_SOP_2014-05-06","Culture","Negative","UNKV",1,"Y",,,,,"Y",,"r4iH4e2lsYW4kI6RhiJwwMegvyzkVSXT","Connecticut Agricultural Experiment Station"
"7ee48369-c01a-49cf-be7c-a798de704348","OSBS","D03","OSBS",,29.689282,-81.993431,"WGS84",,46.0,,"2014-05-05T20:53Z","2014-05-07T14:13Z","2015-01-06T12:00Z","2015-01-08T12:00Z","OSBS.2014.18.COQPER.F.T.10","OSBS.2014.3.Coquillettidia perturbans.Female.T10","No known compromise","CAES_Pathogen_testing_SOP_2014-05-06","Culture","Negative","UNKV",1,"Y",,,,,"Y",,"r4iH4e2lsYW4kI6RhiJwwMegvyzkVSXT","Connecticut Agricultural Experiment Station"
"e8edacee-5ccc-4aa0-94cb-c415dd88286b","OSBS","D03","OSBS",,29.689282,-81.993431,"WGS84",,46.0,,"2014-05-05T20:53Z","2014-05-07T14:13Z","2015-01-06T12:00Z","2015-01-08T12:00Z","OSBS.2014.18.CULERR.F.T.10","OSBS.2014.3.Culex erraticus.Female.T10","No known compromise","CAES_Pathogen_testing_SOP_2014-05-06","Culture","Negative","UNKV",1,"Y",,,,,"Y",,"r4iH4e2lsYW4kI6RhiJwwMegvyzkVSXT","Connecticut Agricultural Experiment Station"
"34cf6379-3d97-4fd2-b1d3-5b915800a830","OSBS","D03","OSBS",,29.689282,-81.993431,"WGS84",,46.0,,"2014-05-05T20:53Z","2014-05-07T14:13Z","2015-01-06T12:00Z","2015-01-08T12:00Z","OSBS.2014.18.COQPER.F.T.15","OSBS.2014.3.Coquillettidia perturbans.Female.T15","No known compromise","CAES_Pathogen_testing_SOP_2014-05-06","Culture","Negative","UNKV",1,"Y",,,,,"Y",,"r4iH4e2lsYW4kI6RhiJwwMegvyzkVSXT","Connecticut Agricultural Experiment Station"
"87e9adbc-6590-471c-b9f4-4f8f82c95e55","OSBS","D03","OSBS",,29.689282,-81.993431,"WGS84",,46.0,,"2014-05-05T20:53Z","2014-05-07T14:13Z","2015-01-06T12:00Z","2015-01-08T12:00Z","OSBS.2014.18.CULERR.F.T.02","OSBS.2014.3.Culex erraticus.Female.T2","No known compromise","CAES_Pathogen_testing_SOP_2014-05-06","Culture","Negative","UNKV",1,"Y",,,,,"Y",,"r4iH4e2lsYW4kI6RhiJwwMegvyzkVSXT","Connecticut Agricultural Experiment Station"
"2239892c-78f3-49a1-8767-4c555b93ce3d","OSBS","D03","OSBS",,29.689282,-81.993431,"WGS84",,46.0,,"2014-05-05T20:53Z","2014-05-07T14:13Z","2015-01-06T12:00Z","2015-01-08T12:00Z","OSBS.2014.18.COQPER.F.T.14","OSBS.2014.3.Coquillettidia perturbans.Female.T14","No known compromise","CAES_Pathogen_testing_SOP_2014-05-06","Culture","Negative","UNKV",1,"Y",,,,,"Y",,"r4iH4e2lsYW4kI6RhiJwwMegvyzkVSXT","Connecticut Agricultural Experiment Station"
"71e8da12-ad53-4894-8ba7-efa23971f766","OSBS","D03","OSBS",,29.689282,-81.993431,"WGS84",,46.0,,"2014-05-05T20:53Z","2014-05-07T14:13Z","2015-01-06T12:00Z","2015-01-08T12:00Z","OSBS.2014.18.CULERR.F.T.07","OSBS.2014.3.Culex erraticus.Female.T7","No known compromise","CAES_Pathogen_testing_SOP_2014-05-06","Culture","Negative","UNKV",1,"Y",,,,,"Y",,"r4iH4e2lsYW4kI6RhiJwwMegvyzkVSXT","Connecticut Agricultural Experiment Station"
"3a9df07c-58d0-4651-baa4-b27228620fc7","OSBS","D03","OSBS",,29.689282,-81.993431,"WGS84",,46.0,,"2014-05-05T20:53Z","2014-05-07T14:13Z","2015-01-06T12:00Z","2015-01-08T12:00Z","OSBS.2014.18.CULERR.F.T.06","OSBS.2014.3.Culex erraticus.Female.T6","No known compromise","CAES_Pathogen_testing_SOP_2014-05-06","Culture","Negative","UNKV",1,"Y",,,,,"Y",,"r4iH4e2lsYW4kI6RhiJwwMegvyzkVSXT","Connecticut Agricultural Experiment Station"
"2f276cfd-d635-4bf0-92d3-5afb54d5295c","OSBS","D03","OSBS",,29.689282,-81.993431,"WGS84",,46.0,,"2014-05-05T20:53Z","2014-05-07T14:13Z","2015-01-06T12:00Z","2015-01-08T12:00Z","OSBS.2014.18.CULERR.F.T.08","OSBS.2014.3.Culex erraticus.Female.T8","No known compromise","CAES_Pathogen_testing_SOP_2014-05-06","Culture","Negative","UNKV",1,"Y",,,,,"Y",,"r4iH4e2lsYW4kI6RhiJwwMegvyzkVSXT","Connecticut Agricultural Experiment Station"
"bf2079a3-e35f-4392-b01f-513cb92828ea","OSBS","D03","OSBS",,29.689282,-81.993431,"WGS84",,46.0,,"2014-05-05T20:53Z","2014-05-07T14:13Z","2015-01-06T12:00Z","2015-01-08T12:00Z","OSBS.2014.18.CULERR.F.T.09","OSBS.2014.3.Culex erraticus.Female.T9","No known compromise","CAES_Pathogen_testing_SOP_2014-05-06","Culture","Negative","UNKV",1,"Y",,,,,"Y",,"r4iH4e2lsYW4kI6RhiJwwMegvyzkVSXT","Connecticut Agricultural Experiment Station"
"f5ead0cc-5561-42b5-a3b9-f3016c64432f","OSBS","D03","OSBS",,29.689282,-81.993431,"WGS84",,46.0,,"2014-05-05T20:53Z","2014-05-07T14:13Z","2015-01-06T12:00Z","2015-01-08T12:00Z","OSBS.2014.18.CULERR.F.T.01","OSBS.2014.3.Culex erraticus.Female.T1","No known compromise","CAES_Pathogen_testing_SOP_2014-05-06","Culture","Negative","UNKV",1,"Y",,,,,"Y",,"r4iH4e2lsYW4kI6RhiJwwMegvyzkVSXT","Connecticut Agricultural Experiment Station"
"d2dd9f82-0db6-4570-9202-932544b61ca9","OSBS","D03","OSBS",,29.689282,-81.993431,"WGS84",,46.0,,"2014-05-05T20:53Z","2014-05-07T14:13Z","2015-01-06T12:00Z","2015-01-08T12:00Z","OSBS.2014.18.COQPER.F.T.13","OSBS.2014.3.Coquillettidia perturbans.Female.T13","No known compromise","CAES_Pathogen_testing_SOP_2014-05-06","Culture","Negative","UNKV",1,"Y",,,,,"Y",,"r4iH4e2lsYW4kI6RhiJwwMegvyzkVSXT","Connecticut Agricultural Experiment Station"
"61b2f73d-e5e2-409f-9b64-7c490a68e4b1","OSBS","D03","OSBS",,29.689282,-81.993431,"WGS84",,46.0,,"2014-05-05T20:53Z","2014-05-07T14:13Z","2015-01-06T12:00Z","2015-01-08T12:00Z","OSBS.2014.18.CULERR.F.T.03","OSBS.2014.3.Culex erraticus.Female.T3","No known compromise","CAES_Pathogen_testing_SOP_2014-05-06","Culture","Negative","UNKV",1,"Y",,,,,"Y",,"r4iH4e2lsYW4kI6RhiJwwMegvyzkVSXT","Connecticut Agricultural Experiment Station"
"6826d6bf-2969-4c8e-9d18-2ce8e118cf08","OSBS","D03","OSBS",,29.689282,-81.993431,"WGS84",,46.0,,"2014-05-05T20:53Z","2014-05-07T14:13Z","2015-01-06T12:00Z","2015-01-08T12:00Z","OSBS.2014.18.CULERR.F.T.04","OSBS.2014.3.Culex erraticus.Female.T4","No known compromise","CAES_Pathogen_testing_SOP_2014-05-06","Culture","Negative","UNKV",1,"Y",,,,,"Y",,"r4iH4e2lsYW4kI6RhiJwwMegvyzkVSXT","Connecticut Agricultural Experiment Station"
"2ca5f2cc-847a-4624-8222-4d9514c75aa9","OSBS","D03","OSBS",,29.689282,-81.993431,"WGS84",,46.0,,"2014-05-05T20:53Z","2014-05-07T14:13Z","2015-01-06T12:00Z","2015-01-08T12:00Z","OSBS.2014.18.COQPER.F.T.07","OSBS.2014.3.Coquillettidia perturbans.Female.T7","No known compromise","CAES_Pathogen_testing_SOP_2014-05-06","Culture","Negative","UNKV",1,"Y",,,,,"Y",,"r4iH4e2lsYW4kI6RhiJwwMegvyzkVSXT","Connecticut Agricultural Experiment Station"
"140e4ff7-88e4-4d25-b61a-66c0f792672b","OSBS","D03","OSBS",,29.689282,-81.993431,"WGS84",,46.0,,"2014-05-05T20:53Z","2014-05-07T14:13Z","2015-01-06T12:00Z","2015-01-08T12:00Z","OSBS.2014.18.COQPER.F.T.03","OSBS.2014.3.Coquillettidia perturbans.Female.T3","No known compromise","CAES_Pathogen_testing_SOP_2014-05-06","Culture","Negative","UNKV",1,"Y",,,,,"Y",,"r4iH4e2lsYW4kI6RhiJwwMegvyzkVSXT","Connecticut Agricultural Experiment Station"
"d199c50b-2f52-4222-909d-d01a9f317e94","OSBS","D03","OSBS",,29.689282,-81.993431,"WGS84",,46.0,,"2014-05-05T20:53Z","2014-05-07T14:13Z","2015-01-06T12:00Z","2015-01-08T12:00Z","OSBS.2014.18.COQPER.F.T.05","OSBS.2014.3.Coquillettidia perturbans.Female.T5","No known compromise","CAES_Pathogen_testing_SOP_2014-05-06","Culture","Negative","UNKV",1,"Y",,,,,"Y",,"r4iH4e2lsYW4kI6RhiJwwMegvyzkVSXT","Connecticut Agricultural Experiment Station"
"1c282126-577a-4817-81da-fb3d36c3a601","OSBS","D03","OSBS",,29.689282,-81.993431,"WGS84",,46.0,,"2014-05-05T20:53Z","2014-05-07T14:13Z","2015-01-06T12:00Z","2015-01-08T12:00Z","OSBS.2014.18.COQPER.F.T.04","OSBS.2014.3.Coquillettidia perturbans.Female.T4","No known compromise","CAES_Pathogen_testing_SOP_2014-05-06","Culture","Negative","UNKV",1,"Y",,,,,"Y",,"r4iH4e2lsYW4kI6RhiJwwMegvyzkVSXT","Connecticut Agricultural Experiment Station"
"e78bd49b-e7bd-4673-a4be-8a39c16255cf","OSBS","D03","OSBS",,29.689282,-81.993431,"WGS84",,46.0,,"2014-05-05T20:53Z","2014-05-07T14:13Z","2015-01-06T12:00Z","2015-01-08T12:00Z","OSBS.2014.18.COQPER.F.T.02","OSBS.2014.3.Coquillettidia perturbans.Female.T2","No known compromise","CAES_Pathogen_testing_SOP_2014-05-06","Culture","Negative","UNKV",1,"Y",,,,,"Y",,"r4iH4e2lsYW4kI6RhiJwwMegvyzkVSXT","Connecticut Agricultural Experiment Station"
"4d3c9ed7-1285-4805-8380-ebc06894bf3d","OSBS","D03","OSBS",,29.689282,-81.993431,"WGS84",,46.0,,"2014-05-05T20:53Z","2014-05-07T14:13Z","2015-01-06T12:00Z","2015-01-08T12:00Z","OSBS.2014.18.COQPER.F.T.12","OSBS.2014.3.Coquillettidia perturbans.Female.T12","No known compromise","CAES_Pathogen_testing_SOP_2014-05-06","Culture","Negative","UNKV",1,"Y",,,,,"Y",,"r4iH4e2lsYW4kI6RhiJwwMegvyzkVSXT","Connecticut Agricultural Experiment Station"
"31c92a1b-4be5-4484-800e-37549723321b","OSBS","D03","OSBS",,29.689282,-81.993431,"WGS84",,46.0,,"2014-05-05T21:02Z","2014-05-07T14:13Z","2015-01-06T12:00Z","2015-01-08T12:00Z","OSBS.2014.18.CULSAL.F.T.01","OSBS.2014.3.Culex salinarius.Female.T1","No known compromise","CAES_Pathogen_testing_SOP_2014-05-06","Culture","Negative","UNKV",1,"Y",,,,,"Y",,"r4iH4e2lsYW4kI6RhiJwwMegvyzkVSXT","Connecticut Agricultural Experiment Station"
"217ff7ad-2b5a-4c7e-9d7d-b4bdc360e063","OSBS","D03","OSBS",,29.689282,-81.993431,"WGS84",,46.0,,"2014-05-05T21:02Z","2014-05-07T14:13Z","2015-01-06T12:00Z","2015-01-08T12:00Z","OSBS.2014.18.CULSAL.F.T.02","OSBS.2014.3.Culex salinarius.Female.T2","No known compromise","CAES_Pathogen_testing_SOP_2014-05-06","Culture","Negative","UNKV",1,"Y",,,,,"Y",,"r4iH4e2lsYW4kI6RhiJwwMegvyzkVSXT","Connecticut Agricultural Experiment Station"
"bff75194-9781-422b-9b1b-b24051fcec13","OSBS","D03","OSBS",,29.689282,-81.993431,"WGS84",,46.0,,"2014-05-05T21:02Z","2014-05-07T14:13Z","2015-01-06T12:00Z","2015-01-08T12:00Z","OSBS.2014.18.CULSAL.F.T.03","OSBS.2014.3.Culex salinarius.Female.T3","No known compromise","CAES_Pathogen_testing_SOP_2014-05-06","Culture","Negative","UNKV",1,"Y",,,,,"Y",,"r4iH4e2lsYW4kI6RhiJwwMegvyzkVSXT","Connecticut Agricultural Experiment Station"
"dafb4b71-aa3f-467c-91ee-314843be61bc","OSBS","D03","OSBS",,29.689282,-81.993431,"WGS84",,46.0,,"2014-05-20T20:50Z","2014-05-22T14:13Z","2015-01-06T12:00Z","2015-01-08T12:00Z","OSBS.2014.20.COQPER.F.T.07","OSBS.2014.4.Coquillettidia perturbans.Female.T7","No known compromise","CAES_Pathogen_testing_SOP_2014-05-06","Culture","Negative","UNKV",1,"Y",,,,,"Y",,"r4iH4e2lsYW4kI6RhiJwwMegvyzkVSXT","Connecticut Agricultural Experiment Station"
"8869dd9b-b832-4505-b702-6538448069d6","OSBS","D03","OSBS",,29.689282,-81.993431,"WGS84",,46.0,,"2014-05-20T20:50Z","2014-05-22T14:13Z","2015-01-06T12:00Z","2015-01-08T12:00Z","OSBS.2014.20.COQPER.F.T.12","OSBS.2014.4.Coquillettidia perturbans.Female.T12","No known compromise","CAES_Pathogen_testing_SOP_2014-05-06","Culture","Negative","UNKV",1,"Y",,,,,"Y",,"r4iH4e2lsYW4kI6RhiJwwMegvyzkVSXT","Connecticut Agricultural Experiment Station"
"5673cc05-f14b-45d8-8c0e-331d31279963","OSBS","D03","OSBS",,29.689282,-81.993431,"WGS84",,46.0,,"2014-05-20T20:50Z","2014-05-22T14:13Z","2015-01-06T12:00Z","2015-01-08T12:00Z","OSBS.2014.20.CULERR.F.T.03","OSBS.2014.4.Culex erraticus.Female.T3","No known compromise","CAES_Pathogen_testing_SOP_2014-05-06","Culture","Negative","UNKV",1,"Y",,,,,"Y",,"r4iH4e2lsYW4kI6RhiJwwMegvyzkVSXT","Connecticut Agricultural Experiment Station"
"23eb8cc0-f689-4034-aa1b-a7ece3ffd677","OSBS","D03","OSBS",,29.689282,-81.993431,"WGS84",,46.0,,"2014-05-20T20:50Z","2014-05-22T14:13Z","2015-01-06T12:00Z","2015-01-08T12:00Z","OSBS.2014.20.COQPER.F.T.09","OSBS.2014.4.Coquillettidia perturbans.Female.T9","No known compromise","CAES_Pathogen_testing_SOP_2014-05-06","Culture","Inconclusive","UNKV",1,"N",,,,,"Y","fungal contamination","r4iH4e2lsYW4kI6RhiJwwMegvyzkVSXT","Connecticut Agricultural Experiment Station"
"823cf2b6-bc76-468a-b32a-91f757db0d30","OSBS","D03","OSBS",,29.689282,-81.993431,"WGS84",,46.0,,"2014-05-20T20:50Z","2014-05-22T14:13Z","2015-01-06T12:00Z","2015-01-08T12:00Z","OSBS.2014.20.CULERR.F.T.02","OSBS.2014.4.Culex erraticus.Female.T2","No known compromise","CAES_Pathogen_testing_SOP_2014-05-06","Culture","Negative","UNKV",1,"Y",,,,,"Y",,"r4iH4e2lsYW4kI6RhiJwwMegvyzkVSXT","Connecticut Agricultural Experiment Station"
"9aeb80e3-d2ea-41fe-8bf8-70073198c6a2","OSBS","D03","OSBS",,29.689282,-81.993431,"WGS84",,46.0,,"2014-05-20T20:50Z","2014-05-22T14:13Z","2015-01-06T12:00Z","2015-01-08T12:00Z","OSBS.2014.20.COQPER.F.T.14","OSBS.2014.4.Coquillettidia perturbans.Female.T14","No known compromise","CAES_Pathogen_testing_SOP_2014-05-06","Culture","Negative","UNKV",1,"Y",,,,,"Y",,"r4iH4e2lsYW4kI6RhiJwwMegvyzkVSXT","Connecticut Agricultural Experiment Station"
"0a74e23e-cba2-4a87-983b-278cec8145bc","OSBS","D03","OSBS",,29.689282,-81.993431,"WGS84",,46.0,,"2014-05-20T20:50Z","2014-05-22T14:13Z","2015-01-06T12:00Z","2015-01-08T12:00Z","OSBS.2014.20.CULSAL.F.T.02","OSBS.2014.4.Culex salinarius.Female.T2","No known compromise","CAES_Pathogen_testing_SOP_2014-05-06","Culture","Negative","UNKV",1,"Y",,,,,"Y",,"r4iH4e2lsYW4kI6RhiJwwMegvyzkVSXT","Connecticut Agricultural Experiment Station"
"aba8aa91-7aac-4648-98fd-9c379facd105","OSBS","D03","OSBS",,29.689282,-81.993431,"WGS84",,46.0,,"2014-05-20T20:50Z","2014-05-22T14:13Z","2015-01-06T12:00Z","2015-01-08T12:00Z","OSBS.2014.20.COQPER.F.T.13","OSBS.2014.4.Coquillettidia perturbans.Female.T13","No known compromise","CAES_Pathogen_testing_SOP_2014-05-06","Culture","Inconclusive","UNKV",1,"N",,,,,"Y","fungal contamination","r4iH4e2lsYW4kI6RhiJwwMegvyzkVSXT","Connecticut Agricultural Experiment Station"
"2abfbbfc-7290-48f2-81f5-f52f8165543d","OSBS","D03","OSBS",,29.689282,-81.993431,"WGS84",,46.0,,"2014-05-20T20:50Z","2014-05-22T14:13Z","2015-01-06T12:00Z","2015-01-08T12:00Z","OSBS.2014.20.COQPER.F.T.01","OSBS.2014.4.Coquillettidia perturbans.Female.T1","No known compromise","CAES_Pathogen_testing_SOP_2014-05-06","Culture","Inconclusive","UNKV",1,"N",,,,,"Y","fungal contamination","r4iH4e2lsYW4kI6RhiJwwMegvyzkVSXT","Connecticut Agricultural Experiment Station"
"0f8d37e2-d4f3-4926-881b-91c9820574d6","OSBS","D03","OSBS",,29.689282,-81.993431,"WGS84",,46.0,,"2014-05-20T20:50Z","2014-05-22T14:13Z","2015-01-06T12:00Z","2015-01-08T12:00Z","OSBS.2014.20.COQPER.F.T.10","OSBS.2014.4.Coquillettidia perturbans.Female.T10","No known compromise","CAES_Pathogen_testing_SOP_2014-05-06","Culture","Negative","UNKV",1,"Y",,,,,"Y",,"r4iH4e2lsYW4kI6RhiJwwMegvyzkVSXT","Connecticut Agricultural Experiment Station"
"6a4a1c2e-3415-4c16-99f4-f71065ffcb14","OSBS","D03","OSBS",,29.689282,-81.993431,"WGS84",,46.0,,"2014-05-20T20:50Z","2014-05-22T14:13Z","2015-01-06T12:00Z","2015-01-08T12:00Z","OSBS.2014.20.COQPER.F.T.02","OSBS.2014.4.Coquillettidia perturbans.Female.T2","No known compromise","CAES_Pathogen_testing_SOP_2014-05-06","Culture","Negative","UNKV",1,"Y",,,,,"Y",,"r4iH4e2lsYW4kI6RhiJwwMegvyzkVSXT","Connecticut Agricultural Experiment Station"
"e05aa139-0a6e-4b6d-a5e3-490e17c7327f","OSBS","D03","OSBS",,29.689282,-81.993431,"WGS84",,46.0,,"2014-05-20T20:50Z","2014-05-22T14:13Z","2015-01-06T12:00Z","2015-01-08T12:00Z","OSBS.2014.20.COQPER.F.T.04","OSBS.2014.4.Coquillettidia perturbans.Female.T4","No known compromise","CAES_Pathogen_testing_SOP_2014-05-06","Culture","Negative","UNKV",1,"Y",,,,,"Y",,"r4iH4e2lsYW4kI6RhiJwwMegvyzkVSXT","Connecticut Agricultural Experiment Station"
"1f051bbc-97fd-45e7-8c5d-1562e60f5bbb","OSBS","D03","OSBS",,29.689282,-81.993431,"WGS84",,46.0,,"2014-05-20T20:50Z","2014-05-22T14:13Z","2015-01-06T12:00Z","2015-01-08T12:00Z","OSBS.2014.20.CULSAL.F.T.01","OSBS.2014.4.Culex salinarius.Female.T1","No known compromise","CAES_Pathogen_testing_SOP_2014-05-06","Culture","Negative","UNKV",1,"Y",,,,,"Y",,"r4iH4e2lsYW4kI6RhiJwwMegvyzkVSXT","Connecticut Agricultural Experiment Station"
"b74fac87-c160-4c14-bfba-02d85d90fa30","OSBS","D03","OSBS",,29.689282,-81.993431,"WGS84",,46.0,,"2014-05-20T20:50Z","2014-05-22T14:13Z","2015-01-06T12:00Z","2015-01-08T12:00Z","OSBS.2014.20.COQPER.F.T.15","OSBS.2014.4.Coquillettidia perturbans.Female.T15","No known compromise","CAES_Pathogen_testing_SOP_2014-05-06","Culture","Negative","UNKV",1,"Y",,,,,"Y",,"r4iH4e2lsYW4kI6RhiJwwMegvyzkVSXT","Connecticut Agricultural Experiment Station"
"65a07fa1-dafb-482c-b832-fb1f2958b719","OSBS","D03","OSBS",,29.689282,-81.993431,"WGS84",,46.0,,"2014-05-20T20:50Z","2014-05-22T14:13Z","2015-01-06T12:00Z","2015-01-08T12:00Z","OSBS.2014.20.CULERR.F.T.10","OSBS.2014.4.Culex erraticus.Female.T10","No known compromise","CAES_Pathogen_testing_SOP_2014-05-06","Culture","Negative","UNKV",1,"Y",,,,,"Y",,"r4iH4e2lsYW4kI6RhiJwwMegvyzkVSXT","Connecticut Agricultural Experiment Station"
"12b7aeb0-8694-48a9-ab95-bb8f6f171eb8","OSBS","D03","OSBS",,29.689282,-81.993431,"WGS84",,46.0,,"2014-05-20T20:50Z","2014-05-22T14:13Z","2015-01-06T12:00Z","2015-01-08T12:00Z","OSBS.2014.20.COQPER.F.T.03","OSBS.2014.4.Coquillettidia perturbans.Female.T3","No known compromise","CAES_Pathogen_testing_SOP_2014-05-06","Culture","Negative","UNKV",1,"Y",,,,,"Y",,"r4iH4e2lsYW4kI6RhiJwwMegvyzkVSXT","Connecticut Agricultural Experiment Station"
"41effff6-d53e-4059-b630-5f9f95280007","OSBS","D03","OSBS",,29.689282,-81.993431,"WGS84",,46.0,,"2014-05-20T20:50Z","2014-05-22T14:13Z","2015-01-06T12:00Z","2015-01-08T12:00Z","OSBS.2014.20.COQPER.F.T.08","OSBS.2014.4.Coquillettidia perturbans.Female.T8","No known compromise","CAES_Pathogen_testing_SOP_2014-05-06","Culture","Negative","UNKV",1,"Y",,,,,"Y",,"r4iH4e2lsYW4kI6RhiJwwMegvyzkVSXT","Connecticut Agricultural Experiment Station"
"bbd55389-d7e4-415f-afa3-4a9119d2aa34","OSBS","D03","OSBS",,29.689282,-81.993431,"WGS84",,46.0,,"2014-05-20T20:50Z","2014-05-22T14:13Z","2015-01-06T12:00Z","2015-01-08T12:00Z","OSBS.2014.20.CULERR.F.T.09","OSBS.2014.4.Culex erraticus.Female.T9","No known compromise","CAES_Pathogen_testing_SOP_2014-05-06","Culture","Negative","UNKV",1,"Y",,,,,"Y",,"r4iH4e2lsYW4kI6RhiJwwMegvyzkVSXT","Connecticut Agricultural Experiment Station"
"7de9598e-e656-49e0-ac62-d6ba941fa142","OSBS","D03","OSBS",,29.689282,-81.993431,"WGS84",,46.0,,"2014-05-20T20:50Z","2014-05-22T14:13Z","2015-01-06T12:00Z","2015-01-08T12:00Z","OSBS.2014.20.CULERR.F.T.08","OSBS.2014.4.Culex erraticus.Female.T8","No known compromise","CAES_Pathogen_testing_SOP_2014-05-06","Culture","Negative","UNKV",1,"Y",,,,,"Y",,"r4iH4e2lsYW4kI6RhiJwwMegvyzkVSXT","Connecticut Agricultural Experiment Station"
"a6d29f52-6245-41c7-b19b-6d1fa3ead82d","OSBS","D03","OSBS",,29.689282,-81.993431,"WGS84",,46.0,,"2014-05-20T20:50Z","2014-05-22T14:13Z","2015-01-06T12:00Z","2015-01-08T12:00Z","OSBS.2014.20.COQPER.F.T.05","OSBS.2014.4.Coquillettidia perturbans.Female.T5","No known compromise","CAES_Pathogen_testing_SOP_2014-05-06","Culture","Negative","UNKV",1,"Y",,,,,"Y",,"r4iH4e2lsYW4kI6RhiJwwMegvyzkVSXT","Connecticut Agricultural Experiment Station"
"35380d01-1b01-4112-b7df-84ed4c65bd44","OSBS","D03","OSBS",,29.689282,-81.993431,"WGS84",,46.0,,"2014-05-20T20:50Z","2014-05-22T14:13Z","2015-01-06T12:00Z","2015-01-08T12:00Z","OSBS.2014.20.CULSAL.F.T.03","OSBS.2014.4.Culex salinarius.Female.T3","No known compromise","CAES_Pathogen_testing_SOP_2014-05-06","Culture","Negative","UNKV",1,"Y",,,,,"Y",,"r4iH4e2lsYW4kI6RhiJwwMegvyzkVSXT","Connecticut Agricultural Experiment Station"
"5021723f-fe81-4aa4-834e-fd277b6da583","OSBS","D03","OSBS",,29.689282,-81.993431,"WGS84",,46.0,,"2014-05-20T20:50Z","2014-05-22T14:13Z","2015-01-06T12:00Z","2015-01-08T12:00Z","OSBS.2014.20.CULERR.F.T.05","OSBS.2014.4.Culex erraticus.Female.T5","No known compromise","CAES_Pathogen_testing_SOP_2014-05-06","Culture","Negative","UNKV",1,"Y",,,,,"Y",,"r4iH4e2lsYW4kI6RhiJwwMegvyzkVSXT","Connecticut Agricultural Experiment Station"
"6f4bdfe0-ec75-4d4b-91bf-1326b19a49c9","OSBS","D03","OSBS",,29.689282,-81.993431,"WGS84",,46.0,,"2014-05-20T20:50Z","2014-05-22T14:13Z","2015-01-06T12:00Z","2015-01-08T12:00Z","OSBS.2014.20.CULERR.F.T.06","OSBS.2014.4.Culex erraticus.Female.T6","No known compromise","CAES_Pathogen_testing_SOP_2014-05-06","Culture","Negative","UNKV",1,"Y",,,,,"Y",,"r4iH4e2lsYW4kI6RhiJwwMegvyzkVSXT","Connecticut Agricultural Experiment Station"
"590d0ef7-60e0-4659-8d9f-64e6fa4cf895","OSBS","D03","OSBS",,29.689282,-81.993431,"WGS84",,46.0,,"2014-05-20T20:50Z","2014-05-22T14:13Z","2015-01-06T12:00Z","2015-01-08T12:00Z","OSBS.2014.20.CULERR.F.T.01","OSBS.2014.4.Culex erraticus.Female.T1","No known compromise","CAES_Pathogen_testing_SOP_2014-05-06","Culture","Negative","UNKV",1,"Y",,,,,"Y",,"r4iH4e2lsYW4kI6RhiJwwMegvyzkVSXT","Connecticut Agricultural Experiment Station"
"68b9ee92-e9f7-4775-82e7-c6a229975392","OSBS","D03","OSBS",,29.689282,-81.993431,"WGS84",,46.0,,"2014-05-20T20:50Z","2014-05-22T14:13Z","2015-01-06T12:00Z","2015-01-08T12:00Z","OSBS.2014.20.COQPER.F.T.11","OSBS.2014.4.Coquillettidia perturbans.Female.T11","No known compromise","CAES_Pathogen_testing_SOP_2014-05-06","Culture","Negative","UNKV",1,"Y",,,,,"Y",,"r4iH4e2lsYW4kI6RhiJwwMegvyzkVSXT","Connecticut Agricultural Experiment Station"
"c6b1ec2a-be08-4ee8-88a4-5a363130e742","OSBS","D03","OSBS",,29.689282,-81.993431,"WGS84",,46.0,,"2014-05-20T20:50Z","2014-05-22T14:13Z","2015-01-06T12:00Z","2015-01-08T12:00Z","OSBS.2014.20.CULERR.F.T.07","OSBS.2014.4.Culex erraticus.Female.T7","No known compromise","CAES_Pathogen_testing_SOP_2014-05-06","Culture","Negative","UNKV",1,"Y",,,,,"Y",,"r4iH4e2lsYW4kI6RhiJwwMegvyzkVSXT","Connecticut Agricultural Experiment Station"
"c62ed154-10ba-452f-9f66-c73ea0baba69","OSBS","D03","OSBS",,29.689282,-81.993431,"WGS84",,46.0,,"2014-05-20T20:50Z","2014-05-22T14:13Z","2015-01-06T12:00Z","2015-01-08T12:00Z","OSBS.2014.20.CULERR.F.T.04","OSBS.2014.4.Culex erraticus.Female.T4","No known compromise","CAES_Pathogen_testing_SOP_2014-05-06","Culture","Negative","UNKV",1,"Y",,,,,"Y",,"r4iH4e2lsYW4kI6RhiJwwMegvyzkVSXT","Connecticut Agricultural Experiment Station"
"56fe5003-98fe-4ce2-9495-6e7b7e0cb931","OSBS","D03","OSBS",,29.689282,-81.993431,"WGS84",,46.0,,"2014-05-20T20:50Z","2014-05-22T14:13Z","2015-01-06T12:00Z","2015-01-15T12:00Z","OSBS.2014.20.COQPER.F.T.01","OSBS.2014.4.Coquillettidia perturbans.Female.T1","No known compromise","CAES_Pathogen_testing_SOP_2014-05-06","Culture","Negative","UNKV",2,"Y",,,,,"Y",,"r4iH4e2lsYW4kI6RhiJwwMegvyzkVSXT","Connecticut Agricultural Experiment Station"
"82f6ae6c-c2b9-496d-8b82-8834f9967974","OSBS","D03","OSBS",,29.689282,-81.993431,"WGS84",,46.0,,"2014-05-20T20:50Z","2014-05-22T14:13Z","2015-01-06T12:00Z","2015-01-15T12:00Z","OSBS.2014.20.COQPER.F.T.09","OSBS.2014.4.Coquillettidia perturbans.Female.T9","No known compromise","CAES_Pathogen_testing_SOP_2014-05-06","Culture","Negative","UNKV",2,"Y",,,,,"Y",,"r4iH4e2lsYW4kI6RhiJwwMegvyzkVSXT","Connecticut Agricultural Experiment Station"
"7539022f-c56d-43b6-ade6-0c84c96469c6","OSBS","D03","OSBS",,29.689282,-81.993431,"WGS84",,46.0,,"2014-05-20T20:50Z","2014-05-22T14:13Z","2015-01-06T12:00Z","2015-01-15T12:00Z","OSBS.2014.20.COQPER.F.T.13","OSBS.2014.4.Coquillettidia perturbans.Female.T13","No known compromise","CAES_Pathogen_testing_SOP_2014-05-06","Culture","Negative","UNKV",2,"Y",,,,,"Y",,"r4iH4e2lsYW4kI6RhiJwwMegvyzkVSXT","Connecticut Agricultural Experiment Station"
"231d3977-7f48-4062-a815-e6b9a13c24ee","OSBS","D03","OSBS",,29.689282,-81.993431,"WGS84",,46.0,,"2014-05-20T20:50Z","2014-05-22T14:13Z","2015-01-06T12:00Z","2015-01-08T12:00Z","OSBS.2014.20.COQPER.F.T.06","OSBS.2014.4.Coquillettidia perturbans.Female.T6","No known compromise","CAES_Pathogen_testing_SOP_2014-05-06","Culture","Negative","UNKV",1,"Y",,,,,"Y",,"r4iH4e2lsYW4kI6RhiJwwMegvyzkVSXT","Connecticut Agricultural Experiment Station"
