uid,namedLocation,domainID,siteID,startCollectDate,endCollectDate,testingID,testingVialID,poolSize,dataQF
"808d6f30-e995-45fd-91ac-370ff1a2f388","OSBS","D03","OSBS","2014-05-05T20:53Z","2014-05-07T14:13Z","OSBS.2014.18.COQPER.F.T","OSBS.2014.18.COQPER.F.T.01",50,
"3d8004f8-2b3b-46f0-bf44-fca044c6516e","OSBS","D03","OSBS","2014-05-05T20:53Z","2014-05-07T14:13Z","OSBS.2014.18.COQPER.F.T","OSBS.2014.18.COQPER.F.T.11",50,
"6dc3035c-5d20-43c8-b110-3c186d0c04fd","OSBS","D03","OSBS","2014-05-05T20:53Z","2014-05-07T14:13Z","OSBS.2014.18.COQPER.F.T","OSBS.2014.18.COQPER.F.T.12",50,
"e2864e33-0d7c-4375-bb01-997071ec8e8b","OSBS","D03","OSBS","2014-05-05T20:53Z","2014-05-07T14:13Z","OSBS.2014.18.CULERR.F.T","OSBS.2014.18.CULERR.F.T.02",50,
"95cf479a-da32-494c-9a7b-16b1e756774b","OSBS","D03","OSBS","2014-05-05T20:53Z","2014-05-07T14:13Z","OSBS.2014.18.CULERR.F.T","OSBS.2014.18.CULERR.F.T.08",50,
"20d77fd9-bb73-4482-851c-7302fc13f79a","OSBS","D03","OSBS","2014-05-05T20:53Z","2014-05-07T14:13Z","OSBS.2014.18.COQPER.F.T","OSBS.2014.18.COQPER.F.T.13",50,
"6c2e1676-47f6-4e31-8a47-dc360ba2dd92","OSBS","D03","OSBS","2014-05-05T20:53Z","2014-05-07T14:13Z","OSBS.2014.18.CULERR.F.T","OSBS.2014.18.CULERR.F.T.01",50,
"7df1a145-2af3-478e-8a3d-cc715905b274","OSBS","D03","OSBS","2014-05-05T20:53Z","2014-05-07T14:13Z","OSBS.2014.18.COQPER.F.T","OSBS.2014.18.COQPER.F.T.15",50,
"1c398629-b3f9-45b3-9aff-84003dac6c6f","OSBS","D03","OSBS","2014-05-05T20:53Z","2014-05-07T14:13Z","OSBS.2014.18.CULERR.F.T","OSBS.2014.18.CULERR.F.T.04",50,
"2fb9bcd1-e833-4a4c-9b7d-959bc9e49340","OSBS","D03","OSBS","2014-05-05T20:53Z","2014-05-07T14:13Z","OSBS.2014.18.CULERR.F.T","OSBS.2014.18.CULERR.F.T.06",50,
"a219cbe6-53e8-4f65-83f2-9339a1f2b9b1","OSBS","D03","OSBS","2014-05-05T20:53Z","2014-05-07T14:13Z","OSBS.2014.18.CULERR.F.T","OSBS.2014.18.CULERR.F.T.05",50,
"dcdb46ff-87e8-4c9c-8506-8d95648b831c","OSBS","D03","OSBS","2014-05-05T20:53Z","2014-05-07T14:13Z","OSBS.2014.18.CULERR.F.T","OSBS.2014.18.CULERR.F.T.10",50,
"3c842349-a8f6-46d1-9116-bb10fcc6ef90","OSBS","D03","OSBS","2014-05-05T20:53Z","2014-05-07T14:13Z","OSBS.2014.18.CULERR.F.T","OSBS.2014.18.CULERR.F.T.09",50,
"f460e0d6-6cd4-4edf-bb32-e252e7a6e3c3","OSBS","D03","OSBS","2014-05-05T20:53Z","2014-05-07T14:13Z","OSBS.2014.18.COQPER.F.T","OSBS.2014.18.COQPER.F.T.14",50,
"84a702c9-5695-49e9-b7d4-5c28aea2d010","OSBS","D03","OSBS","2014-05-05T20:53Z","2014-05-07T14:13Z","OSBS.2014.18.CULERR.F.T","OSBS.2014.18.CULERR.F.T.03",50,
"38ea3913-3cc4-4ad5-96c9-dc3713602de8","OSBS","D03","OSBS","2014-05-05T20:53Z","2014-05-07T14:13Z","OSBS.2014.18.CULERR.F.T","OSBS.2014.18.CULERR.F.T.07",50,
"63c7c9cd-72f3-46aa-a0b3-d3dcef96e359","OSBS","D03","OSBS","2014-05-05T20:53Z","2014-05-07T14:13Z","OSBS.2014.18.COQPER.F.T","OSBS.2014.18.COQPER.F.T.08",50,
"6597eaab-5ed0-4534-8de1-b093c51e2dde","OSBS","D03","OSBS","2014-05-05T20:53Z","2014-05-07T14:13Z","OSBS.2014.18.COQPER.F.T","OSBS.2014.18.COQPER.F.T.02",50,
"fb161f35-2455-4890-bace-3db555c86491","OSBS","D03","OSBS","2014-05-05T20:53Z","2014-05-07T14:13Z","OSBS.2014.18.COQPER.F.T","OSBS.2014.18.COQPER.F.T.10",50,
"e91f6eb6-2845-49a6-ba8f-1dfe930903bf","OSBS","D03","OSBS","2014-05-05T20:53Z","2014-05-07T14:13Z","OSBS.2014.18.COQPER.F.T","OSBS.2014.18.COQPER.F.T.03",50,
"fabe5aa4-7e03-4e59-acbd-724bbe7142ef","OSBS","D03","OSBS","2014-05-05T20:53Z","2014-05-07T14:13Z","OSBS.2014.18.COQPER.F.T","OSBS.2014.18.COQPER.F.T.07",50,
"ecb21c5c-9921-4b3e-b31c-0b8a2f839b90","OSBS","D03","OSBS","2014-05-05T20:53Z","2014-05-07T14:13Z","OSBS.2014.18.COQPER.F.T","OSBS.2014.18.COQPER.F.T.06",50,
"e1e59331-f5d7-4e9a-8bcb-9bd8fd71bf8f","OSBS","D03","OSBS","2014-05-05T20:53Z","2014-05-07T14:13Z","OSBS.2014.18.COQPER.F.T","OSBS.2014.18.COQPER.F.T.09",50,
"3879b05f-89ec-4abc-bb1f-cc26e95a7a25","OSBS","D03","OSBS","2014-05-05T20:53Z","2014-05-07T14:13Z","OSBS.2014.18.COQPER.F.T","OSBS.2014.18.COQPER.F.T.05",50,
"b2e01221-31ef-4eab-b504-2cda3ab0e921","OSBS","D03","OSBS","2014-05-05T20:53Z","2014-05-07T14:13Z","OSBS.2014.18.COQPER.F.T","OSBS.2014.18.COQPER.F.T.04",50,
"8e1af6d4-a7c3-4c79-b9a5-119058aa2df9","OSBS","D03","OSBS","2014-05-05T21:02Z","2014-05-07T14:13Z","OSBS.2014.18.CULSAL.F.T","OSBS.2014.18.CULSAL.F.T.02",50,
"b06a8ad8-ab03-49e8-aac8-67aa742966da","OSBS","D03","OSBS","2014-05-05T21:02Z","2014-05-07T14:13Z","OSBS.2014.18.CULSAL.F.T","OSBS.2014.18.CULSAL.F.T.03",50,
"9ea87c35-1f98-4657-be36-a8e89e494938","OSBS","D03","OSBS","2014-05-05T21:02Z","2014-05-07T14:13Z","OSBS.2014.18.CULSAL.F.T","OSBS.2014.18.CULSAL.F.T.01",50,
"e0db6c28-57bb-47ce-8b68-7ede42388ac5","OSBS","D03","OSBS","2014-05-20T20:50Z","2014-05-22T14:13Z","OSBS.2014.20.COQPER.F.T","OSBS.2014.20.COQPER.F.T.08",50,
"65d9d553-7d2e-4f93-8402-1473c60db811","OSBS","D03","OSBS","2014-05-20T20:50Z","2014-05-22T14:13Z","OSBS.2014.20.COQPER.F.T","OSBS.2014.20.COQPER.F.T.02",50,
"45476fab-1520-4aea-81ac-581497b15546","OSBS","D03","OSBS","2014-05-20T20:50Z","2014-05-22T14:13Z","OSBS.2014.20.COQPER.F.T","OSBS.2014.20.COQPER.F.T.01",50,
"f6b93cf0-0dfe-4aa3-a313-2d85e0facf21","OSBS","D03","OSBS","2014-05-20T20:50Z","2014-05-22T14:13Z","OSBS.2014.20.CULERR.F.T","OSBS.2014.20.CULERR.F.T.01",50,
"a9228d91-aa33-46ab-a034-cdd43f90d76d","OSBS","D03","OSBS","2014-05-20T20:50Z","2014-05-22T14:13Z","OSBS.2014.20.COQPER.F.T","OSBS.2014.20.COQPER.F.T.15",50,
"1ef0431c-cbdf-4fbb-8c68-129d60c95b43","OSBS","D03","OSBS","2014-05-20T20:50Z","2014-05-22T14:13Z","OSBS.2014.20.COQPER.F.T","OSBS.2014.20.COQPER.F.T.13",50,
"7abd5617-bfbe-48c3-ad62-32afc1582301","OSBS","D03","OSBS","2014-05-20T20:50Z","2014-05-22T14:13Z","OSBS.2014.20.CULERR.F.T","OSBS.2014.20.CULERR.F.T.04",50,
"62bc9cdb-035b-44c4-be67-d12d675d263d","OSBS","D03","OSBS","2014-05-20T20:50Z","2014-05-22T14:13Z","OSBS.2014.20.CULSAL.F.T","OSBS.2014.20.CULSAL.F.T.02",50,
"43126b2b-11e7-4766-92f3-cf79e339e4c5","OSBS","D03","OSBS","2014-05-20T20:50Z","2014-05-22T14:13Z","OSBS.2014.20.COQPER.F.T","OSBS.2014.20.COQPER.F.T.11",50,
"f2b5dd97-955f-4e17-a043-46ec18e4d7b1","OSBS","D03","OSBS","2014-05-20T20:50Z","2014-05-22T14:13Z","OSBS.2014.20.CULERR.F.T","OSBS.2014.20.CULERR.F.T.06",50,
"b2166fd4-fd9d-4d1e-b7fa-23e5ec95d38e","OSBS","D03","OSBS","2014-05-20T20:50Z","2014-05-22T14:13Z","OSBS.2014.20.COQPER.F.T","OSBS.2014.20.COQPER.F.T.10",50,
"c54e2fb3-5362-47f2-8c98-919b146d4aa2","OSBS","D03","OSBS","2014-05-20T20:50Z","2014-05-22T14:13Z","OSBS.2014.20.COQPER.F.T","OSBS.2014.20.COQPER.F.T.07",50,
"d5da5ea8-57b1-4afc-af67-aef0474f3961","OSBS","D03","OSBS","2014-05-20T20:50Z","2014-05-22T14:13Z","OSBS.2014.20.CULERR.F.T","OSBS.2014.20.CULERR.F.T.10",50,
"78bc5089-81a9-42df-a987-e0b545c86d0d","OSBS","D03","OSBS","2014-05-20T20:50Z","2014-05-22T14:13Z","OSBS.2014.20.CULERR.F.T","OSBS.2014.20.CULERR.F.T.08",50,
"ec8d24a7-279e-44ba-98fc-fec3d111587b","OSBS","D03","OSBS","2014-05-20T20:50Z","2014-05-22T14:13Z","OSBS.2014.20.COQPER.F.T","OSBS.2014.20.COQPER.F.T.06",50,
"b73100ab-dbf4-4f92-b414-665b1e9cbde6","OSBS","D03","OSBS","2014-05-20T20:50Z","2014-05-22T14:13Z","OSBS.2014.20.COQPER.F.T","OSBS.2014.20.COQPER.F.T.03",50,
"1c2c9aba-764d-496d-8065-bafa4947ac8c","OSBS","D03","OSBS","2014-05-20T20:50Z","2014-05-22T14:13Z","OSBS.2014.20.CULSAL.F.T","OSBS.2014.20.CULSAL.F.T.03",50,
"2f20727d-36af-4fda-9c5e-9048de314dd6","OSBS","D03","OSBS","2014-05-20T20:50Z","2014-05-22T14:13Z","OSBS.2014.20.COQPER.F.T","OSBS.2014.20.COQPER.F.T.09",50,
"fd5fcf57-7308-44c1-8313-cd257f313de0","OSBS","D03","OSBS","2014-05-20T20:50Z","2014-05-22T14:13Z","OSBS.2014.20.CULERR.F.T","OSBS.2014.20.CULERR.F.T.03",50,
"3ef80007-252d-4b35-9b3a-5510efd0888c","OSBS","D03","OSBS","2014-05-20T20:50Z","2014-05-22T14:13Z","OSBS.2014.20.CULERR.F.T","OSBS.2014.20.CULERR.F.T.09",50,
"720ae623-a77c-48dd-a926-eb717743d836","OSBS","D03","OSBS","2014-05-20T20:50Z","2014-05-22T14:13Z","OSBS.2014.20.CULERR.F.T","OSBS.2014.20.CULERR.F.T.07",50,
"b898d455-625d-4f97-9e4c-51b0a2e0d9ef","OSBS","D03","OSBS","2014-05-20T20:50Z","2014-05-22T14:13Z","OSBS.2014.20.COQPER.F.T","OSBS.2014.20.COQPER.F.T.12",50,
"b84ad681-18f3-4b17-b5c8-8852cfc835e9","OSBS","D03","OSBS","2014-05-20T20:50Z","2014-05-22T14:13Z","OSBS.2014.20.COQPER.F.T","OSBS.2014.20.COQPER.F.T.05",50,
"1db956ae-614a-4a6d-8dbd-e7f58fb41915","OSBS","D03","OSBS","2014-05-20T20:50Z","2014-05-22T14:13Z","OSBS.2014.20.CULSAL.F.T","OSBS.2014.20.CULSAL.F.T.01",50,
"2448899a-77e8-4153-9ae1-79db232a800c","OSBS","D03","OSBS","2014-05-20T20:50Z","2014-05-22T14:13Z","OSBS.2014.20.COQPER.F.T","OSBS.2014.20.COQPER.F.T.14",50,
"dd4115e5-367c-4c2c-b006-e7c2796599ec","OSBS","D03","OSBS","2014-05-20T20:50Z","2014-05-22T14:13Z","OSBS.2014.20.CULERR.F.T","OSBS.2014.20.CULERR.F.T.02",50,
"658bfbc8-f572-48ee-9ba7-1c57757c7133","OSBS","D03","OSBS","2014-05-20T20:50Z","2014-05-22T14:13Z","OSBS.2014.20.CULERR.F.T","OSBS.2014.20.CULERR.F.T.05",50,
"3a8971b9-acdb-40ba-9880-b9f7965397d1","OSBS","D03","OSBS","2014-05-20T20:50Z","2014-05-22T14:13Z","OSBS.2014.20.COQPER.F.T","OSBS.2014.20.COQPER.F.T.04",50,
