uid,namedLocation,domainID,siteID,startCollectDate,endCollectDate,testingID,testingVialID,poolSize,dataQF
"0c7a28ab-82ec-42e2-a88d-c76608fae952","SERC","D02","SERC","2015-08-10T20:15Z","2015-08-12T12:55Z","SERC.2015.32.AEDVEX.F.T","SERC.2015.32.AEDVEX.F.T.01",40,
"47640b20-f97e-4842-a922-acb14f67498b","SERC","D02","SERC","2015-08-10T20:15Z","2015-08-12T12:59Z","SERC.2015.32.CULSAL.F.T","SERC.2015.32.CULSAL.F.T.39",39,
"386f3f58-e4f4-476e-9fad-551cbf581371","SERC","D02","SERC","2015-08-10T20:15Z","2015-08-12T12:59Z","SERC.2015.32.CULSAL.F.T","SERC.2015.32.CULSAL.F.T.27",40,
"c048ae6e-be0a-494e-9e18-2db6b96a6650","SERC","D02","SERC","2015-08-10T20:15Z","2015-08-12T12:59Z","SERC.2015.32.CULSAL.F.T","SERC.2015.32.CULSAL.F.T.48",39,
"374a430a-606b-4995-ab1f-5018f8ae7756","SERC","D02","SERC","2015-08-10T20:15Z","2015-08-12T12:59Z","SERC.2015.32.CULSAL.F.T","SERC.2015.32.CULSAL.F.T.55",39,
"7d102051-132a-4c9e-bf78-058b571d9fc9","SERC","D02","SERC","2015-08-10T20:15Z","2015-08-12T12:59Z","SERC.2015.32.CULSAL.F.T","SERC.2015.32.CULSAL.F.T.52",39,
"f0e3af3f-5c5a-4ac5-a90e-f0fab8f9572e","SERC","D02","SERC","2015-08-10T20:15Z","2015-08-12T12:59Z","SERC.2015.32.CULSAL.F.T","SERC.2015.32.CULSAL.F.T.47",39,
"1910a581-f9f7-4628-88a7-c31b9f09885a","SERC","D02","SERC","2015-08-10T20:15Z","2015-08-12T12:59Z","SERC.2015.32.CULSAL.F.T","SERC.2015.32.CULSAL.F.T.44",39,
"9b639e40-b68c-4113-a931-da83779769f2","SERC","D02","SERC","2015-08-10T20:15Z","2015-08-12T12:59Z","SERC.2015.32.CULSAL.F.T","SERC.2015.32.CULSAL.F.T.33",39,
"5776c118-a76e-4bfc-9f8b-fbe1b7528172","SERC","D02","SERC","2015-08-10T20:15Z","2015-08-12T12:59Z","SERC.2015.32.CULSAL.F.T","SERC.2015.32.CULSAL.F.T.17",40,
"fec62cf3-1648-4b0d-a85d-a7f24b6746db","SERC","D02","SERC","2015-08-10T20:15Z","2015-08-12T12:59Z","SERC.2015.32.CULSAL.F.T","SERC.2015.32.CULSAL.F.T.19",40,
"791b2147-cf39-4083-84ca-55218fbd11cf","SERC","D02","SERC","2015-08-10T20:15Z","2015-08-12T12:59Z","SERC.2015.32.CULSAL.F.T","SERC.2015.32.CULSAL.F.T.32",39,
"c21c0f2e-78d4-4d9a-9410-c6c8a370a11b","SERC","D02","SERC","2015-08-10T20:15Z","2015-08-12T12:59Z","SERC.2015.32.CULSAL.F.T","SERC.2015.32.CULSAL.F.T.45",39,
"c8a4577f-4a1c-4f89-b872-1d4c7101d909","SERC","D02","SERC","2015-08-10T20:15Z","2015-08-12T12:59Z","SERC.2015.32.CULSAL.F.T","SERC.2015.32.CULSAL.F.T.22",40,
"2882d8be-6c04-4120-8588-9873ec0233be","SERC","D02","SERC","2015-08-10T20:15Z","2015-08-12T12:59Z","SERC.2015.32.CULSAL.F.T","SERC.2015.32.CULSAL.F.T.21",40,
"57d8f643-5400-499b-994d-b3b64a0a53a2","SERC","D02","SERC","2015-08-10T20:15Z","2015-08-12T12:59Z","SERC.2015.32.CULSAL.F.T","SERC.2015.32.CULSAL.F.T.29",40,
"2020e0a5-519b-4014-a395-253e1f7f1ab5","SERC","D02","SERC","2015-08-10T20:15Z","2015-08-12T12:59Z","SERC.2015.32.CULSAL.F.T","SERC.2015.32.CULSAL.F.T.59",39,
"5bad9bec-ca82-4fcd-b5c2-bab324d0103e","SERC","D02","SERC","2015-08-10T20:15Z","2015-08-12T12:59Z","SERC.2015.32.CULSAL.F.T","SERC.2015.32.CULSAL.F.T.49",39,
"4ca43e04-7f77-411f-8237-bdfd04add878","SERC","D02","SERC","2015-08-10T20:15Z","2015-08-12T12:59Z","SERC.2015.32.CULSAL.F.T","SERC.2015.32.CULSAL.F.T.56",39,
"5b8fc05d-b4cc-4a1d-9212-b40d51c0310d","SERC","D02","SERC","2015-08-10T20:15Z","2015-08-12T12:59Z","SERC.2015.32.CULSAL.F.T","SERC.2015.32.CULSAL.F.T.57",39,
"ea125da9-93f7-4b66-bdc1-488311df87ba","SERC","D02","SERC","2015-08-10T20:15Z","2015-08-12T12:59Z","SERC.2015.32.CULSAL.F.T","SERC.2015.32.CULSAL.F.T.31",39,
"ba9df194-5d93-4c59-89fc-b9c4b500862f","SERC","D02","SERC","2015-08-10T20:15Z","2015-08-12T12:59Z","SERC.2015.32.CULSAL.F.T","SERC.2015.32.CULSAL.F.T.40",39,
"9b08995f-bc5c-4fb6-b6b4-721de01e5e0f","SERC","D02","SERC","2015-08-10T20:15Z","2015-08-12T12:59Z","SERC.2015.32.CULSAL.F.T","SERC.2015.32.CULSAL.F.T.30",39,
"31350fa7-8bf8-45b9-a463-72582d162171","SERC","D02","SERC","2015-08-10T20:15Z","2015-08-12T12:59Z","SERC.2015.32.CULSAL.F.T","SERC.2015.32.CULSAL.F.T.18",40,
"c28864b4-4901-4808-829f-8a86671b74b3","SERC","D02","SERC","2015-08-10T20:15Z","2015-08-12T12:59Z","SERC.2015.32.CULSAL.F.T","SERC.2015.32.CULSAL.F.T.41",39,
"472301da-c770-47d4-8392-526185ec5b98","SERC","D02","SERC","2015-08-10T20:15Z","2015-08-12T12:59Z","SERC.2015.32.CULSAL.F.T","SERC.2015.32.CULSAL.F.T.13",40,
"765d6bdc-c0a1-42b6-927e-9931a6b89940","SERC","D02","SERC","2015-08-10T20:15Z","2015-08-12T12:59Z","SERC.2015.32.CULSAL.F.T","SERC.2015.32.CULSAL.F.T.24",40,
"66804855-6836-46e4-9b03-211ca9a91f05","SERC","D02","SERC","2015-08-10T20:15Z","2015-08-12T12:59Z","SERC.2015.32.CULSAL.F.T","SERC.2015.32.CULSAL.F.T.37",39,
"2c243806-c93e-48d7-936f-3c32d6ca49e5","SERC","D02","SERC","2015-08-10T20:15Z","2015-08-12T12:59Z","SERC.2015.32.CULSAL.F.T","SERC.2015.32.CULSAL.F.T.36",39,
"88a681fb-a012-477f-bad7-d2895325f4a5","SERC","D02","SERC","2015-08-10T20:15Z","2015-08-12T12:59Z","SERC.2015.32.CULSAL.F.T","SERC.2015.32.CULSAL.F.T.15",40,
"f6e4e211-3b6b-4767-a89a-7355cca7f48e","SERC","D02","SERC","2015-08-10T20:15Z","2015-08-12T12:59Z","SERC.2015.32.CULSAL.F.T","SERC.2015.32.CULSAL.F.T.51",39,
"3e9b7c48-ec0d-4238-895c-0206f08e8c82","SERC","D02","SERC","2015-08-10T20:15Z","2015-08-12T12:59Z","SERC.2015.32.CULSAL.F.T","SERC.2015.32.CULSAL.F.T.50",39,
"cc023295-7194-417d-a304-998b07817b20","SERC","D02","SERC","2015-08-10T20:15Z","2015-08-12T12:59Z","SERC.2015.32.CULSAL.F.T","SERC.2015.32.CULSAL.F.T.28",40,
"ca7fbc0f-ce25-453b-b019-9bd98aba63e2","SERC","D02","SERC","2015-08-10T20:15Z","2015-08-12T12:59Z","SERC.2015.32.CULSAL.F.T","SERC.2015.32.CULSAL.F.T.43",39,
"f7afe81f-403a-44a0-97f3-87a366060ffc","SERC","D02","SERC","2015-08-10T20:15Z","2015-08-12T12:59Z","SERC.2015.32.CULSAL.F.T","SERC.2015.32.CULSAL.F.T.14",40,
"db2382c7-47c0-4d8f-901e-0de2ccbc5d34","SERC","D02","SERC","2015-08-10T20:15Z","2015-08-12T12:59Z","SERC.2015.32.CULSAL.F.T","SERC.2015.32.CULSAL.F.T.25",40,
"6f34d26a-48ce-415c-8002-3abfa3b896b8","SERC","D02","SERC","2015-08-10T20:15Z","2015-08-12T12:59Z","SERC.2015.32.CULSAL.F.T","SERC.2015.32.CULSAL.F.T.02",40,
"27b1253f-5a65-4d0d-a4f1-c145535c6939","SERC","D02","SERC","2015-08-10T20:15Z","2015-08-12T12:59Z","SERC.2015.32.CULSAL.F.T","SERC.2015.32.CULSAL.F.T.08",40,
"e778dbdb-0529-4068-9162-ef4bf5f0c8d0","SERC","D02","SERC","2015-08-10T20:15Z","2015-08-12T12:59Z","SERC.2015.32.CULSAL.F.T","SERC.2015.32.CULSAL.F.T.11",40,
"863b8eee-d135-46fa-962f-ff94e52a846a","SERC","D02","SERC","2015-08-10T20:15Z","2015-08-12T12:59Z","SERC.2015.32.CULSAL.F.T","SERC.2015.32.CULSAL.F.T.03",40,
"a9c90161-8ba4-4604-b709-482abaecfdec","SERC","D02","SERC","2015-08-10T20:15Z","2015-08-12T12:59Z","SERC.2015.32.CULSAL.F.T","SERC.2015.32.CULSAL.F.T.05",40,
"5d345229-f623-4324-9a30-64a4c79a5b8f","SERC","D02","SERC","2015-08-10T20:15Z","2015-08-12T12:59Z","SERC.2015.32.CULSAL.F.T","SERC.2015.32.CULSAL.F.T.01",40,
"4fa332b4-056a-4722-a3f5-6fec25f3f5ea","SERC","D02","SERC","2015-08-10T20:15Z","2015-08-12T12:59Z","SERC.2015.32.CULSAL.F.T","SERC.2015.32.CULSAL.F.T.10",40,
"549eaf72-3586-4af5-8e94-b094ddd40d2e","SERC","D02","SERC","2015-08-10T20:15Z","2015-08-12T12:59Z","SERC.2015.32.CULSAL.F.T","SERC.2015.32.CULSAL.F.T.07",40,
"489b8f60-d3c2-47ad-b882-bfb6bdd52a3d","SERC","D02","SERC","2015-08-10T20:15Z","2015-08-12T12:59Z","SERC.2015.32.CULSAL.F.T","SERC.2015.32.CULSAL.F.T.06",40,
"990d70d4-9132-4f56-bedf-13de43decd86","SERC","D02","SERC","2015-08-10T20:15Z","2015-08-12T12:59Z","SERC.2015.32.CULSAL.F.T","SERC.2015.32.CULSAL.F.T.09",40,
"5313168d-16c4-4aa7-bdd2-0b4b6713cb47","SERC","D02","SERC","2015-08-10T20:15Z","2015-08-12T12:59Z","SERC.2015.32.CULSAL.F.T","SERC.2015.32.CULSAL.F.T.04",40,
"fdab8eb9-d223-4613-b3d0-526175ab4f1a","SERC","D02","SERC","2015-08-10T20:15Z","2015-08-12T12:59Z","SERC.2015.32.CULSAL.F.T","SERC.2015.32.CULSAL.F.T.34",39,
"f5126e9c-8441-433a-8556-5a12eeb47d48","SERC","D02","SERC","2015-08-10T20:15Z","2015-08-12T12:59Z","SERC.2015.32.CULSAL.F.T","SERC.2015.32.CULSAL.F.T.26",40,
"0f2bed54-0bbf-49c0-a506-7d657102f791","SERC","D02","SERC","2015-08-10T20:15Z","2015-08-12T12:59Z","SERC.2015.32.CULSAL.F.T","SERC.2015.32.CULSAL.F.T.53",39,
"250160bd-bb13-479a-b537-2c2833a875f6","SERC","D02","SERC","2015-08-10T20:15Z","2015-08-12T12:59Z","SERC.2015.32.CULSAL.F.T","SERC.2015.32.CULSAL.F.T.42",39,
"378606cd-f843-4a16-ad12-0f34e86517de","SERC","D02","SERC","2015-08-10T20:15Z","2015-08-12T12:59Z","SERC.2015.32.CULSAL.F.T","SERC.2015.32.CULSAL.F.T.23",40,
"141c3f3e-7aa1-4128-8561-bbc05761670b","SERC","D02","SERC","2015-08-10T20:15Z","2015-08-12T12:59Z","SERC.2015.32.CULSAL.F.T","SERC.2015.32.CULSAL.F.T.12",40,
"3ecb324b-5333-46d0-b6a8-a28915ebd47e","SERC","D02","SERC","2015-08-10T20:15Z","2015-08-12T12:59Z","SERC.2015.32.CULSAL.F.T","SERC.2015.32.CULSAL.F.T.35",39,
"1e3b0101-5c41-4975-91db-cadc9023c9b7","SERC","D02","SERC","2015-08-10T20:15Z","2015-08-12T12:59Z","SERC.2015.32.CULSAL.F.T","SERC.2015.32.CULSAL.F.T.16",40,
"db7ab911-a846-4634-afa1-a4864cda7fdc","SERC","D02","SERC","2015-08-10T20:15Z","2015-08-12T12:59Z","SERC.2015.32.CULSAL.F.T","SERC.2015.32.CULSAL.F.T.38",39,
"63d92c49-8a49-48ee-85a9-9ffc9e77b4ad","SERC","D02","SERC","2015-08-10T20:15Z","2015-08-12T12:59Z","SERC.2015.32.CULSAL.F.T","SERC.2015.32.CULSAL.F.T.20",40,
"c086f528-f8d3-4d2c-b26c-b09903f5eb09","SERC","D02","SERC","2015-08-10T20:15Z","2015-08-12T12:59Z","SERC.2015.32.CULSAL.F.T","SERC.2015.32.CULSAL.F.T.46",39,
"1182bee4-a884-4958-9186-30053ed59a91","SERC","D02","SERC","2015-08-10T20:15Z","2015-08-12T12:59Z","SERC.2015.32.CULSAL.F.T","SERC.2015.32.CULSAL.F.T.58",39,
"46d425ab-7cf2-4e9d-8b8f-66f7a006137a","SERC","D02","SERC","2015-08-10T20:15Z","2015-08-12T12:59Z","SERC.2015.32.CULSAL.F.T","SERC.2015.32.CULSAL.F.T.54",39,
