uid,namedLocation,domainID,siteID,startCollectDate,endCollectDate,testingID,testingVialID,poolSize,dataQF
"9e43e8c3-dfae-429b-940e-b8f38ffdf524","KONZ","D06","KONZ","2016-08-10T21:22Z","2016-08-12T13:21Z","KONZ.2016.32.CULERR.F.T","KONZ.2016.32.CULERR.F.T.01",15,
"2997562e-8873-46ca-bdbb-84c4d3d83a8f","KONZ","D06","KONZ","2016-08-10T21:22Z","2016-08-12T13:44Z","KONZ.2016.32.AEDVEX.F.T","KONZ.2016.32.AEDVEX.F.T.17",39,
"59dd5d7d-592c-41f2-95da-253835074e62","KONZ","D06","KONZ","2016-08-10T21:22Z","2016-08-12T13:44Z","KONZ.2016.32.AEDVEX.F.T","KONZ.2016.32.AEDVEX.F.T.01",40,
"ffd90e5b-ca6c-493e-bda2-293bb8388427","KONZ","D06","KONZ","2016-08-10T21:22Z","2016-08-12T13:44Z","KONZ.2016.32.AEDVEX.F.T","KONZ.2016.32.AEDVEX.F.T.05",40,
"ac44f6a3-03d7-4360-8919-eaa1acabbd0b","KONZ","D06","KONZ","2016-08-10T21:22Z","2016-08-12T13:44Z","KONZ.2016.32.AEDVEX.F.T","KONZ.2016.32.AEDVEX.F.T.03",40,
"297801d0-5313-47f5-838d-6117b4b4a5be","KONZ","D06","KONZ","2016-08-10T21:22Z","2016-08-12T13:44Z","KONZ.2016.32.AEDVEX.F.T","KONZ.2016.32.AEDVEX.F.T.04",40,
"f06f136e-d705-4a94-ad4d-62f1c4bd2fd0","KONZ","D06","KONZ","2016-08-10T21:22Z","2016-08-12T13:44Z","KONZ.2016.32.AEDVEX.F.T","KONZ.2016.32.AEDVEX.F.T.02",40,
"0dddc166-23fb-44e0-8ef8-51d4528d68dd","KONZ","D06","KONZ","2016-08-10T21:22Z","2016-08-12T13:44Z","KONZ.2016.32.AEDVEX.F.T","KONZ.2016.32.AEDVEX.F.T.13",39,
"893aadc9-a2eb-42ab-94a5-ab9933cf80f8","KONZ","D06","KONZ","2016-08-10T21:22Z","2016-08-12T13:44Z","KONZ.2016.32.AEDVEX.F.T","KONZ.2016.32.AEDVEX.F.T.07",40,
"c220af0e-a881-4a15-965a-2b28004aa3be","KONZ","D06","KONZ","2016-08-10T21:22Z","2016-08-12T13:44Z","KONZ.2016.32.AEDVEX.F.T","KONZ.2016.32.AEDVEX.F.T.15",39,
"9bf13b18-7a6d-4c23-9f70-8aace70e5145","KONZ","D06","KONZ","2016-08-10T21:22Z","2016-08-12T13:44Z","KONZ.2016.32.AEDVEX.F.T","KONZ.2016.32.AEDVEX.F.T.08",40,
"26f5066c-9506-4039-a16a-1bffc7ab11fd","KONZ","D06","KONZ","2016-08-10T21:22Z","2016-08-12T13:44Z","KONZ.2016.32.AEDVEX.F.T","KONZ.2016.32.AEDVEX.F.T.21",39,
"8ea54fb7-8b31-43ef-bc87-f3ede4ff89e4","KONZ","D06","KONZ","2016-08-10T21:22Z","2016-08-12T13:44Z","KONZ.2016.32.AEDVEX.F.T","KONZ.2016.32.AEDVEX.F.T.06",40,
"1df36e4f-e034-4f62-ab21-d4dae3ae3899","KONZ","D06","KONZ","2016-08-10T21:22Z","2016-08-12T13:44Z","KONZ.2016.32.AEDVEX.F.T","KONZ.2016.32.AEDVEX.F.T.20",39,
"0639d9d0-1667-49a6-814f-0736b085c9c3","KONZ","D06","KONZ","2016-08-10T21:22Z","2016-08-12T13:44Z","KONZ.2016.32.AEDVEX.F.T","KONZ.2016.32.AEDVEX.F.T.12",39,
"94445aaa-403a-4d4e-92b6-a0afbd69b3f3","KONZ","D06","KONZ","2016-08-10T21:22Z","2016-08-12T13:44Z","KONZ.2016.32.AEDVEX.F.T","KONZ.2016.32.AEDVEX.F.T.14",39,
"0c80212e-c04d-4e31-aced-498fc2ccdb92","KONZ","D06","KONZ","2016-08-10T21:22Z","2016-08-12T13:44Z","KONZ.2016.32.AEDVEX.F.T","KONZ.2016.32.AEDVEX.F.T.18",39,
"077493fd-7277-4995-9511-327f0a05d59f","KONZ","D06","KONZ","2016-08-10T21:22Z","2016-08-12T13:44Z","KONZ.2016.32.AEDVEX.F.T","KONZ.2016.32.AEDVEX.F.T.11",40,
"07007bac-4549-41ca-b641-283f9b75eadb","KONZ","D06","KONZ","2016-08-10T21:22Z","2016-08-12T13:44Z","KONZ.2016.32.AEDVEX.F.T","KONZ.2016.32.AEDVEX.F.T.23",39,
"7a741ca9-4e8e-408a-91d6-675b5a9dee28","KONZ","D06","KONZ","2016-08-10T21:22Z","2016-08-12T13:44Z","KONZ.2016.32.AEDVEX.F.T","KONZ.2016.32.AEDVEX.F.T.22",39,
"670d48c6-6ad8-46e7-a140-d0d2d7d3075e","KONZ","D06","KONZ","2016-08-10T21:22Z","2016-08-12T13:44Z","KONZ.2016.32.AEDVEX.F.T","KONZ.2016.32.AEDVEX.F.T.19",39,
"4b0a8d55-1438-426a-b436-fd7113582839","KONZ","D06","KONZ","2016-08-10T21:22Z","2016-08-12T13:44Z","KONZ.2016.32.AEDVEX.F.T","KONZ.2016.32.AEDVEX.F.T.10",40,
"ff6f0814-b9c4-4ceb-9651-83e267a5618a","KONZ","D06","KONZ","2016-08-10T21:22Z","2016-08-12T13:44Z","KONZ.2016.32.AEDVEX.F.T","KONZ.2016.32.AEDVEX.F.T.09",40,
"051e3409-9551-4c28-b203-ed9389b03c18","KONZ","D06","KONZ","2016-08-10T21:22Z","2016-08-12T13:44Z","KONZ.2016.32.AEDVEX.F.T","KONZ.2016.32.AEDVEX.F.T.16",39,
"0138d801-dc92-409d-a630-d8faba9b4c1b","KONZ","D06","KONZ","2016-08-24T21:00Z","2016-08-26T14:14Z","KONZ.2016.34.CULERR.F.T","KONZ.2016.34.CULERR.F.T.01",28,
"8b9bd3a5-d6bf-4b94-b624-94c71161517f","KONZ","D06","KONZ","2016-08-24T21:00Z","2016-08-26T14:40Z","KONZ.2016.34.CULTAR.F.T","KONZ.2016.34.CULTAR.F.T.03",38,
"56299c58-af7d-4793-8a39-d87c7c39e3db","KONZ","D06","KONZ","2016-08-24T21:00Z","2016-08-26T14:40Z","KONZ.2016.34.CULTAR.F.T","KONZ.2016.34.CULTAR.F.T.01",39,
"a49e26fe-e5ce-4161-97ec-8e4939b2e16e","KONZ","D06","KONZ","2016-08-24T21:00Z","2016-08-26T14:40Z","KONZ.2016.34.CULTAR.F.T","KONZ.2016.34.CULTAR.F.T.07",38,
"c8152020-56f3-48a5-ac76-9ce672282e28","KONZ","D06","KONZ","2016-08-24T21:00Z","2016-08-26T14:40Z","KONZ.2016.34.CULTAR.F.T","KONZ.2016.34.CULTAR.F.T.04",38,
"cc9a5b33-6a16-45cd-bf95-17fd9c8d2897","KONZ","D06","KONZ","2016-08-24T21:00Z","2016-08-26T14:40Z","KONZ.2016.34.AEDVEX.F.T","KONZ.2016.34.AEDVEX.F.T.01",28,
"879107e6-0f37-4477-b99c-65268e314548","KONZ","D06","KONZ","2016-08-24T21:00Z","2016-08-26T14:40Z","KONZ.2016.34.CULTAR.F.T","KONZ.2016.34.CULTAR.F.T.06",38,
"a6922427-1783-4c21-845d-cb29c6f0ed8a","KONZ","D06","KONZ","2016-08-24T21:00Z","2016-08-26T14:40Z","KONZ.2016.34.CULTAR.F.T","KONZ.2016.34.CULTAR.F.T.02",39,
"3c8abc6d-6e07-4123-864c-c65d0df34f0e","KONZ","D06","KONZ","2016-08-24T21:00Z","2016-08-26T14:40Z","KONZ.2016.34.CULTAR.F.T","KONZ.2016.34.CULTAR.F.T.08",38,
"67bfec78-651e-44ad-b998-79f83e11d24d","KONZ","D06","KONZ","2016-08-24T21:00Z","2016-08-26T14:40Z","KONZ.2016.34.CULTAR.F.T","KONZ.2016.34.CULTAR.F.T.05",38,
"2d139fe3-8e28-438b-80b9-8dfe705d832a","KONZ","D06","KONZ","2016-08-24T21:00Z","2016-08-26T14:40Z","KONZ.2016.34.AEDVEX.F.T","KONZ.2016.34.AEDVEX.F.T.02",27,
"388ce864-9b6d-488a-a443-75b8c580cf51","KONZ","D06","KONZ","2016-08-24T21:00Z","2016-08-26T14:40Z","KONZ.2016.34.AEDVEX.F.T","KONZ.2016.34.AEDVEX.F.T.03",27,
"42127f32-2263-4896-b844-40c29b7dfe8e","KONZ","D06","KONZ","2016-08-24T21:00Z","2016-08-26T14:40Z","KONZ.2016.34.CULTAR.F.T","KONZ.2016.34.CULTAR.F.T.09",38,
