uid,namedLocation,domainID,siteID,startCollectDate,endCollectDate,testingID,testingVialID,poolSize,dataQF
"b02e7fcf-8af0-41d7-87fa-74c67ba80a81","HEAL","D19","HEAL","2016-08-10T00:26Z","2016-08-11T17:42Z","HEAL.2016.32.AEDPUN.F.T","HEAL.2016.32.AEDPUN.F.T.04",37,
"72ab3494-03cf-43be-9a8b-3b6008804a4b","HEAL","D19","HEAL","2016-08-10T00:26Z","2016-08-11T17:42Z","HEAL.2016.32.AEDCOM.F.T","HEAL.2016.32.AEDCOM.F.T.03",39,
"9ddb9dfa-ea10-4e13-ba0f-596c826c5909","HEAL","D19","HEAL","2016-08-10T00:26Z","2016-08-11T17:42Z","HEAL.2016.32.AEDPUN.F.T","HEAL.2016.32.AEDPUN.F.T.06",37,
"6a5d98dc-bbad-4f6d-9e8d-9c6983966310","HEAL","D19","HEAL","2016-08-10T00:26Z","2016-08-11T17:42Z","HEAL.2016.32.AEDPUN.F.T","HEAL.2016.32.AEDPUN.F.T.07",37,
"3f7c48a7-2e60-4d62-919a-ab93312cfe8b","HEAL","D19","HEAL","2016-08-10T00:26Z","2016-08-11T17:42Z","HEAL.2016.32.AEDPUN.F.T","HEAL.2016.32.AEDPUN.F.T.08",37,
"a1b02918-146b-4d8b-9cb1-0a3480a475f3","HEAL","D19","HEAL","2016-08-10T00:26Z","2016-08-11T17:42Z","HEAL.2016.32.AEDPUN.F.T","HEAL.2016.32.AEDPUN.F.T.01",37,
"06621835-9ff7-477b-8b81-0d3855cff367","HEAL","D19","HEAL","2016-08-10T00:26Z","2016-08-11T17:42Z","HEAL.2016.32.AEDPUN.F.T","HEAL.2016.32.AEDPUN.F.T.05",37,
"ff94314f-7826-43a3-886b-556932339085","HEAL","D19","HEAL","2016-08-10T00:26Z","2016-08-11T17:42Z","HEAL.2016.32.AEDPUN.F.T","HEAL.2016.32.AEDPUN.F.T.02",37,
"ffdfc813-e8f8-449f-9d54-b2ac9ab949a9","HEAL","D19","HEAL","2016-08-10T00:26Z","2016-08-11T17:42Z","HEAL.2016.32.AEDHEX.F.T","HEAL.2016.32.AEDHEX.F.T.02",29,
"4bd19922-3cf2-481a-8e2e-52b71638c4b7","HEAL","D19","HEAL","2016-08-10T00:26Z","2016-08-11T17:42Z","HEAL.2016.32.AEDHEX.F.T","HEAL.2016.32.AEDHEX.F.T.01",30,
"e80fe69a-1946-46bb-88e9-91fcdf5e3f6e","HEAL","D19","HEAL","2016-08-10T00:26Z","2016-08-11T17:42Z","HEAL.2016.32.AEDEXC.F.T","HEAL.2016.32.AEDEXC.F.T.01",21,
"800a839a-1e9e-42bc-9041-4426aa6530e5","HEAL","D19","HEAL","2016-08-10T00:26Z","2016-08-11T17:42Z","HEAL.2016.32.AEDEXC.F.T","HEAL.2016.32.AEDEXC.F.T.02",20,
"d822f3d2-9ac4-4a26-9adc-d99a8cc9005b","HEAL","D19","HEAL","2016-08-10T00:26Z","2016-08-11T17:42Z","HEAL.2016.32.AEDCOM.F.T","HEAL.2016.32.AEDCOM.F.T.06",39,
"848cd251-f11d-48d7-9306-758f6d37fca3","HEAL","D19","HEAL","2016-08-10T00:26Z","2016-08-11T17:42Z","HEAL.2016.32.AEDCOM.F.T","HEAL.2016.32.AEDCOM.F.T.04",39,
"4b7a9e85-cd36-47c4-be02-de5e5980a726","HEAL","D19","HEAL","2016-08-10T00:26Z","2016-08-11T17:42Z","HEAL.2016.32.AEDCOM.F.T","HEAL.2016.32.AEDCOM.F.T.07",39,
"32367074-177f-4d25-8ab3-ffe873cccd59","HEAL","D19","HEAL","2016-08-10T00:26Z","2016-08-11T17:42Z","HEAL.2016.32.AEDCOM.F.T","HEAL.2016.32.AEDCOM.F.T.05",39,
"3d9b7afa-a4e3-40c2-a190-06e13109fa97","HEAL","D19","HEAL","2016-08-10T00:26Z","2016-08-11T17:42Z","HEAL.2016.32.AEDCOM.F.T","HEAL.2016.32.AEDCOM.F.T.01",40,
"7d49d5ca-8d45-41e7-98da-7c17cf545fb2","HEAL","D19","HEAL","2016-08-10T00:26Z","2016-08-11T17:42Z","HEAL.2016.32.AEDCOM.F.T","HEAL.2016.32.AEDCOM.F.T.02",40,
"68b3cb3e-c7c1-47af-b015-397f0f492b8f","HEAL","D19","HEAL","2016-08-10T00:26Z","2016-08-11T17:42Z","HEAL.2016.32.AEDPUN.F.T","HEAL.2016.32.AEDPUN.F.T.03",37,
