uid,namedLocation,domainID,siteID,nlcdClass,decimalLatitude,decimalLongitude,geodeticDatum,coordinateUncertainty,elevation,elevationUncertainty,startCollectDate,endCollectDate,receivedDate,testedDate,testingVialID,deprecatedVialID,sampleCondition,testProtocolVersion,testMethod,testResult,testPathogenName,testNumber,finalResult,locus,percentIdentity,sequenceDatabase,sequenceDatabaseID,extractDepleted,remarks,testedBy,laboratoryName
"41635ef6-b181-4cda-864e-ab71f2b20a12","JERC","D03","JERC",,31.194839,-84.468623,"WGS84",,47.0,,"2014-06-30T23:32Z","2014-07-02T13:55Z","2015-01-06T12:00Z","2015-01-15T12:00Z","JERC.2014.26.AEDVEX.F.T.01","JERC.2014.2.Aedes vexans.Female.TI","No known compromise","CAES_Pathogen_testing_SOP_2014-05-06","Culture","Negative","UNKV",1,"Y",,,,,"Y",,"r4iH4e2lsYW4kI6RhiJwwMegvyzkVSXT","Connecticut Agricultural Experiment Station"
"343fea2f-04d8-485c-97a5-813a7c6fd4a8","JERC","D03","JERC",,31.194839,-84.468623,"WGS84",,47.0,,"2014-06-30T23:32Z","2014-07-02T14:34Z","2015-01-06T12:00Z","2015-01-15T12:00Z","JERC.2014.26.CULERR.F.T.01","JERC.2014.2.Culex erraticus.Female.T1","No known compromise","CAES_Pathogen_testing_SOP_2014-05-06","Culture","Negative","UNKV",1,"Y",,,,,"Y",,"r4iH4e2lsYW4kI6RhiJwwMegvyzkVSXT","Connecticut Agricultural Experiment Station"
"eb016345-7033-4be6-b559-a8fd08e2903c","JERC","D03","JERC",,31.194839,-84.468623,"WGS84",,47.0,,"2014-06-30T23:32Z","2014-07-02T14:34Z","2015-01-06T12:00Z","2015-01-15T12:00Z","JERC.2014.26.CULERR.F.T.03","JERC.2014.2.Culex erraticus.Female.T3","No known compromise","CAES_Pathogen_testing_SOP_2014-05-06","Culture","Negative","UNKV",1,"Y",,,,,"Y",,"r4iH4e2lsYW4kI6RhiJwwMegvyzkVSXT","Connecticut Agricultural Experiment Station"
"e7e80328-91a9-4d6e-b887-cf3b0325287a","JERC","D03","JERC",,31.194839,-84.468623,"WGS84",,47.0,,"2014-06-30T23:32Z","2014-07-02T14:34Z","2015-01-06T12:00Z","2015-01-15T12:00Z","JERC.2014.26.CULERR.F.T.02","JERC.2014.2.Culex erraticus.Female.T2","No known compromise","CAES_Pathogen_testing_SOP_2014-05-06","Culture","Negative","UNKV",1,"Y",,,,,"Y",,"r4iH4e2lsYW4kI6RhiJwwMegvyzkVSXT","Connecticut Agricultural Experiment Station"
"d2087ee2-95a1-46d8-b9c1-df38c5fb1425","JERC","D03","JERC",,31.194839,-84.468623,"WGS84",,47.0,,"2014-07-29T21:16Z","2014-07-31T14:11Z","2015-01-06T12:00Z","2015-01-15T12:00Z","JERC.2014.30.CULERR.F.T.02","JERC.2014.3.Culex erraticus.Female.T2","No known compromise","CAES_Pathogen_testing_SOP_2014-05-06","Culture","Negative","UNKV",1,"Y",,,,,"Y",,"r4iH4e2lsYW4kI6RhiJwwMegvyzkVSXT","Connecticut Agricultural Experiment Station"
"322aa73f-7d47-43b8-ab6b-4c2fa2bd95f5","JERC","D03","JERC",,31.194839,-84.468623,"WGS84",,47.0,,"2014-07-29T21:16Z","2014-07-31T14:11Z","2015-01-06T12:00Z","2015-01-15T12:00Z","JERC.2014.30.AEDVEX.F.T.01","JERC.2014.3.Aedes vexans.Female.TI","No known compromise","CAES_Pathogen_testing_SOP_2014-05-06","Culture","Negative","UNKV",1,"Y",,,,,"Y",,"r4iH4e2lsYW4kI6RhiJwwMegvyzkVSXT","Connecticut Agricultural Experiment Station"
"2a9a7f1e-f46f-4943-8aad-6c6492fe911e","JERC","D03","JERC",,31.194839,-84.468623,"WGS84",,47.0,,"2014-07-29T21:16Z","2014-07-31T14:11Z","2015-01-06T12:00Z","2015-01-15T12:00Z","JERC.2014.30.CULERR.F.T.05","JERC.2014.3.Culex erraticus.Female.T5","No known compromise","CAES_Pathogen_testing_SOP_2014-05-06","Culture","Negative","UNKV",1,"Y",,,,,"Y",,"r4iH4e2lsYW4kI6RhiJwwMegvyzkVSXT","Connecticut Agricultural Experiment Station"
"357bcb37-55b9-4b12-90f5-4b2254e68bda","JERC","D03","JERC",,31.194839,-84.468623,"WGS84",,47.0,,"2014-07-29T21:16Z","2014-07-31T14:11Z","2015-01-06T12:00Z","2015-01-15T12:00Z","JERC.2014.30.CULERR.F.T.01","JERC.2014.3.Culex erraticus.Female.T1","No known compromise","CAES_Pathogen_testing_SOP_2014-05-06","Culture","Negative","UNKV",1,"Y",,,,,"Y",,"r4iH4e2lsYW4kI6RhiJwwMegvyzkVSXT","Connecticut Agricultural Experiment Station"
"a0ff6026-8f8f-4578-b587-bdaacb9b3ee3","JERC","D03","JERC",,31.194839,-84.468623,"WGS84",,47.0,,"2014-07-29T21:16Z","2014-07-31T14:11Z","2015-01-06T12:00Z","2015-01-15T12:00Z","JERC.2014.30.CULERR.F.T.03","JERC.2014.3.Culex erraticus.Female.T3","No known compromise","CAES_Pathogen_testing_SOP_2014-05-06","Culture","Negative","UNKV",1,"Y",,,,,"Y",,"r4iH4e2lsYW4kI6RhiJwwMegvyzkVSXT","Connecticut Agricultural Experiment Station"
"f244a872-25ec-46ee-8aff-19a691c05319","JERC","D03","JERC",,31.194839,-84.468623,"WGS84",,47.0,,"2014-07-29T21:16Z","2014-07-31T14:11Z","2015-01-06T12:00Z","2015-01-15T12:00Z","JERC.2014.30.CULERR.F.T.04","JERC.2014.3.Culex erraticus.Female.T4","No known compromise","CAES_Pathogen_testing_SOP_2014-05-06","Culture","Negative","UNKV",1,"Y",,,,,"Y",,"r4iH4e2lsYW4kI6RhiJwwMegvyzkVSXT","Connecticut Agricultural Experiment Station"
