uid,namedLocation,domainID,siteID,startCollectDate,endCollectDate,testingID,testingVialID,poolSize,dataQF
"36a70a5f-0694-476c-a922-64b1c10cf563","JERC","D03","JERC","2014-06-30T23:32Z","2014-07-02T13:55Z","JERC.2014.26.AEDVEX.F.T","JERC.2014.26.AEDVEX.F.T.01",50,
"f551b62f-fdef-41ae-9587-dd78bd160732","JERC","D03","JERC","2014-06-30T23:32Z","2014-07-02T14:34Z","JERC.2014.26.CULERR.F.T","JERC.2014.26.CULERR.F.T.01",30,
"bc62c589-9d93-423e-aa6d-a4ee92158146","JERC","D03","JERC","2014-06-30T23:32Z","2014-07-02T14:34Z","JERC.2014.26.CULERR.F.T","JERC.2014.26.CULERR.F.T.02",30,
"17203f21-8207-48e4-ba40-df95e607ee2b","JERC","D03","JERC","2014-06-30T23:32Z","2014-07-02T14:34Z","JERC.2014.26.CULERR.F.T","JERC.2014.26.CULERR.F.T.03",30,
"494533dd-4159-4e8d-8e8c-0544aeacc9a9","JERC","D03","JERC","2014-07-29T21:16Z","2014-07-31T14:11Z","JERC.2014.30.CULERR.F.T","JERC.2014.30.CULERR.F.T.03",30,
"44652d1c-c850-4a6d-94f1-20f7c7a8eaad","JERC","D03","JERC","2014-07-29T21:16Z","2014-07-31T14:11Z","JERC.2014.30.CULERR.F.T","JERC.2014.30.CULERR.F.T.01",30,
"1be7260a-207b-4401-9d34-4317db0639ba","JERC","D03","JERC","2014-07-29T21:16Z","2014-07-31T14:11Z","JERC.2014.30.AEDVEX.F.T","JERC.2014.30.AEDVEX.F.T.01",30,
"1d22f9e4-a3c7-4d8d-8df5-8b3725a39acb","JERC","D03","JERC","2014-07-29T21:16Z","2014-07-31T14:11Z","JERC.2014.30.CULERR.F.T","JERC.2014.30.CULERR.F.T.02",30,
"08a895fc-0c7f-4290-bba6-eafd563621d4","JERC","D03","JERC","2014-07-29T21:16Z","2014-07-31T14:11Z","JERC.2014.30.CULERR.F.T","JERC.2014.30.CULERR.F.T.05",30,
"08f72eb2-0093-44cd-ad6f-cd711f8e092a","JERC","D03","JERC","2014-07-29T21:16Z","2014-07-31T14:11Z","JERC.2014.30.CULERR.F.T","JERC.2014.30.CULERR.F.T.04",30,
