uid,namedLocation,domainID,siteID,startCollectDate,endCollectDate,testingID,testingVialID,poolSize,dataQF
"e867356a-7b8f-4efc-9875-349f0c19c666","CLBJ","D11","CLBJ","2016-09-12T21:13Z","2016-09-14T13:24Z","CLBJ.2016.37.CULNIG.F.T","CLBJ.2016.37.CULNIG.F.T.01",25,
"6cd84e91-ba56-4566-8bca-f06c2e200752","CLBJ","D11","CLBJ","2016-09-12T21:13Z","2016-09-14T13:24Z","CLBJ.2016.37.AEDVEX.F.T","CLBJ.2016.37.AEDVEX.F.T.02",21,
"2b8f165d-9351-4e5c-8dcd-0d6f68cf4e5b","CLBJ","D11","CLBJ","2016-09-12T21:13Z","2016-09-14T13:24Z","CLBJ.2016.37.AEDVEX.F.T","CLBJ.2016.37.AEDVEX.F.T.01",21,
"13a380f4-3c91-4562-b00e-7b4c46425734","CLBJ","D11","CLBJ","2016-09-12T21:13Z","2016-09-14T13:28Z","CLBJ.2016.37.CULERR.F.T","CLBJ.2016.37.CULERR.F.T.08",39,
"eebe8bb8-5f69-4a51-8762-2c06ae5f9702","CLBJ","D11","CLBJ","2016-09-12T21:13Z","2016-09-14T13:28Z","CLBJ.2016.37.CULERR.F.T","CLBJ.2016.37.CULERR.F.T.21",39,
"847363a1-4362-4ff4-b6e7-b9d5043d1fa8","CLBJ","D11","CLBJ","2016-09-12T21:13Z","2016-09-14T13:28Z","CLBJ.2016.37.CULCOR.F.T","CLBJ.2016.37.CULCOR.F.T.04",36,
"50e9edc2-19c3-41c9-8acd-7ad1366525c7","CLBJ","D11","CLBJ","2016-09-12T21:13Z","2016-09-14T13:28Z","CLBJ.2016.37.CULCOR.F.T","CLBJ.2016.37.CULCOR.F.T.01",36,
"988343f0-9243-4002-9924-1b66738d5e25","CLBJ","D11","CLBJ","2016-09-12T21:13Z","2016-09-14T13:28Z","CLBJ.2016.37.CULCOR.F.T","CLBJ.2016.37.CULCOR.F.T.05",35,
"d3406ef8-1c90-4ae9-8a01-60edd09781b8","CLBJ","D11","CLBJ","2016-09-12T21:13Z","2016-09-14T13:28Z","CLBJ.2016.37.CULCOR.F.T","CLBJ.2016.37.CULCOR.F.T.03",36,
"b9a98d1e-c451-4a64-beda-0f7e762e1ba1","CLBJ","D11","CLBJ","2016-09-12T21:13Z","2016-09-14T13:28Z","CLBJ.2016.37.CULCOR.F.T","CLBJ.2016.37.CULCOR.F.T.02",36,
"d2ba431c-3512-4073-b4a9-cc094022708b","CLBJ","D11","CLBJ","2016-09-12T21:13Z","2016-09-14T13:28Z","CLBJ.2016.37.CULERR.F.T","CLBJ.2016.37.CULERR.F.T.20",39,
"dd061e09-d76e-4c8b-861c-8f679c83d61a","CLBJ","D11","CLBJ","2016-09-12T21:13Z","2016-09-14T13:28Z","CLBJ.2016.37.CULERR.F.T","CLBJ.2016.37.CULERR.F.T.26",39,
"6610613f-ff7a-4e87-b905-f11b958dc56b","CLBJ","D11","CLBJ","2016-09-12T21:13Z","2016-09-14T13:28Z","CLBJ.2016.37.CULERR.F.T","CLBJ.2016.37.CULERR.F.T.29",39,
"f1156774-7d8d-4f35-8e8b-6d8874be466f","CLBJ","D11","CLBJ","2016-09-12T21:13Z","2016-09-14T13:28Z","CLBJ.2016.37.CULERR.F.T","CLBJ.2016.37.CULERR.F.T.28",39,
"11cc7eac-5bbc-4a43-a02b-c911fda8848f","CLBJ","D11","CLBJ","2016-09-12T21:13Z","2016-09-14T13:28Z","CLBJ.2016.37.CULERR.F.T","CLBJ.2016.37.CULERR.F.T.25",39,
"9fbcdefa-4bab-476d-90f7-3b82f83b9b4e","CLBJ","D11","CLBJ","2016-09-12T21:13Z","2016-09-14T13:28Z","CLBJ.2016.37.CULERR.F.T","CLBJ.2016.37.CULERR.F.T.24",39,
"e0390fcc-d1b8-4fce-8c66-25ba1b94a413","CLBJ","D11","CLBJ","2016-09-12T21:13Z","2016-09-14T13:28Z","CLBJ.2016.37.CULERR.F.T","CLBJ.2016.37.CULERR.F.T.27",39,
"c5d05a40-900b-48f9-ad6a-3d6dd0904ac4","CLBJ","D11","CLBJ","2016-09-12T21:13Z","2016-09-14T13:28Z","CLBJ.2016.37.CULERR.F.T","CLBJ.2016.37.CULERR.F.T.30",39,
"221f16f5-2286-4f94-ac7c-8af43ce03a34","CLBJ","D11","CLBJ","2016-09-12T21:13Z","2016-09-14T13:28Z","CLBJ.2016.37.CULERR.F.T","CLBJ.2016.37.CULERR.F.T.17",39,
"abb0c34e-e085-47c1-b361-950587f1c841","CLBJ","D11","CLBJ","2016-09-12T21:13Z","2016-09-14T13:28Z","CLBJ.2016.37.CULERR.F.T","CLBJ.2016.37.CULERR.F.T.19",39,
"79ec1a20-ea33-49f2-8396-7392822507ee","CLBJ","D11","CLBJ","2016-09-12T21:13Z","2016-09-14T13:28Z","CLBJ.2016.37.CULERR.F.T","CLBJ.2016.37.CULERR.F.T.18",39,
"7e442d9f-4a0b-4024-8d31-d4b0647324d4","CLBJ","D11","CLBJ","2016-09-12T21:13Z","2016-09-14T13:28Z","CLBJ.2016.37.CULERR.F.T","CLBJ.2016.37.CULERR.F.T.01",40,
"dfd3a561-a1b9-4f3c-ac9a-4960f16a66a5","CLBJ","D11","CLBJ","2016-09-12T21:13Z","2016-09-14T13:28Z","CLBJ.2016.37.CULERR.F.T","CLBJ.2016.37.CULERR.F.T.03",40,
"bbc187df-be43-4a66-ba33-aca4b8e48a61","CLBJ","D11","CLBJ","2016-09-12T21:13Z","2016-09-14T13:28Z","CLBJ.2016.37.CULERR.F.T","CLBJ.2016.37.CULERR.F.T.23",39,
"1d7cf9fb-e091-4ac9-a6aa-af340ae4fff6","CLBJ","D11","CLBJ","2016-09-12T21:13Z","2016-09-14T13:28Z","CLBJ.2016.37.CULERR.F.T","CLBJ.2016.37.CULERR.F.T.09",39,
"758e74e9-22a3-4350-b7e2-801ff2acd4f9","CLBJ","D11","CLBJ","2016-09-12T21:13Z","2016-09-14T13:28Z","CLBJ.2016.37.CULERR.F.T","CLBJ.2016.37.CULERR.F.T.13",39,
"94fdc502-c49b-4323-9115-6f4cdcb637d6","CLBJ","D11","CLBJ","2016-09-12T21:13Z","2016-09-14T13:28Z","CLBJ.2016.37.CULERR.F.T","CLBJ.2016.37.CULERR.F.T.22",39,
"135a7804-9d01-4e14-9453-6b857fbe7fe8","CLBJ","D11","CLBJ","2016-09-12T21:13Z","2016-09-14T13:28Z","CLBJ.2016.37.CULERR.F.T","CLBJ.2016.37.CULERR.F.T.05",39,
"f6f44d3e-8bc1-4bb7-8aca-d407936b911f","CLBJ","D11","CLBJ","2016-09-12T21:13Z","2016-09-14T13:28Z","CLBJ.2016.37.CULERR.F.T","CLBJ.2016.37.CULERR.F.T.06",39,
"d6003e6e-672c-478b-8247-35c32779ba9b","CLBJ","D11","CLBJ","2016-09-12T21:13Z","2016-09-14T13:28Z","CLBJ.2016.37.CULERR.F.T","CLBJ.2016.37.CULERR.F.T.16",39,
"3cfb0fd3-2328-489c-b777-345b2f75676e","CLBJ","D11","CLBJ","2016-09-12T21:13Z","2016-09-14T13:28Z","CLBJ.2016.37.CULERR.F.T","CLBJ.2016.37.CULERR.F.T.02",40,
"2ab03b0f-cc55-4a74-a394-8d6d42d5f9b4","CLBJ","D11","CLBJ","2016-09-12T21:13Z","2016-09-14T13:28Z","CLBJ.2016.37.CULERR.F.T","CLBJ.2016.37.CULERR.F.T.10",39,
"09dfa7e0-89cb-47ed-8841-a4bce7a8c0f0","CLBJ","D11","CLBJ","2016-09-12T21:13Z","2016-09-14T13:28Z","CLBJ.2016.37.CULERR.F.T","CLBJ.2016.37.CULERR.F.T.12",39,
"c87255d3-fc7a-42d1-8a83-fa592064bb92","CLBJ","D11","CLBJ","2016-09-12T21:13Z","2016-09-14T13:28Z","CLBJ.2016.37.CULERR.F.T","CLBJ.2016.37.CULERR.F.T.15",39,
"5a1598cf-7f54-4138-9b1e-7761c963558f","CLBJ","D11","CLBJ","2016-09-12T21:13Z","2016-09-14T13:28Z","CLBJ.2016.37.CULERR.F.T","CLBJ.2016.37.CULERR.F.T.11",39,
"7447b132-8692-4c49-b5b9-bc121ca2e77e","CLBJ","D11","CLBJ","2016-09-12T21:13Z","2016-09-14T13:28Z","CLBJ.2016.37.CULERR.F.T","CLBJ.2016.37.CULERR.F.T.07",39,
"bc4bf1d7-f698-477d-84f5-f661d55531a3","CLBJ","D11","CLBJ","2016-09-12T21:13Z","2016-09-14T13:28Z","CLBJ.2016.37.CULERR.F.T","CLBJ.2016.37.CULERR.F.T.04",39,
"131774e1-954e-4e6a-8ada-3e0bb76ac581","CLBJ","D11","CLBJ","2016-09-12T21:13Z","2016-09-14T13:28Z","CLBJ.2016.37.CULERR.F.T","CLBJ.2016.37.CULERR.F.T.14",39,
"2f509390-0de0-4ffc-ba18-be0f5145ebd6","CLBJ","D11","CLBJ","2016-09-12T21:35Z","2016-09-14T13:28Z","CLBJ.2016.37.CULTAR.F.T","CLBJ.2016.37.CULTAR.F.T.01",33,
"1ad1664d-04e2-48af-9ab2-e633d0f6430a","CLBJ","D11","CLBJ","2016-09-12T22:00Z","2016-09-14T13:13Z","CLBJ.2016.37.AEDTRI.F.T","CLBJ.2016.37.AEDTRI.F.T.01",11,
"08e9e1e0-dded-4f0c-8b58-a1b66c529b3f","CLBJ","D11","CLBJ","2016-09-12T22:40Z","2016-09-14T13:13Z","CLBJ.2016.37.CULSAL.F.T","CLBJ.2016.37.CULSAL.F.T.01",11,
"99d9b5d0-4c39-4388-876b-3b426b563e21","CLBJ","D11","CLBJ","2016-09-26T22:34Z","2016-09-28T13:46Z","CLBJ.2016.39.CULERR.F.T","CLBJ.2016.39.CULERR.F.T.01",35,
"8b42c191-76ce-455c-a48d-abfef194ff72","CLBJ","D11","CLBJ","2016-09-26T22:34Z","2016-09-28T13:46Z","CLBJ.2016.39.CULERR.F.T","CLBJ.2016.39.CULERR.F.T.02",35,
"206524f9-2544-4137-861a-8d47a6716b88","CLBJ","D11","CLBJ","2016-09-26T22:34Z","2016-09-28T13:51Z","CLBJ.2016.39.CULTAR.F.T","CLBJ.2016.39.CULTAR.F.T.02",40,
"3460892d-6409-4935-b5f7-37b82e600ed9","CLBJ","D11","CLBJ","2016-09-26T22:34Z","2016-09-28T13:51Z","CLBJ.2016.39.CULTAR.F.T","CLBJ.2016.39.CULTAR.F.T.01",40,
"2417b323-0297-4151-8ae0-95b0de968b76","CLBJ","D11","CLBJ","2016-09-26T22:34Z","2016-09-28T13:51Z","CLBJ.2016.39.CULTAR.F.T","CLBJ.2016.39.CULTAR.F.T.03",39,
"deb3698e-f7bd-4830-ac5a-e3ea5f9c0e66","CLBJ","D11","CLBJ","2016-09-26T22:34Z","2016-09-28T13:51Z","CLBJ.2016.39.CULCOR.F.T","CLBJ.2016.39.CULCOR.F.T.04",30,
"cab0316d-c927-4a33-a62d-1ce5c7c61b94","CLBJ","D11","CLBJ","2016-09-26T22:34Z","2016-09-28T13:51Z","CLBJ.2016.39.CULCOR.F.T","CLBJ.2016.39.CULCOR.F.T.01",31,
"fb2c54a6-010a-466e-850e-ef929c18f59c","CLBJ","D11","CLBJ","2016-09-26T22:34Z","2016-09-28T13:51Z","CLBJ.2016.39.CULCOR.F.T","CLBJ.2016.39.CULCOR.F.T.03",30,
"3c7e06c5-c066-4f6f-8145-7fc1910b2586","CLBJ","D11","CLBJ","2016-09-26T22:34Z","2016-09-28T13:51Z","CLBJ.2016.39.CULCOR.F.T","CLBJ.2016.39.CULCOR.F.T.02",31,
"ac4770f6-b26d-4650-b547-395b35d7c98c","CLBJ","D11","CLBJ","2016-09-26T22:48Z","2016-09-28T13:32Z","CLBJ.2016.39.AEDVEX.F.T","CLBJ.2016.39.AEDVEX.F.T.01",29,
