uid,namedLocation,domainID,siteID,startCollectDate,endCollectDate,testingID,testingVialID,poolSize,dataQF
"488e4735-d5c0-472c-82ab-5b2f678bd297","UNDE","D05","UNDE","2016-06-15T23:55Z","2016-06-17T12:00Z","UNDE.2016.24.AEDCIN.F.T","UNDE.2016.24.AEDCIN.F.T.01",20,
"042179d3-47c8-4064-a8ce-6c49bd5fb5bd","UNDE","D05","UNDE","2016-06-15T23:55Z","2016-06-17T12:07Z","UNDE.2016.24.AEDCAN2.F.T","UNDE.2016.24.AEDCAN2.F.T.04",38,
"bfe0542b-960f-48f1-98b1-c6b796028eb5","UNDE","D05","UNDE","2016-06-15T23:55Z","2016-06-17T12:07Z","UNDE.2016.24.AEDCAN2.F.T","UNDE.2016.24.AEDCAN2.F.T.02",38,
"6eaf48d6-c15e-48ff-875b-61394a183eae","UNDE","D05","UNDE","2016-06-15T23:55Z","2016-06-17T12:07Z","UNDE.2016.24.AEDCAN2.F.T","UNDE.2016.24.AEDCAN2.F.T.03",38,
"c29b34ee-e001-45a7-acfc-8ca19dfbfbf9","UNDE","D05","UNDE","2016-06-15T23:55Z","2016-06-17T12:07Z","UNDE.2016.24.AEDCAN2.F.T","UNDE.2016.24.AEDCAN2.F.T.05",38,
"b87abf74-5e21-403b-b737-98ea27e08688","UNDE","D05","UNDE","2016-06-15T23:55Z","2016-06-17T12:07Z","UNDE.2016.24.AEDPUN.F.T","UNDE.2016.24.AEDPUN.F.T.11",39,
"29538632-4817-4dcd-9794-a1eb1b65f5d5","UNDE","D05","UNDE","2016-06-15T23:55Z","2016-06-17T12:07Z","UNDE.2016.24.AEDPUN.F.T","UNDE.2016.24.AEDPUN.F.T.13",39,
"80a6a943-f687-4154-8d8c-4c68095af898","UNDE","D05","UNDE","2016-06-15T23:55Z","2016-06-17T12:07Z","UNDE.2016.24.AEDPUN.F.T","UNDE.2016.24.AEDPUN.F.T.06",40,
"45eca68a-0c78-4607-875f-dff8e75a1e8e","UNDE","D05","UNDE","2016-06-15T23:55Z","2016-06-17T12:07Z","UNDE.2016.24.AEDPUN.F.T","UNDE.2016.24.AEDPUN.F.T.04",40,
"2abdf8c4-6922-46ca-b42c-d334dfddd4c6","UNDE","D05","UNDE","2016-06-15T23:55Z","2016-06-17T12:07Z","UNDE.2016.24.AEDPUN.F.T","UNDE.2016.24.AEDPUN.F.T.12",39,
"ed114441-5858-4660-b372-f4515e7c17c8","UNDE","D05","UNDE","2016-06-15T23:55Z","2016-06-17T12:07Z","UNDE.2016.24.AEDPUN.F.T","UNDE.2016.24.AEDPUN.F.T.07",40,
"c478ba87-3c96-4eb7-81c0-7bfc661b8ecf","UNDE","D05","UNDE","2016-06-15T23:55Z","2016-06-17T12:07Z","UNDE.2016.24.AEDPUN.F.T","UNDE.2016.24.AEDPUN.F.T.15",39,
"81eadd59-9030-472b-9060-eef5b8f73d27","UNDE","D05","UNDE","2016-06-15T23:55Z","2016-06-17T12:07Z","UNDE.2016.24.AEDPUN.F.T","UNDE.2016.24.AEDPUN.F.T.20",39,
"510cbe34-4353-444e-a7dd-c658b0a309e0","UNDE","D05","UNDE","2016-06-15T23:55Z","2016-06-17T12:07Z","UNDE.2016.24.AEDPUN.F.T","UNDE.2016.24.AEDPUN.F.T.10",39,
"36e5be67-6e1b-4e03-9cb9-14c88838532e","UNDE","D05","UNDE","2016-06-15T23:55Z","2016-06-17T12:07Z","UNDE.2016.24.AEDPUN.F.T","UNDE.2016.24.AEDPUN.F.T.09",39,
"0a1ba607-9b15-41b2-823e-06b85dbe94a3","UNDE","D05","UNDE","2016-06-15T23:55Z","2016-06-17T12:07Z","UNDE.2016.24.AEDPUN.F.T","UNDE.2016.24.AEDPUN.F.T.17",39,
"bc9bac6b-49da-4575-888e-0b2a5a7b801e","UNDE","D05","UNDE","2016-06-15T23:55Z","2016-06-17T12:07Z","UNDE.2016.24.AEDPUN.F.T","UNDE.2016.24.AEDPUN.F.T.19",39,
"9285c91a-6530-42b9-92ed-78c5ac781717","UNDE","D05","UNDE","2016-06-15T23:55Z","2016-06-17T12:07Z","UNDE.2016.24.AEDPUN.F.T","UNDE.2016.24.AEDPUN.F.T.16",39,
"a800014b-7358-40f2-930f-cd86b28efbd5","UNDE","D05","UNDE","2016-06-15T23:55Z","2016-06-17T12:07Z","UNDE.2016.24.AEDPUN.F.T","UNDE.2016.24.AEDPUN.F.T.14",39,
"8a40f493-122f-44f5-ada3-eeedcad21331","UNDE","D05","UNDE","2016-06-15T23:55Z","2016-06-17T12:07Z","UNDE.2016.24.AEDPUN.F.T","UNDE.2016.24.AEDPUN.F.T.21",39,
"cd728955-414b-4f0f-baf8-d23e62416ddd","UNDE","D05","UNDE","2016-06-15T23:55Z","2016-06-17T12:07Z","UNDE.2016.24.AEDPUN.F.T","UNDE.2016.24.AEDPUN.F.T.08",40,
"75339554-c9e8-4ca3-9c60-2814132d5f0c","UNDE","D05","UNDE","2016-06-15T23:55Z","2016-06-17T12:07Z","UNDE.2016.24.AEDPUN.F.T","UNDE.2016.24.AEDPUN.F.T.05",40,
"36060eb6-cec3-45d4-b56b-911f26b8a1cb","UNDE","D05","UNDE","2016-06-15T23:55Z","2016-06-17T12:07Z","UNDE.2016.24.AEDPUN.F.T","UNDE.2016.24.AEDPUN.F.T.18",39,
"308e3675-40e1-4a61-9027-1f78e42e50d1","UNDE","D05","UNDE","2016-06-15T23:55Z","2016-06-17T12:07Z","UNDE.2016.24.AEDPUN.F.T","UNDE.2016.24.AEDPUN.F.T.02",40,
"687a84ba-c25b-4cc0-9434-2752660ee140","UNDE","D05","UNDE","2016-06-15T23:55Z","2016-06-17T12:07Z","UNDE.2016.24.AEDPUN.F.T","UNDE.2016.24.AEDPUN.F.T.03",40,
"491b6835-05d6-45a4-b383-a4e6c11acbce","UNDE","D05","UNDE","2016-06-15T23:55Z","2016-06-17T12:07Z","UNDE.2016.24.AEDPUN.F.T","UNDE.2016.24.AEDPUN.F.T.01",40,
"a54b16a9-86d1-498c-8d1f-466a1d528606","UNDE","D05","UNDE","2016-06-15T23:55Z","2016-06-17T12:07Z","UNDE.2016.24.AEDPRO.F.T","UNDE.2016.24.AEDPRO.F.T.03",33,
"50cc1352-e60b-46db-84e0-7b2678caa950","UNDE","D05","UNDE","2016-06-15T23:55Z","2016-06-17T12:07Z","UNDE.2016.24.AEDPRO.F.T","UNDE.2016.24.AEDPRO.F.T.02",33,
"ba7fd91f-b008-4f05-bd00-9dfc05cea16d","UNDE","D05","UNDE","2016-06-15T23:55Z","2016-06-17T12:07Z","UNDE.2016.24.AEDPRO.F.T","UNDE.2016.24.AEDPRO.F.T.01",34,
"d96cac47-6ed5-40ba-a9d2-b2ba1116537f","UNDE","D05","UNDE","2016-06-15T23:55Z","2016-06-17T12:07Z","UNDE.2016.24.AEDEXC.F.T","UNDE.2016.24.AEDEXC.F.T.09",39,
"9a398f7d-ac94-4a4e-b5d0-dde5c250ef1d","UNDE","D05","UNDE","2016-06-15T23:55Z","2016-06-17T12:07Z","UNDE.2016.24.AEDEXC.F.T","UNDE.2016.24.AEDEXC.F.T.06",40,
"ed56f0aa-5da2-40cc-b54f-31d6ded8dfbf","UNDE","D05","UNDE","2016-06-15T23:55Z","2016-06-17T12:07Z","UNDE.2016.24.AEDEXC.F.T","UNDE.2016.24.AEDEXC.F.T.04",40,
"1d4e4ff2-5c6a-4754-96a9-840c543a414b","UNDE","D05","UNDE","2016-06-15T23:55Z","2016-06-17T12:07Z","UNDE.2016.24.AEDEXC.F.T","UNDE.2016.24.AEDEXC.F.T.08",40,
"c78e7968-90c7-400e-aad8-de1c27f44be2","UNDE","D05","UNDE","2016-06-15T23:55Z","2016-06-17T12:07Z","UNDE.2016.24.AEDEXC.F.T","UNDE.2016.24.AEDEXC.F.T.05",40,
"ccd177a3-1a99-45cc-95d4-c66abadb35e3","UNDE","D05","UNDE","2016-06-15T23:55Z","2016-06-17T12:07Z","UNDE.2016.24.AEDEXC.F.T","UNDE.2016.24.AEDEXC.F.T.10",39,
"a54accdb-39b2-445e-9d6e-6360e0413398","UNDE","D05","UNDE","2016-06-15T23:55Z","2016-06-17T12:07Z","UNDE.2016.24.AEDEXC.F.T","UNDE.2016.24.AEDEXC.F.T.07",40,
"fae9292a-c38a-422c-803a-3d7dcf288605","UNDE","D05","UNDE","2016-06-15T23:55Z","2016-06-17T12:07Z","UNDE.2016.24.AEDEXC.F.T","UNDE.2016.24.AEDEXC.F.T.03",40,
"c62705de-f3c8-4501-9d11-27c274451caf","UNDE","D05","UNDE","2016-06-15T23:55Z","2016-06-17T12:07Z","UNDE.2016.24.AEDEXC.F.T","UNDE.2016.24.AEDEXC.F.T.02",40,
"892d5178-47fe-4cea-840d-282e520f09a9","UNDE","D05","UNDE","2016-06-15T23:55Z","2016-06-17T12:07Z","UNDE.2016.24.AEDEXC.F.T","UNDE.2016.24.AEDEXC.F.T.01",40,
"89bd1948-4573-406e-b0b6-6c62f81f3288","UNDE","D05","UNDE","2016-06-15T23:55Z","2016-06-17T12:07Z","UNDE.2016.24.AEDDIA.F.T","UNDE.2016.24.AEDDIA.F.T.01",39,
"3ad16ff1-1c8e-4e0a-93d2-55a9a859bd1d","UNDE","D05","UNDE","2016-06-15T23:55Z","2016-06-17T12:07Z","UNDE.2016.24.AEDDIA.F.T","UNDE.2016.24.AEDDIA.F.T.08",38,
"0f605f82-15a9-4828-9469-132fccd680d2","UNDE","D05","UNDE","2016-06-15T23:55Z","2016-06-17T12:07Z","UNDE.2016.24.AEDDIA.F.T","UNDE.2016.24.AEDDIA.F.T.03",39,
"cc6b8ef5-582d-4c82-8c43-c54117a30e89","UNDE","D05","UNDE","2016-06-15T23:55Z","2016-06-17T12:07Z","UNDE.2016.24.AEDCOM.F.T","UNDE.2016.24.AEDCOM.F.T.23",39,
"f9ee80df-7386-4c3d-ad1f-1b14f50eb53e","UNDE","D05","UNDE","2016-06-15T23:55Z","2016-06-17T12:07Z","UNDE.2016.24.AEDDIA.F.T","UNDE.2016.24.AEDDIA.F.T.02",39,
"76d2dad0-4172-4d94-83a8-6f540b50e8e6","UNDE","D05","UNDE","2016-06-15T23:55Z","2016-06-17T12:07Z","UNDE.2016.24.AEDDIA.F.T","UNDE.2016.24.AEDDIA.F.T.06",39,
"87bf78b3-2140-4210-8d11-8b986824ba04","UNDE","D05","UNDE","2016-06-15T23:55Z","2016-06-17T12:07Z","UNDE.2016.24.AEDDIA.F.T","UNDE.2016.24.AEDDIA.F.T.04",39,
"6ccdbcd5-3a86-4e3a-bd7c-085b23b2a8fb","UNDE","D05","UNDE","2016-06-15T23:55Z","2016-06-17T12:07Z","UNDE.2016.24.AEDDIA.F.T","UNDE.2016.24.AEDDIA.F.T.12",38,
"26b2f186-f4c3-4e80-aa61-5886121e20cb","UNDE","D05","UNDE","2016-06-15T23:55Z","2016-06-17T12:07Z","UNDE.2016.24.AEDDIA.F.T","UNDE.2016.24.AEDDIA.F.T.09",38,
"41616ba6-5769-4795-b3a2-29e375128cd1","UNDE","D05","UNDE","2016-06-15T23:55Z","2016-06-17T12:07Z","UNDE.2016.24.AEDDIA.F.T","UNDE.2016.24.AEDDIA.F.T.13",38,
"f67bd3d8-c6c8-420e-839e-c5795d6ea83d","UNDE","D05","UNDE","2016-06-15T23:55Z","2016-06-17T12:07Z","UNDE.2016.24.AEDDIA.F.T","UNDE.2016.24.AEDDIA.F.T.07",38,
"81808587-cb60-42f6-879e-a596a8683f68","UNDE","D05","UNDE","2016-06-15T23:55Z","2016-06-17T12:07Z","UNDE.2016.24.AEDDIA.F.T","UNDE.2016.24.AEDDIA.F.T.11",38,
"a6b275ae-a2bd-4b43-806e-593f1358d391","UNDE","D05","UNDE","2016-06-15T23:55Z","2016-06-17T12:07Z","UNDE.2016.24.AEDDIA.F.T","UNDE.2016.24.AEDDIA.F.T.10",38,
"13e1d956-7c5b-4a46-9fce-c3e0ecc00239","UNDE","D05","UNDE","2016-06-15T23:55Z","2016-06-17T12:07Z","UNDE.2016.24.AEDDIA.F.T","UNDE.2016.24.AEDDIA.F.T.05",39,
"4f8178f7-5a2b-410e-acd9-a965bfc4c693","UNDE","D05","UNDE","2016-06-15T23:55Z","2016-06-17T12:07Z","UNDE.2016.24.AEDCOM.F.T","UNDE.2016.24.AEDCOM.F.T.14",39,
"e44b465b-05b5-453a-91db-0dd0ed75716d","UNDE","D05","UNDE","2016-06-15T23:55Z","2016-06-17T12:07Z","UNDE.2016.24.AEDCOM.F.T","UNDE.2016.24.AEDCOM.F.T.09",39,
"dfc923de-9ea2-4f3c-a535-bddd45c450a6","UNDE","D05","UNDE","2016-06-15T23:55Z","2016-06-17T12:07Z","UNDE.2016.24.AEDCOM.F.T","UNDE.2016.24.AEDCOM.F.T.08",39,
"bf6f14f9-2d24-4f0c-bdd2-f65d94316d23","UNDE","D05","UNDE","2016-06-15T23:55Z","2016-06-17T12:07Z","UNDE.2016.24.AEDCOM.F.T","UNDE.2016.24.AEDCOM.F.T.10",39,
"07abd59a-1262-4e5f-ae92-6299ddd041e3","UNDE","D05","UNDE","2016-06-15T23:55Z","2016-06-17T12:07Z","UNDE.2016.24.AEDCOM.F.T","UNDE.2016.24.AEDCOM.F.T.18",39,
"708a9390-cf67-4fda-a725-386de8553b76","UNDE","D05","UNDE","2016-06-15T23:55Z","2016-06-17T12:07Z","UNDE.2016.24.AEDCOM.F.T","UNDE.2016.24.AEDCOM.F.T.02",40,
"ee40b0d0-d7ab-4446-88e3-6049ec643738","UNDE","D05","UNDE","2016-06-15T23:55Z","2016-06-17T12:07Z","UNDE.2016.24.AEDCOM.F.T","UNDE.2016.24.AEDCOM.F.T.17",39,
"6621afea-f816-4ce1-934f-10540610aac0","UNDE","D05","UNDE","2016-06-15T23:55Z","2016-06-17T12:07Z","UNDE.2016.24.AEDCOM.F.T","UNDE.2016.24.AEDCOM.F.T.20",39,
"e2f27a73-eadb-4b5c-8ce7-caa417fed253","UNDE","D05","UNDE","2016-06-15T23:55Z","2016-06-17T12:07Z","UNDE.2016.24.AEDCOM.F.T","UNDE.2016.24.AEDCOM.F.T.19",39,
"c18e5ffb-ecf6-442b-9708-c9af0fac94b9","UNDE","D05","UNDE","2016-06-15T23:55Z","2016-06-17T12:07Z","UNDE.2016.24.AEDCOM.F.T","UNDE.2016.24.AEDCOM.F.T.22",39,
"f273110f-d16b-47fb-9a32-d7580c1788b4","UNDE","D05","UNDE","2016-06-15T23:55Z","2016-06-17T12:07Z","UNDE.2016.24.AEDCOM.F.T","UNDE.2016.24.AEDCOM.F.T.04",40,
"111a453f-e4b7-4930-8d9d-d4a17ab03fd7","UNDE","D05","UNDE","2016-06-15T23:55Z","2016-06-17T12:07Z","UNDE.2016.24.AEDCOM.F.T","UNDE.2016.24.AEDCOM.F.T.05",40,
"35b8b918-1e55-423d-893a-d61eacfafe26","UNDE","D05","UNDE","2016-06-15T23:55Z","2016-06-17T12:07Z","UNDE.2016.24.AEDCOM.F.T","UNDE.2016.24.AEDCOM.F.T.13",39,
"79fa51cb-787b-41d7-90bd-a4a3ae17f86b","UNDE","D05","UNDE","2016-06-15T23:55Z","2016-06-17T12:07Z","UNDE.2016.24.AEDCOM.F.T","UNDE.2016.24.AEDCOM.F.T.06",40,
"6bdb1421-6520-4edd-a2d6-e2204073781f","UNDE","D05","UNDE","2016-06-15T23:55Z","2016-06-17T12:07Z","UNDE.2016.24.AEDCOM.F.T","UNDE.2016.24.AEDCOM.F.T.16",39,
"5bb52234-30df-4bcc-91b0-61f05fce64bf","UNDE","D05","UNDE","2016-06-15T23:55Z","2016-06-17T12:07Z","UNDE.2016.24.AEDCOM.F.T","UNDE.2016.24.AEDCOM.F.T.11",39,
"6d019e0c-f94b-4351-899f-340f44b58be5","UNDE","D05","UNDE","2016-06-15T23:55Z","2016-06-17T12:07Z","UNDE.2016.24.AEDCOM.F.T","UNDE.2016.24.AEDCOM.F.T.07",40,
"5863eebb-0980-4f33-81b3-a3029c8b4b9e","UNDE","D05","UNDE","2016-06-15T23:55Z","2016-06-17T12:07Z","UNDE.2016.24.AEDCOM.F.T","UNDE.2016.24.AEDCOM.F.T.15",39,
"471badbb-164e-485c-8848-abc33b507693","UNDE","D05","UNDE","2016-06-15T23:55Z","2016-06-17T12:07Z","UNDE.2016.24.AEDCOM.F.T","UNDE.2016.24.AEDCOM.F.T.01",40,
"c8121cb3-c664-46bb-a913-ad121efb1f97","UNDE","D05","UNDE","2016-06-15T23:55Z","2016-06-17T12:07Z","UNDE.2016.24.AEDCOM.F.T","UNDE.2016.24.AEDCOM.F.T.12",39,
"a55c80c7-634b-41e8-bec0-fd5aef082613","UNDE","D05","UNDE","2016-06-15T23:55Z","2016-06-17T12:07Z","UNDE.2016.24.AEDCOM.F.T","UNDE.2016.24.AEDCOM.F.T.03",40,
"847cc528-a979-42ac-b31e-38b1e6886ce0","UNDE","D05","UNDE","2016-06-15T23:55Z","2016-06-17T12:07Z","UNDE.2016.24.AEDCOM.F.T","UNDE.2016.24.AEDCOM.F.T.21",39,
"aec06e9b-721e-492f-9993-f0bb6f7f16ba","UNDE","D05","UNDE","2016-06-15T23:55Z","2016-06-17T12:07Z","UNDE.2016.24.AEDCAN2.F.T","UNDE.2016.24.AEDCAN2.F.T.06",38,
"0c190e97-f25e-40c7-86ee-49efd093722d","UNDE","D05","UNDE","2016-06-15T23:55Z","2016-06-17T12:07Z","UNDE.2016.24.AEDCAN2.F.T","UNDE.2016.24.AEDCAN2.F.T.01",39,
