uid,namedLocation,domainID,siteID,startCollectDate,endCollectDate,testingID,testingVialID,poolSize,dataQF
"335dabf1-79db-4ad1-80a9-95cf17b5df5b","DELA","D08","DELA","2016-09-20T21:58Z","2016-09-22T13:43Z","DELA.2016.38.CULNIG.F.T","DELA.2016.38.CULNIG.F.T.02",34,
"4df2d4a7-ce83-44ee-9b46-135c1d0037a2","DELA","D08","DELA","2016-09-20T21:58Z","2016-09-22T13:43Z","DELA.2016.38.AEDVEX.F.T","DELA.2016.38.AEDVEX.F.T.07",39,
"c20529b7-4ea1-491e-9402-8bdca9e30bdd","DELA","D08","DELA","2016-09-20T21:58Z","2016-09-22T13:43Z","DELA.2016.38.CULNIG.F.T","DELA.2016.38.CULNIG.F.T.03",34,
"7b5ddb55-b93d-4376-9580-a4858e3403c2","DELA","D08","DELA","2016-09-20T21:58Z","2016-09-22T13:43Z","DELA.2016.38.CULNIG.F.T","DELA.2016.38.CULNIG.F.T.04",33,
"f92e641a-2699-4246-8afe-1ae10d9f966a","DELA","D08","DELA","2016-09-20T21:58Z","2016-09-22T13:43Z","DELA.2016.38.CULERR.F.T","DELA.2016.38.CULERR.F.T.04",37,
"f3f54610-a49d-4f4e-b2c3-67eca626f93e","DELA","D08","DELA","2016-09-20T21:58Z","2016-09-22T13:43Z","DELA.2016.38.CULERR.F.T","DELA.2016.38.CULERR.F.T.06",37,
"d5998518-c828-4e5e-8e08-e642f5bf8cdf","DELA","D08","DELA","2016-09-20T21:58Z","2016-09-22T13:43Z","DELA.2016.38.CULERR.F.T","DELA.2016.38.CULERR.F.T.03",37,
"affe8e0b-1825-4cb1-86b6-bb435ca49e43","DELA","D08","DELA","2016-09-20T21:58Z","2016-09-22T13:43Z","DELA.2016.38.CULERR.F.T","DELA.2016.38.CULERR.F.T.02",38,
"a8f23ee3-f3f6-4a8e-918e-fc7d202837f7","DELA","D08","DELA","2016-09-20T21:58Z","2016-09-22T13:43Z","DELA.2016.38.CULERR.F.T","DELA.2016.38.CULERR.F.T.01",38,
"8c464b23-32f6-47a0-a820-2c4b7dcc780a","DELA","D08","DELA","2016-09-20T21:58Z","2016-09-22T13:43Z","DELA.2016.38.CULERR.F.T","DELA.2016.38.CULERR.F.T.07",37,
"4dfaad31-b50a-4bcd-9898-53da8d177251","DELA","D08","DELA","2016-09-20T21:58Z","2016-09-22T13:43Z","DELA.2016.38.CULERR.F.T","DELA.2016.38.CULERR.F.T.08",37,
"00784bc6-61ab-465c-9c84-736ce9498a8c","DELA","D08","DELA","2016-09-20T21:58Z","2016-09-22T13:43Z","DELA.2016.38.CULERR.F.T","DELA.2016.38.CULERR.F.T.05",37,
"631633e7-7894-4fc2-9506-3cf3287c8804","DELA","D08","DELA","2016-09-20T21:58Z","2016-09-22T13:43Z","DELA.2016.38.AEDVEX.F.T","DELA.2016.38.AEDVEX.F.T.02",40,
"d2b6911a-d437-4cf1-8d71-9cec883d8c08","DELA","D08","DELA","2016-09-20T21:58Z","2016-09-22T13:43Z","DELA.2016.38.AEDVEX.F.T","DELA.2016.38.AEDVEX.F.T.04",40,
"96f74fda-63d3-44dd-9a38-2f992f1643ad","DELA","D08","DELA","2016-09-20T21:58Z","2016-09-22T13:43Z","DELA.2016.38.AEDVEX.F.T","DELA.2016.38.AEDVEX.F.T.05",40,
"17e7d2f8-4379-4951-a9ba-991bbb67cdd0","DELA","D08","DELA","2016-09-20T21:58Z","2016-09-22T13:43Z","DELA.2016.38.AEDVEX.F.T","DELA.2016.38.AEDVEX.F.T.01",40,
"3007b222-7b6a-475a-9721-57b41239c043","DELA","D08","DELA","2016-09-20T21:58Z","2016-09-22T13:43Z","DELA.2016.38.AEDVEX.F.T","DELA.2016.38.AEDVEX.F.T.06",40,
"a0b257ec-9c1f-4da3-a80d-dc5a2bd46d2e","DELA","D08","DELA","2016-09-20T21:58Z","2016-09-22T13:43Z","DELA.2016.38.AEDVEX.F.T","DELA.2016.38.AEDVEX.F.T.03",40,
"634221ed-b63a-4926-996c-9e0857ce5d1d","DELA","D08","DELA","2016-09-20T21:58Z","2016-09-22T13:43Z","DELA.2016.38.CULNIG.F.T","DELA.2016.38.CULNIG.F.T.01",34,
