uid,namedLocation,domainID,siteID,startCollectDate,endCollectDate,testingID,testingVialID,poolSize,dataQF
"8657510f-762f-431d-a683-172fd9192796","JERC","D03","JERC","2014-06-04T21:02Z","2014-06-06T12:54Z","JERC.2014.22.AEDVEX.F.T","JERC.2014.22.AEDVEX.F.T.01",50,
"b1318c34-3925-4763-8d34-19ed0902b339","JERC","D03","JERC","2014-06-04T21:02Z","2014-06-06T12:54Z","JERC.2014.22.AEDVEX.F.T","JERC.2014.22.AEDVEX.F.T.10",50,
"2620b067-df5f-4340-9b3c-4d55eb207071","JERC","D03","JERC","2014-06-04T21:02Z","2014-06-06T12:54Z","JERC.2014.22.AEDVEX.F.T","JERC.2014.22.AEDVEX.F.T.07",50,
"646de8a0-c563-43c3-a1db-584a012582b0","JERC","D03","JERC","2014-06-04T21:02Z","2014-06-06T12:54Z","JERC.2014.22.AEDVEX.F.T","JERC.2014.22.AEDVEX.F.T.04",50,
"be43d54e-d719-4b0d-b1c4-2f614a582465","JERC","D03","JERC","2014-06-04T21:02Z","2014-06-06T12:54Z","JERC.2014.22.AEDVEX.F.T","JERC.2014.22.AEDVEX.F.T.03",50,
"5c9f3583-b7d9-4527-a250-78702b86c2b0","JERC","D03","JERC","2014-06-04T21:02Z","2014-06-06T12:54Z","JERC.2014.22.AEDVEX.F.T","JERC.2014.22.AEDVEX.F.T.02",50,
"83fe5790-b781-4d97-b3b3-ffbf5c4f3182","JERC","D03","JERC","2014-06-04T21:02Z","2014-06-06T12:54Z","JERC.2014.22.CULERR.F.T","JERC.2014.22.CULERR.F.T.03",30,
"119dd991-1ba8-4aeb-ae33-8d4ecc2d9f05","JERC","D03","JERC","2014-06-04T21:02Z","2014-06-06T12:54Z","JERC.2014.22.AEDVEX.F.T","JERC.2014.22.AEDVEX.F.T.06",50,
"f949ed07-1f72-40eb-9279-c169ef2f8e4c","JERC","D03","JERC","2014-06-04T21:02Z","2014-06-06T12:54Z","JERC.2014.22.AEDVEX.F.T","JERC.2014.22.AEDVEX.F.T.05",50,
"7d838044-a166-45ff-b0ba-956a757f24ba","JERC","D03","JERC","2014-06-04T21:02Z","2014-06-06T12:54Z","JERC.2014.22.AEDVEX.F.T","JERC.2014.22.AEDVEX.F.T.08",50,
"40ce2e80-8f26-465a-8523-b799803bb3a1","JERC","D03","JERC","2014-06-04T21:02Z","2014-06-06T12:54Z","JERC.2014.22.CULERR.F.T","JERC.2014.22.CULERR.F.T.04",30,
"2e467eb4-b150-47ba-bad5-140a031c1b01","JERC","D03","JERC","2014-06-04T21:02Z","2014-06-06T12:54Z","JERC.2014.22.CULERR.F.T","JERC.2014.22.CULERR.F.T.02",30,
"f6c7a250-36df-410b-8f9e-293e0fb69730","JERC","D03","JERC","2014-06-04T21:02Z","2014-06-06T12:54Z","JERC.2014.22.CULERR.F.T","JERC.2014.22.CULERR.F.T.01",30,
"3f79154a-8bad-44d6-aabc-ce536ebb4836","JERC","D03","JERC","2014-06-04T21:02Z","2014-06-06T12:54Z","JERC.2014.22.AEDVEX.F.T","JERC.2014.22.AEDVEX.F.T.09",50,
