uid,namedLocation,domainID,siteID,startCollectDate,endCollectDate,testingID,testingVialID,poolSize,dataQF
"6aa3c4e7-a2da-464e-a35d-2992f9c69830","JERC","D03","JERC","2016-09-27T20:53Z","2016-09-29T13:46Z","JERC.2016.39.AEDVEX.F.T","JERC.2016.39.AEDVEX.F.T.02",36,
"9a8436aa-bce9-4186-baac-24f936d77d22","JERC","D03","JERC","2016-09-27T20:53Z","2016-09-29T13:46Z","JERC.2016.39.AEDVEX.F.T","JERC.2016.39.AEDVEX.F.T.01",36,
"d126fc9c-a529-48e4-a8cf-aea038f0e50d","JERC","D03","JERC","2016-09-27T20:53Z","2016-09-29T13:46Z","JERC.2016.39.AEDVEX.F.T","JERC.2016.39.AEDVEX.F.T.05",35,
"30ff08a7-fdfe-4a74-87e8-3a314a9c6240","JERC","D03","JERC","2016-09-27T20:53Z","2016-09-29T13:46Z","JERC.2016.39.AEDVEX.F.T","JERC.2016.39.AEDVEX.F.T.04",35,
"e0af0109-70f9-4a91-8b12-a3e692dbd052","JERC","D03","JERC","2016-09-27T20:53Z","2016-09-29T13:46Z","JERC.2016.39.AEDVEX.F.T","JERC.2016.39.AEDVEX.F.T.03",35,
