uid,namedLocation,domainID,siteID,startCollectDate,endCollectDate,testingID,testingVialID,poolSize,dataQF
"110324a6-5691-4c01-ad9b-1c62f007fe30","UNDE","D05","UNDE","2016-06-29T23:26Z","2016-07-01T00:26Z","UNDE.2016.26.AEDCIN.F.T","UNDE.2016.26.AEDCIN.F.T.01",14,
"bfcaa239-d69f-4902-91b4-d5135657fe33","UNDE","D05","UNDE","2016-06-29T23:26Z","2016-07-01T12:14Z","UNDE.2016.26.AEDPUN.F.T","UNDE.2016.26.AEDPUN.F.T.04",36,
"cc2a2f83-d84a-47d1-ab83-d848ba139294","UNDE","D05","UNDE","2016-06-29T23:26Z","2016-07-01T12:14Z","UNDE.2016.26.AEDCAN2.F.T","UNDE.2016.26.AEDCAN2.F.T.10",39,
"1f6d4a10-7466-4196-8887-d9610f54a5c4","UNDE","D05","UNDE","2016-06-29T23:26Z","2016-07-01T12:14Z","UNDE.2016.26.AEDCAN2.F.T","UNDE.2016.26.AEDCAN2.F.T.06",39,
"b28b3239-da3b-4d77-a0ee-e00031e957a1","UNDE","D05","UNDE","2016-06-29T23:26Z","2016-07-01T12:14Z","UNDE.2016.26.AEDCAN2.F.T","UNDE.2016.26.AEDCAN2.F.T.08",39,
"8c54dee0-8651-43c8-b185-d13a0af49b82","UNDE","D05","UNDE","2016-06-29T23:26Z","2016-07-01T12:14Z","UNDE.2016.26.AEDCAN2.F.T","UNDE.2016.26.AEDCAN2.F.T.07",39,
"6c54a3ea-d93f-49cd-ade8-e0363f5c0310","UNDE","D05","UNDE","2016-06-29T23:26Z","2016-07-01T12:14Z","UNDE.2016.26.AEDCAN2.F.T","UNDE.2016.26.AEDCAN2.F.T.09",39,
"5501473e-72d9-402b-913c-611c98883cfc","UNDE","D05","UNDE","2016-06-29T23:26Z","2016-07-01T12:14Z","UNDE.2016.26.AEDCAN2.F.T","UNDE.2016.26.AEDCAN2.F.T.05",39,
"362c5f5d-2835-4f1d-96fb-22e01cb01aa9","UNDE","D05","UNDE","2016-06-29T23:26Z","2016-07-01T12:14Z","UNDE.2016.26.AEDCAN2.F.T","UNDE.2016.26.AEDCAN2.F.T.02",40,
"9a3d3722-af84-4e7a-b7e0-e785a6330d92","UNDE","D05","UNDE","2016-06-29T23:26Z","2016-07-01T12:14Z","UNDE.2016.26.AEDCAN2.F.T","UNDE.2016.26.AEDCAN2.F.T.03",39,
"31e00c5b-d826-4960-adb0-48b25d86ff66","UNDE","D05","UNDE","2016-06-29T23:26Z","2016-07-01T12:14Z","UNDE.2016.26.AEDCAN2.F.T","UNDE.2016.26.AEDCAN2.F.T.01",40,
"60b5bcd4-06d2-4633-a512-1e36ac30d937","UNDE","D05","UNDE","2016-06-29T23:26Z","2016-07-01T12:14Z","UNDE.2016.26.AEDCAN2.F.T","UNDE.2016.26.AEDCAN2.F.T.04",39,
"d928620c-1506-4826-9cd1-06600c92b9da","UNDE","D05","UNDE","2016-06-29T23:26Z","2016-07-01T12:14Z","UNDE.2016.26.AEDDIA.F.T","UNDE.2016.26.AEDDIA.F.T.01",37,
"9c80f1c8-3196-49af-b9b2-874864f53787","UNDE","D05","UNDE","2016-06-29T23:26Z","2016-07-01T12:14Z","UNDE.2016.26.AEDDIA.F.T","UNDE.2016.26.AEDDIA.F.T.02",37,
"7ef94a26-5630-4cab-a8b6-48ddc844df3d","UNDE","D05","UNDE","2016-06-29T23:26Z","2016-07-01T12:14Z","UNDE.2016.26.AEDDIA.F.T","UNDE.2016.26.AEDDIA.F.T.03",37,
"5520c406-6024-410c-a01b-931f36e4611a","UNDE","D05","UNDE","2016-06-29T23:26Z","2016-07-01T12:14Z","UNDE.2016.26.AEDEXC.F.T","UNDE.2016.26.AEDEXC.F.T.01",40,
"639a5e52-a41a-46ba-a8d1-eaa03609a180","UNDE","D05","UNDE","2016-06-29T23:26Z","2016-07-01T12:14Z","UNDE.2016.26.AEDEXC.F.T","UNDE.2016.26.AEDEXC.F.T.02",40,
"78771bbc-d82d-4439-bc57-e8bf5bbf9e13","UNDE","D05","UNDE","2016-06-29T23:26Z","2016-07-01T12:14Z","UNDE.2016.26.AEDEXC.F.T","UNDE.2016.26.AEDEXC.F.T.04",39,
"dc1ab193-b30d-4fb4-8127-c8ba46ceb104","UNDE","D05","UNDE","2016-06-29T23:26Z","2016-07-01T12:14Z","UNDE.2016.26.AEDEXC.F.T","UNDE.2016.26.AEDEXC.F.T.03",39,
"84053629-23a5-4e4b-b8dc-f89f0cec2573","UNDE","D05","UNDE","2016-06-29T23:26Z","2016-07-01T12:14Z","UNDE.2016.26.AEDPRO.F.T","UNDE.2016.26.AEDPRO.F.T.01",25,
"1d49e31a-ae25-4889-a704-d16bf6704f10","UNDE","D05","UNDE","2016-06-29T23:26Z","2016-07-01T12:14Z","UNDE.2016.26.AEDPUN.F.T","UNDE.2016.26.AEDPUN.F.T.05",36,
"5760c139-0a83-42a0-ba93-629a676487a3","UNDE","D05","UNDE","2016-06-29T23:26Z","2016-07-01T12:14Z","UNDE.2016.26.AEDSTI.F.T","UNDE.2016.26.AEDSTI.F.T.01",31,
"0a1c52cb-3b05-4452-b0c3-a14fd8ee4876","UNDE","D05","UNDE","2016-06-29T23:26Z","2016-07-01T12:14Z","UNDE.2016.26.AEDSTI.F.T","UNDE.2016.26.AEDSTI.F.T.03",30,
"10b4fff2-6cbd-40cd-a11b-007b492703cc","UNDE","D05","UNDE","2016-06-29T23:26Z","2016-07-01T12:14Z","UNDE.2016.26.AEDSTI.F.T","UNDE.2016.26.AEDSTI.F.T.02",31,
"e06c8fca-016f-4b3f-a0ed-2e04131e81a9","UNDE","D05","UNDE","2016-06-29T23:26Z","2016-07-01T12:14Z","UNDE.2016.26.AEDPUN.F.T","UNDE.2016.26.AEDPUN.F.T.02",37,
"fce237c4-1b26-4c69-bdd6-c9b56d92dee8","UNDE","D05","UNDE","2016-06-29T23:26Z","2016-07-01T12:14Z","UNDE.2016.26.AEDPUN.F.T","UNDE.2016.26.AEDPUN.F.T.03",37,
"b75f6caf-d27d-4c9f-81d7-e6ae85c790ed","UNDE","D05","UNDE","2016-06-29T23:26Z","2016-07-01T12:14Z","UNDE.2016.26.AEDPUN.F.T","UNDE.2016.26.AEDPUN.F.T.01",37,
"35d7a9f9-47ea-4ef7-adf7-204f284a69df","UNDE","D05","UNDE","2016-06-29T23:26Z","2016-07-01T12:14Z","UNDE.2016.26.AEDSTI.F.T","UNDE.2016.26.AEDSTI.F.T.04",30,
"a17cc2b6-5410-4cde-849c-5155443e8fea","UNDE","D05","UNDE","2016-06-29T23:43Z","2016-07-01T12:14Z","UNDE.2016.26.AEDCOM.F.T","UNDE.2016.26.AEDCOM.F.T.01",37,
"7890928d-0fc6-49d6-9437-2daa42652268","UNDE","D05","UNDE","2016-06-30T00:10Z","2016-07-01T12:14Z","UNDE.2016.26.AEDVEX.F.T","UNDE.2016.26.AEDVEX.F.T.01",30,
"bf457cff-32e6-442a-9939-7f6d8a249026","UNDE","D05","UNDE","2016-07-13T23:15Z","2016-07-15T11:49Z","UNDE.2016.28.AEDPUN.F.T","UNDE.2016.28.AEDPUN.F.T.01",32,
"502e100c-e227-4e94-b781-892b050d4521","UNDE","D05","UNDE","2016-07-13T23:15Z","2016-07-15T11:49Z","UNDE.2016.28.AEDPUN.F.T","UNDE.2016.28.AEDPUN.F.T.02",31,
"209a7119-34c4-4fd7-acc5-fd89f1121f79","UNDE","D05","UNDE","2016-07-13T23:15Z","2016-07-15T12:01Z","UNDE.2016.28.AEDVEX.F.T","UNDE.2016.28.AEDVEX.F.T.01",37,
"ce813102-62de-423c-af39-25c949b4bcbb","UNDE","D05","UNDE","2016-07-13T23:15Z","2016-07-15T12:01Z","UNDE.2016.28.AEDCAN2.F.T","UNDE.2016.28.AEDCAN2.F.T.03",38,
"7200f176-e0cf-4e4d-a205-bad03ecef9c7","UNDE","D05","UNDE","2016-07-13T23:15Z","2016-07-15T12:01Z","UNDE.2016.28.AEDSTI.F.T","UNDE.2016.28.AEDSTI.F.T.02",32,
"811e585d-509c-42bf-bc0f-ad745f93b8e5","UNDE","D05","UNDE","2016-07-13T23:15Z","2016-07-15T12:01Z","UNDE.2016.28.AEDSTI.F.T","UNDE.2016.28.AEDSTI.F.T.01",33,
"9d428235-8e90-4bd2-8cc0-5ecf11a85901","UNDE","D05","UNDE","2016-07-13T23:15Z","2016-07-15T12:01Z","UNDE.2016.28.AEDCAN2.F.T","UNDE.2016.28.AEDCAN2.F.T.04",38,
"7c7bab8e-b4fa-48ef-8cd6-5233459698e9","UNDE","D05","UNDE","2016-07-13T23:15Z","2016-07-15T12:01Z","UNDE.2016.28.AEDSTI.F.T","UNDE.2016.28.AEDSTI.F.T.03",32,
"4bb8a789-038e-404b-b0a3-0fd5cd031325","UNDE","D05","UNDE","2016-07-13T23:15Z","2016-07-15T12:01Z","UNDE.2016.28.AEDCAN2.F.T","UNDE.2016.28.AEDCAN2.F.T.05",38,
"7dc254ad-b6dd-4fc3-b578-ec64a2d0804c","UNDE","D05","UNDE","2016-07-13T23:15Z","2016-07-15T12:01Z","UNDE.2016.28.AEDCAN2.F.T","UNDE.2016.28.AEDCAN2.F.T.01",38,
"f1149385-d773-44e5-9435-2db197583cd9","UNDE","D05","UNDE","2016-07-13T23:15Z","2016-07-15T12:01Z","UNDE.2016.28.AEDCAN2.F.T","UNDE.2016.28.AEDCAN2.F.T.06",38,
"a766c73c-69e6-4f61-9a94-387c2c9b3b79","UNDE","D05","UNDE","2016-07-13T23:15Z","2016-07-15T12:01Z","UNDE.2016.28.AEDCAN2.F.T","UNDE.2016.28.AEDCAN2.F.T.07",37,
"d3787e81-0f68-4720-951e-6d1d99e093f6","UNDE","D05","UNDE","2016-07-13T23:15Z","2016-07-15T12:01Z","UNDE.2016.28.AEDCAN2.F.T","UNDE.2016.28.AEDCAN2.F.T.02",38,
"1dc11833-de81-4f49-82a9-9f9cc669f83a","UNDE","D05","UNDE","2016-07-13T23:36Z","2016-07-15T11:36Z","UNDE.2016.28.AEDEXC.F.T","UNDE.2016.28.AEDEXC.F.T.02",35,
"af7aa001-6654-4a81-b8cc-ae3da407df13","UNDE","D05","UNDE","2016-07-13T23:36Z","2016-07-15T11:36Z","UNDE.2016.28.AEDEXC.F.T","UNDE.2016.28.AEDEXC.F.T.03",34,
"51190140-2e28-488a-b0ea-00a472b1c8bd","UNDE","D05","UNDE","2016-07-13T23:36Z","2016-07-15T11:36Z","UNDE.2016.28.AEDEXC.F.T","UNDE.2016.28.AEDEXC.F.T.01",35,
"4c2610e8-a6b1-422f-a4ee-f3d6b209f622","UNDE","D05","UNDE","2016-07-13T23:42Z","2016-07-15T11:14Z","UNDE.2016.28.AEDCIN.F.T","UNDE.2016.28.AEDCIN.F.T.01",16,
"87cf93bd-368d-4dd6-8e4e-961e026d2fa8","UNDE","D05","UNDE","2016-07-13T23:42Z","2016-07-15T11:49Z","UNDE.2016.28.AEDDIA.F.T","UNDE.2016.28.AEDDIA.F.T.02",29,
"f1596770-175a-4cb2-854b-0d049f9c8680","UNDE","D05","UNDE","2016-07-13T23:42Z","2016-07-15T11:49Z","UNDE.2016.28.AEDDIA.F.T","UNDE.2016.28.AEDDIA.F.T.01",30,
"ab20322b-998d-4137-a200-b64715ef2802","UNDE","D05","UNDE","2016-07-28T00:19Z","2016-07-29T12:19Z","UNDE.2016.30.AEDEXC.F.T","UNDE.2016.30.AEDEXC.F.T.02",36,
"b9ae763b-ba36-4a46-8c2e-2c06d034b5a4","UNDE","D05","UNDE","2016-07-28T00:19Z","2016-07-29T12:19Z","UNDE.2016.30.AEDEXC.F.T","UNDE.2016.30.AEDEXC.F.T.03",36,
"163b3339-4e7c-416f-b22e-2aeace31cd3a","UNDE","D05","UNDE","2016-07-28T00:19Z","2016-07-29T12:19Z","UNDE.2016.30.AEDEXC.F.T","UNDE.2016.30.AEDEXC.F.T.01",36,
"ec66cfd4-4148-4d25-9bcf-922a097a6deb","UNDE","D05","UNDE","2016-07-28T00:19Z","2016-07-29T12:19Z","UNDE.2016.30.AEDEXC.F.T","UNDE.2016.30.AEDEXC.F.T.04",36,
"05ea9550-86d7-4b20-969b-15a235c0646c","UNDE","D05","UNDE","2016-07-28T00:19Z","2016-07-29T12:19Z","UNDE.2016.30.AEDEXC.F.T","UNDE.2016.30.AEDEXC.F.T.06",35,
"b12cbc2f-d9e1-4bc4-9f90-be548dcf1071","UNDE","D05","UNDE","2016-07-28T00:19Z","2016-07-29T12:19Z","UNDE.2016.30.AEDEXC.F.T","UNDE.2016.30.AEDEXC.F.T.05",35,
"ce644da4-f55d-4dd0-9e68-ef7f70fd6353","UNDE","D05","UNDE","2016-07-28T00:19Z","2016-07-29T12:24Z","UNDE.2016.30.AEDCAN2.F.T","UNDE.2016.30.AEDCAN2.F.T.05",39,
"6277d7e1-f0c6-4d20-be7a-fca9854a9692","UNDE","D05","UNDE","2016-07-28T00:19Z","2016-07-29T12:24Z","UNDE.2016.30.AEDCAN2.F.T","UNDE.2016.30.AEDCAN2.F.T.07",39,
"7acf4b2e-2447-46b0-9157-9f4bcbac5950","UNDE","D05","UNDE","2016-07-28T00:19Z","2016-07-29T12:24Z","UNDE.2016.30.AEDCAN2.F.T","UNDE.2016.30.AEDCAN2.F.T.10",39,
"d4435408-76a6-4598-8f6d-0e77212953a8","UNDE","D05","UNDE","2016-07-28T00:19Z","2016-07-29T12:24Z","UNDE.2016.30.AEDCAN2.F.T","UNDE.2016.30.AEDCAN2.F.T.04",40,
"cb90f8dd-9bca-45b6-a2f9-5a8463a11650","UNDE","D05","UNDE","2016-07-28T00:19Z","2016-07-29T12:24Z","UNDE.2016.30.AEDCAN2.F.T","UNDE.2016.30.AEDCAN2.F.T.11",39,
"55ebb6e6-c91c-4397-9a26-80a5034c0fb6","UNDE","D05","UNDE","2016-07-28T00:19Z","2016-07-29T12:24Z","UNDE.2016.30.AEDCAN2.F.T","UNDE.2016.30.AEDCAN2.F.T.02",40,
"8b5c9afb-da7e-4a4f-bf0f-53f35e15f43c","UNDE","D05","UNDE","2016-07-28T00:19Z","2016-07-29T12:24Z","UNDE.2016.30.AEDCAN2.F.T","UNDE.2016.30.AEDCAN2.F.T.06",39,
"ee0683de-f117-4757-a986-da12e18499cb","UNDE","D05","UNDE","2016-07-28T00:19Z","2016-07-29T12:24Z","UNDE.2016.30.AEDCAN2.F.T","UNDE.2016.30.AEDCAN2.F.T.03",40,
"468c2812-e9a0-4d0c-aa98-6d0b183a9925","UNDE","D05","UNDE","2016-07-28T00:19Z","2016-07-29T12:24Z","UNDE.2016.30.AEDCAN2.F.T","UNDE.2016.30.AEDCAN2.F.T.08",39,
"a18ca8bf-98ce-4c0c-b781-9661bba6e402","UNDE","D05","UNDE","2016-07-28T00:19Z","2016-07-29T12:24Z","UNDE.2016.30.AEDCAN2.F.T","UNDE.2016.30.AEDCAN2.F.T.01",40,
"2ace644c-f046-4709-a12c-da099a55da54","UNDE","D05","UNDE","2016-07-28T00:19Z","2016-07-29T12:24Z","UNDE.2016.30.AEDCAN2.F.T","UNDE.2016.30.AEDCAN2.F.T.09",39,
"9787b46a-9ce9-4468-8189-0650ce40dc47","UNDE","D05","UNDE","2016-07-28T00:35Z","2016-07-29T12:19Z","UNDE.2016.30.AEDSTI.F.T","UNDE.2016.30.AEDSTI.F.T.01",29,
"1b898ecf-056d-40fd-9d89-faf03aeb3470","UNDE","D05","UNDE","2016-07-28T00:35Z","2016-07-29T12:19Z","UNDE.2016.30.AEDSTI.F.T","UNDE.2016.30.AEDSTI.F.T.02",28,
"ff04003f-362d-4d43-bab1-8a2aed38f122","UNDE","D05","UNDE","2016-07-28T00:35Z","2016-07-29T12:19Z","UNDE.2016.30.AEDSTI.F.T","UNDE.2016.30.AEDSTI.F.T.03",28,
"5b00b084-c5a2-4221-98ce-e3a09cc35950","UNDE","D05","UNDE","2016-07-28T00:35Z","2016-07-29T12:24Z","UNDE.2016.30.AEDVEX.F.T","UNDE.2016.30.AEDVEX.F.T.02",37,
"1b2480f5-0711-4976-b759-1582d43bd2b0","UNDE","D05","UNDE","2016-07-28T00:35Z","2016-07-29T12:24Z","UNDE.2016.30.AEDVEX.F.T","UNDE.2016.30.AEDVEX.F.T.01",38,
"e7b77b83-4e42-4f41-8ab6-4e802ee82b63","UNDE","D05","UNDE","2016-07-28T01:13Z","2016-07-29T12:24Z","UNDE.2016.30.AEDCIN.F.T","UNDE.2016.30.AEDCIN.F.T.01",26,
"b0b5da40-ae0e-46ec-9f93-4cc3aaae2872","UNDE","D05","UNDE","2016-07-28T01:13Z","2016-07-29T12:24Z","UNDE.2016.30.AEDCIN.F.T","UNDE.2016.30.AEDCIN.F.T.02",26,
"642a260a-4d71-419c-abf7-e29b7a243c71","UNDE","D05","UNDE","2016-07-28T01:32Z","2016-07-29T12:19Z","UNDE.2016.30.AEDPUN.F.T","UNDE.2016.30.AEDPUN.F.T.01",20,
"70e4bd2f-030e-4b77-b824-d6571f8eca65","UNDE","D05","UNDE","2016-07-28T11:41Z","2016-07-29T12:24Z","UNDE.2016.30.AEDDIA.F.T","UNDE.2016.30.AEDDIA.F.T.02",24,
"d629566d-54a3-4ba4-930d-b9e3fd5e6a47","UNDE","D05","UNDE","2016-07-28T11:41Z","2016-07-29T12:24Z","UNDE.2016.30.AEDDIA.F.T","UNDE.2016.30.AEDDIA.F.T.01",24,
