uid,namedLocation,domainID,siteID,startCollectDate,endCollectDate,testingID,testingVialID,poolSize,dataQF
"bc66bf49-c44e-40ae-8d62-07980ceded62","SERC","D02","SERC","2016-07-05T20:42Z","2016-07-07T12:46Z","SERC.2016.27.CULRES.F.T","SERC.2016.27.CULRES.F.T.44",39,
"422ffa6c-3765-4942-8555-786e6666388e","SERC","D02","SERC","2016-07-05T20:42Z","2016-07-07T12:46Z","SERC.2016.27.AEDVEX.F.T","SERC.2016.27.AEDVEX.F.T.01",22,
"dcd6b89e-6178-46b3-8288-da11d9ee1ffa","SERC","D02","SERC","2016-07-05T20:42Z","2016-07-07T12:46Z","SERC.2016.27.CULRES.F.T","SERC.2016.27.CULRES.F.T.41",39,
"4739346a-b654-4c79-bf16-5b5b2a328487","SERC","D02","SERC","2016-07-05T20:42Z","2016-07-07T12:46Z","SERC.2016.27.CULRES.F.T","SERC.2016.27.CULRES.F.T.39",39,
"2e6296e4-2dae-4dc6-aa5d-8db37c54ba9f","SERC","D02","SERC","2016-07-05T20:42Z","2016-07-07T12:46Z","SERC.2016.27.CULRES.F.T","SERC.2016.27.CULRES.F.T.40",39,
"0f24fc6f-c746-4b43-8765-1a08899f5e1a","SERC","D02","SERC","2016-07-05T20:42Z","2016-07-07T12:46Z","SERC.2016.27.CULRES.F.T","SERC.2016.27.CULRES.F.T.37",39,
"b7e38a91-3e7b-41e9-9ac9-ef2ed0e725cd","SERC","D02","SERC","2016-07-05T20:42Z","2016-07-07T12:46Z","SERC.2016.27.CULRES.F.T","SERC.2016.27.CULRES.F.T.38",39,
"4f796bd9-3a44-43ef-936d-9e34e07ab285","SERC","D02","SERC","2016-07-05T20:42Z","2016-07-07T12:46Z","SERC.2016.27.CULRES.F.T","SERC.2016.27.CULRES.F.T.36",39,
"fcf56259-6247-48a4-b448-9331111a1799","SERC","D02","SERC","2016-07-05T20:42Z","2016-07-07T12:46Z","SERC.2016.27.CULRES.F.T","SERC.2016.27.CULRES.F.T.43",39,
"771d607f-314e-4cc6-a76e-e80b263347f5","SERC","D02","SERC","2016-07-05T20:42Z","2016-07-07T12:46Z","SERC.2016.27.CULRES.F.T","SERC.2016.27.CULRES.F.T.12",40,
"1d232d8d-da75-4fc2-ad47-63699070da08","SERC","D02","SERC","2016-07-05T20:42Z","2016-07-07T12:46Z","SERC.2016.27.CULRES.F.T","SERC.2016.27.CULRES.F.T.14",39,
"0103058b-2ea1-471a-b7e9-a494c196ac0b","SERC","D02","SERC","2016-07-05T20:42Z","2016-07-07T12:46Z","SERC.2016.27.CULRES.F.T","SERC.2016.27.CULRES.F.T.04",40,
"aa6e064f-9d86-4ee5-b03f-34f5ecf231cf","SERC","D02","SERC","2016-07-05T20:42Z","2016-07-07T12:46Z","SERC.2016.27.CULRES.F.T","SERC.2016.27.CULRES.F.T.15",39,
"026fcba3-fce4-4bc5-9580-f50cb7f0aa33","SERC","D02","SERC","2016-07-05T20:42Z","2016-07-07T12:46Z","SERC.2016.27.CULRES.F.T","SERC.2016.27.CULRES.F.T.32",39,
"68e6d794-2d63-4b60-9121-36f7f5171947","SERC","D02","SERC","2016-07-05T20:42Z","2016-07-07T12:46Z","SERC.2016.27.CULRES.F.T","SERC.2016.27.CULRES.F.T.26",39,
"938b3126-e269-4cc9-8edc-ac94b3e01a9a","SERC","D02","SERC","2016-07-05T20:42Z","2016-07-07T12:46Z","SERC.2016.27.CULRES.F.T","SERC.2016.27.CULRES.F.T.01",40,
"78adde81-3173-4342-ba39-f261a8f735ce","SERC","D02","SERC","2016-07-05T20:42Z","2016-07-07T12:46Z","SERC.2016.27.CULRES.F.T","SERC.2016.27.CULRES.F.T.21",39,
"fad5d23e-6b23-4c4e-a55e-d9d761f8a196","SERC","D02","SERC","2016-07-05T20:42Z","2016-07-07T12:46Z","SERC.2016.27.CULRES.F.T","SERC.2016.27.CULRES.F.T.06",40,
"a687fb26-4b7a-49c5-8db0-61f1b23ffc56","SERC","D02","SERC","2016-07-05T20:42Z","2016-07-07T12:46Z","SERC.2016.27.CULRES.F.T","SERC.2016.27.CULRES.F.T.18",39,
"6a9ddcbc-3e82-46a6-a30f-5a67c5a03305","SERC","D02","SERC","2016-07-05T20:42Z","2016-07-07T12:46Z","SERC.2016.27.CULRES.F.T","SERC.2016.27.CULRES.F.T.11",40,
"699aa68c-cf9f-4ad8-a62a-f3a6472d8c93","SERC","D02","SERC","2016-07-05T20:42Z","2016-07-07T12:46Z","SERC.2016.27.CULRES.F.T","SERC.2016.27.CULRES.F.T.34",39,
"6ec8f8b4-4f8b-46b8-8168-65d0dec97764","SERC","D02","SERC","2016-07-05T20:42Z","2016-07-07T12:46Z","SERC.2016.27.CULRES.F.T","SERC.2016.27.CULRES.F.T.23",39,
"a301ea77-bd3e-458d-ba85-5f11027e64ba","SERC","D02","SERC","2016-07-05T20:42Z","2016-07-07T12:46Z","SERC.2016.27.CULRES.F.T","SERC.2016.27.CULRES.F.T.30",39,
"31e9553b-409e-496f-91a9-751dab184368","SERC","D02","SERC","2016-07-05T20:42Z","2016-07-07T12:46Z","SERC.2016.27.CULRES.F.T","SERC.2016.27.CULRES.F.T.03",40,
"ac6fae9b-0fe1-4e8e-8cde-1293bc1a1c32","SERC","D02","SERC","2016-07-05T20:42Z","2016-07-07T12:46Z","SERC.2016.27.CULRES.F.T","SERC.2016.27.CULRES.F.T.13",40,
"b9859aaa-9735-4a66-a45b-981a0ba01439","SERC","D02","SERC","2016-07-05T20:42Z","2016-07-07T12:46Z","SERC.2016.27.CULRES.F.T","SERC.2016.27.CULRES.F.T.27",39,
"5e51f59a-4645-4924-ba85-72b6b858be03","SERC","D02","SERC","2016-07-05T20:42Z","2016-07-07T12:46Z","SERC.2016.27.CULRES.F.T","SERC.2016.27.CULRES.F.T.22",39,
"30d69a14-a037-4e0c-ac26-46554d55df07","SERC","D02","SERC","2016-07-05T20:42Z","2016-07-07T12:46Z","SERC.2016.27.CULRES.F.T","SERC.2016.27.CULRES.F.T.35",39,
"1a6e25be-da82-4449-9e2d-72ac0f40cb62","SERC","D02","SERC","2016-07-05T20:42Z","2016-07-07T12:46Z","SERC.2016.27.CULRES.F.T","SERC.2016.27.CULRES.F.T.07",40,
"1b4f9cf3-b065-4d10-9ad4-4edcc1c5d5da","SERC","D02","SERC","2016-07-05T20:42Z","2016-07-07T12:46Z","SERC.2016.27.CULRES.F.T","SERC.2016.27.CULRES.F.T.05",40,
"ba57401d-a1d7-4aca-b510-139337c5104e","SERC","D02","SERC","2016-07-05T20:42Z","2016-07-07T12:46Z","SERC.2016.27.CULRES.F.T","SERC.2016.27.CULRES.F.T.31",39,
"43da6989-710c-4339-b423-7f8df26a639b","SERC","D02","SERC","2016-07-05T20:42Z","2016-07-07T12:46Z","SERC.2016.27.CULRES.F.T","SERC.2016.27.CULRES.F.T.33",39,
"4589431d-9a23-4153-acc4-264a0bf39f76","SERC","D02","SERC","2016-07-05T20:42Z","2016-07-07T12:46Z","SERC.2016.27.CULRES.F.T","SERC.2016.27.CULRES.F.T.28",39,
"bb2e17b3-532c-4178-bdb2-c015f741496d","SERC","D02","SERC","2016-07-05T20:42Z","2016-07-07T12:46Z","SERC.2016.27.CULRES.F.T","SERC.2016.27.CULRES.F.T.09",40,
"8d4969b7-b680-4f25-b8c4-708ea8b34eed","SERC","D02","SERC","2016-07-05T20:42Z","2016-07-07T12:46Z","SERC.2016.27.CULRES.F.T","SERC.2016.27.CULRES.F.T.16",39,
"4e377f3a-66bf-4615-8e54-7b3b5d78dfed","SERC","D02","SERC","2016-07-05T20:42Z","2016-07-07T12:46Z","SERC.2016.27.CULRES.F.T","SERC.2016.27.CULRES.F.T.10",40,
"750fd5db-5cfd-4114-879a-093658d92c77","SERC","D02","SERC","2016-07-05T20:42Z","2016-07-07T12:46Z","SERC.2016.27.CULRES.F.T","SERC.2016.27.CULRES.F.T.17",39,
"0a7ead09-f1d1-4c04-9c8b-3501fef97dd4","SERC","D02","SERC","2016-07-05T20:42Z","2016-07-07T12:46Z","SERC.2016.27.CULRES.F.T","SERC.2016.27.CULRES.F.T.20",39,
"45177ea2-ce68-4195-bb57-989f5e90bc0b","SERC","D02","SERC","2016-07-05T20:42Z","2016-07-07T12:46Z","SERC.2016.27.CULRES.F.T","SERC.2016.27.CULRES.F.T.24",39,
"ecbfc2be-271f-484f-99ad-ae3a26961f01","SERC","D02","SERC","2016-07-05T20:42Z","2016-07-07T12:46Z","SERC.2016.27.CULRES.F.T","SERC.2016.27.CULRES.F.T.02",40,
"ae4787b5-bce7-4247-9dff-c8b63c1c484e","SERC","D02","SERC","2016-07-05T20:42Z","2016-07-07T12:46Z","SERC.2016.27.CULRES.F.T","SERC.2016.27.CULRES.F.T.08",40,
"60777161-54df-4325-b08a-7ac6d710dfb5","SERC","D02","SERC","2016-07-05T20:42Z","2016-07-07T12:46Z","SERC.2016.27.CULRES.F.T","SERC.2016.27.CULRES.F.T.29",39,
"fd1941ec-8f6e-470b-a294-98344eaaa416","SERC","D02","SERC","2016-07-05T20:42Z","2016-07-07T12:46Z","SERC.2016.27.CULRES.F.T","SERC.2016.27.CULRES.F.T.19",39,
"df3576ef-bcf2-4870-ad78-f0cf529c0d86","SERC","D02","SERC","2016-07-05T20:42Z","2016-07-07T12:46Z","SERC.2016.27.CULRES.F.T","SERC.2016.27.CULRES.F.T.25",39,
"5a9c10e1-202d-44b4-a765-b0959d2a50c1","SERC","D02","SERC","2016-07-05T20:42Z","2016-07-07T12:46Z","SERC.2016.27.CULRES.F.T","SERC.2016.27.CULRES.F.T.42",39,
