uid,namedLocation,domainID,siteID,startCollectDate,endCollectDate,testingID,testingVialID,poolSize,dataQF
"c6054632-c9ad-48a9-ba01-6b2003030cf4","OSBS","D03","OSBS","2014-04-08T22:46Z","2014-04-10T15:03Z","OSBS.2014.14.CULSAL.F.T","OSBS.2014.14.CULSAL.F.T.04",50,
"27c57bb2-8732-4c91-9296-a76d9ecf2e1e","OSBS","D03","OSBS","2014-04-08T22:46Z","2014-04-10T15:03Z","OSBS.2014.14.CULSAL.F.T","OSBS.2014.14.CULSAL.F.T.07",50,
"5e579d15-cde2-4b11-9ebe-8e60df6238a0","OSBS","D03","OSBS","2014-04-08T22:46Z","2014-04-10T15:03Z","OSBS.2014.14.CULSAL.F.T","OSBS.2014.14.CULSAL.F.T.11",50,
"11c4e386-26a2-4aaa-8180-89f11a1c1bc0","OSBS","D03","OSBS","2014-04-08T22:46Z","2014-04-10T15:03Z","OSBS.2014.14.CULSAL.F.T","OSBS.2014.14.CULSAL.F.T.06",50,
"0f15b805-ae3b-4291-b7b1-168f960e59c8","OSBS","D03","OSBS","2014-04-08T22:46Z","2014-04-10T15:03Z","OSBS.2014.14.CULSAL.F.T","OSBS.2014.14.CULSAL.F.T.09",50,
"8c0ebe11-7889-4094-8d52-d72251efed2b","OSBS","D03","OSBS","2014-04-08T22:46Z","2014-04-10T15:03Z","OSBS.2014.14.CULSAL.F.T","OSBS.2014.14.CULSAL.F.T.05",50,
"76064a90-e4ad-44fa-b156-cab5974630d8","OSBS","D03","OSBS","2014-04-08T22:46Z","2014-04-10T15:03Z","OSBS.2014.14.CULNIG.F.T","OSBS.2014.14.CULNIG.F.T.01",40,
"a916bd67-5901-431f-9f3c-44fc135112a7","OSBS","D03","OSBS","2014-04-08T22:46Z","2014-04-10T15:03Z","OSBS.2014.14.CULSAL.F.T","OSBS.2014.14.CULSAL.F.T.03",50,
"b198c468-2320-4fa3-ac7f-8d7e624c7726","OSBS","D03","OSBS","2014-04-08T22:46Z","2014-04-10T15:03Z","OSBS.2014.14.CULNIG.F.T","OSBS.2014.14.CULNIG.F.T.04",40,
"cb69ce90-4ee1-4f42-ba67-aeadb133d6d4","OSBS","D03","OSBS","2014-04-08T22:46Z","2014-04-10T15:03Z","OSBS.2014.14.CULNIG.F.T","OSBS.2014.14.CULNIG.F.T.02",40,
"23e9ae55-0982-419f-8efb-80442cac1154","OSBS","D03","OSBS","2014-04-08T22:46Z","2014-04-10T15:03Z","OSBS.2014.14.CULERR.F.T","OSBS.2014.14.CULERR.F.T.01",40,
"9ea8203d-533f-4af6-bb59-02f057ed8c3a","OSBS","D03","OSBS","2014-04-08T22:46Z","2014-04-10T15:03Z","OSBS.2014.14.CULSAL.F.T","OSBS.2014.14.CULSAL.F.T.01",50,
"37bf909a-e975-46a9-86a8-ff13c732a23a","OSBS","D03","OSBS","2014-04-08T22:46Z","2014-04-10T15:03Z","OSBS.2014.14.CULERR.F.T","OSBS.2014.14.CULERR.F.T.03",40,
"bd616493-c2de-4b7e-a393-dd5974ff0f78","OSBS","D03","OSBS","2014-04-08T22:46Z","2014-04-10T15:03Z","OSBS.2014.14.CULERR.F.T","OSBS.2014.14.CULERR.F.T.02",40,
"d603aa0d-0213-43f5-bd02-587ce9bf2d01","OSBS","D03","OSBS","2014-04-08T22:46Z","2014-04-10T15:03Z","OSBS.2014.14.CULSAL.F.T","OSBS.2014.14.CULSAL.F.T.02",50,
"e9f7b6dc-c954-415f-95db-333f8c42d24b","OSBS","D03","OSBS","2014-04-08T22:46Z","2014-04-10T15:03Z","OSBS.2014.14.CULNIG.F.T","OSBS.2014.14.CULNIG.F.T.03",40,
"3af567cd-8ff6-4164-991c-f2917471d5e8","OSBS","D03","OSBS","2014-04-08T22:46Z","2014-04-10T15:03Z","OSBS.2014.14.CULSAL.F.T","OSBS.2014.14.CULSAL.F.T.14",50,
"6d62fe7c-5563-436f-bf3a-8eeb0f099e8b","OSBS","D03","OSBS","2014-04-08T22:46Z","2014-04-10T15:03Z","OSBS.2014.14.CULSAL.F.T","OSBS.2014.14.CULSAL.F.T.12",50,
"abc2ff7f-6466-44fe-9fa5-4dcca540fe79","OSBS","D03","OSBS","2014-04-08T22:46Z","2014-04-10T15:03Z","OSBS.2014.14.CULSAL.F.T","OSBS.2014.14.CULSAL.F.T.08",50,
"e1baf4c7-8142-468f-b48e-1c36016cf708","OSBS","D03","OSBS","2014-04-08T22:46Z","2014-04-10T15:03Z","OSBS.2014.14.CULSAL.F.T","OSBS.2014.14.CULSAL.F.T.10",50,
"86291f45-1166-4631-821c-54ab5cfdbcb3","OSBS","D03","OSBS","2014-04-08T22:46Z","2014-04-10T15:03Z","OSBS.2014.14.CULSAL.F.T","OSBS.2014.14.CULSAL.F.T.13",50,
"4a52634c-8057-4e4d-9813-d9d3b1e7d7bd","OSBS","D03","OSBS","2014-04-08T22:46Z","2014-04-10T15:03Z","OSBS.2014.14.CULSAL.F.T","OSBS.2014.14.CULSAL.F.T.15",50,
"e0e04871-339d-4d16-bc20-6ce23772d5f4","OSBS","D03","OSBS","2014-04-08T23:00Z","2014-04-10T14:54Z","OSBS.2014.14.AEDCAN2.F.T","OSBS.2014.14.AEDCAN2.F.T.01",20,
"abce3565-5e87-49eb-aca0-f455bb071599","OSBS","D03","OSBS","2014-04-08T23:00Z","2014-04-10T15:03Z","OSBS.2014.14.COQPER.F.T","OSBS.2014.14.COQPER.F.T.03",20,
"2e89e342-f049-4f68-81a7-cd3b300c128d","OSBS","D03","OSBS","2014-04-08T23:00Z","2014-04-10T15:03Z","OSBS.2014.14.COQPER.F.T","OSBS.2014.14.COQPER.F.T.04",20,
"ef10f149-ecad-4833-9c89-1612a78ca25e","OSBS","D03","OSBS","2014-04-08T23:00Z","2014-04-10T15:03Z","OSBS.2014.14.COQPER.F.T","OSBS.2014.14.COQPER.F.T.01",20,
"e687bf32-2f02-433d-be70-818b07f22e9e","OSBS","D03","OSBS","2014-04-08T23:00Z","2014-04-10T15:03Z","OSBS.2014.14.COQPER.F.T","OSBS.2014.14.COQPER.F.T.02",20,
"afdd3795-c52d-47d3-baa9-902bdc8a1b08","OSBS","D03","OSBS","2014-04-22T20:40Z","2014-04-24T14:54Z","OSBS.2014.16.CULERR.F.T","OSBS.2014.16.CULERR.F.T.03",50,
"94f2f637-500e-4ad8-9a8f-a3e33f11e258","OSBS","D03","OSBS","2014-04-22T20:40Z","2014-04-24T14:54Z","OSBS.2014.16.COQPER.F.T","OSBS.2014.16.COQPER.F.T.15",50,
"8be51302-888a-48ec-8abe-71d55379c14a","OSBS","D03","OSBS","2014-04-22T20:40Z","2014-04-24T14:54Z","OSBS.2014.16.CULERR.F.T","OSBS.2014.16.CULERR.F.T.07",50,
"292942a9-5129-4f59-819f-b83ee3a50e6c","OSBS","D03","OSBS","2014-04-22T20:40Z","2014-04-24T14:54Z","OSBS.2014.16.CULERR.F.T","OSBS.2014.16.CULERR.F.T.06",50,
"d8832221-917c-42f7-be41-14ed44f0b498","OSBS","D03","OSBS","2014-04-22T20:40Z","2014-04-24T14:54Z","OSBS.2014.16.COQPER.F.T","OSBS.2014.16.COQPER.F.T.08",50,
"a1f0ff6f-19fe-4add-b826-4ebc629e6f3d","OSBS","D03","OSBS","2014-04-22T20:40Z","2014-04-24T14:54Z","OSBS.2014.16.CULERR.F.T","OSBS.2014.16.CULERR.F.T.02",50,
"4af72932-c7a4-48bc-8039-99d16aef7f17","OSBS","D03","OSBS","2014-04-22T20:40Z","2014-04-24T14:54Z","OSBS.2014.16.COQPER.F.T","OSBS.2014.16.COQPER.F.T.04",50,
"70160c2a-aa30-4f04-a17f-5ab17f4aa3a9","OSBS","D03","OSBS","2014-04-22T20:40Z","2014-04-24T14:54Z","OSBS.2014.16.CULERR.F.T","OSBS.2014.16.CULERR.F.T.01",50,
"9c32d246-87fa-455f-8618-4602d35313ed","OSBS","D03","OSBS","2014-04-22T20:40Z","2014-04-24T14:54Z","OSBS.2014.16.COQPER.F.T","OSBS.2014.16.COQPER.F.T.12",50,
"d621638d-7ceb-491b-9ecf-4d8e84d94b71","OSBS","D03","OSBS","2014-04-22T20:40Z","2014-04-24T14:54Z","OSBS.2014.16.COQPER.F.T","OSBS.2014.16.COQPER.F.T.13",50,
"f2693a39-dd68-4416-8aa3-b0120d2d4e27","OSBS","D03","OSBS","2014-04-22T20:40Z","2014-04-24T14:54Z","OSBS.2014.16.COQPER.F.T","OSBS.2014.16.COQPER.F.T.11",50,
"6471edc4-30ba-4434-bd03-0b6c11dfd44b","OSBS","D03","OSBS","2014-04-22T20:40Z","2014-04-24T14:54Z","OSBS.2014.16.COQPER.F.T","OSBS.2014.16.COQPER.F.T.01",50,
"361dc0a4-9851-4e6e-99f3-2073a111688a","OSBS","D03","OSBS","2014-04-22T20:40Z","2014-04-24T14:54Z","OSBS.2014.16.COQPER.F.T","OSBS.2014.16.COQPER.F.T.03",50,
"a7b77b03-1dad-425a-96cb-1f830a127599","OSBS","D03","OSBS","2014-04-22T20:40Z","2014-04-24T14:54Z","OSBS.2014.16.CULERR.F.T","OSBS.2014.16.CULERR.F.T.04",50,
"89817f1c-8e1e-4f53-acdc-77bedf282f14","OSBS","D03","OSBS","2014-04-22T20:40Z","2014-04-24T14:54Z","OSBS.2014.16.COQPER.F.T","OSBS.2014.16.COQPER.F.T.07",50,
"bbdeea43-f67e-4cc8-ba67-a9216ffca406","OSBS","D03","OSBS","2014-04-22T20:40Z","2014-04-24T14:54Z","OSBS.2014.16.COQPER.F.T","OSBS.2014.16.COQPER.F.T.02",50,
"52681b23-3cab-48b6-baac-e947e0d43098","OSBS","D03","OSBS","2014-04-22T20:40Z","2014-04-24T14:54Z","OSBS.2014.16.COQPER.F.T","OSBS.2014.16.COQPER.F.T.14",50,
"8ef51985-b190-4986-b3eb-f12a34689e17","OSBS","D03","OSBS","2014-04-22T20:40Z","2014-04-24T14:54Z","OSBS.2014.16.CULERR.F.T","OSBS.2014.16.CULERR.F.T.08",50,
"3b500ca8-ccd7-4e0f-bf18-96ef70b38dbc","OSBS","D03","OSBS","2014-04-22T20:40Z","2014-04-24T14:54Z","OSBS.2014.16.COQPER.F.T","OSBS.2014.16.COQPER.F.T.10",50,
"710e2534-15e3-46d7-9111-9414c5188abe","OSBS","D03","OSBS","2014-04-22T20:40Z","2014-04-24T14:54Z","OSBS.2014.16.CULERR.F.T","OSBS.2014.16.CULERR.F.T.05",50,
"e99187a8-6d37-4875-9355-1928f66a8d08","OSBS","D03","OSBS","2014-04-22T20:40Z","2014-04-24T14:54Z","OSBS.2014.16.COQPER.F.T","OSBS.2014.16.COQPER.F.T.05",50,
"1569c077-aeac-4218-a622-c299ac8bda91","OSBS","D03","OSBS","2014-04-22T20:40Z","2014-04-24T14:54Z","OSBS.2014.16.COQPER.F.T","OSBS.2014.16.COQPER.F.T.09",50,
"a246093e-8ef3-44ad-ba3d-20d052599c98","OSBS","D03","OSBS","2014-04-22T20:40Z","2014-04-24T14:54Z","OSBS.2014.16.CULERR.F.T","OSBS.2014.16.CULERR.F.T.09",50,
"114a1d7b-20ef-42d0-bdc8-c121613c7a2b","OSBS","D03","OSBS","2014-04-22T20:40Z","2014-04-24T14:54Z","OSBS.2014.16.CULSAL.F.T","OSBS.2014.16.CULSAL.F.T.02",50,
"de5b8266-17f6-43c8-9d71-92adb7c9046f","OSBS","D03","OSBS","2014-04-22T20:40Z","2014-04-24T14:54Z","OSBS.2014.16.CULSAL.F.T","OSBS.2014.16.CULSAL.F.T.03",50,
"97e0c4f7-b368-413a-ad38-deb98c5d69e1","OSBS","D03","OSBS","2014-04-22T20:40Z","2014-04-24T14:54Z","OSBS.2014.16.CULERR.F.T","OSBS.2014.16.CULERR.F.T.10",50,
"a086858d-cc8a-44ea-9ef4-c87550a94972","OSBS","D03","OSBS","2014-04-22T20:40Z","2014-04-24T14:54Z","OSBS.2014.16.COQPER.F.T","OSBS.2014.16.COQPER.F.T.06",50,
"dc85988f-9586-4347-9cc0-e8d308f70524","OSBS","D03","OSBS","2014-04-22T20:40Z","2014-04-24T14:54Z","OSBS.2014.16.CULSAL.F.T","OSBS.2014.16.CULSAL.F.T.01",50,
