uid,namedLocation,domainID,siteID,nlcdClass,decimalLatitude,decimalLongitude,geodeticDatum,coordinateUncertainty,elevation,elevationUncertainty,startCollectDate,endCollectDate,receivedDate,testedDate,testingVialID,deprecatedVialID,sampleCondition,testProtocolVersion,testMethod,testResult,testPathogenName,testNumber,finalResult,locus,percentIdentity,sequenceDatabase,sequenceDatabaseID,extractDepleted,remarks,testedBy,laboratoryName
"ec7b99f0-e165-413b-9f23-b87c463e7ca4","OSBS","D03","OSBS",,29.689282,-81.993431,"WGS84",,46.0,,"2014-06-30T21:25Z","2014-07-02T14:10Z","2015-01-06T12:00Z","2015-01-22T12:00Z","OSBS.2014.26.COQPER.F.T.11","OSBS.2014.7.Coquillettidia perturbans.Female.T11","No known compromise","CAES_Pathogen_testing_SOP_2014-05-06","PCR","Positive","EEEV",4,"Y",,,,,"Y","mosquito pool ct=33.05. virus culture ct=14.40|realtime PCR","r4iH4e2lsYW4kI6RhiJwwMegvyzkVSXT","Connecticut Agricultural Experiment Station"
"da453c81-70b7-4e93-83be-5bbe91363d25","OSBS","D03","OSBS",,29.689282,-81.993431,"WGS84",,46.0,,"2014-06-30T21:25Z","2014-07-02T14:10Z","2015-01-06T12:00Z","2015-01-22T12:00Z","OSBS.2014.26.COQPER.F.T.12","OSBS.2014.7.Coquillettidia perturbans.Female.T12","No known compromise","CAES_Pathogen_testing_SOP_2014-05-06","PCR","Positive","EEEV",4,"Y",,,,,"Y","mosquito pool ct=34.60. virus culture ct=15.15|realtime PCR","r4iH4e2lsYW4kI6RhiJwwMegvyzkVSXT","Connecticut Agricultural Experiment Station"
"9baedf0c-3c66-49c8-9159-a3a99f4a2cc6","OSBS","D03","OSBS",,29.689282,-81.993431,"WGS84",,46.0,,"2014-06-30T21:25Z","2014-07-02T14:10Z","2015-01-06T12:00Z","2015-01-22T12:00Z","OSBS.2014.26.COQPER.F.T.12","OSBS.2014.7.Coquillettidia perturbans.Female.T12","No known compromise","CAES_Pathogen_testing_SOP_2014-05-06","PCR","Negative","HJV",3,"N",,,,,"Y","realtime PCR|realtime PCR","r4iH4e2lsYW4kI6RhiJwwMegvyzkVSXT","Connecticut Agricultural Experiment Station"
"3fe24c58-34b4-47a7-9fdb-970a5d644cf3","OSBS","D03","OSBS",,29.689282,-81.993431,"WGS84",,46.0,,"2014-06-30T21:25Z","2014-07-02T14:10Z","2015-01-06T12:00Z","2015-01-22T12:00Z","OSBS.2014.26.COQPER.F.T.11","OSBS.2014.7.Coquillettidia perturbans.Female.T11","No known compromise","CAES_Pathogen_testing_SOP_2014-05-06","PCR","Negative","HJV",3,"N",,,,,"Y","realtime PCR|realtime PCR","r4iH4e2lsYW4kI6RhiJwwMegvyzkVSXT","Connecticut Agricultural Experiment Station"
"423646c4-0f2c-492e-8909-b90cd912d04c","OSBS","D03","OSBS",,29.689282,-81.993431,"WGS84",,46.0,,"2014-06-30T21:25Z","2014-07-02T14:10Z","2015-01-06T12:00Z","2015-01-15T12:00Z","OSBS.2014.26.COQPER.F.T.11","OSBS.2014.7.Coquillettidia perturbans.Female.T11","No known compromise","CAES_Pathogen_testing_SOP_2014-05-06","Culture","Positive","UNKV",2,"N",,,,,"Y","CPE+ 1/20","r4iH4e2lsYW4kI6RhiJwwMegvyzkVSXT","Connecticut Agricultural Experiment Station"
"73a036c4-6f0b-4074-8cc6-c017a09046c9","OSBS","D03","OSBS",,29.689282,-81.993431,"WGS84",,46.0,,"2014-06-30T21:25Z","2014-07-02T14:10Z","2015-01-06T12:00Z","2015-01-15T12:00Z","OSBS.2014.26.COQPER.F.T.15","OSBS.2014.7.Coquillettidia perturbans.Female.T15","No known compromise","CAES_Pathogen_testing_SOP_2014-05-06","Culture","Negative","UNKV",2,"Y",,,,,"Y",,"r4iH4e2lsYW4kI6RhiJwwMegvyzkVSXT","Connecticut Agricultural Experiment Station"
"59e31943-5fb8-4cca-a0a6-61420d9243a4","OSBS","D03","OSBS",,29.689282,-81.993431,"WGS84",,46.0,,"2014-06-30T21:25Z","2014-07-02T14:10Z","2015-01-06T12:00Z","2015-01-15T12:00Z","OSBS.2014.26.COQPER.F.T.12","OSBS.2014.7.Coquillettidia perturbans.Female.T12","No known compromise","CAES_Pathogen_testing_SOP_2014-05-06","Culture","Positive","UNKV",2,"N",,,,,"Y","CPE+ 1/20","r4iH4e2lsYW4kI6RhiJwwMegvyzkVSXT","Connecticut Agricultural Experiment Station"
"49483207-1d04-4936-a3b3-b3966f185dd6","OSBS","D03","OSBS",,29.689282,-81.993431,"WGS84",,46.0,,"2014-06-30T21:25Z","2014-07-02T14:10Z","2015-01-06T12:00Z","2015-01-08T12:00Z","OSBS.2014.26.CULERR.F.T.09","OSBS.2014.7.Culex erraticus.Female.T9","No known compromise","CAES_Pathogen_testing_SOP_2014-05-06","Culture","Negative","UNKV",1,"Y",,,,,"Y",,"r4iH4e2lsYW4kI6RhiJwwMegvyzkVSXT","Connecticut Agricultural Experiment Station"
"4b66b9fa-b17e-4a44-9ab5-691246749898","OSBS","D03","OSBS",,29.689282,-81.993431,"WGS84",,46.0,,"2014-06-30T21:25Z","2014-07-02T14:10Z","2015-01-06T12:00Z","2015-01-08T12:00Z","OSBS.2014.26.COQPER.F.T.15","OSBS.2014.7.Coquillettidia perturbans.Female.T15","No known compromise","CAES_Pathogen_testing_SOP_2014-05-06","Culture","Inconclusive","UNKV",1,"N",,,,,"Y","CPE? 1/12","r4iH4e2lsYW4kI6RhiJwwMegvyzkVSXT","Connecticut Agricultural Experiment Station"
"e5bfdd0e-e139-4c3a-8ce6-1ec8d447040e","OSBS","D03","OSBS",,29.689282,-81.993431,"WGS84",,46.0,,"2014-06-30T21:25Z","2014-07-02T14:10Z","2015-01-06T12:00Z","2015-01-08T12:00Z","OSBS.2014.26.CULERR.F.T.06","OSBS.2014.7.Culex erraticus.Female.T6","No known compromise","CAES_Pathogen_testing_SOP_2014-05-06","Culture","Negative","UNKV",1,"Y",,,,,"Y",,"r4iH4e2lsYW4kI6RhiJwwMegvyzkVSXT","Connecticut Agricultural Experiment Station"
"6deb5a19-9c90-49e3-89c4-f6761ffb4cb5","OSBS","D03","OSBS",,29.689282,-81.993431,"WGS84",,46.0,,"2014-06-30T21:25Z","2014-07-02T14:10Z","2015-01-06T12:00Z","2015-01-08T12:00Z","OSBS.2014.26.CULERR.F.T.03","OSBS.2014.7.Culex erraticus.Female.T3","No known compromise","CAES_Pathogen_testing_SOP_2014-05-06","Culture","Negative","UNKV",1,"Y",,,,,"Y",,"r4iH4e2lsYW4kI6RhiJwwMegvyzkVSXT","Connecticut Agricultural Experiment Station"
"aa6359c8-ee16-4135-a0ff-d10b5f625a87","OSBS","D03","OSBS",,29.689282,-81.993431,"WGS84",,46.0,,"2014-06-30T21:25Z","2014-07-02T14:10Z","2015-01-06T12:00Z","2015-01-08T12:00Z","OSBS.2014.26.CULERR.F.T.05","OSBS.2014.7.Culex erraticus.Female.T5","No known compromise","CAES_Pathogen_testing_SOP_2014-05-06","Culture","Negative","UNKV",1,"Y",,,,,"Y",,"r4iH4e2lsYW4kI6RhiJwwMegvyzkVSXT","Connecticut Agricultural Experiment Station"
"6892d40f-15a1-4e90-93d4-f83b9be42b60","OSBS","D03","OSBS",,29.689282,-81.993431,"WGS84",,46.0,,"2014-06-30T21:25Z","2014-07-02T14:10Z","2015-01-06T12:00Z","2015-01-08T12:00Z","OSBS.2014.26.CULERR.F.T.10","OSBS.2014.7.Culex erraticus.Female.T10","No known compromise","CAES_Pathogen_testing_SOP_2014-05-06","Culture","Negative","UNKV",1,"Y",,,,,"Y",,"r4iH4e2lsYW4kI6RhiJwwMegvyzkVSXT","Connecticut Agricultural Experiment Station"
"edc77e0f-16ef-4b5b-9cd9-8ac9a8cabffe","OSBS","D03","OSBS",,29.689282,-81.993431,"WGS84",,46.0,,"2014-06-30T21:25Z","2014-07-02T14:10Z","2015-01-06T12:00Z","2015-01-08T12:00Z","OSBS.2014.26.CULERR.F.T.02","OSBS.2014.7.Culex erraticus.Female.T2","No known compromise","CAES_Pathogen_testing_SOP_2014-05-06","Culture","Negative","UNKV",1,"Y",,,,,"Y",,"r4iH4e2lsYW4kI6RhiJwwMegvyzkVSXT","Connecticut Agricultural Experiment Station"
"ae47f771-60d4-41f1-a568-c62610a1faef","OSBS","D03","OSBS",,29.689282,-81.993431,"WGS84",,46.0,,"2014-06-30T21:25Z","2014-07-02T14:10Z","2015-01-06T12:00Z","2015-01-08T12:00Z","OSBS.2014.26.CULERR.F.T.07","OSBS.2014.7.Culex erraticus.Female.T7","No known compromise","CAES_Pathogen_testing_SOP_2014-05-06","Culture","Negative","UNKV",1,"Y",,,,,"Y",,"r4iH4e2lsYW4kI6RhiJwwMegvyzkVSXT","Connecticut Agricultural Experiment Station"
"1c2f4f6c-ef8f-4bb1-bbf4-9cf8d258b4aa","OSBS","D03","OSBS",,29.689282,-81.993431,"WGS84",,46.0,,"2014-06-30T21:25Z","2014-07-02T14:10Z","2015-01-06T12:00Z","2015-01-08T12:00Z","OSBS.2014.26.CULERR.F.T.04","OSBS.2014.7.Culex erraticus.Female.T4","No known compromise","CAES_Pathogen_testing_SOP_2014-05-06","Culture","Negative","UNKV",1,"Y",,,,,"Y",,"r4iH4e2lsYW4kI6RhiJwwMegvyzkVSXT","Connecticut Agricultural Experiment Station"
"15088d85-96b0-4f24-a824-7a83c7a80433","OSBS","D03","OSBS",,29.689282,-81.993431,"WGS84",,46.0,,"2014-06-30T21:25Z","2014-07-02T14:10Z","2015-01-06T12:00Z","2015-01-08T12:00Z","OSBS.2014.26.CULERR.F.T.01","OSBS.2014.7.Culex erraticus.Female.T1","No known compromise","CAES_Pathogen_testing_SOP_2014-05-06","Culture","Negative","UNKV",1,"Y",,,,,"Y",,"r4iH4e2lsYW4kI6RhiJwwMegvyzkVSXT","Connecticut Agricultural Experiment Station"
"dd50d4bf-0291-47eb-b4f5-6b94d9008891","OSBS","D03","OSBS",,29.689282,-81.993431,"WGS84",,46.0,,"2014-06-30T21:25Z","2014-07-02T14:10Z","2015-01-06T12:00Z","2015-01-08T12:00Z","OSBS.2014.26.CULERR.F.T.08","OSBS.2014.7.Culex erraticus.Female.T8","No known compromise","CAES_Pathogen_testing_SOP_2014-05-06","Culture","Negative","UNKV",1,"Y",,,,,"Y",,"r4iH4e2lsYW4kI6RhiJwwMegvyzkVSXT","Connecticut Agricultural Experiment Station"
"590334b1-9213-41de-9685-9d09fa4b918f","OSBS","D03","OSBS",,29.689282,-81.993431,"WGS84",,46.0,,"2014-06-30T21:25Z","2014-07-02T14:10Z","2015-01-06T12:00Z","2015-01-08T12:00Z","OSBS.2014.26.COQPER.F.T.14","OSBS.2014.7.Coquillettidia perturbans.Female.T14","No known compromise","CAES_Pathogen_testing_SOP_2014-05-06","Culture","Negative","UNKV",1,"Y",,,,,"Y",,"r4iH4e2lsYW4kI6RhiJwwMegvyzkVSXT","Connecticut Agricultural Experiment Station"
"0699a0f0-ce38-47ca-a5f3-ebff0d81b1a1","OSBS","D03","OSBS",,29.689282,-81.993431,"WGS84",,46.0,,"2014-06-30T21:25Z","2014-07-02T14:10Z","2015-01-06T12:00Z","2015-01-08T12:00Z","OSBS.2014.26.COQPER.F.T.09","OSBS.2014.7.Coquillettidia perturbans.Female.T9","No known compromise","CAES_Pathogen_testing_SOP_2014-05-06","Culture","Negative","UNKV",1,"Y",,,,,"Y",,"r4iH4e2lsYW4kI6RhiJwwMegvyzkVSXT","Connecticut Agricultural Experiment Station"
"ee9dc3d8-abc3-4ff9-9e92-de2afef55d54","OSBS","D03","OSBS",,29.689282,-81.993431,"WGS84",,46.0,,"2014-06-30T21:25Z","2014-07-02T14:10Z","2015-01-06T12:00Z","2015-01-08T12:00Z","OSBS.2014.26.COQPER.F.T.02","OSBS.2014.7.Coquillettidia perturbans.Female.T2","No known compromise","CAES_Pathogen_testing_SOP_2014-05-06","Culture","Negative","UNKV",1,"Y",,,,,"Y",,"r4iH4e2lsYW4kI6RhiJwwMegvyzkVSXT","Connecticut Agricultural Experiment Station"
"cc5a3f21-ef55-4f3b-a4f6-00075c2acae7","OSBS","D03","OSBS",,29.689282,-81.993431,"WGS84",,46.0,,"2014-06-30T21:25Z","2014-07-02T14:10Z","2015-01-06T12:00Z","2015-01-08T12:00Z","OSBS.2014.26.COQPER.F.T.08","OSBS.2014.7.Coquillettidia perturbans.Female.T8","No known compromise","CAES_Pathogen_testing_SOP_2014-05-06","Culture","Negative","UNKV",1,"Y",,,,,"Y",,"r4iH4e2lsYW4kI6RhiJwwMegvyzkVSXT","Connecticut Agricultural Experiment Station"
"6b0d125a-88a9-43cc-9229-14433c63ad44","OSBS","D03","OSBS",,29.689282,-81.993431,"WGS84",,46.0,,"2014-06-30T21:25Z","2014-07-02T14:10Z","2015-01-06T12:00Z","2015-01-08T12:00Z","OSBS.2014.26.COQPER.F.T.13","OSBS.2014.7.Coquillettidia perturbans.Female.T13","No known compromise","CAES_Pathogen_testing_SOP_2014-05-06","Culture","Negative","UNKV",1,"Y",,,,,"Y",,"r4iH4e2lsYW4kI6RhiJwwMegvyzkVSXT","Connecticut Agricultural Experiment Station"
"a8be1307-a57c-47e6-8981-7669af7b6915","OSBS","D03","OSBS",,29.689282,-81.993431,"WGS84",,46.0,,"2014-06-30T21:25Z","2014-07-02T14:10Z","2015-01-06T12:00Z","2015-01-08T12:00Z","OSBS.2014.26.COQPER.F.T.10","OSBS.2014.7.Coquillettidia perturbans.Female.T10","No known compromise","CAES_Pathogen_testing_SOP_2014-05-06","Culture","Negative","UNKV",1,"Y",,,,,"Y",,"r4iH4e2lsYW4kI6RhiJwwMegvyzkVSXT","Connecticut Agricultural Experiment Station"
"43864b7e-5b2e-491a-909e-64815a64dc18","OSBS","D03","OSBS",,29.689282,-81.993431,"WGS84",,46.0,,"2014-06-30T21:25Z","2014-07-02T14:10Z","2015-01-06T12:00Z","2015-01-08T12:00Z","OSBS.2014.26.COQPER.F.T.07","OSBS.2014.7.Coquillettidia perturbans.Female.T7","No known compromise","CAES_Pathogen_testing_SOP_2014-05-06","Culture","Negative","UNKV",1,"Y",,,,,"Y",,"r4iH4e2lsYW4kI6RhiJwwMegvyzkVSXT","Connecticut Agricultural Experiment Station"
"3c606d31-a6d2-4057-9650-550d70bf42eb","OSBS","D03","OSBS",,29.689282,-81.993431,"WGS84",,46.0,,"2014-06-30T21:25Z","2014-07-02T14:10Z","2015-01-06T12:00Z","2015-01-08T12:00Z","OSBS.2014.26.COQPER.F.T.12","OSBS.2014.7.Coquillettidia perturbans.Female.T12","No known compromise","CAES_Pathogen_testing_SOP_2014-05-06","Culture","Inconclusive","UNKV",1,"N",,,,,"Y","CPE? 1/12","r4iH4e2lsYW4kI6RhiJwwMegvyzkVSXT","Connecticut Agricultural Experiment Station"
"c1df6f08-7325-4a29-8db5-f545293041ee","OSBS","D03","OSBS",,29.689282,-81.993431,"WGS84",,46.0,,"2014-06-30T21:25Z","2014-07-02T14:10Z","2015-01-06T12:00Z","2015-01-08T12:00Z","OSBS.2014.26.COQPER.F.T.06","OSBS.2014.7.Coquillettidia perturbans.Female.T6","No known compromise","CAES_Pathogen_testing_SOP_2014-05-06","Culture","Negative","UNKV",1,"Y",,,,,"Y",,"r4iH4e2lsYW4kI6RhiJwwMegvyzkVSXT","Connecticut Agricultural Experiment Station"
"d6d00bb1-d4a3-4e73-8e53-0366059b1457","OSBS","D03","OSBS",,29.689282,-81.993431,"WGS84",,46.0,,"2014-06-30T21:25Z","2014-07-02T14:10Z","2015-01-06T12:00Z","2015-01-08T12:00Z","OSBS.2014.26.COQPER.F.T.01","OSBS.2014.7.Coquillettidia perturbans.Female.T1","No known compromise","CAES_Pathogen_testing_SOP_2014-05-06","Culture","Negative","UNKV",1,"Y",,,,,"Y",,"r4iH4e2lsYW4kI6RhiJwwMegvyzkVSXT","Connecticut Agricultural Experiment Station"
"55553f99-c047-415d-a428-d90d68e36f4f","OSBS","D03","OSBS",,29.689282,-81.993431,"WGS84",,46.0,,"2014-06-30T21:25Z","2014-07-02T14:10Z","2015-01-06T12:00Z","2015-01-08T12:00Z","OSBS.2014.26.COQPER.F.T.04","OSBS.2014.7.Coquillettidia perturbans.Female.T4","No known compromise","CAES_Pathogen_testing_SOP_2014-05-06","Culture","Negative","UNKV",1,"Y",,,,,"Y",,"r4iH4e2lsYW4kI6RhiJwwMegvyzkVSXT","Connecticut Agricultural Experiment Station"
"f86a40f4-6906-440b-b8a4-64c7ffee48d6","OSBS","D03","OSBS",,29.689282,-81.993431,"WGS84",,46.0,,"2014-06-30T21:25Z","2014-07-02T14:10Z","2015-01-06T12:00Z","2015-01-08T12:00Z","OSBS.2014.26.COQPER.F.T.05","OSBS.2014.7.Coquillettidia perturbans.Female.T5","No known compromise","CAES_Pathogen_testing_SOP_2014-05-06","Culture","Negative","UNKV",1,"Y",,,,,"Y",,"r4iH4e2lsYW4kI6RhiJwwMegvyzkVSXT","Connecticut Agricultural Experiment Station"
"e5895f37-1bed-4af9-8ced-8c2493b5c8fc","OSBS","D03","OSBS",,29.689282,-81.993431,"WGS84",,46.0,,"2014-06-30T21:25Z","2014-07-02T14:10Z","2015-01-06T12:00Z","2015-01-08T12:00Z","OSBS.2014.26.COQPER.F.T.03","OSBS.2014.7.Coquillettidia perturbans.Female.T3","No known compromise","CAES_Pathogen_testing_SOP_2014-05-06","Culture","Negative","UNKV",1,"Y",,,,,"Y",,"r4iH4e2lsYW4kI6RhiJwwMegvyzkVSXT","Connecticut Agricultural Experiment Station"
"5928e7ec-20ea-4b46-9040-9605b53882f4","OSBS","D03","OSBS",,29.689282,-81.993431,"WGS84",,46.0,,"2014-06-30T21:25Z","2014-07-02T14:10Z","2015-01-06T12:00Z","2015-01-08T12:00Z","OSBS.2014.26.COQPER.F.T.11","OSBS.2014.7.Coquillettidia perturbans.Female.T11","No known compromise","CAES_Pathogen_testing_SOP_2014-05-06","Culture","Inconclusive","UNKV",1,"N",,,,,"Y","CPE? 1/12","r4iH4e2lsYW4kI6RhiJwwMegvyzkVSXT","Connecticut Agricultural Experiment Station"
"663c7e34-6f66-4979-964d-2960503ad0af","OSBS","D03","OSBS",,29.689282,-81.993431,"WGS84",,46.0,,"2014-06-30T21:45Z","2014-07-02T14:10Z","2015-01-06T12:00Z","2015-01-08T12:00Z","OSBS.2014.26.CULNIG.F.T.02","OSBS.2014.7.Culex nigripalpus.Female.T2","No known compromise","CAES_Pathogen_testing_SOP_2014-05-06","Culture","Negative","UNKV",1,"Y",,,,,"Y",,"r4iH4e2lsYW4kI6RhiJwwMegvyzkVSXT","Connecticut Agricultural Experiment Station"
"0ae2f111-cb16-4ee5-ba9d-0dc9ecef07ce","OSBS","D03","OSBS",,29.689282,-81.993431,"WGS84",,46.0,,"2014-06-30T21:45Z","2014-07-02T14:10Z","2015-01-06T12:00Z","2015-01-08T12:00Z","OSBS.2014.26.CULNIG.F.T.01","OSBS.2014.7.Culex nigripalpus.Female.T1","No known compromise","CAES_Pathogen_testing_SOP_2014-05-06","Culture","Negative","UNKV",1,"Y",,,,,"Y",,"r4iH4e2lsYW4kI6RhiJwwMegvyzkVSXT","Connecticut Agricultural Experiment Station"
"c242133f-094c-46fa-af9b-f80c112bacd9","OSBS","D03","OSBS",,29.689282,-81.993431,"WGS84",,46.0,,"2014-07-14T21:12Z","2014-07-16T14:11Z","2015-01-06T12:00Z","2015-01-08T12:00Z","OSBS.2014.28.COQPER.F.T.14","OSBS.2014.8.Coquillettidia perturbans.Female.T14","No known compromise","CAES_Pathogen_testing_SOP_2014-05-06","Culture","Negative","UNKV",1,"Y",,,,,"Y",,"r4iH4e2lsYW4kI6RhiJwwMegvyzkVSXT","Connecticut Agricultural Experiment Station"
"2d64ea3d-3a30-4202-a082-6c355953ed30","OSBS","D03","OSBS",,29.689282,-81.993431,"WGS84",,46.0,,"2014-07-14T21:12Z","2014-07-16T14:11Z","2015-01-06T12:00Z","2015-01-15T12:00Z","OSBS.2014.28.CULNIG.F.T.02","OSBS.2014.8.Culex nigripalpus.Female.T2","No known compromise","CAES_Pathogen_testing_SOP_2014-05-06","Culture","Negative","UNKV",1,"Y",,,,,"Y",,"r4iH4e2lsYW4kI6RhiJwwMegvyzkVSXT","Connecticut Agricultural Experiment Station"
"0fa3f3bc-9c10-4ec9-b94a-ffc3ec0679a3","OSBS","D03","OSBS",,29.689282,-81.993431,"WGS84",,46.0,,"2014-07-14T21:12Z","2014-07-16T14:11Z","2015-01-06T12:00Z","2015-01-15T12:00Z","OSBS.2014.28.CULERR.F.T.07","OSBS.2014.8.Culex erraticus.Female.T7","No known compromise","CAES_Pathogen_testing_SOP_2014-05-06","Culture","Negative","UNKV",1,"Y",,,,,"Y",,"r4iH4e2lsYW4kI6RhiJwwMegvyzkVSXT","Connecticut Agricultural Experiment Station"
"bd47cf92-c49c-4ea4-b45d-07511ef010d1","OSBS","D03","OSBS",,29.689282,-81.993431,"WGS84",,46.0,,"2014-07-14T21:12Z","2014-07-16T14:11Z","2015-01-06T12:00Z","2015-01-08T12:00Z","OSBS.2014.28.COQPER.F.T.04","OSBS.2014.8.Coquillettidia perturbans.Female.T4","No known compromise","CAES_Pathogen_testing_SOP_2014-05-06","Culture","Negative","UNKV",1,"Y",,,,,"Y",,"r4iH4e2lsYW4kI6RhiJwwMegvyzkVSXT","Connecticut Agricultural Experiment Station"
"968c459c-54a1-491e-bda3-d8694c2a02cf","OSBS","D03","OSBS",,29.689282,-81.993431,"WGS84",,46.0,,"2014-07-14T21:12Z","2014-07-16T14:11Z","2015-01-06T12:00Z","2015-01-08T12:00Z","OSBS.2014.28.COQPER.F.T.12","OSBS.2014.8.Coquillettidia perturbans.Female.T12","No known compromise","CAES_Pathogen_testing_SOP_2014-05-06","Culture","Negative","UNKV",1,"Y",,,,,"Y",,"r4iH4e2lsYW4kI6RhiJwwMegvyzkVSXT","Connecticut Agricultural Experiment Station"
"26839760-eef4-4562-9ff7-3fc4d47f7be4","OSBS","D03","OSBS",,29.689282,-81.993431,"WGS84",,46.0,,"2014-07-14T21:12Z","2014-07-16T14:11Z","2015-01-06T12:00Z","2015-01-08T12:00Z","OSBS.2014.28.CULERR.F.T.05","OSBS.2014.8.Culex erraticus.Female.T5","No known compromise","CAES_Pathogen_testing_SOP_2014-05-06","Culture","Negative","UNKV",1,"Y",,,,,"Y",,"r4iH4e2lsYW4kI6RhiJwwMegvyzkVSXT","Connecticut Agricultural Experiment Station"
"a38044e7-4768-4d9b-97e9-c6e0d8478dc7","OSBS","D03","OSBS",,29.689282,-81.993431,"WGS84",,46.0,,"2014-07-14T21:12Z","2014-07-16T14:11Z","2015-01-06T12:00Z","2015-01-08T12:00Z","OSBS.2014.28.COQPER.F.T.10","OSBS.2014.8.Coquillettidia perturbans.Female.T10","No known compromise","CAES_Pathogen_testing_SOP_2014-05-06","Culture","Inconclusive","UNKV",1,"N",,,,,"Y","bacterial contamination","r4iH4e2lsYW4kI6RhiJwwMegvyzkVSXT","Connecticut Agricultural Experiment Station"
"6515b690-7f75-4e76-a5fb-c97ec6544c05","OSBS","D03","OSBS",,29.689282,-81.993431,"WGS84",,46.0,,"2014-07-14T21:12Z","2014-07-16T14:11Z","2015-01-06T12:00Z","2015-01-15T12:00Z","OSBS.2014.28.CULNIG.F.T.03","OSBS.2014.8.Culex nigripalpus.Female.T3","No known compromise","CAES_Pathogen_testing_SOP_2014-05-06","Culture","Negative","UNKV",1,"Y",,,,,"Y",,"r4iH4e2lsYW4kI6RhiJwwMegvyzkVSXT","Connecticut Agricultural Experiment Station"
"7ca83dc4-0d60-4cf1-bed2-19a620ac533c","OSBS","D03","OSBS",,29.689282,-81.993431,"WGS84",,46.0,,"2014-07-14T21:12Z","2014-07-16T14:11Z","2015-01-06T12:00Z","2015-01-08T12:00Z","OSBS.2014.28.CULERR.F.T.04","OSBS.2014.8.Culex erraticus.Female.T4","No known compromise","CAES_Pathogen_testing_SOP_2014-05-06","Culture","Negative","UNKV",1,"Y",,,,,"Y",,"r4iH4e2lsYW4kI6RhiJwwMegvyzkVSXT","Connecticut Agricultural Experiment Station"
"d689bee5-03c9-48d2-b905-8aa82a3c42b6","OSBS","D03","OSBS",,29.689282,-81.993431,"WGS84",,46.0,,"2014-07-14T21:12Z","2014-07-16T14:11Z","2015-01-06T12:00Z","2015-01-08T12:00Z","OSBS.2014.28.CULERR.F.T.03","OSBS.2014.8.Culex erraticus.Female.T3","No known compromise","CAES_Pathogen_testing_SOP_2014-05-06","Culture","Negative","UNKV",1,"Y",,,,,"Y",,"r4iH4e2lsYW4kI6RhiJwwMegvyzkVSXT","Connecticut Agricultural Experiment Station"
"486444c3-a146-447d-8ddd-5c0f1300bda8","OSBS","D03","OSBS",,29.689282,-81.993431,"WGS84",,46.0,,"2014-07-14T21:12Z","2014-07-16T14:11Z","2015-01-06T12:00Z","2015-01-15T12:00Z","OSBS.2014.28.CULNIG.F.T.01","OSBS.2014.8.Culex nigripalpus.Female.T1","No known compromise","CAES_Pathogen_testing_SOP_2014-05-06","Culture","Negative","UNKV",1,"Y",,,,,"Y",,"r4iH4e2lsYW4kI6RhiJwwMegvyzkVSXT","Connecticut Agricultural Experiment Station"
"1e50b830-ae91-4f23-bc97-33b87d64ca8d","OSBS","D03","OSBS",,29.689282,-81.993431,"WGS84",,46.0,,"2014-07-14T21:12Z","2014-07-16T14:11Z","2015-01-06T12:00Z","2015-01-08T12:00Z","OSBS.2014.28.COQPER.F.T.08","OSBS.2014.8.Coquillettidia perturbans.Female.T8","No known compromise","CAES_Pathogen_testing_SOP_2014-05-06","Culture","Negative","UNKV",1,"Y",,,,,"Y",,"r4iH4e2lsYW4kI6RhiJwwMegvyzkVSXT","Connecticut Agricultural Experiment Station"
"249e3038-d5f3-46fa-b2ee-5b2f5a43bd64","OSBS","D03","OSBS",,29.689282,-81.993431,"WGS84",,46.0,,"2014-07-14T21:12Z","2014-07-16T14:11Z","2015-01-06T12:00Z","2015-01-08T12:00Z","OSBS.2014.28.CULERR.F.T.01","OSBS.2014.8.Culex erraticus.Female.T1","No known compromise","CAES_Pathogen_testing_SOP_2014-05-06","Culture","Negative","UNKV",1,"Y",,,,,"Y",,"r4iH4e2lsYW4kI6RhiJwwMegvyzkVSXT","Connecticut Agricultural Experiment Station"
"cb9a66d5-29f3-483f-9d81-5a9c61f817cc","OSBS","D03","OSBS",,29.689282,-81.993431,"WGS84",,46.0,,"2014-07-14T21:12Z","2014-07-16T14:11Z","2015-01-06T12:00Z","2015-01-08T12:00Z","OSBS.2014.28.COQPER.F.T.15","OSBS.2014.8.Coquillettidia perturbans.Female.T15","No known compromise","CAES_Pathogen_testing_SOP_2014-05-06","Culture","Negative","UNKV",1,"Y",,,,,"Y",,"r4iH4e2lsYW4kI6RhiJwwMegvyzkVSXT","Connecticut Agricultural Experiment Station"
"6915435a-fec2-4f78-8147-52b387e18c85","OSBS","D03","OSBS",,29.689282,-81.993431,"WGS84",,46.0,,"2014-07-14T21:12Z","2014-07-16T14:11Z","2015-01-06T12:00Z","2015-01-08T12:00Z","OSBS.2014.28.COQPER.F.T.07","OSBS.2014.8.Coquillettidia perturbans.Female.T7","No known compromise","CAES_Pathogen_testing_SOP_2014-05-06","Culture","Negative","UNKV",1,"Y",,,,,"Y",,"r4iH4e2lsYW4kI6RhiJwwMegvyzkVSXT","Connecticut Agricultural Experiment Station"
"067b94c8-b905-49e3-9038-f675c06dd64d","OSBS","D03","OSBS",,29.689282,-81.993431,"WGS84",,46.0,,"2014-07-14T21:12Z","2014-07-16T14:11Z","2015-01-06T12:00Z","2015-01-08T12:00Z","OSBS.2014.28.COQPER.F.T.02","OSBS.2014.8.Coquillettidia perturbans.Female.T2","No known compromise","CAES_Pathogen_testing_SOP_2014-05-06","Culture","Negative","UNKV",1,"Y",,,,,"Y",,"r4iH4e2lsYW4kI6RhiJwwMegvyzkVSXT","Connecticut Agricultural Experiment Station"
"77fa0f1c-7bbc-444c-85d9-347b0b2d5870","OSBS","D03","OSBS",,29.689282,-81.993431,"WGS84",,46.0,,"2014-07-14T21:12Z","2014-07-16T14:11Z","2015-01-06T12:00Z","2015-01-08T12:00Z","OSBS.2014.28.COQPER.F.T.11","OSBS.2014.8.Coquillettidia perturbans.Female.T11","No known compromise","CAES_Pathogen_testing_SOP_2014-05-06","Culture","Negative","UNKV",1,"Y",,,,,"Y",,"r4iH4e2lsYW4kI6RhiJwwMegvyzkVSXT","Connecticut Agricultural Experiment Station"
"faf2b626-61a8-4778-ab0d-ae31ecffa75c","OSBS","D03","OSBS",,29.689282,-81.993431,"WGS84",,46.0,,"2014-07-14T21:12Z","2014-07-16T14:11Z","2015-01-06T12:00Z","2015-01-08T12:00Z","OSBS.2014.28.COQPER.F.T.05","OSBS.2014.8.Coquillettidia perturbans.Female.T5","No known compromise","CAES_Pathogen_testing_SOP_2014-05-06","Culture","Negative","UNKV",1,"Y",,,,,"Y",,"r4iH4e2lsYW4kI6RhiJwwMegvyzkVSXT","Connecticut Agricultural Experiment Station"
"21748890-6a75-4efb-ab2a-d074b764445c","OSBS","D03","OSBS",,29.689282,-81.993431,"WGS84",,46.0,,"2014-07-14T21:12Z","2014-07-16T14:11Z","2015-01-06T12:00Z","2015-01-15T12:00Z","OSBS.2014.28.CULERR.F.T.09","OSBS.2014.8.Culex erraticus.Female.T9","No known compromise","CAES_Pathogen_testing_SOP_2014-05-06","Culture","Negative","UNKV",1,"Y",,,,,"Y",,"r4iH4e2lsYW4kI6RhiJwwMegvyzkVSXT","Connecticut Agricultural Experiment Station"
"08deae5b-3117-4b93-ae8b-ff20bc14e10e","OSBS","D03","OSBS",,29.689282,-81.993431,"WGS84",,46.0,,"2014-07-14T21:12Z","2014-07-16T14:11Z","2015-01-06T12:00Z","2015-01-15T12:00Z","OSBS.2014.28.CULERR.F.T.10","OSBS.2014.8.Culex erraticus.Female.T10","No known compromise","CAES_Pathogen_testing_SOP_2014-05-06","Culture","Negative","UNKV",1,"Y",,,,,"Y",,"r4iH4e2lsYW4kI6RhiJwwMegvyzkVSXT","Connecticut Agricultural Experiment Station"
"2af36205-80b4-45b8-822f-f3bd048e56a0","OSBS","D03","OSBS",,29.689282,-81.993431,"WGS84",,46.0,,"2014-07-14T21:12Z","2014-07-16T14:11Z","2015-01-06T12:00Z","2015-01-15T12:00Z","OSBS.2014.28.CULERR.F.T.08","OSBS.2014.8.Culex erraticus.Female.T8","No known compromise","CAES_Pathogen_testing_SOP_2014-05-06","Culture","Negative","UNKV",1,"Y",,,,,"Y",,"r4iH4e2lsYW4kI6RhiJwwMegvyzkVSXT","Connecticut Agricultural Experiment Station"
"4c68f80e-2e2e-4c48-b8f6-c8811d10d6af","OSBS","D03","OSBS",,29.689282,-81.993431,"WGS84",,46.0,,"2014-07-14T21:12Z","2014-07-16T14:11Z","2015-01-06T12:00Z","2015-01-08T12:00Z","OSBS.2014.28.COQPER.F.T.03","OSBS.2014.8.Coquillettidia perturbans.Female.T3","No known compromise","CAES_Pathogen_testing_SOP_2014-05-06","Culture","Negative","UNKV",1,"Y",,,,,"Y",,"r4iH4e2lsYW4kI6RhiJwwMegvyzkVSXT","Connecticut Agricultural Experiment Station"
"8c303fdc-1d5c-4eab-9e8f-a7044dac398a","OSBS","D03","OSBS",,29.689282,-81.993431,"WGS84",,46.0,,"2014-07-14T21:12Z","2014-07-16T14:11Z","2015-01-06T12:00Z","2015-01-08T12:00Z","OSBS.2014.28.COQPER.F.T.01","OSBS.2014.8.Coquillettidia perturbans.Female.T1","No known compromise","CAES_Pathogen_testing_SOP_2014-05-06","Culture","Negative","UNKV",1,"Y",,,,,"Y",,"r4iH4e2lsYW4kI6RhiJwwMegvyzkVSXT","Connecticut Agricultural Experiment Station"
"99709d4c-1f86-413b-8b31-31aac9ce7d38","OSBS","D03","OSBS",,29.689282,-81.993431,"WGS84",,46.0,,"2014-07-14T21:12Z","2014-07-16T14:11Z","2015-01-06T12:00Z","2015-01-08T12:00Z","OSBS.2014.28.COQPER.F.T.06","OSBS.2014.8.Coquillettidia perturbans.Female.T6","No known compromise","CAES_Pathogen_testing_SOP_2014-05-06","Culture","Inconclusive","UNKV",1,"N",,,,,"Y","bacterial contamination","r4iH4e2lsYW4kI6RhiJwwMegvyzkVSXT","Connecticut Agricultural Experiment Station"
"b25c375a-555a-4299-8434-da58e345149b","OSBS","D03","OSBS",,29.689282,-81.993431,"WGS84",,46.0,,"2014-07-14T21:12Z","2014-07-16T14:11Z","2015-01-06T12:00Z","2015-01-08T12:00Z","OSBS.2014.28.COQPER.F.T.09","OSBS.2014.8.Coquillettidia perturbans.Female.T9","No known compromise","CAES_Pathogen_testing_SOP_2014-05-06","Culture","Negative","UNKV",1,"Y",,,,,"Y",,"r4iH4e2lsYW4kI6RhiJwwMegvyzkVSXT","Connecticut Agricultural Experiment Station"
"ff4c47d3-c309-4e1d-87c3-07320fcfc035","OSBS","D03","OSBS",,29.689282,-81.993431,"WGS84",,46.0,,"2014-07-14T21:12Z","2014-07-16T14:11Z","2015-01-06T12:00Z","2015-01-08T12:00Z","OSBS.2014.28.COQPER.F.T.13","OSBS.2014.8.Coquillettidia perturbans.Female.T13","No known compromise","CAES_Pathogen_testing_SOP_2014-05-06","Culture","Negative","UNKV",1,"Y",,,,,"Y",,"r4iH4e2lsYW4kI6RhiJwwMegvyzkVSXT","Connecticut Agricultural Experiment Station"
"d9ca663c-9c72-47c3-a04d-0f7072910ed1","OSBS","D03","OSBS",,29.689282,-81.993431,"WGS84",,46.0,,"2014-07-14T21:12Z","2014-07-16T14:11Z","2015-01-06T12:00Z","2015-01-15T12:00Z","OSBS.2014.28.CULERR.F.T.06","OSBS.2014.8.Culex erraticus.Female.T6","No known compromise","CAES_Pathogen_testing_SOP_2014-05-06","Culture","Negative","UNKV",1,"Y",,,,,"Y",,"r4iH4e2lsYW4kI6RhiJwwMegvyzkVSXT","Connecticut Agricultural Experiment Station"
"36ef923f-c433-4502-8178-41385d637c72","OSBS","D03","OSBS",,29.689282,-81.993431,"WGS84",,46.0,,"2014-07-14T21:12Z","2014-07-16T14:11Z","2015-01-06T12:00Z","2015-01-08T12:00Z","OSBS.2014.28.CULERR.F.T.02","OSBS.2014.8.Culex erraticus.Female.T2","No known compromise","CAES_Pathogen_testing_SOP_2014-05-06","Culture","Negative","UNKV",1,"Y",,,,,"Y",,"r4iH4e2lsYW4kI6RhiJwwMegvyzkVSXT","Connecticut Agricultural Experiment Station"
"189293ea-2148-4842-91d7-ab5c7b5cdea0","OSBS","D03","OSBS",,29.689282,-81.993431,"WGS84",,46.0,,"2014-07-14T21:12Z","2014-07-16T14:11Z","2015-01-06T12:00Z","2015-01-15T12:00Z","OSBS.2014.28.COQPER.F.T.10","OSBS.2014.8.Coquillettidia perturbans.Female.T10","No known compromise","CAES_Pathogen_testing_SOP_2014-05-06","Culture","Negative","UNKV",2,"Y",,,,,"Y",,"r4iH4e2lsYW4kI6RhiJwwMegvyzkVSXT","Connecticut Agricultural Experiment Station"
"979ebbf5-6c7e-4af6-94a1-8737d0e50039","OSBS","D03","OSBS",,29.689282,-81.993431,"WGS84",,46.0,,"2014-07-14T21:12Z","2014-07-16T14:11Z","2015-01-06T12:00Z","2015-01-15T12:00Z","OSBS.2014.28.COQPER.F.T.06","OSBS.2014.8.Coquillettidia perturbans.Female.T6","No known compromise","CAES_Pathogen_testing_SOP_2014-05-06","Culture","Negative","UNKV",2,"Y",,,,,"Y",,"r4iH4e2lsYW4kI6RhiJwwMegvyzkVSXT","Connecticut Agricultural Experiment Station"
"2c8298ee-d387-43bc-a31e-d54192fa73e4","OSBS","D03","OSBS",,29.689282,-81.993431,"WGS84",,46.0,,"2014-07-28T20:34Z","2014-07-30T14:08Z","2015-01-06T12:00Z","2015-01-15T12:00Z","OSBS.2014.30.COQPER.F.T.07","OSBS.2014.9.Coquillettidia perturbans.Female.T7","No known compromise","CAES_Pathogen_testing_SOP_2014-05-06","Culture","Negative","UNKV",1,"Y",,,,,"Y",,"r4iH4e2lsYW4kI6RhiJwwMegvyzkVSXT","Connecticut Agricultural Experiment Station"
"ac7efc69-dc9d-453d-93a1-608c824007e6","OSBS","D03","OSBS",,29.689282,-81.993431,"WGS84",,46.0,,"2014-07-28T20:34Z","2014-07-30T14:08Z","2015-01-06T12:00Z","2015-01-15T12:00Z","OSBS.2014.30.COQPER.F.T.08","OSBS.2014.9.Coquillettidia perturbans.Female.T8","No known compromise","CAES_Pathogen_testing_SOP_2014-05-06","Culture","Negative","UNKV",1,"Y",,,,,"Y",,"r4iH4e2lsYW4kI6RhiJwwMegvyzkVSXT","Connecticut Agricultural Experiment Station"
"77d10719-c53c-4950-9657-ba4df25a1dff","OSBS","D03","OSBS",,29.689282,-81.993431,"WGS84",,46.0,,"2014-07-28T20:34Z","2014-07-30T14:08Z","2015-01-06T12:00Z","2015-01-22T12:00Z","OSBS.2014.30.COQPER.F.T.11","OSBS.2014.9.Coquillettidia perturbans.Female.T11","No known compromise","CAES_Pathogen_testing_SOP_2014-05-06","Culture","Negative","UNKV",2,"Y",,,,,"Y",,"r4iH4e2lsYW4kI6RhiJwwMegvyzkVSXT","Connecticut Agricultural Experiment Station"
"ee5bdec9-6ca6-4678-9e70-afec259356d2","OSBS","D03","OSBS",,29.689282,-81.993431,"WGS84",,46.0,,"2014-07-28T20:34Z","2014-07-30T14:08Z","2015-01-06T12:00Z","2015-01-22T12:00Z","OSBS.2014.30.COQPER.F.T.10","OSBS.2014.9.Coquillettidia perturbans.Female.T10","No known compromise","CAES_Pathogen_testing_SOP_2014-05-06","Culture","Negative","UNKV",2,"Y",,,,,"Y",,"r4iH4e2lsYW4kI6RhiJwwMegvyzkVSXT","Connecticut Agricultural Experiment Station"
"aed325b7-50e9-4763-b26b-f79505acef1b","OSBS","D03","OSBS",,29.689282,-81.993431,"WGS84",,46.0,,"2014-07-28T20:34Z","2014-07-30T14:08Z","2015-01-06T12:00Z","2015-01-15T12:00Z","OSBS.2014.30.CULERR.F.T.02","OSBS.2014.9.Culex erraticus.Female.T2","No known compromise","CAES_Pathogen_testing_SOP_2014-05-06","Culture","Negative","UNKV",1,"Y",,,,,"Y",,"r4iH4e2lsYW4kI6RhiJwwMegvyzkVSXT","Connecticut Agricultural Experiment Station"
"1df9ac2d-83db-42b4-a522-cf18bd1c53ea","OSBS","D03","OSBS",,29.689282,-81.993431,"WGS84",,46.0,,"2014-07-28T20:34Z","2014-07-30T14:08Z","2015-01-06T12:00Z","2015-01-15T12:00Z","OSBS.2014.30.COQPER.F.T.06","OSBS.2014.9.Coquillettidia perturbans.Female.T6","No known compromise","CAES_Pathogen_testing_SOP_2014-05-06","Culture","Negative","UNKV",1,"Y",,,,,"Y",,"r4iH4e2lsYW4kI6RhiJwwMegvyzkVSXT","Connecticut Agricultural Experiment Station"
"dd3f703a-6905-4aed-805d-89a9aa788385","OSBS","D03","OSBS",,29.689282,-81.993431,"WGS84",,46.0,,"2014-07-28T20:34Z","2014-07-30T14:08Z","2015-01-06T12:00Z","2015-01-15T12:00Z","OSBS.2014.30.COQPER.F.T.04","OSBS.2014.9.Coquillettidia perturbans.Female.T4","No known compromise","CAES_Pathogen_testing_SOP_2014-05-06","Culture","Negative","UNKV",1,"Y",,,,,"Y",,"r4iH4e2lsYW4kI6RhiJwwMegvyzkVSXT","Connecticut Agricultural Experiment Station"
"f58ab6ea-3f01-403c-b79b-7f00d06860b8","OSBS","D03","OSBS",,29.689282,-81.993431,"WGS84",,46.0,,"2014-07-28T20:34Z","2014-07-30T14:08Z","2015-01-06T12:00Z","2015-01-15T12:00Z","OSBS.2014.30.COQPER.F.T.02","OSBS.2014.9.Coquillettidia perturbans.Female.T2","No known compromise","CAES_Pathogen_testing_SOP_2014-05-06","Culture","Negative","UNKV",1,"Y",,,,,"Y",,"r4iH4e2lsYW4kI6RhiJwwMegvyzkVSXT","Connecticut Agricultural Experiment Station"
"31c52788-677b-455a-b6a4-0e54da1d4916","OSBS","D03","OSBS",,29.689282,-81.993431,"WGS84",,46.0,,"2014-07-28T20:34Z","2014-07-30T14:08Z","2015-01-06T12:00Z","2015-01-15T12:00Z","OSBS.2014.30.COQPER.F.T.09","OSBS.2014.9.Coquillettidia perturbans.Female.T9","No known compromise","CAES_Pathogen_testing_SOP_2014-05-06","Culture","Negative","UNKV",1,"Y",,,,,"Y",,"r4iH4e2lsYW4kI6RhiJwwMegvyzkVSXT","Connecticut Agricultural Experiment Station"
"b5b4f6f8-022f-46b1-ae0d-924d475f252b","OSBS","D03","OSBS",,29.689282,-81.993431,"WGS84",,46.0,,"2014-07-28T20:34Z","2014-07-30T14:08Z","2015-01-06T12:00Z","2015-01-15T12:00Z","OSBS.2014.30.COQPER.F.T.01","OSBS.2014.9.Coquillettidia perturbans.Female.T1","No known compromise","CAES_Pathogen_testing_SOP_2014-05-06","Culture","Negative","UNKV",1,"Y",,,,,"Y",,"r4iH4e2lsYW4kI6RhiJwwMegvyzkVSXT","Connecticut Agricultural Experiment Station"
"f877808d-33f8-4938-9016-e1afb593bc2d","OSBS","D03","OSBS",,29.689282,-81.993431,"WGS84",,46.0,,"2014-07-28T20:34Z","2014-07-30T14:08Z","2015-01-06T12:00Z","2015-01-15T12:00Z","OSBS.2014.30.COQPER.F.T.05","OSBS.2014.9.Coquillettidia perturbans.Female.T5","No known compromise","CAES_Pathogen_testing_SOP_2014-05-06","Culture","Negative","UNKV",1,"Y",,,,,"Y",,"r4iH4e2lsYW4kI6RhiJwwMegvyzkVSXT","Connecticut Agricultural Experiment Station"
"6f149b5f-f06a-46de-99ee-25c9da0a5864","OSBS","D03","OSBS",,29.689282,-81.993431,"WGS84",,46.0,,"2014-07-28T20:34Z","2014-07-30T14:08Z","2015-01-06T12:00Z","2015-01-15T12:00Z","OSBS.2014.30.COQPER.F.T.03","OSBS.2014.9.Coquillettidia perturbans.Female.T3","No known compromise","CAES_Pathogen_testing_SOP_2014-05-06","Culture","Negative","UNKV",1,"Y",,,,,"Y",,"r4iH4e2lsYW4kI6RhiJwwMegvyzkVSXT","Connecticut Agricultural Experiment Station"
"b7010b33-a9a0-4c1e-be1a-f5317c41846b","OSBS","D03","OSBS",,29.689282,-81.993431,"WGS84",,46.0,,"2014-07-28T20:34Z","2014-07-30T14:08Z","2015-01-06T12:00Z","2015-01-15T12:00Z","OSBS.2014.30.COQPER.F.T.13","OSBS.2014.9.Coquillettidia perturbans.Female.T13","No known compromise","CAES_Pathogen_testing_SOP_2014-05-06","Culture","Negative","UNKV",1,"Y",,,,,"Y",,"r4iH4e2lsYW4kI6RhiJwwMegvyzkVSXT","Connecticut Agricultural Experiment Station"
"7fc5b316-f2a2-4916-a6e5-4f34b2f23cbc","OSBS","D03","OSBS",,29.689282,-81.993431,"WGS84",,46.0,,"2014-07-28T20:34Z","2014-07-30T14:08Z","2015-01-06T12:00Z","2015-01-15T12:00Z","OSBS.2014.30.COQPER.F.T.11","OSBS.2014.9.Coquillettidia perturbans.Female.T11","No known compromise","CAES_Pathogen_testing_SOP_2014-05-06","Culture","Inconclusive","UNKV",1,"N",,,,,"Y","contamination","r4iH4e2lsYW4kI6RhiJwwMegvyzkVSXT","Connecticut Agricultural Experiment Station"
"82b9adf4-12cf-4ff4-b2ac-456facbc71fc","OSBS","D03","OSBS",,29.689282,-81.993431,"WGS84",,46.0,,"2014-07-28T20:34Z","2014-07-30T14:08Z","2015-01-06T12:00Z","2015-01-15T12:00Z","OSBS.2014.30.COQPER.F.T.10","OSBS.2014.9.Coquillettidia perturbans.Female.T10","No known compromise","CAES_Pathogen_testing_SOP_2014-05-06","Culture","Inconclusive","UNKV",1,"N",,,,,"Y","contamination","r4iH4e2lsYW4kI6RhiJwwMegvyzkVSXT","Connecticut Agricultural Experiment Station"
"1c2cd6f6-27d1-4945-a61f-9d11496967e4","OSBS","D03","OSBS",,29.689282,-81.993431,"WGS84",,46.0,,"2014-07-28T20:34Z","2014-07-30T14:08Z","2015-01-06T12:00Z","2015-01-15T12:00Z","OSBS.2014.30.CULERR.F.T.09","OSBS.2014.9.Culex erraticus.Female.T9","No known compromise","CAES_Pathogen_testing_SOP_2014-05-06","Culture","Negative","UNKV",1,"Y",,,,,"Y",,"r4iH4e2lsYW4kI6RhiJwwMegvyzkVSXT","Connecticut Agricultural Experiment Station"
"6ecdf626-51b3-4d0a-8c38-0712074232f7","OSBS","D03","OSBS",,29.689282,-81.993431,"WGS84",,46.0,,"2014-07-28T20:34Z","2014-07-30T14:08Z","2015-01-06T12:00Z","2015-01-15T12:00Z","OSBS.2014.30.CULERR.F.T.01","OSBS.2014.9.Culex erraticus.Female.T1","No known compromise","CAES_Pathogen_testing_SOP_2014-05-06","Culture","Negative","UNKV",1,"Y",,,,,"Y",,"r4iH4e2lsYW4kI6RhiJwwMegvyzkVSXT","Connecticut Agricultural Experiment Station"
"f5471ced-2ac4-4f7f-860c-abe22c0b3f82","OSBS","D03","OSBS",,29.689282,-81.993431,"WGS84",,46.0,,"2014-07-28T20:34Z","2014-07-30T14:08Z","2015-01-06T12:00Z","2015-01-15T12:00Z","OSBS.2014.30.CULERR.F.T.08","OSBS.2014.9.Culex erraticus.Female.T8","No known compromise","CAES_Pathogen_testing_SOP_2014-05-06","Culture","Negative","UNKV",1,"Y",,,,,"Y",,"r4iH4e2lsYW4kI6RhiJwwMegvyzkVSXT","Connecticut Agricultural Experiment Station"
"5a48a89f-4844-467b-9b63-62911037c6d4","OSBS","D03","OSBS",,29.689282,-81.993431,"WGS84",,46.0,,"2014-07-28T20:34Z","2014-07-30T14:08Z","2015-01-06T12:00Z","2015-01-15T12:00Z","OSBS.2014.30.COQPER.F.T.15","OSBS.2014.9.Coquillettidia perturbans.Female.T15","No known compromise","CAES_Pathogen_testing_SOP_2014-05-06","Culture","Negative","UNKV",1,"Y",,,,,"Y",,"r4iH4e2lsYW4kI6RhiJwwMegvyzkVSXT","Connecticut Agricultural Experiment Station"
"8430e135-8c42-4e59-9e38-cb61cc53dfc9","OSBS","D03","OSBS",,29.689282,-81.993431,"WGS84",,46.0,,"2014-07-28T20:34Z","2014-07-30T14:08Z","2015-01-06T12:00Z","2015-01-15T12:00Z","OSBS.2014.30.COQPER.F.T.14","OSBS.2014.9.Coquillettidia perturbans.Female.T14","No known compromise","CAES_Pathogen_testing_SOP_2014-05-06","Culture","Negative","UNKV",1,"Y",,,,,"Y",,"r4iH4e2lsYW4kI6RhiJwwMegvyzkVSXT","Connecticut Agricultural Experiment Station"
"df598071-b6c7-4298-82a0-d0dba502d021","OSBS","D03","OSBS",,29.689282,-81.993431,"WGS84",,46.0,,"2014-07-28T20:34Z","2014-07-30T14:08Z","2015-01-06T12:00Z","2015-01-15T12:00Z","OSBS.2014.30.CULERR.F.T.04","OSBS.2014.9.Culex erraticus.Female.T4","No known compromise","CAES_Pathogen_testing_SOP_2014-05-06","Culture","Negative","UNKV",1,"Y",,,,,"Y",,"r4iH4e2lsYW4kI6RhiJwwMegvyzkVSXT","Connecticut Agricultural Experiment Station"
"ffffb7f2-75a9-4ace-92df-1822a6462c73","OSBS","D03","OSBS",,29.689282,-81.993431,"WGS84",,46.0,,"2014-07-28T20:34Z","2014-07-30T14:08Z","2015-01-06T12:00Z","2015-01-15T12:00Z","OSBS.2014.30.CULERR.F.T.05","OSBS.2014.9.Culex erraticus.Female.T5","No known compromise","CAES_Pathogen_testing_SOP_2014-05-06","Culture","Negative","UNKV",1,"Y",,,,,"Y",,"r4iH4e2lsYW4kI6RhiJwwMegvyzkVSXT","Connecticut Agricultural Experiment Station"
"5abf0972-ed5b-4fb3-acf8-5d990d6dd74b","OSBS","D03","OSBS",,29.689282,-81.993431,"WGS84",,46.0,,"2014-07-28T20:34Z","2014-07-30T14:08Z","2015-01-06T12:00Z","2015-01-15T12:00Z","OSBS.2014.30.CULERR.F.T.10","OSBS.2014.9.Culex erraticus.Female.T10","No known compromise","CAES_Pathogen_testing_SOP_2014-05-06","Culture","Negative","UNKV",1,"Y",,,,,"Y",,"r4iH4e2lsYW4kI6RhiJwwMegvyzkVSXT","Connecticut Agricultural Experiment Station"
"6629c6c9-7c6e-4ee0-8733-cd74c8074f81","OSBS","D03","OSBS",,29.689282,-81.993431,"WGS84",,46.0,,"2014-07-28T20:34Z","2014-07-30T14:08Z","2015-01-06T12:00Z","2015-01-15T12:00Z","OSBS.2014.30.CULERR.F.T.03","OSBS.2014.9.Culex erraticus.Female.T3","No known compromise","CAES_Pathogen_testing_SOP_2014-05-06","Culture","Negative","UNKV",1,"Y",,,,,"Y",,"r4iH4e2lsYW4kI6RhiJwwMegvyzkVSXT","Connecticut Agricultural Experiment Station"
"c22f6a73-66aa-4e5f-9dd5-e8c704976ffe","OSBS","D03","OSBS",,29.689282,-81.993431,"WGS84",,46.0,,"2014-07-28T20:34Z","2014-07-30T14:08Z","2015-01-06T12:00Z","2015-01-15T12:00Z","OSBS.2014.30.CULERR.F.T.06","OSBS.2014.9.Culex erraticus.Female.T6","No known compromise","CAES_Pathogen_testing_SOP_2014-05-06","Culture","Negative","UNKV",1,"Y",,,,,"Y",,"r4iH4e2lsYW4kI6RhiJwwMegvyzkVSXT","Connecticut Agricultural Experiment Station"
"23cc10c3-d563-43f1-a872-2967f81200cc","OSBS","D03","OSBS",,29.689282,-81.993431,"WGS84",,46.0,,"2014-07-28T20:34Z","2014-07-30T14:08Z","2015-01-06T12:00Z","2015-01-15T12:00Z","OSBS.2014.30.COQPER.F.T.12","OSBS.2014.9.Coquillettidia perturbans.Female.T12","No known compromise","CAES_Pathogen_testing_SOP_2014-05-06","Culture","Negative","UNKV",1,"Y",,,,,"Y",,"r4iH4e2lsYW4kI6RhiJwwMegvyzkVSXT","Connecticut Agricultural Experiment Station"
"1d8f5390-6ee5-4f9c-aacc-7bb1a3a0d4de","OSBS","D03","OSBS",,29.689282,-81.993431,"WGS84",,46.0,,"2014-07-28T20:34Z","2014-07-30T14:08Z","2015-01-06T12:00Z","2015-01-15T12:00Z","OSBS.2014.30.CULERR.F.T.07","OSBS.2014.9.Culex erraticus.Female.T7","No known compromise","CAES_Pathogen_testing_SOP_2014-05-06","Culture","Negative","UNKV",1,"Y",,,,,"Y",,"r4iH4e2lsYW4kI6RhiJwwMegvyzkVSXT","Connecticut Agricultural Experiment Station"
"c35d7b6b-ba69-4eea-973a-e128b362fd77","OSBS","D03","OSBS",,29.689282,-81.993431,"WGS84",,46.0,,"2014-07-28T20:42Z","2014-07-30T14:08Z","2015-01-06T12:00Z","2015-01-15T12:00Z","OSBS.2014.30.CULNIG.F.T.03","OSBS.2014.9.Culex nigripalpus.Female.T3","No known compromise","CAES_Pathogen_testing_SOP_2014-05-06","Culture","Negative","UNKV",1,"Y",,,,,"Y",,"r4iH4e2lsYW4kI6RhiJwwMegvyzkVSXT","Connecticut Agricultural Experiment Station"
"c15387a8-f822-4dbf-b015-db7132638ecf","OSBS","D03","OSBS",,29.689282,-81.993431,"WGS84",,46.0,,"2014-07-28T20:42Z","2014-07-30T14:08Z","2015-01-06T12:00Z","2015-01-15T12:00Z","OSBS.2014.30.CULNIG.F.T.02","OSBS.2014.9.Culex nigripalpus.Female.T2","No known compromise","CAES_Pathogen_testing_SOP_2014-05-06","Culture","Negative","UNKV",1,"Y",,,,,"Y",,"r4iH4e2lsYW4kI6RhiJwwMegvyzkVSXT","Connecticut Agricultural Experiment Station"
"31df1922-9e44-4877-aea5-0c8ad2762fdf","OSBS","D03","OSBS",,29.689282,-81.993431,"WGS84",,46.0,,"2014-07-28T20:42Z","2014-07-30T14:08Z","2015-01-06T12:00Z","2015-01-15T12:00Z","OSBS.2014.30.CULNIG.F.T.01","OSBS.2014.9.Culex nigripalpus.Female.T1","No known compromise","CAES_Pathogen_testing_SOP_2014-05-06","Culture","Inconclusive","UNKV",1,"N",,,,,"Y","bacterial contamination","r4iH4e2lsYW4kI6RhiJwwMegvyzkVSXT","Connecticut Agricultural Experiment Station"
"ee09ebc4-b681-4716-bfd3-d08973881e18","OSBS","D03","OSBS",,29.689282,-81.993431,"WGS84",,46.0,,"2014-07-28T20:42Z","2014-07-30T14:08Z","2015-01-06T12:00Z","2015-01-22T12:00Z","OSBS.2014.30.CULNIG.F.T.01","OSBS.2014.9.Culex nigripalpus.Female.T1","No known compromise","CAES_Pathogen_testing_SOP_2014-05-06","Culture","Negative","UNKV",2,"Y",,,,,"Y",,"r4iH4e2lsYW4kI6RhiJwwMegvyzkVSXT","Connecticut Agricultural Experiment Station"
