uid,namedLocation,domainID,siteID,startCollectDate,endCollectDate,testingID,testingVialID,poolSize,dataQF
"9c5786fe-b5a7-4a44-855c-9b738d280dca","OSBS","D03","OSBS","2014-06-30T21:25Z","2014-07-02T14:10Z","OSBS.2014.26.CULERR.F.T","OSBS.2014.26.CULERR.F.T.08",50,
"1942e390-1e69-4590-b569-5b192c4b8a7e","OSBS","D03","OSBS","2014-06-30T21:25Z","2014-07-02T14:10Z","OSBS.2014.26.COQPER.F.T","OSBS.2014.26.COQPER.F.T.08",50,
"08823ab3-8686-4339-aa8f-717739100d6e","OSBS","D03","OSBS","2014-06-30T21:25Z","2014-07-02T14:10Z","OSBS.2014.26.COQPER.F.T","OSBS.2014.26.COQPER.F.T.04",50,
"0219fefb-0226-41fe-b72d-7cfe6d65ba4b","OSBS","D03","OSBS","2014-06-30T21:25Z","2014-07-02T14:10Z","OSBS.2014.26.COQPER.F.T","OSBS.2014.26.COQPER.F.T.07",50,
"2527f1dc-0b17-4588-8946-c209c1e00a28","OSBS","D03","OSBS","2014-06-30T21:25Z","2014-07-02T14:10Z","OSBS.2014.26.COQPER.F.T","OSBS.2014.26.COQPER.F.T.10",50,
"13aba2ed-5f6d-49a0-9549-289c8b693650","OSBS","D03","OSBS","2014-06-30T21:25Z","2014-07-02T14:10Z","OSBS.2014.26.COQPER.F.T","OSBS.2014.26.COQPER.F.T.01",50,
"e95d76d0-67c7-45b2-9337-b1d5675b8f65","OSBS","D03","OSBS","2014-06-30T21:25Z","2014-07-02T14:10Z","OSBS.2014.26.COQPER.F.T","OSBS.2014.26.COQPER.F.T.05",50,
"e3ba9a84-1a86-4144-8e55-315eecc7864a","OSBS","D03","OSBS","2014-06-30T21:25Z","2014-07-02T14:10Z","OSBS.2014.26.COQPER.F.T","OSBS.2014.26.COQPER.F.T.12",50,
"f540bb39-3a6a-4807-b860-d3779b3c5a38","OSBS","D03","OSBS","2014-06-30T21:25Z","2014-07-02T14:10Z","OSBS.2014.26.COQPER.F.T","OSBS.2014.26.COQPER.F.T.03",50,
"1a007c70-afbe-4836-b88a-e75a996ea053","OSBS","D03","OSBS","2014-06-30T21:25Z","2014-07-02T14:10Z","OSBS.2014.26.COQPER.F.T","OSBS.2014.26.COQPER.F.T.09",50,
"f81e806f-16dc-4155-91af-967a70f8373c","OSBS","D03","OSBS","2014-06-30T21:25Z","2014-07-02T14:10Z","OSBS.2014.26.COQPER.F.T","OSBS.2014.26.COQPER.F.T.06",50,
"69cb58c1-63a8-4c18-aad2-8c3eccf00869","OSBS","D03","OSBS","2014-06-30T21:25Z","2014-07-02T14:10Z","OSBS.2014.26.COQPER.F.T","OSBS.2014.26.COQPER.F.T.13",50,
"49d86c5a-c5d7-4d2f-9533-88ae39723550","OSBS","D03","OSBS","2014-06-30T21:25Z","2014-07-02T14:10Z","OSBS.2014.26.COQPER.F.T","OSBS.2014.26.COQPER.F.T.02",50,
"137ee710-2140-4398-a2c7-3e223fc4f5fc","OSBS","D03","OSBS","2014-06-30T21:25Z","2014-07-02T14:10Z","OSBS.2014.26.COQPER.F.T","OSBS.2014.26.COQPER.F.T.11",50,
"141f26dd-4f2b-4c4e-acb4-5153082909e6","OSBS","D03","OSBS","2014-06-30T21:25Z","2014-07-02T14:10Z","OSBS.2014.26.CULERR.F.T","OSBS.2014.26.CULERR.F.T.10",50,
"48aed61f-bc03-485e-ac2e-af6013ba7d0b","OSBS","D03","OSBS","2014-06-30T21:25Z","2014-07-02T14:10Z","OSBS.2014.26.CULERR.F.T","OSBS.2014.26.CULERR.F.T.07",50,
"072e2fc0-758c-4a8b-8a33-9b6549a4c3f2","OSBS","D03","OSBS","2014-06-30T21:25Z","2014-07-02T14:10Z","OSBS.2014.26.CULERR.F.T","OSBS.2014.26.CULERR.F.T.05",50,
"be45d577-fb76-4629-97cb-46a4ef375038","OSBS","D03","OSBS","2014-06-30T21:25Z","2014-07-02T14:10Z","OSBS.2014.26.CULERR.F.T","OSBS.2014.26.CULERR.F.T.06",50,
"dd37c0ba-60cc-47bc-a25e-bf83dd5ef4c0","OSBS","D03","OSBS","2014-06-30T21:25Z","2014-07-02T14:10Z","OSBS.2014.26.CULERR.F.T","OSBS.2014.26.CULERR.F.T.09",50,
"109f1923-f15d-4075-9812-835f17c4cbb4","OSBS","D03","OSBS","2014-06-30T21:25Z","2014-07-02T14:10Z","OSBS.2014.26.CULERR.F.T","OSBS.2014.26.CULERR.F.T.04",50,
"f67014d7-28fc-4975-b6e7-06750a14311b","OSBS","D03","OSBS","2014-06-30T21:25Z","2014-07-02T14:10Z","OSBS.2014.26.CULERR.F.T","OSBS.2014.26.CULERR.F.T.03",50,
"63c9afd1-e3c7-486a-a127-8b3adab75308","OSBS","D03","OSBS","2014-06-30T21:25Z","2014-07-02T14:10Z","OSBS.2014.26.CULERR.F.T","OSBS.2014.26.CULERR.F.T.02",50,
"c4eb53c3-080e-4be0-9cef-bd0d0a75a51d","OSBS","D03","OSBS","2014-06-30T21:25Z","2014-07-02T14:10Z","OSBS.2014.26.COQPER.F.T","OSBS.2014.26.COQPER.F.T.15",50,
"1a5ee9ad-3821-4aa1-941d-e7cd9240b064","OSBS","D03","OSBS","2014-06-30T21:25Z","2014-07-02T14:10Z","OSBS.2014.26.COQPER.F.T","OSBS.2014.26.COQPER.F.T.14",50,
"5561e3fd-3304-48ed-95ac-4b92d2a13c91","OSBS","D03","OSBS","2014-06-30T21:25Z","2014-07-02T14:10Z","OSBS.2014.26.CULERR.F.T","OSBS.2014.26.CULERR.F.T.01",50,
"dc2eec9d-dd59-4c72-8d37-2e74fb0f30d2","OSBS","D03","OSBS","2014-06-30T21:45Z","2014-07-02T14:10Z","OSBS.2014.26.CULNIG.F.T","OSBS.2014.26.CULNIG.F.T.02",35,
"dc26626b-98aa-40e5-b606-655d7ebc6d10","OSBS","D03","OSBS","2014-06-30T21:45Z","2014-07-02T14:10Z","OSBS.2014.26.CULNIG.F.T","OSBS.2014.26.CULNIG.F.T.01",35,
"be690294-ec0e-421b-85b9-ffe42ad4049d","OSBS","D03","OSBS","2014-07-14T21:12Z","2014-07-16T14:11Z","OSBS.2014.28.COQPER.F.T","OSBS.2014.28.COQPER.F.T.07",50,
"a75970b9-3b0d-4746-81ea-0159e2c60ca0","OSBS","D03","OSBS","2014-07-14T21:12Z","2014-07-16T14:11Z","OSBS.2014.28.CULERR.F.T","OSBS.2014.28.CULERR.F.T.01",50,
"d8b57bff-07ad-42aa-ba62-bf8b5a9e3760","OSBS","D03","OSBS","2014-07-14T21:12Z","2014-07-16T14:11Z","OSBS.2014.28.CULERR.F.T","OSBS.2014.28.CULERR.F.T.08",50,
"fd947875-c2e8-4489-ab66-9df12bee2675","OSBS","D03","OSBS","2014-07-14T21:12Z","2014-07-16T14:11Z","OSBS.2014.28.CULERR.F.T","OSBS.2014.28.CULERR.F.T.09",50,
"4e9ecf5c-2903-4f83-8e49-8fe9e5b45989","OSBS","D03","OSBS","2014-07-14T21:12Z","2014-07-16T14:11Z","OSBS.2014.28.COQPER.F.T","OSBS.2014.28.COQPER.F.T.12",50,
"d5f52d75-5266-4ccc-a2de-2fffea2a81d1","OSBS","D03","OSBS","2014-07-14T21:12Z","2014-07-16T14:11Z","OSBS.2014.28.CULERR.F.T","OSBS.2014.28.CULERR.F.T.05",50,
"ffb5ad6c-4413-4cc2-935d-cd896fd8b003","OSBS","D03","OSBS","2014-07-14T21:12Z","2014-07-16T14:11Z","OSBS.2014.28.COQPER.F.T","OSBS.2014.28.COQPER.F.T.09",50,
"cf06cf67-fbd5-45bb-a509-f8287f5cb63d","OSBS","D03","OSBS","2014-07-14T21:12Z","2014-07-16T14:11Z","OSBS.2014.28.CULERR.F.T","OSBS.2014.28.CULERR.F.T.02",50,
"b939cff4-12c2-4304-bbe1-d0390fd20b2e","OSBS","D03","OSBS","2014-07-14T21:12Z","2014-07-16T14:11Z","OSBS.2014.28.COQPER.F.T","OSBS.2014.28.COQPER.F.T.11",50,
"f32134b6-dd0c-4eb3-a764-1eef8b8b2da2","OSBS","D03","OSBS","2014-07-14T21:12Z","2014-07-16T14:11Z","OSBS.2014.28.CULERR.F.T","OSBS.2014.28.CULERR.F.T.07",50,
"dc90ccef-3e7b-47f3-bdee-5bcf563d6cfe","OSBS","D03","OSBS","2014-07-14T21:12Z","2014-07-16T14:11Z","OSBS.2014.28.CULERR.F.T","OSBS.2014.28.CULERR.F.T.03",50,
"0bcc83de-91a6-4ffb-a06f-6bfb4bfb53dd","OSBS","D03","OSBS","2014-07-14T21:12Z","2014-07-16T14:11Z","OSBS.2014.28.COQPER.F.T","OSBS.2014.28.COQPER.F.T.01",50,
"75e77169-2fb8-49fb-a7e5-c9f229660e80","OSBS","D03","OSBS","2014-07-14T21:12Z","2014-07-16T14:11Z","OSBS.2014.28.COQPER.F.T","OSBS.2014.28.COQPER.F.T.13",50,
"84ee04dc-75a6-4d1c-a797-49622612802d","OSBS","D03","OSBS","2014-07-14T21:12Z","2014-07-16T14:11Z","OSBS.2014.28.COQPER.F.T","OSBS.2014.28.COQPER.F.T.14",50,
"0bea7615-392a-4e03-94a8-9c3f838de53b","OSBS","D03","OSBS","2014-07-14T21:12Z","2014-07-16T14:11Z","OSBS.2014.28.COQPER.F.T","OSBS.2014.28.COQPER.F.T.15",50,
"d562587a-f705-455e-95bd-bd7a8d9236ab","OSBS","D03","OSBS","2014-07-14T21:12Z","2014-07-16T14:11Z","OSBS.2014.28.COQPER.F.T","OSBS.2014.28.COQPER.F.T.02",50,
"0c3a81fa-c05b-4444-a358-d0395f98e283","OSBS","D03","OSBS","2014-07-14T21:12Z","2014-07-16T14:11Z","OSBS.2014.28.COQPER.F.T","OSBS.2014.28.COQPER.F.T.03",50,
"210e702b-c42d-4180-aaa1-600e7b6f082e","OSBS","D03","OSBS","2014-07-14T21:12Z","2014-07-16T14:11Z","OSBS.2014.28.CULERR.F.T","OSBS.2014.28.CULERR.F.T.06",50,
"9a2d580b-a94e-4d62-a348-5c20d31df843","OSBS","D03","OSBS","2014-07-14T21:12Z","2014-07-16T14:11Z","OSBS.2014.28.CULNIG.F.T","OSBS.2014.28.CULNIG.F.T.01",50,
"289f9c5b-b31d-4b6f-bb6e-851bb8ce7bd7","OSBS","D03","OSBS","2014-07-14T21:12Z","2014-07-16T14:11Z","OSBS.2014.28.COQPER.F.T","OSBS.2014.28.COQPER.F.T.08",50,
"c9d1d724-9490-4b1c-b03c-c05b32e053c5","OSBS","D03","OSBS","2014-07-14T21:12Z","2014-07-16T14:11Z","OSBS.2014.28.CULNIG.F.T","OSBS.2014.28.CULNIG.F.T.02",50,
"bd40d2b4-7e0b-4cf9-a8d4-d5cf133970d3","OSBS","D03","OSBS","2014-07-14T21:12Z","2014-07-16T14:11Z","OSBS.2014.28.COQPER.F.T","OSBS.2014.28.COQPER.F.T.06",50,
"cb65ef5e-6ee4-4c5f-8b25-073c00dca5e9","OSBS","D03","OSBS","2014-07-14T21:12Z","2014-07-16T14:11Z","OSBS.2014.28.COQPER.F.T","OSBS.2014.28.COQPER.F.T.05",50,
"9e945a3a-52fa-4b01-bf29-9999cf39a9e1","OSBS","D03","OSBS","2014-07-14T21:12Z","2014-07-16T14:11Z","OSBS.2014.28.COQPER.F.T","OSBS.2014.28.COQPER.F.T.04",50,
"4f50b264-ea27-4269-8e13-022fbafbbf84","OSBS","D03","OSBS","2014-07-14T21:12Z","2014-07-16T14:11Z","OSBS.2014.28.CULERR.F.T","OSBS.2014.28.CULERR.F.T.04",50,
"0e3a14b8-f7d0-4b9b-a6fb-62053adf80b9","OSBS","D03","OSBS","2014-07-14T21:12Z","2014-07-16T14:11Z","OSBS.2014.28.COQPER.F.T","OSBS.2014.28.COQPER.F.T.10",50,
"e2684418-8b5d-49ee-bf98-20067a7db1c2","OSBS","D03","OSBS","2014-07-14T21:12Z","2014-07-16T14:11Z","OSBS.2014.28.CULERR.F.T","OSBS.2014.28.CULERR.F.T.10",50,
"d637a43c-d181-47c9-9b7a-829db2f4ef9f","OSBS","D03","OSBS","2014-07-14T21:12Z","2014-07-16T14:11Z","OSBS.2014.28.CULNIG.F.T","OSBS.2014.28.CULNIG.F.T.03",50,
"78acde2a-413e-46be-bbc2-ce54e0c88294","OSBS","D03","OSBS","2014-07-28T20:34Z","2014-07-30T14:08Z","OSBS.2014.30.CULERR.F.T","OSBS.2014.30.CULERR.F.T.03",50,
"33aad324-ae3a-43c1-9894-5fe0e1245aa7","OSBS","D03","OSBS","2014-07-28T20:34Z","2014-07-30T14:08Z","OSBS.2014.30.CULERR.F.T","OSBS.2014.30.CULERR.F.T.10",50,
"173012bc-bc6e-4934-a688-7fc63920baf3","OSBS","D03","OSBS","2014-07-28T20:34Z","2014-07-30T14:08Z","OSBS.2014.30.CULERR.F.T","OSBS.2014.30.CULERR.F.T.07",50,
"635781a4-61f5-47e8-b68c-96a85fd38512","OSBS","D03","OSBS","2014-07-28T20:34Z","2014-07-30T14:08Z","OSBS.2014.30.CULERR.F.T","OSBS.2014.30.CULERR.F.T.06",50,
"b9ccab45-f36b-4983-baf8-7a028ec4e212","OSBS","D03","OSBS","2014-07-28T20:34Z","2014-07-30T14:08Z","OSBS.2014.30.COQPER.F.T","OSBS.2014.30.COQPER.F.T.10",50,
"27815bb6-f9c9-4c2c-9c91-291954ab4266","OSBS","D03","OSBS","2014-07-28T20:34Z","2014-07-30T14:08Z","OSBS.2014.30.CULERR.F.T","OSBS.2014.30.CULERR.F.T.05",50,
"5f388c14-ff55-4e04-b268-80dc940a3935","OSBS","D03","OSBS","2014-07-28T20:34Z","2014-07-30T14:08Z","OSBS.2014.30.CULERR.F.T","OSBS.2014.30.CULERR.F.T.02",50,
"6ebc41eb-05b6-4db1-a69f-21311c49ba63","OSBS","D03","OSBS","2014-07-28T20:34Z","2014-07-30T14:08Z","OSBS.2014.30.COQPER.F.T","OSBS.2014.30.COQPER.F.T.14",50,
"50016d5b-0cdb-4638-94ac-88d95dc4e7d5","OSBS","D03","OSBS","2014-07-28T20:34Z","2014-07-30T14:08Z","OSBS.2014.30.CULERR.F.T","OSBS.2014.30.CULERR.F.T.01",50,
"04779c67-d773-4895-9992-e889c2350e21","OSBS","D03","OSBS","2014-07-28T20:34Z","2014-07-30T14:08Z","OSBS.2014.30.COQPER.F.T","OSBS.2014.30.COQPER.F.T.11",50,
"77696f40-efbb-4545-872c-5bb5f98143ec","OSBS","D03","OSBS","2014-07-28T20:34Z","2014-07-30T14:08Z","OSBS.2014.30.COQPER.F.T","OSBS.2014.30.COQPER.F.T.13",50,
"03872d51-b00a-4bfa-b8c9-7aa4e88aa9ec","OSBS","D03","OSBS","2014-07-28T20:34Z","2014-07-30T14:08Z","OSBS.2014.30.CULERR.F.T","OSBS.2014.30.CULERR.F.T.08",50,
"479fa212-c824-41fe-920b-8f8a5c7d00a2","OSBS","D03","OSBS","2014-07-28T20:34Z","2014-07-30T14:08Z","OSBS.2014.30.COQPER.F.T","OSBS.2014.30.COQPER.F.T.15",50,
"c13ddaa0-9a40-4682-ad0e-e22f62a6caad","OSBS","D03","OSBS","2014-07-28T20:34Z","2014-07-30T14:08Z","OSBS.2014.30.CULERR.F.T","OSBS.2014.30.CULERR.F.T.09",50,
"0ea778b3-7767-4686-a4b4-19bca47a0263","OSBS","D03","OSBS","2014-07-28T20:34Z","2014-07-30T14:08Z","OSBS.2014.30.COQPER.F.T","OSBS.2014.30.COQPER.F.T.12",50,
"79175919-2239-4e97-a0f2-e026acb6afa6","OSBS","D03","OSBS","2014-07-28T20:34Z","2014-07-30T14:08Z","OSBS.2014.30.COQPER.F.T","OSBS.2014.30.COQPER.F.T.08",50,
"abe5137e-8d99-444a-ba79-e4795463a9d6","OSBS","D03","OSBS","2014-07-28T20:34Z","2014-07-30T14:08Z","OSBS.2014.30.COQPER.F.T","OSBS.2014.30.COQPER.F.T.07",50,
"751546f3-39a9-424d-8824-4e2583f4d14f","OSBS","D03","OSBS","2014-07-28T20:34Z","2014-07-30T14:08Z","OSBS.2014.30.COQPER.F.T","OSBS.2014.30.COQPER.F.T.03",50,
"f1ec0db0-1ff7-42cf-823b-61e0a41b668b","OSBS","D03","OSBS","2014-07-28T20:34Z","2014-07-30T14:08Z","OSBS.2014.30.COQPER.F.T","OSBS.2014.30.COQPER.F.T.01",50,
"bde13ed3-2b2c-48f1-b924-cdcd79ff63b3","OSBS","D03","OSBS","2014-07-28T20:34Z","2014-07-30T14:08Z","OSBS.2014.30.COQPER.F.T","OSBS.2014.30.COQPER.F.T.05",50,
"5ca97c3d-6656-4621-ba1d-85f5bcbad304","OSBS","D03","OSBS","2014-07-28T20:34Z","2014-07-30T14:08Z","OSBS.2014.30.COQPER.F.T","OSBS.2014.30.COQPER.F.T.02",50,
"fe69918e-8c31-4dd9-b196-3f1c224a4a2f","OSBS","D03","OSBS","2014-07-28T20:34Z","2014-07-30T14:08Z","OSBS.2014.30.COQPER.F.T","OSBS.2014.30.COQPER.F.T.09",50,
"aa96b15d-9dcf-4032-a3eb-f481f950a8ea","OSBS","D03","OSBS","2014-07-28T20:34Z","2014-07-30T14:08Z","OSBS.2014.30.COQPER.F.T","OSBS.2014.30.COQPER.F.T.06",50,
"af62ff91-c1cb-43b1-a03d-4cf313649436","OSBS","D03","OSBS","2014-07-28T20:34Z","2014-07-30T14:08Z","OSBS.2014.30.COQPER.F.T","OSBS.2014.30.COQPER.F.T.04",50,
"33293adf-7218-4caf-a761-f5831646e2af","OSBS","D03","OSBS","2014-07-28T20:34Z","2014-07-30T14:08Z","OSBS.2014.30.CULERR.F.T","OSBS.2014.30.CULERR.F.T.04",50,
"60a542f0-b800-42d4-97c3-e24d0fa1a8d7","OSBS","D03","OSBS","2014-07-28T20:42Z","2014-07-30T14:08Z","OSBS.2014.30.CULNIG.F.T","OSBS.2014.30.CULNIG.F.T.02",50,
"3120c9b7-dc12-4fd1-9a32-251a9d3944d1","OSBS","D03","OSBS","2014-07-28T20:42Z","2014-07-30T14:08Z","OSBS.2014.30.CULNIG.F.T","OSBS.2014.30.CULNIG.F.T.01",50,
"7f7a5508-121f-4072-a8e2-c7005a67ed9f","OSBS","D03","OSBS","2014-07-28T20:42Z","2014-07-30T14:08Z","OSBS.2014.30.CULNIG.F.T","OSBS.2014.30.CULNIG.F.T.03",50,
