uid,namedLocation,domainID,siteID,startCollectDate,endCollectDate,testingID,testingVialID,poolSize,dataQF
"95095e30-079f-4c5e-8e3d-71949bc52a40","GUAN","D04","GUAN","2016-09-06T21:09Z","2016-09-08T12:10Z","GUAN.2016.36.AEDTAE.F.T","GUAN.2016.36.AEDTAE.F.T.02",40,
"c4b07cec-8e34-494d-bd0f-d4517dfc4bf7","GUAN","D04","GUAN","2016-09-06T21:09Z","2016-09-08T12:10Z","GUAN.2016.36.AEDTAE.F.T","GUAN.2016.36.AEDTAE.F.T.07",40,
"c38548dd-6790-4d87-afcb-26b43780da90","GUAN","D04","GUAN","2016-09-06T21:09Z","2016-09-08T12:10Z","GUAN.2016.36.AEDTAE.F.T","GUAN.2016.36.AEDTAE.F.T.13",39,
"bcffab6d-c887-45da-a0a9-d3204b7727ef","GUAN","D04","GUAN","2016-09-06T21:09Z","2016-09-08T12:10Z","GUAN.2016.36.AEDTAE.F.T","GUAN.2016.36.AEDTAE.F.T.05",40,
"67c23f07-69ea-4062-bab0-36cbb138afb3","GUAN","D04","GUAN","2016-09-06T21:09Z","2016-09-08T12:10Z","GUAN.2016.36.AEDTAE.F.T","GUAN.2016.36.AEDTAE.F.T.06",40,
"eecd8c8b-8fff-4336-85fa-a02688ae7686","GUAN","D04","GUAN","2016-09-06T21:09Z","2016-09-08T12:10Z","GUAN.2016.36.AEDTAE.F.T","GUAN.2016.36.AEDTAE.F.T.20",39,
"0e632768-7102-4759-b1c5-c7e41de26efd","GUAN","D04","GUAN","2016-09-06T21:09Z","2016-09-08T12:10Z","GUAN.2016.36.AEDTAE.F.T","GUAN.2016.36.AEDTAE.F.T.17",39,
"49a541bd-a03c-406a-9ddd-0277a65d4dae","GUAN","D04","GUAN","2016-09-06T21:09Z","2016-09-08T12:10Z","GUAN.2016.36.AEDTAE.F.T","GUAN.2016.36.AEDTAE.F.T.08",40,
"de54c6f4-22cc-40f3-ab23-82cc70cd45f0","GUAN","D04","GUAN","2016-09-06T21:09Z","2016-09-08T12:10Z","GUAN.2016.36.AEDTAE.F.T","GUAN.2016.36.AEDTAE.F.T.22",39,
"68098245-230e-47a8-8cd9-16cd37cf0dc0","GUAN","D04","GUAN","2016-09-06T21:09Z","2016-09-08T12:10Z","GUAN.2016.36.AEDTAE.F.T","GUAN.2016.36.AEDTAE.F.T.12",39,
"d13f4213-3e40-4d96-bf84-515d9fb8eded","GUAN","D04","GUAN","2016-09-06T21:09Z","2016-09-08T12:10Z","GUAN.2016.36.AEDTAE.F.T","GUAN.2016.36.AEDTAE.F.T.10",39,
"948492f3-ac55-4179-879a-f9c962213b46","GUAN","D04","GUAN","2016-09-06T21:09Z","2016-09-08T12:10Z","GUAN.2016.36.AEDTAE.F.T","GUAN.2016.36.AEDTAE.F.T.14",39,
"669deaee-9466-46fe-b8cb-faa1b27f55b2","GUAN","D04","GUAN","2016-09-06T21:09Z","2016-09-08T12:10Z","GUAN.2016.36.AEDTAE.F.T","GUAN.2016.36.AEDTAE.F.T.04",40,
"b9d3abad-54b7-49b0-b391-4556005479e3","GUAN","D04","GUAN","2016-09-06T21:09Z","2016-09-08T12:10Z","GUAN.2016.36.AEDTAE.F.T","GUAN.2016.36.AEDTAE.F.T.11",39,
"a562374b-f930-4594-ad35-58dcaf76024e","GUAN","D04","GUAN","2016-09-06T21:09Z","2016-09-08T12:10Z","GUAN.2016.36.AEDTAE.F.T","GUAN.2016.36.AEDTAE.F.T.15",39,
"ca2edf4c-db54-4d93-a981-5919ce463a33","GUAN","D04","GUAN","2016-09-06T21:09Z","2016-09-08T12:10Z","GUAN.2016.36.AEDTAE.F.T","GUAN.2016.36.AEDTAE.F.T.18",39,
"e8cdfc8d-e083-45ff-a7b7-4534f1673a66","GUAN","D04","GUAN","2016-09-06T21:09Z","2016-09-08T12:10Z","GUAN.2016.36.AEDTAE.F.T","GUAN.2016.36.AEDTAE.F.T.19",39,
"3517af25-1d90-4434-8e3b-c0ac407ccb03","GUAN","D04","GUAN","2016-09-06T21:09Z","2016-09-08T12:10Z","GUAN.2016.36.AEDTAE.F.T","GUAN.2016.36.AEDTAE.F.T.16",39,
"98bbcde4-a69f-4f4e-8eb0-bef974b4667f","GUAN","D04","GUAN","2016-09-06T21:09Z","2016-09-08T12:10Z","GUAN.2016.36.AEDTOR1.F.T","GUAN.2016.36.AEDTOR1.F.T.01",18,
"0cdb2398-d60e-4307-b590-4232ae5437a9","GUAN","D04","GUAN","2016-09-06T21:09Z","2016-09-08T12:10Z","GUAN.2016.36.AEDTAE.F.T","GUAN.2016.36.AEDTAE.F.T.03",40,
"447ab436-caae-42cf-a3d7-91f0395c255e","GUAN","D04","GUAN","2016-09-06T21:09Z","2016-09-08T12:10Z","GUAN.2016.36.AEDTAE.F.T","GUAN.2016.36.AEDTAE.F.T.21",39,
"c09375a6-8055-4f30-a348-fcfcab5fd62c","GUAN","D04","GUAN","2016-09-06T21:09Z","2016-09-08T12:10Z","GUAN.2016.36.AEDTAE.F.T","GUAN.2016.36.AEDTAE.F.T.01",40,
"0f5ba529-1e43-41a7-9915-8069da5d4d4c","GUAN","D04","GUAN","2016-09-06T21:09Z","2016-09-08T12:10Z","GUAN.2016.36.AEDTAE.F.T","GUAN.2016.36.AEDTAE.F.T.24",39,
"095186a3-0ff2-42da-8cb7-0563eaaf1d72","GUAN","D04","GUAN","2016-09-06T21:09Z","2016-09-08T12:10Z","GUAN.2016.36.AEDTAE.F.T","GUAN.2016.36.AEDTAE.F.T.23",39,
"9956b684-6925-466b-99ec-e23af6578016","GUAN","D04","GUAN","2016-09-06T21:09Z","2016-09-08T12:10Z","GUAN.2016.36.AEDTAE.F.T","GUAN.2016.36.AEDTAE.F.T.25",39,
"2e23a6f3-3077-4e33-8b72-7bf23c40226c","GUAN","D04","GUAN","2016-09-06T21:09Z","2016-09-08T12:10Z","GUAN.2016.36.AEDTAE.F.T","GUAN.2016.36.AEDTAE.F.T.09",39,
"e3bbd78d-75f7-4fef-85cc-6ff675e50ea6","GUAN","D04","GUAN","2016-09-06T21:20Z","2016-09-08T12:10Z","GUAN.2016.36.AEDOBT.F.T","GUAN.2016.36.AEDOBT.F.T.06",39,
"42136a41-a6cd-42e7-9f9f-8fb1ba20fc26","GUAN","D04","GUAN","2016-09-06T21:20Z","2016-09-08T12:10Z","GUAN.2016.36.AEDOBT.F.T","GUAN.2016.36.AEDOBT.F.T.01",40,
"b11d7fb5-511f-4ffa-9124-74afa1b13d5c","GUAN","D04","GUAN","2016-09-06T21:20Z","2016-09-08T12:10Z","GUAN.2016.36.AEDOBT.F.T","GUAN.2016.36.AEDOBT.F.T.07",39,
"85f3e3e2-39dc-4e48-b444-a60f85204c68","GUAN","D04","GUAN","2016-09-06T21:20Z","2016-09-08T12:10Z","GUAN.2016.36.AEDOBT.F.T","GUAN.2016.36.AEDOBT.F.T.08",39,
"3a56859b-62ea-4c46-a366-c532592ee823","GUAN","D04","GUAN","2016-09-06T21:20Z","2016-09-08T12:10Z","GUAN.2016.36.AEDOBT.F.T","GUAN.2016.36.AEDOBT.F.T.04",40,
"3dc29d08-e517-4422-9996-338675b6a5cd","GUAN","D04","GUAN","2016-09-06T21:20Z","2016-09-08T12:10Z","GUAN.2016.36.AEDOBT.F.T","GUAN.2016.36.AEDOBT.F.T.05",40,
"a91b14f3-9487-4735-b781-de3e73784fde","GUAN","D04","GUAN","2016-09-06T21:20Z","2016-09-08T12:10Z","GUAN.2016.36.AEDOBT.F.T","GUAN.2016.36.AEDOBT.F.T.02",40,
"36446576-00b4-400c-b6c4-337f42816eb4","GUAN","D04","GUAN","2016-09-06T21:20Z","2016-09-08T12:10Z","GUAN.2016.36.AEDOBT.F.T","GUAN.2016.36.AEDOBT.F.T.03",40,
"869fd782-ddd0-4ed7-96fe-147c79eda7b0","GUAN","D04","GUAN","2016-09-06T22:00Z","2016-09-08T12:01Z","GUAN.2016.36.CULBAH.F.T","GUAN.2016.36.CULBAH.F.T.01",12,
"8fb802d8-9e2b-4395-aa90-0f747447374f","GUAN","D04","GUAN","2016-09-20T20:30Z","2016-09-22T11:45Z","GUAN.2016.38.AEDTAE.F.T","GUAN.2016.38.AEDTAE.F.T.01",30,
"ba25ce62-b99f-431d-9b8d-2debf4320e90","GUAN","D04","GUAN","2016-09-20T20:30Z","2016-09-22T11:45Z","GUAN.2016.38.AEDTAE.F.T","GUAN.2016.38.AEDTAE.F.T.02",29,
"cef97a25-c539-435b-a530-fbcf2929dd34","GUAN","D04","GUAN","2016-09-20T20:30Z","2016-09-22T11:45Z","GUAN.2016.38.CULNIG.F.T","GUAN.2016.38.CULNIG.F.T.01",26,
"6da469c4-f83e-405d-903b-6c2a66925623","GUAN","D04","GUAN","2016-09-20T20:30Z","2016-09-22T11:45Z","GUAN.2016.38.AEDOBT.F.T","GUAN.2016.38.AEDOBT.F.T.01",39,
"8b13081f-440b-473d-bd10-743a9b9da615","GUAN","D04","GUAN","2016-09-20T20:30Z","2016-09-22T11:45Z","GUAN.2016.38.CULNIG.F.T","GUAN.2016.38.CULNIG.F.T.02",26,
"0a36987e-be9b-4818-85c9-121041b80ca5","GUAN","D04","GUAN","2016-09-20T20:30Z","2016-09-22T11:45Z","GUAN.2016.38.AEDOBT.F.T","GUAN.2016.38.AEDOBT.F.T.02",39,
"a31d553c-4c42-4b40-b29b-79d9c4eb1dfb","GUAN","D04","GUAN","2016-09-20T20:30Z","2016-09-22T11:45Z","GUAN.2016.38.AEDOBT.F.T","GUAN.2016.38.AEDOBT.F.T.03",38,
"5575f1cb-151b-4872-87ff-6c1aa8be3337","GUAN","D04","GUAN","2016-09-20T21:20Z","2016-09-22T11:39Z","GUAN.2016.38.CULBAH.F.T","GUAN.2016.38.CULBAH.F.T.01",15,
"0c1cde44-39dc-4c87-80aa-0c7b5417de66","GUAN","D04","GUAN","2016-09-20T22:15Z","2016-09-22T11:39Z","GUAN.2016.38.AEDTOR1.F.T","GUAN.2016.38.AEDTOR1.F.T.01",19,
