uid,namedLocation,domainID,siteID,startCollectDate,endCollectDate,testingID,testingVialID,poolSize,dataQF
"18b435eb-cce7-4da9-9c07-32fd4ed0625c","DELA","D08","DELA","2016-06-29T22:52Z","2016-07-01T13:33Z","DELA.2016.26.CULERR.F.T","DELA.2016.26.CULERR.F.T.08",37,
"7a755d9f-ff48-47fb-ac6f-4e03121e7800","DELA","D08","DELA","2016-06-29T22:52Z","2016-07-01T13:33Z","DELA.2016.26.CULERR.F.T","DELA.2016.26.CULERR.F.T.01",38,
"d887dba3-9093-4c3c-9c22-fc4dcfe24bd3","DELA","D08","DELA","2016-06-29T22:52Z","2016-07-01T13:33Z","DELA.2016.26.AEDVEX.F.T","DELA.2016.26.AEDVEX.F.T.01",33,
"ec57a6ab-8b59-456d-b426-9c3b90ead513","DELA","D08","DELA","2016-06-29T22:52Z","2016-07-01T13:33Z","DELA.2016.26.AEDVEX.F.T","DELA.2016.26.AEDVEX.F.T.02",33,
"50bebf2b-7676-4fdc-bff6-a4b574e0f5c0","DELA","D08","DELA","2016-06-29T22:52Z","2016-07-01T13:33Z","DELA.2016.26.CULERR.F.T","DELA.2016.26.CULERR.F.T.02",37,
"d03fed12-7031-4a42-be75-222822b82584","DELA","D08","DELA","2016-06-29T22:52Z","2016-07-01T13:33Z","DELA.2016.26.CULERR.F.T","DELA.2016.26.CULERR.F.T.07",37,
"3635071e-e221-4498-ab84-998cc9c78189","DELA","D08","DELA","2016-06-29T22:52Z","2016-07-01T13:33Z","DELA.2016.26.CULERR.F.T","DELA.2016.26.CULERR.F.T.03",37,
"175699bb-18fa-414b-837d-b380631568cd","DELA","D08","DELA","2016-06-29T22:52Z","2016-07-01T13:33Z","DELA.2016.26.CULERR.F.T","DELA.2016.26.CULERR.F.T.05",37,
"b52bb4ff-bcb5-4b4b-894f-64721c61bbf2","DELA","D08","DELA","2016-06-29T22:52Z","2016-07-01T13:33Z","DELA.2016.26.CULERR.F.T","DELA.2016.26.CULERR.F.T.06",37,
"21ae5cd8-2791-4416-bbda-d7dbecd36e30","DELA","D08","DELA","2016-06-29T22:52Z","2016-07-01T13:33Z","DELA.2016.26.CULERR.F.T","DELA.2016.26.CULERR.F.T.04",37,
"0c5db512-93d7-4764-b66e-494af994fe19","DELA","D08","DELA","2016-06-29T22:52Z","2016-07-01T13:33Z","DELA.2016.26.CULERR.F.T","DELA.2016.26.CULERR.F.T.09",37,
"4a430ca3-1541-4c9a-83ef-eca0967a1e50","DELA","D08","DELA","2016-07-26T22:35Z","2016-07-28T14:02Z","DELA.2016.30.CULNIG.F.T","DELA.2016.30.CULNIG.F.T.01",31,
"ba311366-5100-4143-a762-32aca53652ae","DELA","D08","DELA","2016-07-26T22:35Z","2016-07-28T14:02Z","DELA.2016.30.CULERR.F.T","DELA.2016.30.CULERR.F.T.02",38,
"be2c52fd-e016-488d-82db-96f664a9d36d","DELA","D08","DELA","2016-07-26T22:35Z","2016-07-28T14:02Z","DELA.2016.30.CULERR.F.T","DELA.2016.30.CULERR.F.T.03",38,
"b0df95a6-7140-4c90-8dce-7a594bcbcea5","DELA","D08","DELA","2016-07-26T22:35Z","2016-07-28T14:02Z","DELA.2016.30.CULERR.F.T","DELA.2016.30.CULERR.F.T.01",39,
"7b826b8b-594b-4fd7-b28b-032b10587ffd","DELA","D08","DELA","2016-07-26T22:35Z","2016-07-28T14:02Z","DELA.2016.30.CULNIG.F.T","DELA.2016.30.CULNIG.F.T.02",31,
"8c05e4a2-8e37-4b66-be7b-a01c8b33cc12","DELA","D08","DELA","2016-07-26T22:35Z","2016-07-28T14:02Z","DELA.2016.30.CULERR.F.T","DELA.2016.30.CULERR.F.T.04",38,
