uid,namedLocation,domainID,siteID,startCollectDate,endCollectDate,testingID,testingVialID,poolSize,dataQF
"7ba4f82a-27ad-4397-8f6b-5b608dbf415a","MOAB","D13","MOAB","2016-08-03T01:35Z","2016-08-04T13:49Z","MOAB.2016.31.CULTAR.F.T","MOAB.2016.31.CULTAR.F.T.02",26,
"0a976460-183e-46a7-99a9-bc4ec04ac8d4","MOAB","D13","MOAB","2016-08-03T01:35Z","2016-08-04T13:49Z","MOAB.2016.31.CULTAR.F.T","MOAB.2016.31.CULTAR.F.T.01",26,
"131bdf56-cda4-46c0-99e7-0ad4a7379ac6","MOAB","D13","MOAB","2016-08-30T00:01Z","2016-08-31T15:17Z","MOAB.2016.35.AEDVEX.F.T","MOAB.2016.35.AEDVEX.F.T.04",32,
"6b2b4493-4b45-4213-b801-ea0a9be75d92","MOAB","D13","MOAB","2016-08-30T00:01Z","2016-08-31T15:17Z","MOAB.2016.35.AEDVEX.F.T","MOAB.2016.35.AEDVEX.F.T.01",33,
"e3762806-f1be-40b6-9416-2602f0e2cc93","MOAB","D13","MOAB","2016-08-30T00:01Z","2016-08-31T15:17Z","MOAB.2016.35.AEDVEX.F.T","MOAB.2016.35.AEDVEX.F.T.02",32,
"cebfba0a-6f25-43ae-bd0a-36ec8545b405","MOAB","D13","MOAB","2016-08-30T00:01Z","2016-08-31T15:17Z","MOAB.2016.35.AEDVEX.F.T","MOAB.2016.35.AEDVEX.F.T.05",32,
"4261cfdb-f004-42fe-a83c-6b0ea0c47fed","MOAB","D13","MOAB","2016-08-30T00:01Z","2016-08-31T15:17Z","MOAB.2016.35.AEDVEX.F.T","MOAB.2016.35.AEDVEX.F.T.03",32,
"3e57d520-0ce2-44d5-83f1-1df5aee025b4","MOAB","D13","MOAB","2016-08-30T00:13Z","2016-08-31T15:11Z","MOAB.2016.35.AEDTRI.F.T","MOAB.2016.35.AEDTRI.F.T.04",39,
"bfbe7c1b-60b7-42fe-9428-11afc02383d4","MOAB","D13","MOAB","2016-08-30T00:13Z","2016-08-31T15:11Z","MOAB.2016.35.AEDTRI.F.T","MOAB.2016.35.AEDTRI.F.T.03",39,
"46e3e89e-c257-48ec-9a13-b6e51b356685","MOAB","D13","MOAB","2016-08-30T00:13Z","2016-08-31T15:11Z","MOAB.2016.35.AEDTRI.F.T","MOAB.2016.35.AEDTRI.F.T.05",39,
"4325378b-17bd-4a24-9450-7218d11a637a","MOAB","D13","MOAB","2016-08-30T00:13Z","2016-08-31T15:11Z","MOAB.2016.35.AEDTRI.F.T","MOAB.2016.35.AEDTRI.F.T.01",39,
"55d5a58c-ce42-41b1-8b05-7eba805ccd0f","MOAB","D13","MOAB","2016-08-30T00:13Z","2016-08-31T15:11Z","MOAB.2016.35.AEDTRI.F.T","MOAB.2016.35.AEDTRI.F.T.02",39,
"12bcc006-737b-4ecb-b9da-85d09beb31a8","MOAB","D13","MOAB","2016-08-30T00:46Z","2016-08-31T15:11Z","MOAB.2016.35.CULTAR.F.T","MOAB.2016.35.CULTAR.F.T.01",22,
