uid,namedLocation,domainID,siteID,startCollectDate,endCollectDate,testingID,testingVialID,poolSize,dataQF
"e396b8a7-e145-4b29-be93-a7ed7558cb14","HEAL","D19","HEAL","2016-07-13T00:49Z","2016-07-14T16:54Z","HEAL.2016.28.AEDEXC.F.T","HEAL.2016.28.AEDEXC.F.T.02",35,
"8da933d5-c784-4157-9649-c59ac293e5e6","HEAL","D19","HEAL","2016-07-13T00:49Z","2016-07-14T16:54Z","HEAL.2016.28.AEDEXC.F.T","HEAL.2016.28.AEDEXC.F.T.01",35,
"489a3a4e-8319-4a36-8f1b-a85e877e9a74","HEAL","D19","HEAL","2016-07-13T00:49Z","2016-07-14T16:54Z","HEAL.2016.28.AEDEXC.F.T","HEAL.2016.28.AEDEXC.F.T.04",34,
"17d9ee7f-d138-4043-8fb1-af5618829e96","HEAL","D19","HEAL","2016-07-13T00:49Z","2016-07-14T16:54Z","HEAL.2016.28.AEDEXC.F.T","HEAL.2016.28.AEDEXC.F.T.03",35,
"e2cc6e1a-cd82-43d4-8719-55f38c61c0e1","HEAL","D19","HEAL","2016-07-13T00:49Z","2016-07-14T17:00Z","HEAL.2016.28.AEDPUN.F.T","HEAL.2016.28.AEDPUN.F.T.02",39,
"e533fcf5-9769-434e-89d9-13d289571eb9","HEAL","D19","HEAL","2016-07-13T00:49Z","2016-07-14T17:00Z","HEAL.2016.28.AEDPUN.F.T","HEAL.2016.28.AEDPUN.F.T.15",38,
"6afabc13-846b-4fa5-a165-2fb5f3127daa","HEAL","D19","HEAL","2016-07-13T00:49Z","2016-07-14T17:00Z","HEAL.2016.28.AEDPUN.F.T","HEAL.2016.28.AEDPUN.F.T.16",38,
"78f1b653-67bb-4b83-a239-baf0d83735a6","HEAL","D19","HEAL","2016-07-13T00:49Z","2016-07-14T17:00Z","HEAL.2016.28.AEDPUN.F.T","HEAL.2016.28.AEDPUN.F.T.06",39,
"39ba9ded-c375-42a3-9f91-2df6a8dcff81","HEAL","D19","HEAL","2016-07-13T00:49Z","2016-07-14T17:00Z","HEAL.2016.28.AEDPUN.F.T","HEAL.2016.28.AEDPUN.F.T.11",38,
"ae601c14-998f-48c7-9e4d-0d7feba8998d","HEAL","D19","HEAL","2016-07-13T00:49Z","2016-07-14T17:00Z","HEAL.2016.28.AEDPUN.F.T","HEAL.2016.28.AEDPUN.F.T.12",38,
"6c02d4c1-e18b-4ca9-a37e-9ca3ca7f1281","HEAL","D19","HEAL","2016-07-13T00:49Z","2016-07-14T17:00Z","HEAL.2016.28.AEDPUN.F.T","HEAL.2016.28.AEDPUN.F.T.07",39,
"b5c3dd6c-a1fe-42d0-bb9d-5d231b45cce8","HEAL","D19","HEAL","2016-07-13T00:49Z","2016-07-14T17:00Z","HEAL.2016.28.AEDPUN.F.T","HEAL.2016.28.AEDPUN.F.T.01",39,
"db87a77f-5776-4fdb-816d-52243eec3339","HEAL","D19","HEAL","2016-07-13T00:49Z","2016-07-14T17:00Z","HEAL.2016.28.AEDPUN.F.T","HEAL.2016.28.AEDPUN.F.T.03",39,
"3dc69840-21f3-43f6-a8d4-b0ab046b35f3","HEAL","D19","HEAL","2016-07-13T00:49Z","2016-07-14T17:00Z","HEAL.2016.28.AEDPUN.F.T","HEAL.2016.28.AEDPUN.F.T.13",38,
"66cf758d-9c34-438a-95c7-9293d7ba23fb","HEAL","D19","HEAL","2016-07-13T00:49Z","2016-07-14T17:00Z","HEAL.2016.28.AEDPUN.F.T","HEAL.2016.28.AEDPUN.F.T.14",38,
"c4fa3d90-9591-4d33-b7c0-b1d64b67f01c","HEAL","D19","HEAL","2016-07-13T00:49Z","2016-07-14T17:00Z","HEAL.2016.28.AEDPUN.F.T","HEAL.2016.28.AEDPUN.F.T.08",38,
"065eeda0-a3cf-4877-8c35-a9777c6a06ce","HEAL","D19","HEAL","2016-07-13T00:49Z","2016-07-14T17:00Z","HEAL.2016.28.AEDPUN.F.T","HEAL.2016.28.AEDPUN.F.T.09",38,
"c1c3a442-0a24-4c9e-ac4b-1813da55ed09","HEAL","D19","HEAL","2016-07-13T00:49Z","2016-07-14T17:00Z","HEAL.2016.28.AEDPUN.F.T","HEAL.2016.28.AEDPUN.F.T.10",38,
"d43ae0c0-0471-4c28-afdb-2eebc3af9e1a","HEAL","D19","HEAL","2016-07-13T00:49Z","2016-07-14T17:00Z","HEAL.2016.28.AEDPUN.F.T","HEAL.2016.28.AEDPUN.F.T.04",39,
"36240e0e-da17-40cc-ba19-418512bff53a","HEAL","D19","HEAL","2016-07-13T00:49Z","2016-07-14T17:00Z","HEAL.2016.28.AEDPUN.F.T","HEAL.2016.28.AEDPUN.F.T.05",39,
"7046a1bd-3320-4c85-bd80-a35aef175b4a","HEAL","D19","HEAL","2016-07-13T00:49Z","2016-07-14T17:00Z","HEAL.2016.28.AEDIMP.F.T","HEAL.2016.28.AEDIMP.F.T.01",31,
"d42bae83-185d-493d-a84b-de75fca7ca0a","HEAL","D19","HEAL","2016-07-13T00:49Z","2016-07-14T17:00Z","HEAL.2016.28.AEDIMP.F.T","HEAL.2016.28.AEDIMP.F.T.02",30,
"f3651c1b-b25c-491b-988d-45568a03d2f2","HEAL","D19","HEAL","2016-07-13T00:49Z","2016-07-14T17:00Z","HEAL.2016.28.AEDHEX.F.T","HEAL.2016.28.AEDHEX.F.T.03",36,
"210c4f41-bce2-4f5e-ab87-a547bde7cfc8","HEAL","D19","HEAL","2016-07-13T00:49Z","2016-07-14T17:00Z","HEAL.2016.28.AEDHEX.F.T","HEAL.2016.28.AEDHEX.F.T.01",37,
"55723ee9-fabf-426e-88d0-058637787a3d","HEAL","D19","HEAL","2016-07-13T00:49Z","2016-07-14T17:00Z","HEAL.2016.28.AEDHEX.F.T","HEAL.2016.28.AEDHEX.F.T.02",36,
"10528122-45c1-432d-8175-c2232b527347","HEAL","D19","HEAL","2016-07-13T00:49Z","2016-07-14T17:00Z","HEAL.2016.28.AEDCOM.F.T","HEAL.2016.28.AEDCOM.F.T.02",40,
"18470607-cebe-4504-9d24-5de561c98a44","HEAL","D19","HEAL","2016-07-13T00:49Z","2016-07-14T17:00Z","HEAL.2016.28.AEDCOM.F.T","HEAL.2016.28.AEDCOM.F.T.10",40,
"4a7fc999-f04f-4969-8410-850ddce4afc6","HEAL","D19","HEAL","2016-07-13T00:49Z","2016-07-14T17:00Z","HEAL.2016.28.AEDCOM.F.T","HEAL.2016.28.AEDCOM.F.T.13",40,
"db1b9ab2-6336-4a3a-bb88-d7dd77bcf055","HEAL","D19","HEAL","2016-07-13T00:49Z","2016-07-14T17:00Z","HEAL.2016.28.AEDCOM.F.T","HEAL.2016.28.AEDCOM.F.T.03",40,
"4cb8e234-5833-448a-b2cb-b7da94d410e8","HEAL","D19","HEAL","2016-07-13T00:49Z","2016-07-14T17:00Z","HEAL.2016.28.AEDCOM.F.T","HEAL.2016.28.AEDCOM.F.T.07",40,
"710be2d3-b82f-4be3-b1ac-1f56a72baf5a","HEAL","D19","HEAL","2016-07-13T00:49Z","2016-07-14T17:00Z","HEAL.2016.28.AEDCOM.F.T","HEAL.2016.28.AEDCOM.F.T.14",40,
"3924c003-bcad-415b-99a7-1d7867501b01","HEAL","D19","HEAL","2016-07-13T00:49Z","2016-07-14T17:00Z","HEAL.2016.28.AEDCOM.F.T","HEAL.2016.28.AEDCOM.F.T.05",40,
"c924bd40-ad4f-419b-8c43-c4c68bb20cb7","HEAL","D19","HEAL","2016-07-13T00:49Z","2016-07-14T17:00Z","HEAL.2016.28.AEDCOM.F.T","HEAL.2016.28.AEDCOM.F.T.04",40,
"a73938ec-817d-4c40-8936-99c3b0fb4ef8","HEAL","D19","HEAL","2016-07-13T00:49Z","2016-07-14T17:00Z","HEAL.2016.28.AEDCOM.F.T","HEAL.2016.28.AEDCOM.F.T.09",40,
"daccd9dd-bc40-437e-bf1b-c7fa490f3945","HEAL","D19","HEAL","2016-07-13T00:49Z","2016-07-14T17:00Z","HEAL.2016.28.AEDCOM.F.T","HEAL.2016.28.AEDCOM.F.T.08",40,
"f4b86af9-c083-4b40-9386-f2e414f90fd4","HEAL","D19","HEAL","2016-07-13T00:49Z","2016-07-14T17:00Z","HEAL.2016.28.AEDCOM.F.T","HEAL.2016.28.AEDCOM.F.T.01",40,
"d73f0644-311e-4cfb-a811-51c34c5d2ffc","HEAL","D19","HEAL","2016-07-13T00:49Z","2016-07-14T17:00Z","HEAL.2016.28.AEDCOM.F.T","HEAL.2016.28.AEDCOM.F.T.16",39,
"f774a9bc-a5df-4d79-98ad-27ba39259dca","HEAL","D19","HEAL","2016-07-13T00:49Z","2016-07-14T17:00Z","HEAL.2016.28.AEDCOM.F.T","HEAL.2016.28.AEDCOM.F.T.12",40,
"63b87ee3-575e-4506-bb4f-0dc98a1afc50","HEAL","D19","HEAL","2016-07-13T00:49Z","2016-07-14T17:00Z","HEAL.2016.28.AEDCOM.F.T","HEAL.2016.28.AEDCOM.F.T.15",40,
"def5e7a7-ffad-4171-930d-df27868e88a4","HEAL","D19","HEAL","2016-07-13T00:49Z","2016-07-14T17:00Z","HEAL.2016.28.AEDCOM.F.T","HEAL.2016.28.AEDCOM.F.T.18",39,
"76cdafd5-8702-41e5-ad93-982f390997de","HEAL","D19","HEAL","2016-07-13T00:49Z","2016-07-14T17:00Z","HEAL.2016.28.AEDCOM.F.T","HEAL.2016.28.AEDCOM.F.T.17",39,
"0d68e435-b895-4c0b-b0bd-2482e51adb72","HEAL","D19","HEAL","2016-07-13T00:49Z","2016-07-14T17:00Z","HEAL.2016.28.AEDCOM.F.T","HEAL.2016.28.AEDCOM.F.T.11",40,
"4b18bc75-cf14-4c34-9be2-cb1a69165b4a","HEAL","D19","HEAL","2016-07-13T00:49Z","2016-07-14T17:00Z","HEAL.2016.28.AEDCOM.F.T","HEAL.2016.28.AEDCOM.F.T.06",40,
"37a35d37-2654-4217-90d7-d37b83602374","HEAL","D19","HEAL","2016-07-27T00:59Z","2016-07-28T17:10Z","HEAL.2016.30.AEDPUN.F.T","HEAL.2016.30.AEDPUN.F.T.16",38,
"8b5e071e-e6c8-499b-8521-7b3d21176767","HEAL","D19","HEAL","2016-07-27T00:59Z","2016-07-28T17:10Z","HEAL.2016.30.AEDPUN.F.T","HEAL.2016.30.AEDPUN.F.T.20",38,
"e553af6c-3b01-4a17-a57e-6ff49cfe8325","HEAL","D19","HEAL","2016-07-27T00:59Z","2016-07-28T17:10Z","HEAL.2016.30.AEDPUN.F.T","HEAL.2016.30.AEDPUN.F.T.22",38,
"c61852e7-2abf-4532-b22f-3b26c179a3b4","HEAL","D19","HEAL","2016-07-27T00:59Z","2016-07-28T17:10Z","HEAL.2016.30.AEDPUN.F.T","HEAL.2016.30.AEDPUN.F.T.09",39,
"06e1d931-0d02-46b7-86be-9f69820a4cc3","HEAL","D19","HEAL","2016-07-27T00:59Z","2016-07-28T17:10Z","HEAL.2016.30.AEDPUN.F.T","HEAL.2016.30.AEDPUN.F.T.04",39,
"1f7b9b6e-609b-4ccb-aac5-394b0ca54674","HEAL","D19","HEAL","2016-07-27T00:59Z","2016-07-28T17:10Z","HEAL.2016.30.AEDPUN.F.T","HEAL.2016.30.AEDPUN.F.T.18",38,
"9b91488c-db70-4a6c-9dbd-492958b42919","HEAL","D19","HEAL","2016-07-27T00:59Z","2016-07-28T17:10Z","HEAL.2016.30.AEDPUN.F.T","HEAL.2016.30.AEDPUN.F.T.13",38,
"fce6ac52-9fb6-4b6e-bcb1-9790797c5318","HEAL","D19","HEAL","2016-07-27T00:59Z","2016-07-28T17:10Z","HEAL.2016.30.AEDPUN.F.T","HEAL.2016.30.AEDPUN.F.T.01",39,
"a3cc6850-89ae-4f46-8451-03c25134b451","HEAL","D19","HEAL","2016-07-27T00:59Z","2016-07-28T17:10Z","HEAL.2016.30.AEDPUN.F.T","HEAL.2016.30.AEDPUN.F.T.11",38,
"d5350ffe-1302-4e2c-b873-77fcaa76dda8","HEAL","D19","HEAL","2016-07-27T00:59Z","2016-07-28T17:10Z","HEAL.2016.30.AEDPUN.F.T","HEAL.2016.30.AEDPUN.F.T.02",39,
"bdc33a45-508e-4ce0-9b0f-e06cdb408772","HEAL","D19","HEAL","2016-07-27T00:59Z","2016-07-28T17:10Z","HEAL.2016.30.AEDPUN.F.T","HEAL.2016.30.AEDPUN.F.T.15",38,
"bbefd11b-3f9a-43e4-bbcc-d974bfdbceb9","HEAL","D19","HEAL","2016-07-27T00:59Z","2016-07-28T17:10Z","HEAL.2016.30.AEDPUN.F.T","HEAL.2016.30.AEDPUN.F.T.19",38,
"a7d06dc1-79e1-4525-96b4-9667d7a58cea","HEAL","D19","HEAL","2016-07-27T00:59Z","2016-07-28T17:10Z","HEAL.2016.30.AEDPUN.F.T","HEAL.2016.30.AEDPUN.F.T.08",39,
"ed255c56-cace-4fda-9b98-99feb5490341","HEAL","D19","HEAL","2016-07-27T00:59Z","2016-07-28T17:10Z","HEAL.2016.30.AEDPUN.F.T","HEAL.2016.30.AEDPUN.F.T.10",38,
"d60a337e-f306-4a63-ad59-8ead8639ecc9","HEAL","D19","HEAL","2016-07-27T00:59Z","2016-07-28T17:10Z","HEAL.2016.30.AEDPUN.F.T","HEAL.2016.30.AEDPUN.F.T.05",39,
"b3acd262-b0b2-4476-9bec-8aef050c3a20","HEAL","D19","HEAL","2016-07-27T00:59Z","2016-07-28T17:10Z","HEAL.2016.30.AEDPUN.F.T","HEAL.2016.30.AEDPUN.F.T.21",38,
"35024e89-e6f5-4baf-ac80-aa3ea7664e47","HEAL","D19","HEAL","2016-07-27T00:59Z","2016-07-28T17:10Z","HEAL.2016.30.AEDPUN.F.T","HEAL.2016.30.AEDPUN.F.T.17",38,
"84bb3d9c-b896-4b32-91c1-15bd66ef46fc","HEAL","D19","HEAL","2016-07-27T00:59Z","2016-07-28T17:10Z","HEAL.2016.30.AEDPUN.F.T","HEAL.2016.30.AEDPUN.F.T.12",38,
"e9af61e7-f285-4fd8-87bb-6d1de7909da9","HEAL","D19","HEAL","2016-07-27T00:59Z","2016-07-28T17:10Z","HEAL.2016.30.AEDPUN.F.T","HEAL.2016.30.AEDPUN.F.T.03",39,
"7a783165-3605-4f1b-be8d-bca0c0b580f6","HEAL","D19","HEAL","2016-07-27T00:59Z","2016-07-28T17:10Z","HEAL.2016.30.AEDPUN.F.T","HEAL.2016.30.AEDPUN.F.T.07",39,
"d8497252-3c9e-4730-ae7b-9fc5132d4f86","HEAL","D19","HEAL","2016-07-27T00:59Z","2016-07-28T17:10Z","HEAL.2016.30.AEDPUN.F.T","HEAL.2016.30.AEDPUN.F.T.14",38,
"9c3250d7-c6e2-4768-902b-293848aba3f1","HEAL","D19","HEAL","2016-07-27T00:59Z","2016-07-28T17:10Z","HEAL.2016.30.AEDPUN.F.T","HEAL.2016.30.AEDPUN.F.T.06",39,
"f3985c3e-b9d1-474b-bec9-0237f26cd7b2","HEAL","D19","HEAL","2016-07-27T00:59Z","2016-07-28T17:10Z","HEAL.2016.30.AEDHEX.F.T","HEAL.2016.30.AEDHEX.F.T.01",37,
"330c6b58-a7e9-47f6-9d1d-c28db911dfe4","HEAL","D19","HEAL","2016-07-27T00:59Z","2016-07-28T17:10Z","HEAL.2016.30.AEDHEX.F.T","HEAL.2016.30.AEDHEX.F.T.02",36,
"5bfbcc9d-5ba3-4011-a19c-e0a5fa01cf39","HEAL","D19","HEAL","2016-07-27T00:59Z","2016-07-28T17:10Z","HEAL.2016.30.AEDHEX.F.T","HEAL.2016.30.AEDHEX.F.T.04",36,
"c4fe20aa-ec29-4f05-b2cb-228986211b1d","HEAL","D19","HEAL","2016-07-27T00:59Z","2016-07-28T17:10Z","HEAL.2016.30.AEDHEX.F.T","HEAL.2016.30.AEDHEX.F.T.03",36,
"7817cefe-228e-40eb-9e13-8eac58358dc3","HEAL","D19","HEAL","2016-07-27T00:59Z","2016-07-28T17:10Z","HEAL.2016.30.AEDEXC.F.T","HEAL.2016.30.AEDEXC.F.T.01",37,
"f92f41b7-deea-410b-868a-f9f38fcb40dc","HEAL","D19","HEAL","2016-07-27T00:59Z","2016-07-28T17:10Z","HEAL.2016.30.AEDEXC.F.T","HEAL.2016.30.AEDEXC.F.T.02",37,
"7720e9f8-1012-449f-b238-d489fc69c8e4","HEAL","D19","HEAL","2016-07-27T00:59Z","2016-07-28T17:10Z","HEAL.2016.30.AEDCOM.F.T","HEAL.2016.30.AEDCOM.F.T.04",36,
"b6280e4b-2ad5-482f-a390-f5e104abe085","HEAL","D19","HEAL","2016-07-27T00:59Z","2016-07-28T17:10Z","HEAL.2016.30.AEDCOM.F.T","HEAL.2016.30.AEDCOM.F.T.03",36,
"51ec6ddb-98dc-4b7d-8bf1-73ab6b1c5591","HEAL","D19","HEAL","2016-07-27T00:59Z","2016-07-28T17:10Z","HEAL.2016.30.AEDCOM.F.T","HEAL.2016.30.AEDCOM.F.T.01",36,
"c19d4afb-1444-4b8b-bbf2-b205f4ede516","HEAL","D19","HEAL","2016-07-27T00:59Z","2016-07-28T17:10Z","HEAL.2016.30.AEDCOM.F.T","HEAL.2016.30.AEDCOM.F.T.07",35,
"cb4b9947-3e2c-480d-987f-5f25688ff648","HEAL","D19","HEAL","2016-07-27T00:59Z","2016-07-28T17:10Z","HEAL.2016.30.AEDCOM.F.T","HEAL.2016.30.AEDCOM.F.T.02",36,
"6eb501da-e8bc-4603-ae50-35931eeeeed7","HEAL","D19","HEAL","2016-07-27T00:59Z","2016-07-28T17:10Z","HEAL.2016.30.AEDCOM.F.T","HEAL.2016.30.AEDCOM.F.T.06",35,
"2e13cf5b-367b-4c57-a87d-ce227ec9e003","HEAL","D19","HEAL","2016-07-27T00:59Z","2016-07-28T17:10Z","HEAL.2016.30.AEDCOM.F.T","HEAL.2016.30.AEDCOM.F.T.05",35,
"5e7aafe1-b990-44e0-9de6-6e58d0fef382","HEAL","D19","HEAL","2016-07-27T01:07Z","2016-07-28T16:59Z","HEAL.2016.30.AEDIMP.F.T","HEAL.2016.30.AEDIMP.F.T.01",20,
