uid,namedLocation,domainID,siteID,startCollectDate,endCollectDate,testingID,testingVialID,poolSize,dataQF
"cf4f313c-e7e8-4400-8ef0-b3678b887d69","DSNY","D03","DSNY","2014-10-28T22:26Z","2014-10-30T14:33Z","DSNY.2014.43.CULNIG.F.T","DSNY.2014.43.CULNIG.F.T.12",47,
"a6ce412d-b4d1-4cae-b760-01f1e3fc9495","DSNY","D03","DSNY","2014-10-28T22:26Z","2014-10-30T14:33Z","DSNY.2014.43.CULNIG.F.T","DSNY.2014.43.CULNIG.F.T.04",47,
"13866963-6d46-40e1-81d0-f39bc4ef65f6","DSNY","D03","DSNY","2014-10-28T22:26Z","2014-10-30T14:33Z","DSNY.2014.43.CULNIG.F.T","DSNY.2014.43.CULNIG.F.T.10",47,
"5cdcbb31-e54d-42b9-919a-6bf5d13a188b","DSNY","D03","DSNY","2014-10-28T22:26Z","2014-10-30T14:33Z","DSNY.2014.43.CULNIG.F.T","DSNY.2014.43.CULNIG.F.T.13",47,
"3b8e936e-36a4-4657-8f11-ac54c919b6ad","DSNY","D03","DSNY","2014-10-28T22:26Z","2014-10-30T14:33Z","DSNY.2014.43.CULNIG.F.T","DSNY.2014.43.CULNIG.F.T.15",47,
"b014e542-9c2e-423e-840b-31284142724b","DSNY","D03","DSNY","2014-10-28T22:26Z","2014-10-30T14:33Z","DSNY.2014.43.CULNIG.F.T","DSNY.2014.43.CULNIG.F.T.14",47,
"69eea7df-0fd4-4b91-ae32-952273faacc1","DSNY","D03","DSNY","2014-10-28T22:26Z","2014-10-30T14:33Z","DSNY.2014.43.CULNIG.F.T","DSNY.2014.43.CULNIG.F.T.16",47,
"54cb8147-8c8a-4df4-900b-59dd8855c0a2","DSNY","D03","DSNY","2014-10-28T22:26Z","2014-10-30T14:33Z","DSNY.2014.43.CULNIG.F.T","DSNY.2014.43.CULNIG.F.T.08",47,
"91da1cb5-b869-485d-b05f-f21e47b64a34","DSNY","D03","DSNY","2014-10-28T22:26Z","2014-10-30T14:33Z","DSNY.2014.43.CULNIG.F.T","DSNY.2014.43.CULNIG.F.T.03",48,
"adfee01e-e0e6-45b1-97ef-ec0998258907","DSNY","D03","DSNY","2014-10-28T22:26Z","2014-10-30T14:33Z","DSNY.2014.43.CULNIG.F.T","DSNY.2014.43.CULNIG.F.T.07",47,
"b26af572-3af3-4049-af8d-6cb90722b1af","DSNY","D03","DSNY","2014-10-28T22:26Z","2014-10-30T14:33Z","DSNY.2014.43.CULNIG.F.T","DSNY.2014.43.CULNIG.F.T.01",48,
"437b3970-4b6f-4252-8eba-3ea9431a6244","DSNY","D03","DSNY","2014-10-28T22:26Z","2014-10-30T14:33Z","DSNY.2014.43.CULNIG.F.T","DSNY.2014.43.CULNIG.F.T.02",48,
"af29676b-5759-416c-9bea-b8b4f050c3da","DSNY","D03","DSNY","2014-10-28T22:26Z","2014-10-30T14:33Z","DSNY.2014.43.CULNIG.F.T","DSNY.2014.43.CULNIG.F.T.06",47,
"67390700-3bee-450b-b10e-dbdf32148531","DSNY","D03","DSNY","2014-10-28T22:26Z","2014-10-30T14:33Z","DSNY.2014.43.CULNIG.F.T","DSNY.2014.43.CULNIG.F.T.05",47,
"a145c07d-a552-431f-98b1-8b393c3a4f10","DSNY","D03","DSNY","2014-10-28T22:26Z","2014-10-30T14:33Z","DSNY.2014.43.CULNIG.F.T","DSNY.2014.43.CULNIG.F.T.09",47,
"7e582280-2a77-4a22-9a80-18d6af4ded1c","DSNY","D03","DSNY","2014-10-28T22:26Z","2014-10-30T14:33Z","DSNY.2014.43.CULNIG.F.T","DSNY.2014.43.CULNIG.F.T.11",47,
