uid,namedLocation,domainID,siteID,startCollectDate,endCollectDate,testingID,testingVialID,poolSize,dataQF
"f4bd1435-a121-495c-8402-f356f2ae7104","DELA","D08","DELA","2016-10-18T21:38Z","2016-10-20T13:01Z","DELA.2016.42.CULNIG.F.T","DELA.2016.42.CULNIG.F.T.01",25,
"cb55850a-e58e-44dc-b518-8d002c0d4aed","DELA","D08","DELA","2016-10-18T21:38Z","2016-10-20T13:01Z","DELA.2016.42.CULNIG.F.T","DELA.2016.42.CULNIG.F.T.02",24,
"c2d0c1fe-4874-4daf-9608-b078b0dfe80f","DELA","D08","DELA","2016-10-18T21:38Z","2016-10-20T13:01Z","DELA.2016.42.AEDVEX.F.T","DELA.2016.42.AEDVEX.F.T.59",39,
"54c48caf-6e36-40b2-aa82-104f1050d1c0","DELA","D08","DELA","2016-10-18T21:38Z","2016-10-20T13:01Z","DELA.2016.42.AEDVEX.F.T","DELA.2016.42.AEDVEX.F.T.65",39,
"03c3ac50-bcc5-4fa0-8159-4b471cce4be0","DELA","D08","DELA","2016-10-18T21:38Z","2016-10-20T13:01Z","DELA.2016.42.AEDVEX.F.T","DELA.2016.42.AEDVEX.F.T.54",39,
"c2a3ad89-e85b-4138-9180-d5b446a7915c","DELA","D08","DELA","2016-10-18T21:38Z","2016-10-20T13:01Z","DELA.2016.42.AEDVEX.F.T","DELA.2016.42.AEDVEX.F.T.60",39,
"6312ade5-33f0-4bf6-8318-46080d2f852b","DELA","D08","DELA","2016-10-18T21:38Z","2016-10-20T13:01Z","DELA.2016.42.AEDVEX.F.T","DELA.2016.42.AEDVEX.F.T.56",39,
"b6ab605c-50ed-4a6f-83f4-7a2cde2eb0ca","DELA","D08","DELA","2016-10-18T21:38Z","2016-10-20T13:01Z","DELA.2016.42.AEDVEX.F.T","DELA.2016.42.AEDVEX.F.T.63",39,
"30fdfa33-5e5f-4e45-b547-866d55bb8c22","DELA","D08","DELA","2016-10-18T21:38Z","2016-10-20T13:01Z","DELA.2016.42.AEDVEX.F.T","DELA.2016.42.AEDVEX.F.T.61",39,
"c536567e-2308-4178-a515-6e333142b8c3","DELA","D08","DELA","2016-10-18T21:38Z","2016-10-20T13:01Z","DELA.2016.42.AEDVEX.F.T","DELA.2016.42.AEDVEX.F.T.55",39,
"f966115e-773f-4d59-b66d-938babcf2862","DELA","D08","DELA","2016-10-18T21:38Z","2016-10-20T13:01Z","DELA.2016.42.AEDVEX.F.T","DELA.2016.42.AEDVEX.F.T.53",39,
"559a17e6-7320-49ae-9484-e229d19cd175","DELA","D08","DELA","2016-10-18T21:38Z","2016-10-20T13:01Z","DELA.2016.42.AEDVEX.F.T","DELA.2016.42.AEDVEX.F.T.57",39,
"5f434275-36fe-4833-be77-8c6a0eed0090","DELA","D08","DELA","2016-10-18T21:38Z","2016-10-20T13:01Z","DELA.2016.42.AEDVEX.F.T","DELA.2016.42.AEDVEX.F.T.62",39,
"878197ea-9813-42cf-8ce5-2caa2abf4ebe","DELA","D08","DELA","2016-10-18T21:38Z","2016-10-20T13:01Z","DELA.2016.42.AEDVEX.F.T","DELA.2016.42.AEDVEX.F.T.66",39,
"9eed2bc1-b7dc-40ce-aa5b-8f9d0d06a857","DELA","D08","DELA","2016-10-18T21:38Z","2016-10-20T13:01Z","DELA.2016.42.AEDVEX.F.T","DELA.2016.42.AEDVEX.F.T.58",39,
"150db611-daf4-41c0-8c36-a67fecfa1721","DELA","D08","DELA","2016-10-18T21:38Z","2016-10-20T13:01Z","DELA.2016.42.AEDVEX.F.T","DELA.2016.42.AEDVEX.F.T.67",39,
"8f355e72-3bda-44f7-8d91-051d6f4a2ef7","DELA","D08","DELA","2016-10-18T21:38Z","2016-10-20T13:01Z","DELA.2016.42.AEDVEX.F.T","DELA.2016.42.AEDVEX.F.T.64",39,
"757c5b2a-3f42-4b4a-8a0c-890a9f112871","DELA","D08","DELA","2016-10-18T21:38Z","2016-10-20T13:01Z","DELA.2016.42.AEDVEX.F.T","DELA.2016.42.AEDVEX.F.T.49",39,
"cd24bb1f-777e-4191-b47c-b70b8436f197","DELA","D08","DELA","2016-10-18T21:38Z","2016-10-20T13:01Z","DELA.2016.42.AEDVEX.F.T","DELA.2016.42.AEDVEX.F.T.31",40,
"8473aa70-d190-4cdb-9c9a-fceb5bcbaff5","DELA","D08","DELA","2016-10-18T21:38Z","2016-10-20T13:01Z","DELA.2016.42.AEDVEX.F.T","DELA.2016.42.AEDVEX.F.T.50",39,
"3c9d0d2a-b41b-4fd1-8370-c05abf1ef7c1","DELA","D08","DELA","2016-10-18T21:38Z","2016-10-20T13:01Z","DELA.2016.42.AEDVEX.F.T","DELA.2016.42.AEDVEX.F.T.48",39,
"7456ad75-07cf-4d57-9261-d75863f59594","DELA","D08","DELA","2016-10-18T21:38Z","2016-10-20T13:01Z","DELA.2016.42.AEDVEX.F.T","DELA.2016.42.AEDVEX.F.T.18",40,
"e041ea43-2abe-4c42-9024-be88e068142d","DELA","D08","DELA","2016-10-18T21:38Z","2016-10-20T13:01Z","DELA.2016.42.AEDVEX.F.T","DELA.2016.42.AEDVEX.F.T.45",39,
"e97333c2-117c-4e81-83a8-dd2b365d01eb","DELA","D08","DELA","2016-10-18T21:38Z","2016-10-20T13:01Z","DELA.2016.42.AEDVEX.F.T","DELA.2016.42.AEDVEX.F.T.17",40,
"83b89963-4aae-474a-9688-61ea0be3382d","DELA","D08","DELA","2016-10-18T21:38Z","2016-10-20T13:01Z","DELA.2016.42.AEDVEX.F.T","DELA.2016.42.AEDVEX.F.T.29",40,
"d4e1b8e4-12ba-44b1-8786-7c08d6c1f4f5","DELA","D08","DELA","2016-10-18T21:38Z","2016-10-20T13:01Z","DELA.2016.42.AEDVEX.F.T","DELA.2016.42.AEDVEX.F.T.34",40,
"6965c043-a6c4-4004-b70a-a665d69c65d0","DELA","D08","DELA","2016-10-18T21:38Z","2016-10-20T13:01Z","DELA.2016.42.AEDVEX.F.T","DELA.2016.42.AEDVEX.F.T.16",40,
"6b4da967-91e4-492e-8f3a-0dab1151cc81","DELA","D08","DELA","2016-10-18T21:38Z","2016-10-20T13:01Z","DELA.2016.42.AEDVEX.F.T","DELA.2016.42.AEDVEX.F.T.20",40,
"4c553b08-4157-4ef7-aa96-f4de123ca5be","DELA","D08","DELA","2016-10-18T21:38Z","2016-10-20T13:01Z","DELA.2016.42.AEDVEX.F.T","DELA.2016.42.AEDVEX.F.T.36",40,
"a844a57f-a41d-4732-8927-a18878710b2e","DELA","D08","DELA","2016-10-18T21:38Z","2016-10-20T13:01Z","DELA.2016.42.AEDVEX.F.T","DELA.2016.42.AEDVEX.F.T.37",40,
"40f83729-11f9-4421-a75a-8e74fe95df8f","DELA","D08","DELA","2016-10-18T21:38Z","2016-10-20T13:01Z","DELA.2016.42.AEDVEX.F.T","DELA.2016.42.AEDVEX.F.T.30",40,
"ecf3e667-d1f1-4d48-b670-e8b613b40a73","DELA","D08","DELA","2016-10-18T21:38Z","2016-10-20T13:01Z","DELA.2016.42.AEDVEX.F.T","DELA.2016.42.AEDVEX.F.T.32",40,
"f310917d-0fc8-45a2-954a-14c2cbe73d87","DELA","D08","DELA","2016-10-18T21:38Z","2016-10-20T13:01Z","DELA.2016.42.AEDVEX.F.T","DELA.2016.42.AEDVEX.F.T.23",40,
"224df017-ba1b-4b22-a1ac-201cc42d92d9","DELA","D08","DELA","2016-10-18T21:38Z","2016-10-20T13:01Z","DELA.2016.42.AEDVEX.F.T","DELA.2016.42.AEDVEX.F.T.28",40,
"7b2b74ed-89da-4035-a637-5147ccc6215b","DELA","D08","DELA","2016-10-18T21:38Z","2016-10-20T13:01Z","DELA.2016.42.AEDVEX.F.T","DELA.2016.42.AEDVEX.F.T.46",39,
"1f007a4f-33ec-4270-91b6-92e93d0a94c6","DELA","D08","DELA","2016-10-18T21:38Z","2016-10-20T13:01Z","DELA.2016.42.AEDVEX.F.T","DELA.2016.42.AEDVEX.F.T.52",39,
"33558f9d-7556-473f-9908-07350d37b3f8","DELA","D08","DELA","2016-10-18T21:38Z","2016-10-20T13:01Z","DELA.2016.42.AEDVEX.F.T","DELA.2016.42.AEDVEX.F.T.22",40,
"5b7f4b1b-8fca-4efd-970f-2cbd077bb2ba","DELA","D08","DELA","2016-10-18T21:38Z","2016-10-20T13:01Z","DELA.2016.42.AEDVEX.F.T","DELA.2016.42.AEDVEX.F.T.40",40,
"1c21eb9f-8199-4af0-90dc-73685c486abe","DELA","D08","DELA","2016-10-18T21:38Z","2016-10-20T13:01Z","DELA.2016.42.AEDVEX.F.T","DELA.2016.42.AEDVEX.F.T.21",40,
"2c1c4d4a-6ca0-4247-968e-acc4a2c6a8a3","DELA","D08","DELA","2016-10-18T21:38Z","2016-10-20T13:01Z","DELA.2016.42.AEDVEX.F.T","DELA.2016.42.AEDVEX.F.T.42",40,
"75ba6200-c83d-4302-9f00-2fd81fdf271d","DELA","D08","DELA","2016-10-18T21:38Z","2016-10-20T13:01Z","DELA.2016.42.AEDVEX.F.T","DELA.2016.42.AEDVEX.F.T.38",40,
"79e88d79-a33e-4f07-9ed2-025821594807","DELA","D08","DELA","2016-10-18T21:38Z","2016-10-20T13:01Z","DELA.2016.42.AEDVEX.F.T","DELA.2016.42.AEDVEX.F.T.35",40,
"497a865a-90fa-4df5-9faa-7f4a2863bf81","DELA","D08","DELA","2016-10-18T21:38Z","2016-10-20T13:01Z","DELA.2016.42.AEDVEX.F.T","DELA.2016.42.AEDVEX.F.T.41",40,
"656934ac-07c2-4723-a268-b53244c6c541","DELA","D08","DELA","2016-10-18T21:38Z","2016-10-20T13:01Z","DELA.2016.42.AEDVEX.F.T","DELA.2016.42.AEDVEX.F.T.15",40,
"da4ccfb3-07a7-4d08-a3c2-3373020e4922","DELA","D08","DELA","2016-10-18T21:38Z","2016-10-20T13:01Z","DELA.2016.42.AEDVEX.F.T","DELA.2016.42.AEDVEX.F.T.43",39,
"d526df88-f4b2-499e-a6de-d7b4658cec36","DELA","D08","DELA","2016-10-18T21:38Z","2016-10-20T13:01Z","DELA.2016.42.AEDVEX.F.T","DELA.2016.42.AEDVEX.F.T.51",39,
"4a916638-26aa-4b50-b64b-d04036681676","DELA","D08","DELA","2016-10-18T21:38Z","2016-10-20T13:01Z","DELA.2016.42.AEDVEX.F.T","DELA.2016.42.AEDVEX.F.T.44",39,
"5d25b960-d3d1-4298-b33d-5cbb25b959f6","DELA","D08","DELA","2016-10-18T21:38Z","2016-10-20T13:01Z","DELA.2016.42.AEDVEX.F.T","DELA.2016.42.AEDVEX.F.T.24",40,
"0a53e8db-791a-477b-99e5-c1b7420904f1","DELA","D08","DELA","2016-10-18T21:38Z","2016-10-20T13:01Z","DELA.2016.42.AEDVEX.F.T","DELA.2016.42.AEDVEX.F.T.47",39,
"4dafac7c-f729-4809-9dfa-059ff412e633","DELA","D08","DELA","2016-10-18T21:38Z","2016-10-20T13:01Z","DELA.2016.42.AEDVEX.F.T","DELA.2016.42.AEDVEX.F.T.33",40,
"da5124fd-4f1b-45de-abca-6b53cae5a665","DELA","D08","DELA","2016-10-18T21:38Z","2016-10-20T13:01Z","DELA.2016.42.AEDVEX.F.T","DELA.2016.42.AEDVEX.F.T.26",40,
"332132b2-3ac2-4183-9ff4-9ffe9619c524","DELA","D08","DELA","2016-10-18T21:38Z","2016-10-20T13:01Z","DELA.2016.42.AEDVEX.F.T","DELA.2016.42.AEDVEX.F.T.27",40,
"ef413323-50eb-44c3-9e9c-770b261d67a0","DELA","D08","DELA","2016-10-18T21:38Z","2016-10-20T13:01Z","DELA.2016.42.AEDVEX.F.T","DELA.2016.42.AEDVEX.F.T.39",40,
"d92346d4-1ae6-4eb4-ad88-9d627298f611","DELA","D08","DELA","2016-10-18T21:38Z","2016-10-20T13:01Z","DELA.2016.42.AEDVEX.F.T","DELA.2016.42.AEDVEX.F.T.19",40,
"7684ff1d-2693-4909-b37f-dfed02b0f092","DELA","D08","DELA","2016-10-18T21:38Z","2016-10-20T13:01Z","DELA.2016.42.AEDVEX.F.T","DELA.2016.42.AEDVEX.F.T.25",40,
"95ae4529-bb37-46ce-a032-299be3f2f043","DELA","D08","DELA","2016-10-18T21:38Z","2016-10-20T13:01Z","DELA.2016.42.AEDVEX.F.T","DELA.2016.42.AEDVEX.F.T.11",40,
"af647ac1-f313-4e1f-916d-4ef2cee5ff58","DELA","D08","DELA","2016-10-18T21:38Z","2016-10-20T13:01Z","DELA.2016.42.AEDVEX.F.T","DELA.2016.42.AEDVEX.F.T.05",40,
"909fe6cd-554f-4c45-829d-f708ffbd2a58","DELA","D08","DELA","2016-10-18T21:38Z","2016-10-20T13:01Z","DELA.2016.42.AEDVEX.F.T","DELA.2016.42.AEDVEX.F.T.06",40,
"1bb9cab8-8462-4108-ad33-a0387b962471","DELA","D08","DELA","2016-10-18T21:38Z","2016-10-20T13:01Z","DELA.2016.42.AEDVEX.F.T","DELA.2016.42.AEDVEX.F.T.07",40,
"4af48d31-02d5-45eb-8336-5bd35b4c3245","DELA","D08","DELA","2016-10-18T21:38Z","2016-10-20T13:01Z","DELA.2016.42.AEDVEX.F.T","DELA.2016.42.AEDVEX.F.T.08",40,
"28dff573-8a69-4457-a487-de68ba2f51e5","DELA","D08","DELA","2016-10-18T21:38Z","2016-10-20T13:01Z","DELA.2016.42.AEDVEX.F.T","DELA.2016.42.AEDVEX.F.T.04",40,
"f0c98232-ba78-43fc-9136-a19aba7a1177","DELA","D08","DELA","2016-10-18T21:38Z","2016-10-20T13:01Z","DELA.2016.42.AEDVEX.F.T","DELA.2016.42.AEDVEX.F.T.12",40,
"e45b9e47-feac-4e6d-b3f6-6b34107fb6f6","DELA","D08","DELA","2016-10-18T21:38Z","2016-10-20T13:01Z","DELA.2016.42.AEDVEX.F.T","DELA.2016.42.AEDVEX.F.T.13",40,
"bea5d4bb-fe22-4ea9-955c-9ae7ea0880f0","DELA","D08","DELA","2016-10-18T21:38Z","2016-10-20T13:01Z","DELA.2016.42.AEDVEX.F.T","DELA.2016.42.AEDVEX.F.T.14",40,
"0cc9ffb1-0fd7-4538-8e17-e8887cc2a5e8","DELA","D08","DELA","2016-10-18T21:38Z","2016-10-20T13:01Z","DELA.2016.42.AEDVEX.F.T","DELA.2016.42.AEDVEX.F.T.10",40,
"e65143b9-87e7-4926-a769-0bc9e8092072","DELA","D08","DELA","2016-10-18T21:38Z","2016-10-20T13:01Z","DELA.2016.42.AEDVEX.F.T","DELA.2016.42.AEDVEX.F.T.03",40,
"3462dd4f-54db-4722-ad75-1098cee2d66b","DELA","D08","DELA","2016-10-18T21:38Z","2016-10-20T13:01Z","DELA.2016.42.AEDVEX.F.T","DELA.2016.42.AEDVEX.F.T.09",40,
"97b1d4a5-7651-43bf-8ead-f2a54a28b69c","DELA","D08","DELA","2016-10-18T21:38Z","2016-10-20T13:01Z","DELA.2016.42.AEDVEX.F.T","DELA.2016.42.AEDVEX.F.T.01",40,
"0e07b0b7-acae-452f-b0de-7b68fe073406","DELA","D08","DELA","2016-10-18T21:38Z","2016-10-20T13:01Z","DELA.2016.42.AEDVEX.F.T","DELA.2016.42.AEDVEX.F.T.02",40,
