uid,namedLocation,domainID,siteID,startCollectDate,endCollectDate,testingID,testingVialID,poolSize,dataQF
"055e4339-677f-45e3-8219-0dd55a71c83f","SERC","D02","SERC","2016-06-06T20:54Z","2016-06-08T12:53Z","SERC.2016.23.CULRES.F.T","SERC.2016.23.CULRES.F.T.49",39,
"0a6ebc18-a0ba-43c8-9701-993dce8a00a0","SERC","D02","SERC","2016-06-06T20:54Z","2016-06-08T12:53Z","SERC.2016.23.CULRES.F.T","SERC.2016.23.CULRES.F.T.50",39,
"5d4fb8a4-d814-46ee-8289-daf44125aab4","SERC","D02","SERC","2016-06-06T20:54Z","2016-06-08T12:53Z","SERC.2016.23.CULRES.F.T","SERC.2016.23.CULRES.F.T.51",39,
"f70d0593-abda-4ead-a440-a75e04f25152","SERC","D02","SERC","2016-06-06T20:54Z","2016-06-08T12:53Z","SERC.2016.23.CULRES.F.T","SERC.2016.23.CULRES.F.T.45",39,
"4830ee2b-4841-40dc-93fc-f5b7949eb0b2","SERC","D02","SERC","2016-06-06T20:54Z","2016-06-08T12:53Z","SERC.2016.23.CULRES.F.T","SERC.2016.23.CULRES.F.T.56",39,
"e2be267c-1cfd-4ce1-a66d-9ca762a67374","SERC","D02","SERC","2016-06-06T20:54Z","2016-06-08T12:53Z","SERC.2016.23.CULRES.F.T","SERC.2016.23.CULRES.F.T.53",39,
"75ad65cf-5ee5-4ed3-af02-4f873ba118c9","SERC","D02","SERC","2016-06-06T20:54Z","2016-06-08T12:53Z","SERC.2016.23.CULRES.F.T","SERC.2016.23.CULRES.F.T.57",39,
"2f6596c2-61d6-4ac2-8598-bcd24773d15d","SERC","D02","SERC","2016-06-06T20:54Z","2016-06-08T12:53Z","SERC.2016.23.CULRES.F.T","SERC.2016.23.CULRES.F.T.44",39,
"8bf497d8-fea7-4a8b-8fef-0d38502f498f","SERC","D02","SERC","2016-06-06T20:54Z","2016-06-08T12:53Z","SERC.2016.23.CULRES.F.T","SERC.2016.23.CULRES.F.T.47",39,
"b1eec5b1-6808-4d35-90ed-bb0208a526cb","SERC","D02","SERC","2016-06-06T20:54Z","2016-06-08T12:53Z","SERC.2016.23.CULRES.F.T","SERC.2016.23.CULRES.F.T.54",39,
"b4554298-a232-4422-9bbb-796ea0d26b39","SERC","D02","SERC","2016-06-06T20:54Z","2016-06-08T12:53Z","SERC.2016.23.CULRES.F.T","SERC.2016.23.CULRES.F.T.52",39,
"fad123fa-e4cd-43a1-9226-3b4cbbf60618","SERC","D02","SERC","2016-06-06T20:54Z","2016-06-08T12:53Z","SERC.2016.23.CULRES.F.T","SERC.2016.23.CULRES.F.T.46",39,
"15468195-8db3-4016-a933-2bc1752b519d","SERC","D02","SERC","2016-06-06T20:54Z","2016-06-08T12:53Z","SERC.2016.23.CULRES.F.T","SERC.2016.23.CULRES.F.T.43",39,
"62899705-27c6-4b98-b232-271d0e60d55a","SERC","D02","SERC","2016-06-06T20:54Z","2016-06-08T12:53Z","SERC.2016.23.CULRES.F.T","SERC.2016.23.CULRES.F.T.55",39,
"1d73ca33-9e0f-43a4-92be-6f3ffc983a54","SERC","D02","SERC","2016-06-06T20:54Z","2016-06-08T12:53Z","SERC.2016.23.CULRES.F.T","SERC.2016.23.CULRES.F.T.48",39,
"82902647-f1a6-4123-abb6-37bedd948338","SERC","D02","SERC","2016-06-06T20:54Z","2016-06-08T12:53Z","SERC.2016.23.CULRES.F.T","SERC.2016.23.CULRES.F.T.10",40,
"990b0728-7285-4587-8856-4eaf2f941bde","SERC","D02","SERC","2016-06-06T20:54Z","2016-06-08T12:53Z","SERC.2016.23.CULRES.F.T","SERC.2016.23.CULRES.F.T.14",40,
"38c714a8-2c32-4be8-b9d3-e405627d760e","SERC","D02","SERC","2016-06-06T20:54Z","2016-06-08T12:53Z","SERC.2016.23.CULRES.F.T","SERC.2016.23.CULRES.F.T.32",40,
"683f90c6-4f71-4bc2-a413-3d39c2b41756","SERC","D02","SERC","2016-06-06T20:54Z","2016-06-08T12:53Z","SERC.2016.23.CULRES.F.T","SERC.2016.23.CULRES.F.T.33",40,
"b76a083c-f299-4e5a-a9dd-d95952a58e4e","SERC","D02","SERC","2016-06-06T20:54Z","2016-06-08T12:53Z","SERC.2016.23.CULRES.F.T","SERC.2016.23.CULRES.F.T.07",40,
"817919b1-6e49-4a70-a2ad-67bf965d138f","SERC","D02","SERC","2016-06-06T20:54Z","2016-06-08T12:53Z","SERC.2016.23.CULRES.F.T","SERC.2016.23.CULRES.F.T.02",40,
"37622290-04a8-4dfd-a241-9a20c53e09e3","SERC","D02","SERC","2016-06-06T20:54Z","2016-06-08T12:53Z","SERC.2016.23.CULRES.F.T","SERC.2016.23.CULRES.F.T.26",40,
"184cb176-681e-4def-ae5a-eb4ffc6b1e1e","SERC","D02","SERC","2016-06-06T20:54Z","2016-06-08T12:53Z","SERC.2016.23.CULRES.F.T","SERC.2016.23.CULRES.F.T.37",40,
"e36a82c8-cff1-4422-b69b-2e320be4a46e","SERC","D02","SERC","2016-06-06T20:54Z","2016-06-08T12:53Z","SERC.2016.23.CULRES.F.T","SERC.2016.23.CULRES.F.T.20",40,
"c7a1be0a-24c6-4c50-a769-fb477019fd64","SERC","D02","SERC","2016-06-06T20:54Z","2016-06-08T12:53Z","SERC.2016.23.CULRES.F.T","SERC.2016.23.CULRES.F.T.28",40,
"4c10a65f-fcab-4d62-9b08-f57708b75b21","SERC","D02","SERC","2016-06-06T20:54Z","2016-06-08T12:53Z","SERC.2016.23.CULRES.F.T","SERC.2016.23.CULRES.F.T.25",40,
"19ef2a7b-bbb6-47ab-9fff-19fce1702887","SERC","D02","SERC","2016-06-06T20:54Z","2016-06-08T12:53Z","SERC.2016.23.CULRES.F.T","SERC.2016.23.CULRES.F.T.03",40,
"99de7de4-d1da-410b-b8c7-d8103eb7d6e8","SERC","D02","SERC","2016-06-06T20:54Z","2016-06-08T12:53Z","SERC.2016.23.CULRES.F.T","SERC.2016.23.CULRES.F.T.31",40,
"9b83dbb4-8f54-4762-93ae-7f588c0bf63e","SERC","D02","SERC","2016-06-06T20:54Z","2016-06-08T12:53Z","SERC.2016.23.CULRES.F.T","SERC.2016.23.CULRES.F.T.15",40,
"86f8864a-e48e-4572-a178-c17b8b7baa0d","SERC","D02","SERC","2016-06-06T20:54Z","2016-06-08T12:53Z","SERC.2016.23.CULRES.F.T","SERC.2016.23.CULRES.F.T.04",40,
"6602f38c-f819-403b-9166-63789ac2c739","SERC","D02","SERC","2016-06-06T20:54Z","2016-06-08T12:53Z","SERC.2016.23.CULRES.F.T","SERC.2016.23.CULRES.F.T.06",40,
"3d183536-cdfc-488b-a573-7ab5fe26a4d7","SERC","D02","SERC","2016-06-06T20:54Z","2016-06-08T12:53Z","SERC.2016.23.CULRES.F.T","SERC.2016.23.CULRES.F.T.17",40,
"2ae7a7b9-a665-45a8-a3a9-b78558454063","SERC","D02","SERC","2016-06-06T20:54Z","2016-06-08T12:53Z","SERC.2016.23.CULRES.F.T","SERC.2016.23.CULRES.F.T.38",40,
"f814d839-adfc-4cb9-a437-68358e007d6b","SERC","D02","SERC","2016-06-06T20:54Z","2016-06-08T12:53Z","SERC.2016.23.CULRES.F.T","SERC.2016.23.CULRES.F.T.42",39,
"a58c3063-bd7c-42b8-a294-9f12d907bb0e","SERC","D02","SERC","2016-06-06T20:54Z","2016-06-08T12:53Z","SERC.2016.23.CULRES.F.T","SERC.2016.23.CULRES.F.T.35",40,
"54f3782e-214f-4504-bbd3-f3f49187a15a","SERC","D02","SERC","2016-06-06T20:54Z","2016-06-08T12:53Z","SERC.2016.23.CULRES.F.T","SERC.2016.23.CULRES.F.T.18",40,
"4803c136-71e1-498a-9921-7046df6c2102","SERC","D02","SERC","2016-06-06T20:54Z","2016-06-08T12:53Z","SERC.2016.23.CULRES.F.T","SERC.2016.23.CULRES.F.T.08",40,
"8575ad80-08c6-456e-b220-77d0d32c8b3a","SERC","D02","SERC","2016-06-06T20:54Z","2016-06-08T12:53Z","SERC.2016.23.CULRES.F.T","SERC.2016.23.CULRES.F.T.40",40,
"4bedf05d-b54d-4954-a707-fcfa36c12c91","SERC","D02","SERC","2016-06-06T20:54Z","2016-06-08T12:53Z","SERC.2016.23.CULRES.F.T","SERC.2016.23.CULRES.F.T.36",40,
"76adb1c2-ca72-4e03-88a5-07b8f84b6b11","SERC","D02","SERC","2016-06-06T20:54Z","2016-06-08T12:53Z","SERC.2016.23.CULRES.F.T","SERC.2016.23.CULRES.F.T.11",40,
"7026675b-b194-4058-a428-33ffd44719ea","SERC","D02","SERC","2016-06-06T20:54Z","2016-06-08T12:53Z","SERC.2016.23.CULRES.F.T","SERC.2016.23.CULRES.F.T.16",40,
"0fbb8b8f-c2ca-4179-8b74-44b3a370a557","SERC","D02","SERC","2016-06-06T20:54Z","2016-06-08T12:53Z","SERC.2016.23.CULRES.F.T","SERC.2016.23.CULRES.F.T.24",40,
"64c5d5e9-734f-415e-ab70-f26c67ca95e3","SERC","D02","SERC","2016-06-06T20:54Z","2016-06-08T12:53Z","SERC.2016.23.CULRES.F.T","SERC.2016.23.CULRES.F.T.01",40,
"134e0006-7fea-466a-a13e-bb0e24e7d07f","SERC","D02","SERC","2016-06-06T20:54Z","2016-06-08T12:53Z","SERC.2016.23.CULRES.F.T","SERC.2016.23.CULRES.F.T.30",40,
"d2e567fc-1e56-4367-abad-74e76646c0ab","SERC","D02","SERC","2016-06-06T20:54Z","2016-06-08T12:53Z","SERC.2016.23.CULRES.F.T","SERC.2016.23.CULRES.F.T.22",40,
"50fd7e96-9d92-464d-a4d5-1e1c1c34c029","SERC","D02","SERC","2016-06-06T20:54Z","2016-06-08T12:53Z","SERC.2016.23.CULRES.F.T","SERC.2016.23.CULRES.F.T.27",40,
"2e0073ca-612f-45c2-bac0-e98b34f46fce","SERC","D02","SERC","2016-06-06T20:54Z","2016-06-08T12:53Z","SERC.2016.23.CULRES.F.T","SERC.2016.23.CULRES.F.T.21",40,
"6f83a76b-a304-476b-b7d6-18fc974ab107","SERC","D02","SERC","2016-06-06T20:54Z","2016-06-08T12:53Z","SERC.2016.23.CULRES.F.T","SERC.2016.23.CULRES.F.T.41",39,
"f1c7a08a-515f-48d6-8908-36599155fafd","SERC","D02","SERC","2016-06-06T20:54Z","2016-06-08T12:53Z","SERC.2016.23.CULRES.F.T","SERC.2016.23.CULRES.F.T.23",40,
"226f8f4b-7b18-411a-bfbb-0be0223533ce","SERC","D02","SERC","2016-06-06T20:54Z","2016-06-08T12:53Z","SERC.2016.23.CULRES.F.T","SERC.2016.23.CULRES.F.T.12",40,
"51978579-4bd9-4a5c-9b33-45ca2ff651c0","SERC","D02","SERC","2016-06-06T20:54Z","2016-06-08T12:53Z","SERC.2016.23.CULRES.F.T","SERC.2016.23.CULRES.F.T.05",40,
"eade3ca0-74aa-402d-9bd6-682c9da5ec5d","SERC","D02","SERC","2016-06-06T20:54Z","2016-06-08T12:53Z","SERC.2016.23.CULRES.F.T","SERC.2016.23.CULRES.F.T.13",40,
"a15d030c-7302-4996-9e40-ae482a332990","SERC","D02","SERC","2016-06-06T20:54Z","2016-06-08T12:53Z","SERC.2016.23.CULRES.F.T","SERC.2016.23.CULRES.F.T.09",40,
"2e16a251-75b0-473d-a6c4-2ed0a27185c8","SERC","D02","SERC","2016-06-06T20:54Z","2016-06-08T12:53Z","SERC.2016.23.CULRES.F.T","SERC.2016.23.CULRES.F.T.39",40,
"3d2604f1-dd72-403d-9f50-80c6828e0f9b","SERC","D02","SERC","2016-06-06T20:54Z","2016-06-08T12:53Z","SERC.2016.23.CULRES.F.T","SERC.2016.23.CULRES.F.T.29",40,
"9d947405-4cdc-4f72-ac8d-18d4d1043b18","SERC","D02","SERC","2016-06-06T20:54Z","2016-06-08T12:53Z","SERC.2016.23.CULRES.F.T","SERC.2016.23.CULRES.F.T.19",40,
"1b57f076-71de-446d-a8a8-44616b26cc2c","SERC","D02","SERC","2016-06-06T20:54Z","2016-06-08T12:53Z","SERC.2016.23.CULRES.F.T","SERC.2016.23.CULRES.F.T.34",40,
"51a1a370-b9cf-4360-8bdd-05cb38fdc6c0","SERC","D02","SERC","2016-06-06T20:54Z","2016-06-08T12:53Z","SERC.2016.23.AEDVEX.F.T","SERC.2016.23.AEDVEX.F.T.03",39,
"1a94c463-9fa9-4dfe-a14a-d985a2224594","SERC","D02","SERC","2016-06-06T20:54Z","2016-06-08T12:53Z","SERC.2016.23.AEDVEX.F.T","SERC.2016.23.AEDVEX.F.T.04",39,
"a929fe5a-38aa-4f1d-9a6e-ac4e6a0e1efc","SERC","D02","SERC","2016-06-06T20:54Z","2016-06-08T12:53Z","SERC.2016.23.AEDVEX.F.T","SERC.2016.23.AEDVEX.F.T.05",39,
"a8c31bbc-9793-45cf-a7e1-d91bf7cfc125","SERC","D02","SERC","2016-06-06T20:54Z","2016-06-08T12:53Z","SERC.2016.23.AEDVEX.F.T","SERC.2016.23.AEDVEX.F.T.02",40,
"84e7122f-246d-4090-b326-9b30b5b32573","SERC","D02","SERC","2016-06-06T20:54Z","2016-06-08T12:53Z","SERC.2016.23.AEDVEX.F.T","SERC.2016.23.AEDVEX.F.T.01",40,
"7d6afaa2-acb0-4258-a60a-8b1a93a4483f","SERC","D02","SERC","2016-06-06T20:54Z","2016-06-08T12:53Z","SERC.2016.23.AEDCAN3.F.T","SERC.2016.23.AEDCAN3.F.T.03",28,
"98437e3b-77be-420c-a73a-c95e766f2a58","SERC","D02","SERC","2016-06-06T20:54Z","2016-06-08T12:53Z","SERC.2016.23.AEDCAN3.F.T","SERC.2016.23.AEDCAN3.F.T.02",29,
"cc5b5013-052a-4895-ba0c-973869103680","SERC","D02","SERC","2016-06-06T20:54Z","2016-06-08T12:53Z","SERC.2016.23.AEDCAN3.F.T","SERC.2016.23.AEDCAN3.F.T.01",29,
