uid,namedLocation,domainID,siteID,startCollectDate,endCollectDate,testingID,testingVialID,poolSize,dataQF
"6b810664-badb-4f94-a37e-a770233aae43","WOOD","D09","WOOD","2016-07-11T23:18Z","2016-07-12T14:36Z","WOOD.2016.28.AEDVEX.F.T","WOOD.2016.28.AEDVEX.F.T.01",37,
"7c0336bc-ea5f-44bb-aaa2-e9d62266509a","WOOD","D09","WOOD","2016-07-11T23:18Z","2016-07-12T14:36Z","WOOD.2016.28.AEDFLA.F.T","WOOD.2016.28.AEDFLA.F.T.01",12,
"6f0787d6-5dcf-4d30-8d0b-d2e99abb07c7","WOOD","D09","WOOD","2016-07-11T23:18Z","2016-07-12T14:36Z","WOOD.2016.28.AEDVEX.F.T","WOOD.2016.28.AEDVEX.F.T.02",37,
"e8bd8f03-9570-4db3-89ff-c65d719a01aa","WOOD","D09","WOOD","2016-07-11T23:18Z","2016-07-12T14:36Z","WOOD.2016.28.AEDVEX.F.T","WOOD.2016.28.AEDVEX.F.T.05",36,
"14453f68-4ff2-49d7-a2ed-5e927b85e5a0","WOOD","D09","WOOD","2016-07-11T23:18Z","2016-07-12T14:36Z","WOOD.2016.28.AEDVEX.F.T","WOOD.2016.28.AEDVEX.F.T.04",36,
"7a594ea7-8279-44f2-b037-2d695ba5f04f","WOOD","D09","WOOD","2016-07-11T23:18Z","2016-07-12T14:36Z","WOOD.2016.28.AEDDOR.F.T","WOOD.2016.28.AEDDOR.F.T.01",32,
"de3545a6-b1c3-4e8b-87df-eaa3da0d1169","WOOD","D09","WOOD","2016-07-11T23:18Z","2016-07-12T14:36Z","WOOD.2016.28.AEDVEX.F.T","WOOD.2016.28.AEDVEX.F.T.03",36,
"ed5b2b07-73c8-4162-958a-f780b5985c85","WOOD","D09","WOOD","2016-07-11T23:18Z","2016-07-14T13:51Z","WOOD.2016.28.CULTAR.F.T","WOOD.2016.28.CULTAR.F.T.02",30,
"f9802fb4-284c-4f70-835a-1daaa320f07f","WOOD","D09","WOOD","2016-07-11T23:18Z","2016-07-14T13:51Z","WOOD.2016.28.CULTAR.F.T","WOOD.2016.28.CULTAR.F.T.01",30,
"78ed15a7-d626-4bf1-ae53-8f60054ebf6a","WOOD","D09","WOOD","2016-07-11T23:18Z","2016-07-14T13:51Z","WOOD.2016.28.CULTAR.F.T","WOOD.2016.28.CULTAR.F.T.03",30,
"08799436-5342-4736-bede-9b638b77ccbd","WOOD","D09","WOOD","2016-07-25T23:22Z","2016-07-27T12:45Z","WOOD.2016.30.CULTAR.F.T","WOOD.2016.30.CULTAR.F.T.01",31,
"8ffc2834-8c1a-411e-a62a-1aa894bc314c","WOOD","D09","WOOD","2016-07-25T23:22Z","2016-07-27T12:45Z","WOOD.2016.30.CULTAR.F.T","WOOD.2016.30.CULTAR.F.T.02",30,
"11ecfa60-c2de-488d-a9ec-f9bc01301213","WOOD","D09","WOOD","2016-07-25T23:22Z","2016-07-27T12:55Z","WOOD.2016.30.AEDVEX.F.T","WOOD.2016.30.AEDVEX.F.T.34",40,
"fc0218e0-93a9-466c-b323-0508f3e52e8f","WOOD","D09","WOOD","2016-07-25T23:22Z","2016-07-27T12:55Z","WOOD.2016.30.AEDVEX.F.T","WOOD.2016.30.AEDVEX.F.T.69",40,
"21983f3e-b95c-4046-9cf1-8071ba012ac7","WOOD","D09","WOOD","2016-07-25T23:22Z","2016-07-27T12:55Z","WOOD.2016.30.AEDVEX.F.T","WOOD.2016.30.AEDVEX.F.T.40",40,
"4ba79a4c-772b-409a-a810-07f4533d7d09","WOOD","D09","WOOD","2016-07-25T23:22Z","2016-07-27T12:55Z","WOOD.2016.30.AEDVEX.F.T","WOOD.2016.30.AEDVEX.F.T.51",40,
"5f7bd057-9bd4-458e-aae0-42d4cc622ed0","WOOD","D09","WOOD","2016-07-25T23:22Z","2016-07-27T12:55Z","WOOD.2016.30.AEDVEX.F.T","WOOD.2016.30.AEDVEX.F.T.60",40,
"f7475483-2bd2-40a0-8ec1-82031e60e041","WOOD","D09","WOOD","2016-07-25T23:22Z","2016-07-27T12:55Z","WOOD.2016.30.AEDVEX.F.T","WOOD.2016.30.AEDVEX.F.T.67",40,
"c2607c25-e894-4792-b09b-738deb723ec6","WOOD","D09","WOOD","2016-07-25T23:22Z","2016-07-27T12:55Z","WOOD.2016.30.AEDVEX.F.T","WOOD.2016.30.AEDVEX.F.T.56",40,
"6df36e57-9fd6-4364-ba6c-1d4b5f963c79","WOOD","D09","WOOD","2016-07-25T23:22Z","2016-07-27T12:55Z","WOOD.2016.30.AEDVEX.F.T","WOOD.2016.30.AEDVEX.F.T.70",40,
"1c74a825-8fe5-447b-a980-082271c65b33","WOOD","D09","WOOD","2016-07-25T23:22Z","2016-07-27T12:55Z","WOOD.2016.30.AEDVEX.F.T","WOOD.2016.30.AEDVEX.F.T.35",40,
"c16008c0-c225-496e-8b93-bcafe867c18e","WOOD","D09","WOOD","2016-07-25T23:22Z","2016-07-27T12:55Z","WOOD.2016.30.AEDVEX.F.T","WOOD.2016.30.AEDVEX.F.T.65",40,
"e28c454e-c80d-435e-ab39-45ea178ca1d5","WOOD","D09","WOOD","2016-07-25T23:22Z","2016-07-27T12:55Z","WOOD.2016.30.AEDVEX.F.T","WOOD.2016.30.AEDVEX.F.T.39",40,
"b6e6bf1d-e30c-4a18-9fa2-4bf57abcca2f","WOOD","D09","WOOD","2016-07-25T23:22Z","2016-07-27T12:55Z","WOOD.2016.30.AEDVEX.F.T","WOOD.2016.30.AEDVEX.F.T.47",40,
"f620cde9-3d72-47b2-8d00-f3fff7fa3343","WOOD","D09","WOOD","2016-07-25T23:22Z","2016-07-27T12:55Z","WOOD.2016.30.AEDVEX.F.T","WOOD.2016.30.AEDVEX.F.T.72",40,
"848c1167-df97-4a20-9fba-aed1c8d8e5cc","WOOD","D09","WOOD","2016-07-25T23:22Z","2016-07-27T12:55Z","WOOD.2016.30.AEDVEX.F.T","WOOD.2016.30.AEDVEX.F.T.52",40,
"34a12c53-f8db-4e36-a472-af09bcb295af","WOOD","D09","WOOD","2016-07-25T23:22Z","2016-07-27T12:55Z","WOOD.2016.30.AEDVEX.F.T","WOOD.2016.30.AEDVEX.F.T.59",40,
"913b5f99-9eca-489e-b959-611f686106b2","WOOD","D09","WOOD","2016-07-25T23:22Z","2016-07-27T12:55Z","WOOD.2016.30.AEDVEX.F.T","WOOD.2016.30.AEDVEX.F.T.33",40,
"6d954f0f-c0a2-4d6e-9dc9-02f9b066802b","WOOD","D09","WOOD","2016-07-25T23:22Z","2016-07-27T12:55Z","WOOD.2016.30.AEDVEX.F.T","WOOD.2016.30.AEDVEX.F.T.41",40,
"53e70586-3b37-49dc-9c0f-59044d361b05","WOOD","D09","WOOD","2016-07-25T23:22Z","2016-07-27T12:55Z","WOOD.2016.30.AEDVEX.F.T","WOOD.2016.30.AEDVEX.F.T.31",40,
"ff3d6ac1-7a42-4784-a80c-5ea44d81add1","WOOD","D09","WOOD","2016-07-25T23:22Z","2016-07-27T12:55Z","WOOD.2016.30.AEDVEX.F.T","WOOD.2016.30.AEDVEX.F.T.42",40,
"b6a1662b-343f-461d-9245-f40628c0c91c","WOOD","D09","WOOD","2016-07-25T23:22Z","2016-07-27T12:55Z","WOOD.2016.30.AEDVEX.F.T","WOOD.2016.30.AEDVEX.F.T.46",40,
"151953f1-2d82-4a35-8617-8db7fa9ceaf3","WOOD","D09","WOOD","2016-07-25T23:22Z","2016-07-27T12:55Z","WOOD.2016.30.AEDVEX.F.T","WOOD.2016.30.AEDVEX.F.T.37",40,
"3fb82171-c418-4aea-b6dd-455202d0eda6","WOOD","D09","WOOD","2016-07-25T23:22Z","2016-07-27T12:55Z","WOOD.2016.30.AEDVEX.F.T","WOOD.2016.30.AEDVEX.F.T.58",40,
"edfc643b-ec1a-4b2a-9102-64d7d3127ce5","WOOD","D09","WOOD","2016-07-25T23:22Z","2016-07-27T12:55Z","WOOD.2016.30.AEDVEX.F.T","WOOD.2016.30.AEDVEX.F.T.49",40,
"cedd5255-bd4b-44e1-a598-da5573ea93c7","WOOD","D09","WOOD","2016-07-25T23:22Z","2016-07-27T12:55Z","WOOD.2016.30.AEDVEX.F.T","WOOD.2016.30.AEDVEX.F.T.55",40,
"90b90d45-838f-4ef9-9fb8-c771a40eff37","WOOD","D09","WOOD","2016-07-25T23:22Z","2016-07-27T12:55Z","WOOD.2016.30.AEDVEX.F.T","WOOD.2016.30.AEDVEX.F.T.30",40,
"f3a2f9a9-ca48-4a39-bfc2-78f60ffa89f5","WOOD","D09","WOOD","2016-07-25T23:22Z","2016-07-27T12:55Z","WOOD.2016.30.AEDVEX.F.T","WOOD.2016.30.AEDVEX.F.T.64",40,
"47dcb4cc-4469-4e29-b036-755e2d1caf53","WOOD","D09","WOOD","2016-07-25T23:22Z","2016-07-27T12:55Z","WOOD.2016.30.AEDVEX.F.T","WOOD.2016.30.AEDVEX.F.T.62",40,
"f7c06e41-360d-41bb-b16e-cb9358afac0a","WOOD","D09","WOOD","2016-07-25T23:22Z","2016-07-27T12:55Z","WOOD.2016.30.AEDVEX.F.T","WOOD.2016.30.AEDVEX.F.T.38",40,
"1e9c3411-86d3-4554-95c4-de2aaef08922","WOOD","D09","WOOD","2016-07-25T23:22Z","2016-07-27T12:55Z","WOOD.2016.30.AEDVEX.F.T","WOOD.2016.30.AEDVEX.F.T.68",40,
"20d6fbd5-3f7f-416b-b9df-78d58169e5cb","WOOD","D09","WOOD","2016-07-25T23:22Z","2016-07-27T12:55Z","WOOD.2016.30.AEDVEX.F.T","WOOD.2016.30.AEDVEX.F.T.36",40,
"5db587b6-dd7d-429d-acf8-d9cb3e167e00","WOOD","D09","WOOD","2016-07-25T23:22Z","2016-07-27T12:55Z","WOOD.2016.30.AEDVEX.F.T","WOOD.2016.30.AEDVEX.F.T.74",39,
"8941ab5c-8268-45eb-bacb-926e88a7ac5a","WOOD","D09","WOOD","2016-07-25T23:22Z","2016-07-27T12:55Z","WOOD.2016.30.AEDVEX.F.T","WOOD.2016.30.AEDVEX.F.T.66",40,
"a2c49d90-0084-4a66-ad65-77b800d04f53","WOOD","D09","WOOD","2016-07-25T23:22Z","2016-07-27T12:55Z","WOOD.2016.30.AEDVEX.F.T","WOOD.2016.30.AEDVEX.F.T.50",40,
"1b486735-d5c9-4552-921a-d03467d671d7","WOOD","D09","WOOD","2016-07-25T23:22Z","2016-07-27T12:55Z","WOOD.2016.30.AEDVEX.F.T","WOOD.2016.30.AEDVEX.F.T.63",40,
"03eaee06-25b9-4c65-a804-3154f50debaf","WOOD","D09","WOOD","2016-07-25T23:22Z","2016-07-27T12:55Z","WOOD.2016.30.AEDVEX.F.T","WOOD.2016.30.AEDVEX.F.T.71",40,
"1f084de2-33f8-4131-b849-3c8376c1fb40","WOOD","D09","WOOD","2016-07-25T23:22Z","2016-07-27T12:55Z","WOOD.2016.30.AEDVEX.F.T","WOOD.2016.30.AEDVEX.F.T.48",40,
"26c7cc9f-d61c-4c02-a4c5-2d87e9083903","WOOD","D09","WOOD","2016-07-25T23:22Z","2016-07-27T12:55Z","WOOD.2016.30.AEDVEX.F.T","WOOD.2016.30.AEDVEX.F.T.54",40,
"a1a78953-5f61-4382-a537-b2fb51911366","WOOD","D09","WOOD","2016-07-25T23:22Z","2016-07-27T12:55Z","WOOD.2016.30.AEDVEX.F.T","WOOD.2016.30.AEDVEX.F.T.53",40,
"7d18e08f-9095-468d-9db4-35749b232fb1","WOOD","D09","WOOD","2016-07-25T23:22Z","2016-07-27T12:55Z","WOOD.2016.30.AEDVEX.F.T","WOOD.2016.30.AEDVEX.F.T.61",40,
"603b0edf-6a84-495d-be2e-d5f1986008ba","WOOD","D09","WOOD","2016-07-25T23:22Z","2016-07-27T12:55Z","WOOD.2016.30.AEDVEX.F.T","WOOD.2016.30.AEDVEX.F.T.45",40,
"74034ac8-82dd-49ea-b2fa-7fe34a576f54","WOOD","D09","WOOD","2016-07-25T23:22Z","2016-07-27T12:55Z","WOOD.2016.30.AEDVEX.F.T","WOOD.2016.30.AEDVEX.F.T.57",40,
"9a92aea0-076d-49c1-8236-4b99925a9d87","WOOD","D09","WOOD","2016-07-25T23:22Z","2016-07-27T12:55Z","WOOD.2016.30.AEDVEX.F.T","WOOD.2016.30.AEDVEX.F.T.73",39,
"246d5726-e9c5-476f-b706-2e094fa336a3","WOOD","D09","WOOD","2016-07-25T23:22Z","2016-07-27T12:55Z","WOOD.2016.30.AEDVEX.F.T","WOOD.2016.30.AEDVEX.F.T.32",40,
"30db67e2-1934-4bed-b4bc-8118638c28e8","WOOD","D09","WOOD","2016-07-25T23:22Z","2016-07-27T12:55Z","WOOD.2016.30.AEDVEX.F.T","WOOD.2016.30.AEDVEX.F.T.44",40,
"8dadeca0-bea7-43de-b3ef-0937a4d1916a","WOOD","D09","WOOD","2016-07-25T23:22Z","2016-07-27T12:55Z","WOOD.2016.30.AEDVEX.F.T","WOOD.2016.30.AEDVEX.F.T.43",40,
"b9321699-02a0-4234-a6dc-f3c3fda2b187","WOOD","D09","WOOD","2016-07-25T23:22Z","2016-07-27T12:55Z","WOOD.2016.30.AEDVEX.F.T","WOOD.2016.30.AEDVEX.F.T.29",40,
"bbe8ec74-8f10-46b9-9628-7c57ae316b50","WOOD","D09","WOOD","2016-07-25T23:22Z","2016-07-27T12:55Z","WOOD.2016.30.AEDVEX.F.T","WOOD.2016.30.AEDVEX.F.T.28",40,
"0873ad0c-0bae-4743-9c40-92596635d409","WOOD","D09","WOOD","2016-07-25T23:22Z","2016-07-27T12:55Z","WOOD.2016.30.AEDVEX.F.T","WOOD.2016.30.AEDVEX.F.T.25",40,
"46c4cf3d-d28c-48e4-942f-2643636d42fc","WOOD","D09","WOOD","2016-07-25T23:22Z","2016-07-27T12:55Z","WOOD.2016.30.AEDVEX.F.T","WOOD.2016.30.AEDVEX.F.T.26",40,
"03f67e16-1aa3-46ac-80c8-08720aae2fa4","WOOD","D09","WOOD","2016-07-25T23:22Z","2016-07-27T12:55Z","WOOD.2016.30.AEDVEX.F.T","WOOD.2016.30.AEDVEX.F.T.27",40,
"ae3daf70-054d-4a96-b811-ea044af3965a","WOOD","D09","WOOD","2016-07-25T23:22Z","2016-07-27T12:55Z","WOOD.2016.30.AEDVEX.F.T","WOOD.2016.30.AEDVEX.F.T.18",40,
"5139d025-f85f-40a5-ba7f-61eb3b8816d8","WOOD","D09","WOOD","2016-07-25T23:22Z","2016-07-27T12:55Z","WOOD.2016.30.AEDVEX.F.T","WOOD.2016.30.AEDVEX.F.T.06",40,
"07b71332-1ab2-40bc-8462-5989319eea40","WOOD","D09","WOOD","2016-07-25T23:22Z","2016-07-27T12:55Z","WOOD.2016.30.AEDVEX.F.T","WOOD.2016.30.AEDVEX.F.T.16",40,
"8f464b2c-879d-4700-ae08-6a6131e8dbb0","WOOD","D09","WOOD","2016-07-25T23:22Z","2016-07-27T12:55Z","WOOD.2016.30.AEDVEX.F.T","WOOD.2016.30.AEDVEX.F.T.02",40,
"b5b2c872-a455-4b93-9919-cc81d681ca0d","WOOD","D09","WOOD","2016-07-25T23:22Z","2016-07-27T12:55Z","WOOD.2016.30.AEDVEX.F.T","WOOD.2016.30.AEDVEX.F.T.11",40,
"6bb81dcf-9ebe-41c3-9467-ee7744457528","WOOD","D09","WOOD","2016-07-25T23:22Z","2016-07-27T12:55Z","WOOD.2016.30.AEDVEX.F.T","WOOD.2016.30.AEDVEX.F.T.20",40,
"54ded1d4-4c4f-461b-a834-f78b1911cbd7","WOOD","D09","WOOD","2016-07-25T23:22Z","2016-07-27T12:55Z","WOOD.2016.30.AEDVEX.F.T","WOOD.2016.30.AEDVEX.F.T.24",40,
"6ca16ced-23c0-40a6-b741-c7bad3011685","WOOD","D09","WOOD","2016-07-25T23:22Z","2016-07-27T12:55Z","WOOD.2016.30.AEDVEX.F.T","WOOD.2016.30.AEDVEX.F.T.04",40,
"4add62e2-a77e-4f3a-b518-e69c0656b345","WOOD","D09","WOOD","2016-07-25T23:22Z","2016-07-27T12:55Z","WOOD.2016.30.AEDVEX.F.T","WOOD.2016.30.AEDVEX.F.T.13",40,
"02095887-ce0e-4e9c-8ea8-911378b3e849","WOOD","D09","WOOD","2016-07-25T23:22Z","2016-07-27T12:55Z","WOOD.2016.30.AEDVEX.F.T","WOOD.2016.30.AEDVEX.F.T.09",40,
"ac7e4fc6-3adc-4c0f-8aa0-db4fab3dd8f0","WOOD","D09","WOOD","2016-07-25T23:22Z","2016-07-27T12:55Z","WOOD.2016.30.AEDVEX.F.T","WOOD.2016.30.AEDVEX.F.T.22",40,
"7d7c5143-d3a0-4bbd-b626-d727f882e380","WOOD","D09","WOOD","2016-07-25T23:22Z","2016-07-27T12:55Z","WOOD.2016.30.AEDVEX.F.T","WOOD.2016.30.AEDVEX.F.T.15",40,
"4f856b7f-e999-4c5d-b649-32925412ec73","WOOD","D09","WOOD","2016-07-25T23:22Z","2016-07-27T12:55Z","WOOD.2016.30.AEDVEX.F.T","WOOD.2016.30.AEDVEX.F.T.14",40,
"f33c1f82-23e5-436e-9eed-4ff92a0663bf","WOOD","D09","WOOD","2016-07-25T23:22Z","2016-07-27T12:55Z","WOOD.2016.30.AEDVEX.F.T","WOOD.2016.30.AEDVEX.F.T.19",40,
"8fc8604e-d7d0-43b0-a63a-dc9833528579","WOOD","D09","WOOD","2016-07-25T23:22Z","2016-07-27T12:55Z","WOOD.2016.30.AEDVEX.F.T","WOOD.2016.30.AEDVEX.F.T.21",40,
"2a289954-c4fd-44e1-ad07-a94d672eb7bb","WOOD","D09","WOOD","2016-07-25T23:22Z","2016-07-27T12:55Z","WOOD.2016.30.AEDVEX.F.T","WOOD.2016.30.AEDVEX.F.T.10",40,
"a1707ffe-ca0a-4073-9652-4c36427fe2ac","WOOD","D09","WOOD","2016-07-25T23:22Z","2016-07-27T12:55Z","WOOD.2016.30.AEDVEX.F.T","WOOD.2016.30.AEDVEX.F.T.17",40,
"f2d8a0f3-4f0e-47fb-be12-2c35fbcbace7","WOOD","D09","WOOD","2016-07-25T23:22Z","2016-07-27T12:55Z","WOOD.2016.30.AEDVEX.F.T","WOOD.2016.30.AEDVEX.F.T.12",40,
"ff0e8395-ee87-499e-a11e-6b6caedd3e2f","WOOD","D09","WOOD","2016-07-25T23:22Z","2016-07-27T12:55Z","WOOD.2016.30.AEDVEX.F.T","WOOD.2016.30.AEDVEX.F.T.01",40,
"4f75a21c-9def-42c2-a56f-8bf45c58c229","WOOD","D09","WOOD","2016-07-25T23:22Z","2016-07-27T12:55Z","WOOD.2016.30.AEDVEX.F.T","WOOD.2016.30.AEDVEX.F.T.23",40,
"04b348e3-25de-4803-be43-364031d156fb","WOOD","D09","WOOD","2016-07-25T23:22Z","2016-07-27T12:55Z","WOOD.2016.30.AEDVEX.F.T","WOOD.2016.30.AEDVEX.F.T.07",40,
"e67e618e-9571-4e67-8219-fcebfb612d7d","WOOD","D09","WOOD","2016-07-25T23:22Z","2016-07-27T12:55Z","WOOD.2016.30.AEDVEX.F.T","WOOD.2016.30.AEDVEX.F.T.05",40,
"004a783a-3d46-4c60-9fdc-ea3d1866e098","WOOD","D09","WOOD","2016-07-25T23:22Z","2016-07-27T12:55Z","WOOD.2016.30.AEDVEX.F.T","WOOD.2016.30.AEDVEX.F.T.03",40,
"6839d2e2-453a-4448-938a-2c1643f74337","WOOD","D09","WOOD","2016-07-25T23:22Z","2016-07-27T12:55Z","WOOD.2016.30.AEDVEX.F.T","WOOD.2016.30.AEDVEX.F.T.08",40,
"a4be8aca-18b3-419c-a611-1b7297c7bfa1","WOOD","D09","WOOD","2016-07-25T23:22Z","2016-07-27T12:55Z","WOOD.2016.30.AEDDOR.F.T","WOOD.2016.30.AEDDOR.F.T.14",39,
"fcb1ccd7-96a3-440e-aa15-559355e0df4f","WOOD","D09","WOOD","2016-07-25T23:22Z","2016-07-27T12:55Z","WOOD.2016.30.AEDDOR.F.T","WOOD.2016.30.AEDDOR.F.T.20",39,
"20765005-7578-40d2-8d98-84b8af669d1c","WOOD","D09","WOOD","2016-07-25T23:22Z","2016-07-27T12:55Z","WOOD.2016.30.AEDDOR.F.T","WOOD.2016.30.AEDDOR.F.T.19",39,
"af30f0a1-a7f3-46e2-a371-38f312c585dc","WOOD","D09","WOOD","2016-07-25T23:22Z","2016-07-27T12:55Z","WOOD.2016.30.AEDDOR.F.T","WOOD.2016.30.AEDDOR.F.T.12",39,
"65302472-f7f6-47d4-92a8-bd52d20c45cc","WOOD","D09","WOOD","2016-07-25T23:22Z","2016-07-27T12:55Z","WOOD.2016.30.AEDDOR.F.T","WOOD.2016.30.AEDDOR.F.T.17",39,
"eb7d2c96-d91a-4310-bf06-6cc47d223bf1","WOOD","D09","WOOD","2016-07-25T23:22Z","2016-07-27T12:55Z","WOOD.2016.30.AEDDOR.F.T","WOOD.2016.30.AEDDOR.F.T.13",39,
"d7631715-0cc4-441b-8cfb-d2c3aeb1b099","WOOD","D09","WOOD","2016-07-25T23:22Z","2016-07-27T12:55Z","WOOD.2016.30.AEDDOR.F.T","WOOD.2016.30.AEDDOR.F.T.16",39,
"b782711d-ac9c-45ae-a6f5-d307cd5e37ca","WOOD","D09","WOOD","2016-07-25T23:22Z","2016-07-27T12:55Z","WOOD.2016.30.AEDDOR.F.T","WOOD.2016.30.AEDDOR.F.T.18",39,
"ae54bf92-1115-45bd-827b-78ea64da5521","WOOD","D09","WOOD","2016-07-25T23:22Z","2016-07-27T12:55Z","WOOD.2016.30.AEDDOR.F.T","WOOD.2016.30.AEDDOR.F.T.15",39,
"a7a16480-7d7f-435b-8afa-cf1c11169e4e","WOOD","D09","WOOD","2016-07-25T23:22Z","2016-07-27T12:55Z","WOOD.2016.30.AEDDOR.F.T","WOOD.2016.30.AEDDOR.F.T.09",39,
"048f4a17-68e3-4e69-9c80-d24f67fdc21e","WOOD","D09","WOOD","2016-07-25T23:22Z","2016-07-27T12:55Z","WOOD.2016.30.AEDDOR.F.T","WOOD.2016.30.AEDDOR.F.T.10",39,
"aa5b4d2d-9aa7-490e-a410-19b15a809035","WOOD","D09","WOOD","2016-07-25T23:22Z","2016-07-27T12:55Z","WOOD.2016.30.AEDDOR.F.T","WOOD.2016.30.AEDDOR.F.T.11",39,
"4743d411-2611-48c3-8f90-a6f756b5b085","WOOD","D09","WOOD","2016-07-25T23:22Z","2016-07-27T12:55Z","WOOD.2016.30.AEDDOR.F.T","WOOD.2016.30.AEDDOR.F.T.07",39,
"c39b3f50-afbd-4d8d-abab-74abd97d47dd","WOOD","D09","WOOD","2016-07-25T23:22Z","2016-07-27T12:55Z","WOOD.2016.30.AEDDOR.F.T","WOOD.2016.30.AEDDOR.F.T.03",40,
"202eaf90-1538-4df5-bf27-8c071228ec61","WOOD","D09","WOOD","2016-07-25T23:22Z","2016-07-27T12:55Z","WOOD.2016.30.AEDDOR.F.T","WOOD.2016.30.AEDDOR.F.T.01",40,
"466859a3-fb3a-438e-8ae8-752e6fe05a63","WOOD","D09","WOOD","2016-07-25T23:22Z","2016-07-27T12:55Z","WOOD.2016.30.AEDDOR.F.T","WOOD.2016.30.AEDDOR.F.T.06",40,
"6a00a3ba-257c-4a47-a4c1-d2dc1b51f877","WOOD","D09","WOOD","2016-07-25T23:22Z","2016-07-27T12:55Z","WOOD.2016.30.AEDDOR.F.T","WOOD.2016.30.AEDDOR.F.T.08",39,
"4cb1a763-01f6-46d2-8d7e-fe38a850d8cc","WOOD","D09","WOOD","2016-07-25T23:22Z","2016-07-27T12:55Z","WOOD.2016.30.AEDDOR.F.T","WOOD.2016.30.AEDDOR.F.T.02",40,
"5c76cedc-6f6b-4c60-a373-dfc678b380d2","WOOD","D09","WOOD","2016-07-25T23:22Z","2016-07-27T12:55Z","WOOD.2016.30.AEDDOR.F.T","WOOD.2016.30.AEDDOR.F.T.04",40,
"af37abdf-b6fd-4ee4-80dc-06e93cdad24a","WOOD","D09","WOOD","2016-07-25T23:22Z","2016-07-27T12:55Z","WOOD.2016.30.AEDDOR.F.T","WOOD.2016.30.AEDDOR.F.T.05",40,
