uid,namedLocation,domainID,siteID,startCollectDate,endCollectDate,testingID,testingVialID,poolSize,dataQF
"925a345f-2ea1-487d-a0d1-d5f48e58f65c","OAES","D11","OAES","2016-10-03T22:20Z","2016-10-05T13:36Z","OAES.2016.40.AEDNIG.F.T","OAES.2016.40.AEDNIG.F.T.01",37,
"9a3e1c9d-2007-46fd-b973-8bbf211ac2a4","OAES","D11","OAES","2016-10-03T22:20Z","2016-10-05T13:36Z","OAES.2016.40.AEDNIG.F.T","OAES.2016.40.AEDNIG.F.T.08",36,
"c5b2f2f8-9839-4987-817a-ca87473c9e8f","OAES","D11","OAES","2016-10-03T22:20Z","2016-10-05T13:36Z","OAES.2016.40.AEDNIG.F.T","OAES.2016.40.AEDNIG.F.T.09",36,
"70b165d5-d35f-4ff1-b1ee-ad9c79b2421d","OAES","D11","OAES","2016-10-03T22:20Z","2016-10-05T13:36Z","OAES.2016.40.AEDNIG.F.T","OAES.2016.40.AEDNIG.F.T.07",37,
"fa24222e-ef3c-4b01-ad46-59ef49af67a3","OAES","D11","OAES","2016-10-03T22:20Z","2016-10-05T13:36Z","OAES.2016.40.AEDNIG.F.T","OAES.2016.40.AEDNIG.F.T.02",37,
"7772b016-f417-4aa2-8340-135cb9f8a488","OAES","D11","OAES","2016-10-03T22:20Z","2016-10-05T13:36Z","OAES.2016.40.AEDNIG.F.T","OAES.2016.40.AEDNIG.F.T.04",37,
"05d129b4-4b44-463c-af35-fb28a77d66bd","OAES","D11","OAES","2016-10-03T22:20Z","2016-10-05T13:36Z","OAES.2016.40.AEDNIG.F.T","OAES.2016.40.AEDNIG.F.T.05",37,
"5f276c6e-0b6d-452f-8b3a-a0261ab07957","OAES","D11","OAES","2016-10-03T22:20Z","2016-10-05T13:36Z","OAES.2016.40.AEDNIG.F.T","OAES.2016.40.AEDNIG.F.T.06",37,
"ba4e20a8-b0c2-434f-b230-7b228216b59d","OAES","D11","OAES","2016-10-03T22:20Z","2016-10-05T13:36Z","OAES.2016.40.AEDNIG.F.T","OAES.2016.40.AEDNIG.F.T.03",37,
"660b5728-798f-4f25-8c0c-ea64874c7514","OAES","D11","OAES","2016-10-03T23:51Z","2016-10-05T13:36Z","OAES.2016.40.CULTAR.F.T","OAES.2016.40.CULTAR.F.T.04",39,
"dafba630-4906-4c27-bfa6-93691723ae31","OAES","D11","OAES","2016-10-03T23:51Z","2016-10-05T13:36Z","OAES.2016.40.CULTAR.F.T","OAES.2016.40.CULTAR.F.T.09",39,
"04456b80-3b18-4338-8098-98a8a2eddf5f","OAES","D11","OAES","2016-10-03T23:51Z","2016-10-05T13:36Z","OAES.2016.40.CULTAR.F.T","OAES.2016.40.CULTAR.F.T.08",39,
"92e1d7d8-968a-4957-be78-37532e0c925b","OAES","D11","OAES","2016-10-03T23:51Z","2016-10-05T13:36Z","OAES.2016.40.CULTAR.F.T","OAES.2016.40.CULTAR.F.T.05",39,
"f828775f-d98d-4429-a613-332209ccfe1b","OAES","D11","OAES","2016-10-03T23:51Z","2016-10-05T13:36Z","OAES.2016.40.CULTAR.F.T","OAES.2016.40.CULTAR.F.T.01",40,
"41991282-35e2-4f16-aec4-ffec6acb2a32","OAES","D11","OAES","2016-10-03T23:51Z","2016-10-05T13:36Z","OAES.2016.40.CULTAR.F.T","OAES.2016.40.CULTAR.F.T.03",39,
"e65437ce-ed00-4053-9144-501c181887aa","OAES","D11","OAES","2016-10-03T23:51Z","2016-10-05T13:36Z","OAES.2016.40.CULTAR.F.T","OAES.2016.40.CULTAR.F.T.06",39,
"e8d3bd0d-71f9-45d4-9782-6f09bf4abd8a","OAES","D11","OAES","2016-10-03T23:51Z","2016-10-05T13:36Z","OAES.2016.40.CULTAR.F.T","OAES.2016.40.CULTAR.F.T.07",39,
"09a293cf-22e6-4bc2-a01f-17a18d5b8be8","OAES","D11","OAES","2016-10-03T23:51Z","2016-10-05T13:36Z","OAES.2016.40.CULTAR.F.T","OAES.2016.40.CULTAR.F.T.02",39,
"071958aa-9c74-44fe-a41d-de3fe16b897f","OAES","D11","OAES","2016-10-04T21:45Z","2016-10-05T13:36Z","OAES.2016.40.AEDVEX.F.T","OAES.2016.40.AEDVEX.F.T.01",22,
"df35db3e-9934-4127-b744-308bec671caf","OAES","D11","OAES","2016-10-04T21:45Z","2016-10-05T13:36Z","OAES.2016.40.CULSAL.F.T","OAES.2016.40.CULSAL.F.T.01",19,
"340a919d-87e0-4db7-ac0b-d942e42f3aac","OAES","D11","OAES","2016-10-04T21:56Z","2016-10-05T13:36Z","OAES.2016.40.CULERR.F.T","OAES.2016.40.CULERR.F.T.01",23,
