uid,namedLocation,domainID,siteID,startCollectDate,endCollectDate,testingID,testingVialID,poolSize,dataQF
"2045fd4d-dbf8-45b0-8343-4ba2a4e9ae7d","WOOD","D09","WOOD","2016-08-08T23:09Z","2016-08-10T13:03Z","WOOD.2016.32.AEDVEX.F.T","WOOD.2016.32.AEDVEX.F.T.12",40,
"58137b65-7b29-4ae3-89d9-cce76046a2e2","WOOD","D09","WOOD","2016-08-08T23:09Z","2016-08-10T13:03Z","WOOD.2016.32.CULTAR.F.T","WOOD.2016.32.CULTAR.F.T.07",38,
"f96cad0e-76f8-4bd9-9af9-42780b373c09","WOOD","D09","WOOD","2016-08-08T23:09Z","2016-08-10T13:03Z","WOOD.2016.32.AEDVEX.F.T","WOOD.2016.32.AEDVEX.F.T.07",40,
"060cc70d-a16e-4457-bdbe-3c41c431eb5a","WOOD","D09","WOOD","2016-08-08T23:09Z","2016-08-10T13:03Z","WOOD.2016.32.AEDVEX.F.T","WOOD.2016.32.AEDVEX.F.T.15",40,
"94751bd6-741c-4ee8-9d21-6b87be7d66b2","WOOD","D09","WOOD","2016-08-08T23:09Z","2016-08-10T13:03Z","WOOD.2016.32.AEDVEX.F.T","WOOD.2016.32.AEDVEX.F.T.25",39,
"770771b9-980f-4dcd-a718-e3ab6644dbdb","WOOD","D09","WOOD","2016-08-08T23:09Z","2016-08-10T13:03Z","WOOD.2016.32.AEDVEX.F.T","WOOD.2016.32.AEDVEX.F.T.01",40,
"fb4e3e08-ed61-451d-911a-6ab90e422c62","WOOD","D09","WOOD","2016-08-08T23:09Z","2016-08-10T13:03Z","WOOD.2016.32.AEDVEX.F.T","WOOD.2016.32.AEDVEX.F.T.10",40,
"d21a500c-2f84-42bb-a96f-0aec2128e4a8","WOOD","D09","WOOD","2016-08-08T23:09Z","2016-08-10T13:03Z","WOOD.2016.32.AEDVEX.F.T","WOOD.2016.32.AEDVEX.F.T.14",40,
"ff2e80c8-7ba5-45a6-a954-35c260544d5f","WOOD","D09","WOOD","2016-08-08T23:09Z","2016-08-10T13:03Z","WOOD.2016.32.AEDVEX.F.T","WOOD.2016.32.AEDVEX.F.T.02",40,
"bd757efa-6b42-4f04-935d-b43f6e8f5d41","WOOD","D09","WOOD","2016-08-08T23:09Z","2016-08-10T13:03Z","WOOD.2016.32.CULTAR.F.T","WOOD.2016.32.CULTAR.F.T.06",38,
"fe06b836-37e7-4f7c-98d7-3f54b742786f","WOOD","D09","WOOD","2016-08-08T23:09Z","2016-08-10T13:03Z","WOOD.2016.32.CULTAR.F.T","WOOD.2016.32.CULTAR.F.T.09",38,
"35bd2cf7-780c-46ea-9d49-af93d7007b73","WOOD","D09","WOOD","2016-08-08T23:09Z","2016-08-10T13:03Z","WOOD.2016.32.CULTAR.F.T","WOOD.2016.32.CULTAR.F.T.10",38,
"0fd1a205-2ed7-481c-86b4-c2ecfcd717b4","WOOD","D09","WOOD","2016-08-08T23:09Z","2016-08-10T13:03Z","WOOD.2016.32.CULTAR.F.T","WOOD.2016.32.CULTAR.F.T.01",39,
"708772e7-2f7c-45f7-8a16-33f08fb75c5f","WOOD","D09","WOOD","2016-08-08T23:09Z","2016-08-10T13:03Z","WOOD.2016.32.CULTAR.F.T","WOOD.2016.32.CULTAR.F.T.02",39,
"a30e1c6c-6b30-458f-8be5-43b4c0d23649","WOOD","D09","WOOD","2016-08-08T23:09Z","2016-08-10T13:03Z","WOOD.2016.32.CULTAR.F.T","WOOD.2016.32.CULTAR.F.T.03",38,
"f1ce2694-b9bd-4aae-8488-002557203275","WOOD","D09","WOOD","2016-08-08T23:09Z","2016-08-10T13:03Z","WOOD.2016.32.CULTAR.F.T","WOOD.2016.32.CULTAR.F.T.04",38,
"238a3dd8-5894-4fb0-a7d4-e8e8eccf9b61","WOOD","D09","WOOD","2016-08-08T23:09Z","2016-08-10T13:03Z","WOOD.2016.32.AEDVEX.F.T","WOOD.2016.32.AEDVEX.F.T.31",39,
"0eb70be5-1159-4a67-a12b-55612b23d32c","WOOD","D09","WOOD","2016-08-08T23:09Z","2016-08-10T13:03Z","WOOD.2016.32.AEDVEX.F.T","WOOD.2016.32.AEDVEX.F.T.18",39,
"1d9e929c-1eb1-410d-a3ae-ab9c65eccdf9","WOOD","D09","WOOD","2016-08-08T23:09Z","2016-08-10T13:03Z","WOOD.2016.32.AEDVEX.F.T","WOOD.2016.32.AEDVEX.F.T.06",40,
"08df15df-3d74-4954-ab03-fef6f753cf60","WOOD","D09","WOOD","2016-08-08T23:09Z","2016-08-10T13:03Z","WOOD.2016.32.AEDVEX.F.T","WOOD.2016.32.AEDVEX.F.T.28",39,
"c2b4314c-67b4-45aa-a044-6c91e0aac3b1","WOOD","D09","WOOD","2016-08-08T23:09Z","2016-08-10T13:03Z","WOOD.2016.32.AEDVEX.F.T","WOOD.2016.32.AEDVEX.F.T.16",40,
"9544be17-91ae-413e-a021-dd19869a0fcd","WOOD","D09","WOOD","2016-08-08T23:09Z","2016-08-10T13:03Z","WOOD.2016.32.AEDVEX.F.T","WOOD.2016.32.AEDVEX.F.T.08",40,
"a8e63b3a-440f-4c1d-a8f6-86538a2d79e0","WOOD","D09","WOOD","2016-08-08T23:09Z","2016-08-10T13:03Z","WOOD.2016.32.AEDVEX.F.T","WOOD.2016.32.AEDVEX.F.T.17",40,
"69a587d3-b87b-45a5-a421-1a88ec3680eb","WOOD","D09","WOOD","2016-08-08T23:09Z","2016-08-10T13:03Z","WOOD.2016.32.AEDVEX.F.T","WOOD.2016.32.AEDVEX.F.T.22",39,
"4a0d58e6-8854-4473-8b20-8f1b1299fa1a","WOOD","D09","WOOD","2016-08-08T23:09Z","2016-08-10T13:03Z","WOOD.2016.32.AEDVEX.F.T","WOOD.2016.32.AEDVEX.F.T.04",40,
"145e34c3-f4cf-4a91-9e28-a6f917ba0d54","WOOD","D09","WOOD","2016-08-08T23:09Z","2016-08-10T13:03Z","WOOD.2016.32.AEDVEX.F.T","WOOD.2016.32.AEDVEX.F.T.32",39,
"dc2259af-761b-423b-9d92-62692091f9d5","WOOD","D09","WOOD","2016-08-08T23:09Z","2016-08-10T13:03Z","WOOD.2016.32.AEDVEX.F.T","WOOD.2016.32.AEDVEX.F.T.11",40,
"ba9014c5-4906-42b4-81b9-bb4fb219f2c1","WOOD","D09","WOOD","2016-08-08T23:09Z","2016-08-10T13:03Z","WOOD.2016.32.AEDVEX.F.T","WOOD.2016.32.AEDVEX.F.T.03",40,
"f0fbbd36-83dd-48b5-aa5e-768678936843","WOOD","D09","WOOD","2016-08-08T23:09Z","2016-08-10T13:03Z","WOOD.2016.32.AEDVEX.F.T","WOOD.2016.32.AEDVEX.F.T.20",39,
"3abda94c-c116-4174-9a04-1bbbcf7e23e2","WOOD","D09","WOOD","2016-08-08T23:09Z","2016-08-10T13:03Z","WOOD.2016.32.AEDVEX.F.T","WOOD.2016.32.AEDVEX.F.T.30",39,
"6856106e-cf19-4e67-b014-10cc8c6ea4d8","WOOD","D09","WOOD","2016-08-08T23:09Z","2016-08-10T13:03Z","WOOD.2016.32.AEDVEX.F.T","WOOD.2016.32.AEDVEX.F.T.13",40,
"eb8e6391-da52-4955-9e75-d7758840f2e3","WOOD","D09","WOOD","2016-08-08T23:09Z","2016-08-10T13:03Z","WOOD.2016.32.AEDVEX.F.T","WOOD.2016.32.AEDVEX.F.T.27",39,
"810081f4-f245-4097-9451-3e44d2c47548","WOOD","D09","WOOD","2016-08-08T23:09Z","2016-08-10T13:03Z","WOOD.2016.32.AEDVEX.F.T","WOOD.2016.32.AEDVEX.F.T.24",39,
"ac5b0e41-f21c-4825-8e7e-3e0769184058","WOOD","D09","WOOD","2016-08-08T23:09Z","2016-08-10T13:03Z","WOOD.2016.32.AEDVEX.F.T","WOOD.2016.32.AEDVEX.F.T.05",40,
"d5eb7048-2081-4da4-b439-d271ec9b0e76","WOOD","D09","WOOD","2016-08-08T23:09Z","2016-08-10T13:03Z","WOOD.2016.32.AEDVEX.F.T","WOOD.2016.32.AEDVEX.F.T.26",39,
"548289a4-f46d-42d6-989c-75982e4aadfc","WOOD","D09","WOOD","2016-08-08T23:09Z","2016-08-10T13:03Z","WOOD.2016.32.AEDVEX.F.T","WOOD.2016.32.AEDVEX.F.T.29",39,
"e63cfb69-820f-4579-b876-27472a901e13","WOOD","D09","WOOD","2016-08-08T23:09Z","2016-08-10T13:03Z","WOOD.2016.32.AEDVEX.F.T","WOOD.2016.32.AEDVEX.F.T.21",39,
"27a82ddb-a9f9-4e2c-9f88-33a0555574f0","WOOD","D09","WOOD","2016-08-08T23:09Z","2016-08-10T13:03Z","WOOD.2016.32.AEDVEX.F.T","WOOD.2016.32.AEDVEX.F.T.19",39,
"2dbe26b7-3877-45bf-9c30-ca765e63e33f","WOOD","D09","WOOD","2016-08-08T23:09Z","2016-08-10T13:03Z","WOOD.2016.32.AEDVEX.F.T","WOOD.2016.32.AEDVEX.F.T.23",39,
"449e66c5-2c3e-45b2-94eb-12a2dba5a19f","WOOD","D09","WOOD","2016-08-08T23:09Z","2016-08-10T13:03Z","WOOD.2016.32.AEDDOR.F.T","WOOD.2016.32.AEDDOR.F.T.04",34,
"8be362cc-308b-485f-b682-a7f9ff2a4b1a","WOOD","D09","WOOD","2016-08-08T23:09Z","2016-08-10T13:03Z","WOOD.2016.32.AEDDOR.F.T","WOOD.2016.32.AEDDOR.F.T.03",35,
"57d8bcc8-9a32-4f1f-87c4-9fd7ca1bc10b","WOOD","D09","WOOD","2016-08-08T23:09Z","2016-08-10T13:03Z","WOOD.2016.32.AEDDOR.F.T","WOOD.2016.32.AEDDOR.F.T.07",34,
"e44bb218-faf6-4097-8a7a-b22a92c9d05d","WOOD","D09","WOOD","2016-08-08T23:09Z","2016-08-10T13:03Z","WOOD.2016.32.AEDDOR.F.T","WOOD.2016.32.AEDDOR.F.T.05",34,
"f4676d1e-3b83-4fcc-8f36-eb239348b176","WOOD","D09","WOOD","2016-08-08T23:09Z","2016-08-10T13:03Z","WOOD.2016.32.AEDDOR.F.T","WOOD.2016.32.AEDDOR.F.T.06",34,
"5800571a-2689-4b2a-9607-a348df3b951f","WOOD","D09","WOOD","2016-08-08T23:09Z","2016-08-10T13:03Z","WOOD.2016.32.AEDDOR.F.T","WOOD.2016.32.AEDDOR.F.T.02",35,
"38ddcd77-74de-4a37-8985-cdb235962852","WOOD","D09","WOOD","2016-08-08T23:09Z","2016-08-10T13:03Z","WOOD.2016.32.AEDDOR.F.T","WOOD.2016.32.AEDDOR.F.T.01",35,
"1e633def-9fec-4d4e-91bd-3d07ec87b024","WOOD","D09","WOOD","2016-08-08T23:09Z","2016-08-10T13:03Z","WOOD.2016.32.CULTAR.F.T","WOOD.2016.32.CULTAR.F.T.11",38,
"a91f3b8a-d5e3-4ac2-8e41-4f053f1d55c5","WOOD","D09","WOOD","2016-08-08T23:09Z","2016-08-10T13:03Z","WOOD.2016.32.CULTAR.F.T","WOOD.2016.32.CULTAR.F.T.12",38,
"147ca630-a2a4-4c0c-a919-f04f53503a47","WOOD","D09","WOOD","2016-08-08T23:09Z","2016-08-10T13:03Z","WOOD.2016.32.CULTAR.F.T","WOOD.2016.32.CULTAR.F.T.05",38,
"db867d53-4540-4d4d-936b-a0fbc68c0dc1","WOOD","D09","WOOD","2016-08-08T23:09Z","2016-08-10T13:03Z","WOOD.2016.32.CULTAR.F.T","WOOD.2016.32.CULTAR.F.T.08",38,
"999a6d2f-723e-446f-9ee9-2543f8861bac","WOOD","D09","WOOD","2016-08-08T23:09Z","2016-08-10T13:03Z","WOOD.2016.32.AEDVEX.F.T","WOOD.2016.32.AEDVEX.F.T.09",40,
"938ef902-866e-463d-b0ea-c682b00ba2af","WOOD","D09","WOOD","2016-08-22T22:57Z","2016-08-24T13:49Z","WOOD.2016.34.AEDDOR.F.T","WOOD.2016.34.AEDDOR.F.T.24",40,
"284fcee1-e4e4-4990-a24c-994ce19fc7eb","WOOD","D09","WOOD","2016-08-22T22:57Z","2016-08-24T13:49Z","WOOD.2016.34.AEDDOR.F.T","WOOD.2016.34.AEDDOR.F.T.20",40,
"51ef8336-d717-4653-a05b-11eb3a5697bf","WOOD","D09","WOOD","2016-08-22T22:57Z","2016-08-24T13:49Z","WOOD.2016.34.AEDDOR.F.T","WOOD.2016.34.AEDDOR.F.T.05",40,
"9406f486-9e9c-4a31-9b1a-e29626397d4d","WOOD","D09","WOOD","2016-08-22T22:57Z","2016-08-24T13:49Z","WOOD.2016.34.AEDDOR.F.T","WOOD.2016.34.AEDDOR.F.T.13",40,
"5a42a90f-b392-4437-984a-3469870d82d8","WOOD","D09","WOOD","2016-08-22T22:57Z","2016-08-24T13:49Z","WOOD.2016.34.AEDDOR.F.T","WOOD.2016.34.AEDDOR.F.T.07",40,
"51deb8ee-f49a-4faa-a01b-05b128f60030","WOOD","D09","WOOD","2016-08-22T22:57Z","2016-08-24T13:49Z","WOOD.2016.34.AEDDOR.F.T","WOOD.2016.34.AEDDOR.F.T.15",40,
"882d3f01-6ab2-4352-8bfb-a52364aa838c","WOOD","D09","WOOD","2016-08-22T22:57Z","2016-08-24T13:49Z","WOOD.2016.34.AEDDOR.F.T","WOOD.2016.34.AEDDOR.F.T.27",40,
"dd6b352c-a393-4520-9199-23b1fa27a900","WOOD","D09","WOOD","2016-08-22T22:57Z","2016-08-24T13:49Z","WOOD.2016.34.AEDDOR.F.T","WOOD.2016.34.AEDDOR.F.T.23",40,
"a3f9c360-2199-497a-93aa-bd438b831e52","WOOD","D09","WOOD","2016-08-22T22:57Z","2016-08-24T13:49Z","WOOD.2016.34.CULTAR.F.T","WOOD.2016.34.CULTAR.F.T.03",29,
"10fb0332-279f-4fb3-a722-f85a875a75ac","WOOD","D09","WOOD","2016-08-22T22:57Z","2016-08-24T13:49Z","WOOD.2016.34.CULTAR.F.T","WOOD.2016.34.CULTAR.F.T.02",29,
"0106a823-0f0b-49ce-9473-6efadbc4ebbb","WOOD","D09","WOOD","2016-08-22T22:57Z","2016-08-24T13:49Z","WOOD.2016.34.CULTAR.F.T","WOOD.2016.34.CULTAR.F.T.01",30,
"2ecfedf3-f0bc-46c9-96d2-60635ed6ddf7","WOOD","D09","WOOD","2016-08-22T22:57Z","2016-08-24T13:49Z","WOOD.2016.34.AEDVEX.F.T","WOOD.2016.34.AEDVEX.F.T.45",39,
"889f28a2-b4c5-4c00-9d44-1cc672de48db","WOOD","D09","WOOD","2016-08-22T22:57Z","2016-08-24T13:49Z","WOOD.2016.34.AEDVEX.F.T","WOOD.2016.34.AEDVEX.F.T.25",40,
"c3d44db1-dd82-4cef-9fc6-ca5b071004a7","WOOD","D09","WOOD","2016-08-22T22:57Z","2016-08-24T13:49Z","WOOD.2016.34.AEDVEX.F.T","WOOD.2016.34.AEDVEX.F.T.37",40,
"8aad12f1-277d-445d-a47a-0fac18b39e00","WOOD","D09","WOOD","2016-08-22T22:57Z","2016-08-24T13:49Z","WOOD.2016.34.AEDVEX.F.T","WOOD.2016.34.AEDVEX.F.T.46",39,
"0e3d6af4-c05f-4cbd-a897-3b163ae2730a","WOOD","D09","WOOD","2016-08-22T22:57Z","2016-08-24T13:49Z","WOOD.2016.34.AEDVEX.F.T","WOOD.2016.34.AEDVEX.F.T.28",40,
"b87974a6-8b71-4eae-9fd8-0e4bafe06c65","WOOD","D09","WOOD","2016-08-22T22:57Z","2016-08-24T13:49Z","WOOD.2016.34.AEDVEX.F.T","WOOD.2016.34.AEDVEX.F.T.20",40,
"34d53aba-6a07-4b6e-91c4-6f0ea20fb194","WOOD","D09","WOOD","2016-08-22T22:57Z","2016-08-24T13:49Z","WOOD.2016.34.AEDVEX.F.T","WOOD.2016.34.AEDVEX.F.T.47",39,
"e8461015-13b0-4626-8b36-49f260fc9627","WOOD","D09","WOOD","2016-08-22T22:57Z","2016-08-24T13:49Z","WOOD.2016.34.AEDVEX.F.T","WOOD.2016.34.AEDVEX.F.T.23",40,
"0c2eb40b-3288-4eb5-aff8-b11436c3c150","WOOD","D09","WOOD","2016-08-22T22:57Z","2016-08-24T13:49Z","WOOD.2016.34.AEDVEX.F.T","WOOD.2016.34.AEDVEX.F.T.31",40,
"fa32fba3-4756-4f01-9a68-855287da85d4","WOOD","D09","WOOD","2016-08-22T22:57Z","2016-08-24T13:49Z","WOOD.2016.34.AEDVEX.F.T","WOOD.2016.34.AEDVEX.F.T.29",40,
"e4a6b1af-9fb7-41b9-b1dc-c078faae00a5","WOOD","D09","WOOD","2016-08-22T22:57Z","2016-08-24T13:49Z","WOOD.2016.34.AEDVEX.F.T","WOOD.2016.34.AEDVEX.F.T.44",40,
"1eadf0f3-8fa7-4904-a05c-fc4faec8103e","WOOD","D09","WOOD","2016-08-22T22:57Z","2016-08-24T13:49Z","WOOD.2016.34.AEDVEX.F.T","WOOD.2016.34.AEDVEX.F.T.32",40,
"26bf5196-8f51-4ec1-a659-a5a8648f135d","WOOD","D09","WOOD","2016-08-22T22:57Z","2016-08-24T13:49Z","WOOD.2016.34.AEDVEX.F.T","WOOD.2016.34.AEDVEX.F.T.38",40,
"c64cb1f6-8793-40a0-a591-a06b3b3f55c3","WOOD","D09","WOOD","2016-08-22T22:57Z","2016-08-24T13:49Z","WOOD.2016.34.AEDVEX.F.T","WOOD.2016.34.AEDVEX.F.T.24",40,
"f6421ec8-dd9c-4835-92c2-f8ee326debb5","WOOD","D09","WOOD","2016-08-22T22:57Z","2016-08-24T13:49Z","WOOD.2016.34.AEDVEX.F.T","WOOD.2016.34.AEDVEX.F.T.35",40,
"a904e09c-be03-450b-94e7-172d302c7f35","WOOD","D09","WOOD","2016-08-22T22:57Z","2016-08-24T13:49Z","WOOD.2016.34.AEDVEX.F.T","WOOD.2016.34.AEDVEX.F.T.49",39,
"202800df-d130-4bc5-893a-51a624863f94","WOOD","D09","WOOD","2016-08-22T22:57Z","2016-08-24T13:49Z","WOOD.2016.34.AEDVEX.F.T","WOOD.2016.34.AEDVEX.F.T.39",40,
"7bd5efc0-bb92-4917-8d9f-9f0b0841f2e1","WOOD","D09","WOOD","2016-08-22T22:57Z","2016-08-24T13:49Z","WOOD.2016.34.AEDVEX.F.T","WOOD.2016.34.AEDVEX.F.T.42",40,
"af1a4b12-ff6b-4008-8c67-9a410b7fa44e","WOOD","D09","WOOD","2016-08-22T22:57Z","2016-08-24T13:49Z","WOOD.2016.34.AEDVEX.F.T","WOOD.2016.34.AEDVEX.F.T.41",40,
"6836b0f9-e8dc-402d-a42f-ef6e0ffedafe","WOOD","D09","WOOD","2016-08-22T22:57Z","2016-08-24T13:49Z","WOOD.2016.34.AEDVEX.F.T","WOOD.2016.34.AEDVEX.F.T.36",40,
"df4f8212-22ef-42c6-8a2b-c3b659b95266","WOOD","D09","WOOD","2016-08-22T22:57Z","2016-08-24T13:49Z","WOOD.2016.34.AEDVEX.F.T","WOOD.2016.34.AEDVEX.F.T.27",40,
"ce4bb08a-4666-40b2-829d-0d20bb6f5e3f","WOOD","D09","WOOD","2016-08-22T22:57Z","2016-08-24T13:49Z","WOOD.2016.34.AEDVEX.F.T","WOOD.2016.34.AEDVEX.F.T.26",40,
"41f76f8b-4c5d-48df-8f8a-004ea3f0824d","WOOD","D09","WOOD","2016-08-22T22:57Z","2016-08-24T13:49Z","WOOD.2016.34.AEDVEX.F.T","WOOD.2016.34.AEDVEX.F.T.48",39,
"9a5966f0-eac9-4099-9f1d-cb14f2c6d499","WOOD","D09","WOOD","2016-08-22T22:57Z","2016-08-24T13:49Z","WOOD.2016.34.AEDVEX.F.T","WOOD.2016.34.AEDVEX.F.T.33",40,
"78778a15-87d7-4e43-89bc-b38320b75e6e","WOOD","D09","WOOD","2016-08-22T22:57Z","2016-08-24T13:49Z","WOOD.2016.34.AEDVEX.F.T","WOOD.2016.34.AEDVEX.F.T.30",40,
"0416d907-5db4-4e90-b6d8-b247b8ec1638","WOOD","D09","WOOD","2016-08-22T22:57Z","2016-08-24T13:49Z","WOOD.2016.34.AEDVEX.F.T","WOOD.2016.34.AEDVEX.F.T.40",40,
"28383645-6932-4114-a3a1-c85df486c39a","WOOD","D09","WOOD","2016-08-22T22:57Z","2016-08-24T13:49Z","WOOD.2016.34.AEDVEX.F.T","WOOD.2016.34.AEDVEX.F.T.19",40,
"7c640a71-e060-4e82-a222-325d0b5664fe","WOOD","D09","WOOD","2016-08-22T22:57Z","2016-08-24T13:49Z","WOOD.2016.34.AEDVEX.F.T","WOOD.2016.34.AEDVEX.F.T.43",40,
"f34cbb47-0760-4356-b18a-2cc184062b47","WOOD","D09","WOOD","2016-08-22T22:57Z","2016-08-24T13:49Z","WOOD.2016.34.AEDVEX.F.T","WOOD.2016.34.AEDVEX.F.T.21",40,
"15cf1989-9e0e-43a9-8550-fbbe3b7131c2","WOOD","D09","WOOD","2016-08-22T22:57Z","2016-08-24T13:49Z","WOOD.2016.34.AEDVEX.F.T","WOOD.2016.34.AEDVEX.F.T.22",40,
"20fc975c-a1d6-494f-b3bc-86fa37b1ecc2","WOOD","D09","WOOD","2016-08-22T22:57Z","2016-08-24T13:49Z","WOOD.2016.34.AEDVEX.F.T","WOOD.2016.34.AEDVEX.F.T.34",40,
"8bab5bd8-eb22-4605-88c8-2249ae1a1df3","WOOD","D09","WOOD","2016-08-22T22:57Z","2016-08-24T13:49Z","WOOD.2016.34.AEDVEX.F.T","WOOD.2016.34.AEDVEX.F.T.02",40,
"944ce0f4-09b8-4f09-b17f-8dc0554dfa7e","WOOD","D09","WOOD","2016-08-22T22:57Z","2016-08-24T13:49Z","WOOD.2016.34.AEDVEX.F.T","WOOD.2016.34.AEDVEX.F.T.01",40,
"075eed66-106f-4abd-b6c5-b17907d5e90b","WOOD","D09","WOOD","2016-08-22T22:57Z","2016-08-24T13:49Z","WOOD.2016.34.AEDVEX.F.T","WOOD.2016.34.AEDVEX.F.T.05",40,
"bd493d65-ae69-49c2-8c7d-dfac233d0dbc","WOOD","D09","WOOD","2016-08-22T22:57Z","2016-08-24T13:49Z","WOOD.2016.34.AEDVEX.F.T","WOOD.2016.34.AEDVEX.F.T.10",40,
"3cceaa08-0dfa-453d-92a8-a5ea03668bb7","WOOD","D09","WOOD","2016-08-22T22:57Z","2016-08-24T13:49Z","WOOD.2016.34.AEDVEX.F.T","WOOD.2016.34.AEDVEX.F.T.06",40,
"8b851a27-3317-4c1c-9c12-addca0d484ac","WOOD","D09","WOOD","2016-08-22T22:57Z","2016-08-24T13:49Z","WOOD.2016.34.AEDVEX.F.T","WOOD.2016.34.AEDVEX.F.T.08",40,
"06263e08-dbf9-48ab-994b-7ec227768017","WOOD","D09","WOOD","2016-08-22T22:57Z","2016-08-24T13:49Z","WOOD.2016.34.AEDVEX.F.T","WOOD.2016.34.AEDVEX.F.T.11",40,
"8f7dffc5-0edb-46c3-aefa-601bbef2d306","WOOD","D09","WOOD","2016-08-22T22:57Z","2016-08-24T13:49Z","WOOD.2016.34.AEDVEX.F.T","WOOD.2016.34.AEDVEX.F.T.15",40,
"b3b2be14-5b26-4f54-a1f4-91322ed6931a","WOOD","D09","WOOD","2016-08-22T22:57Z","2016-08-24T13:49Z","WOOD.2016.34.AEDVEX.F.T","WOOD.2016.34.AEDVEX.F.T.07",40,
"2a8a94d6-775c-4294-9191-66ddf49fdfb8","WOOD","D09","WOOD","2016-08-22T22:57Z","2016-08-24T13:49Z","WOOD.2016.34.AEDVEX.F.T","WOOD.2016.34.AEDVEX.F.T.12",40,
"95e29c69-a2cc-4b94-b8d2-b977a4d24ff8","WOOD","D09","WOOD","2016-08-22T22:57Z","2016-08-24T13:49Z","WOOD.2016.34.AEDVEX.F.T","WOOD.2016.34.AEDVEX.F.T.03",40,
"04616f58-7c63-4206-a59a-04d8054eda49","WOOD","D09","WOOD","2016-08-22T22:57Z","2016-08-24T13:49Z","WOOD.2016.34.AEDVEX.F.T","WOOD.2016.34.AEDVEX.F.T.13",40,
"7f8378c5-4d2a-42a6-ad7e-d964c8ad28e5","WOOD","D09","WOOD","2016-08-22T22:57Z","2016-08-24T13:49Z","WOOD.2016.34.AEDVEX.F.T","WOOD.2016.34.AEDVEX.F.T.09",40,
"c967c105-de3c-41e3-b3af-d8bd3b3970ad","WOOD","D09","WOOD","2016-08-22T22:57Z","2016-08-24T13:49Z","WOOD.2016.34.AEDVEX.F.T","WOOD.2016.34.AEDVEX.F.T.17",40,
"a7c4ff2c-e6cb-422e-8bff-3618b39cd3f8","WOOD","D09","WOOD","2016-08-22T22:57Z","2016-08-24T13:49Z","WOOD.2016.34.AEDVEX.F.T","WOOD.2016.34.AEDVEX.F.T.18",40,
"95ab48a0-18d4-4905-8045-2ead63a0515b","WOOD","D09","WOOD","2016-08-22T22:57Z","2016-08-24T13:49Z","WOOD.2016.34.AEDVEX.F.T","WOOD.2016.34.AEDVEX.F.T.04",40,
"80598b89-b937-475d-852d-575ffce4f26e","WOOD","D09","WOOD","2016-08-22T22:57Z","2016-08-24T13:49Z","WOOD.2016.34.AEDVEX.F.T","WOOD.2016.34.AEDVEX.F.T.16",40,
"addb96c7-526b-4890-b094-c140f5be280b","WOOD","D09","WOOD","2016-08-22T22:57Z","2016-08-24T13:49Z","WOOD.2016.34.AEDVEX.F.T","WOOD.2016.34.AEDVEX.F.T.14",40,
"ed81d6cd-b33d-4155-83f4-de8c08876ff4","WOOD","D09","WOOD","2016-08-22T22:57Z","2016-08-24T13:49Z","WOOD.2016.34.AEDDOR.F.T","WOOD.2016.34.AEDDOR.F.T.26",40,
"5bfad8b8-f16a-4e08-8b85-35be58708354","WOOD","D09","WOOD","2016-08-22T22:57Z","2016-08-24T13:49Z","WOOD.2016.34.AEDDOR.F.T","WOOD.2016.34.AEDDOR.F.T.12",40,
"f56447d4-c7ca-4bef-a91c-b3fc7b48a7c2","WOOD","D09","WOOD","2016-08-22T22:57Z","2016-08-24T13:49Z","WOOD.2016.34.AEDDOR.F.T","WOOD.2016.34.AEDDOR.F.T.21",40,
"a8e2bbc5-fba3-4794-8b89-00f730aec662","WOOD","D09","WOOD","2016-08-22T22:57Z","2016-08-24T13:49Z","WOOD.2016.34.AEDDOR.F.T","WOOD.2016.34.AEDDOR.F.T.08",40,
"00e8c915-928a-48dc-8eef-1a0a0f6113d2","WOOD","D09","WOOD","2016-08-22T22:57Z","2016-08-24T13:49Z","WOOD.2016.34.AEDDOR.F.T","WOOD.2016.34.AEDDOR.F.T.28",39,
"1780ebeb-84eb-4923-b486-75d29efb9467","WOOD","D09","WOOD","2016-08-22T22:57Z","2016-08-24T13:49Z","WOOD.2016.34.AEDDOR.F.T","WOOD.2016.34.AEDDOR.F.T.17",40,
"015b0319-0254-4d59-ae88-f1d1604dedcd","WOOD","D09","WOOD","2016-08-22T22:57Z","2016-08-24T13:49Z","WOOD.2016.34.AEDDOR.F.T","WOOD.2016.34.AEDDOR.F.T.25",40,
"b9547e44-d7fe-4975-8b6a-18e309b5e9e9","WOOD","D09","WOOD","2016-08-22T22:57Z","2016-08-24T13:49Z","WOOD.2016.34.AEDDOR.F.T","WOOD.2016.34.AEDDOR.F.T.03",40,
"a9424380-456c-4539-bc34-9a42cc735da2","WOOD","D09","WOOD","2016-08-22T22:57Z","2016-08-24T13:49Z","WOOD.2016.34.AEDDOR.F.T","WOOD.2016.34.AEDDOR.F.T.09",40,
"165175ad-106f-46c1-9e53-1eba76724256","WOOD","D09","WOOD","2016-08-22T22:57Z","2016-08-24T13:49Z","WOOD.2016.34.AEDDOR.F.T","WOOD.2016.34.AEDDOR.F.T.04",40,
"e9961d1f-0eec-46f9-a1a8-3de5b715f826","WOOD","D09","WOOD","2016-08-22T22:57Z","2016-08-24T13:49Z","WOOD.2016.34.AEDDOR.F.T","WOOD.2016.34.AEDDOR.F.T.29",39,
"df0f86a4-b3ec-4202-8b6e-5a000c7e5455","WOOD","D09","WOOD","2016-08-22T22:57Z","2016-08-24T13:49Z","WOOD.2016.34.AEDDOR.F.T","WOOD.2016.34.AEDDOR.F.T.19",40,
"2952b64e-2548-43d9-a188-228fa77e2439","WOOD","D09","WOOD","2016-08-22T22:57Z","2016-08-24T13:49Z","WOOD.2016.34.AEDDOR.F.T","WOOD.2016.34.AEDDOR.F.T.14",40,
"fb3050f9-931c-474d-aa32-eec27a006f5c","WOOD","D09","WOOD","2016-08-22T22:57Z","2016-08-24T13:49Z","WOOD.2016.34.AEDDOR.F.T","WOOD.2016.34.AEDDOR.F.T.02",40,
"8d630cd8-19e5-4527-817f-b238005e4cd7","WOOD","D09","WOOD","2016-08-22T22:57Z","2016-08-24T13:49Z","WOOD.2016.34.AEDDOR.F.T","WOOD.2016.34.AEDDOR.F.T.16",40,
"d47430bd-bb63-425d-870c-d1f841b6cc42","WOOD","D09","WOOD","2016-08-22T22:57Z","2016-08-24T13:49Z","WOOD.2016.34.AEDDOR.F.T","WOOD.2016.34.AEDDOR.F.T.18",40,
"d15ac1ca-ddb1-4419-a647-a326cb4ddd86","WOOD","D09","WOOD","2016-08-22T22:57Z","2016-08-24T13:49Z","WOOD.2016.34.AEDDOR.F.T","WOOD.2016.34.AEDDOR.F.T.22",40,
"bc3cd7ec-475c-4117-b432-d5a833378e1c","WOOD","D09","WOOD","2016-08-22T22:57Z","2016-08-24T13:49Z","WOOD.2016.34.AEDDOR.F.T","WOOD.2016.34.AEDDOR.F.T.06",40,
"7a65ed1c-94d2-45fb-9126-e57b7fda8c3d","WOOD","D09","WOOD","2016-08-22T22:57Z","2016-08-24T13:49Z","WOOD.2016.34.AEDDOR.F.T","WOOD.2016.34.AEDDOR.F.T.10",40,
"f80e400f-f07e-431e-8e17-54e0f23ac07e","WOOD","D09","WOOD","2016-08-22T22:57Z","2016-08-24T13:49Z","WOOD.2016.34.AEDDOR.F.T","WOOD.2016.34.AEDDOR.F.T.01",40,
"600768d1-e2f9-47a3-9e64-f880478f711a","WOOD","D09","WOOD","2016-08-22T22:57Z","2016-08-24T13:49Z","WOOD.2016.34.AEDDOR.F.T","WOOD.2016.34.AEDDOR.F.T.11",40,
