uid,namedLocation,domainID,siteID,startCollectDate,endCollectDate,testingID,testingVialID,poolSize,dataQF
"11eff22d-339a-453c-9a21-9c0e1b09a95a","UNDE","D05","UNDE","2016-08-10T23:52Z","2016-08-12T12:59Z","UNDE.2016.32.AEDEXC.F.T","UNDE.2016.32.AEDEXC.F.T.04",37,
"0044f65c-c118-45e0-a067-dfe93dc9fc10","UNDE","D05","UNDE","2016-08-10T23:52Z","2016-08-12T12:59Z","UNDE.2016.32.AEDCAN2.F.T","UNDE.2016.32.AEDCAN2.F.T.06",40,
"0917f666-c169-4041-a15b-bdad50ef09b5","UNDE","D05","UNDE","2016-08-10T23:52Z","2016-08-12T12:59Z","UNDE.2016.32.AEDCAN2.F.T","UNDE.2016.32.AEDCAN2.F.T.11",40,
"6b7e093a-6abf-472d-a92e-950b69160ca1","UNDE","D05","UNDE","2016-08-10T23:52Z","2016-08-12T12:59Z","UNDE.2016.32.AEDVEX.F.T","UNDE.2016.32.AEDVEX.F.T.17",38,
"1d8de1df-26de-4a08-84d3-0ed7c26ac800","UNDE","D05","UNDE","2016-08-10T23:52Z","2016-08-12T12:59Z","UNDE.2016.32.AEDVEX.F.T","UNDE.2016.32.AEDVEX.F.T.18",38,
"e84a1adb-f616-49e6-a2b2-73533ac03f1b","UNDE","D05","UNDE","2016-08-10T23:52Z","2016-08-12T12:59Z","UNDE.2016.32.AEDVEX.F.T","UNDE.2016.32.AEDVEX.F.T.12",38,
"cce4e961-ef6a-43f6-862a-fb92cfce502b","UNDE","D05","UNDE","2016-08-10T23:52Z","2016-08-12T12:59Z","UNDE.2016.32.AEDVEX.F.T","UNDE.2016.32.AEDVEX.F.T.11",38,
"209191ff-8c89-4673-9926-a2384a47f3af","UNDE","D05","UNDE","2016-08-10T23:52Z","2016-08-12T12:59Z","UNDE.2016.32.AEDVEX.F.T","UNDE.2016.32.AEDVEX.F.T.15",38,
"e77e3c74-ea33-4fc5-a765-8c6e4323a418","UNDE","D05","UNDE","2016-08-10T23:52Z","2016-08-12T12:59Z","UNDE.2016.32.AEDVEX.F.T","UNDE.2016.32.AEDVEX.F.T.09",38,
"53004727-e5fd-4dbd-938b-7b24e270dd57","UNDE","D05","UNDE","2016-08-10T23:52Z","2016-08-12T12:59Z","UNDE.2016.32.AEDVEX.F.T","UNDE.2016.32.AEDVEX.F.T.16",38,
"b3ede0db-b2e3-4bf3-bef2-675bebb20807","UNDE","D05","UNDE","2016-08-10T23:52Z","2016-08-12T12:59Z","UNDE.2016.32.AEDVEX.F.T","UNDE.2016.32.AEDVEX.F.T.10",38,
"9e2aac44-b398-484c-b2cf-c0fa5d91f8ec","UNDE","D05","UNDE","2016-08-10T23:52Z","2016-08-12T12:59Z","UNDE.2016.32.AEDVEX.F.T","UNDE.2016.32.AEDVEX.F.T.08",38,
"5c1d23f9-b550-4fd2-85a2-be628507341c","UNDE","D05","UNDE","2016-08-10T23:52Z","2016-08-12T12:59Z","UNDE.2016.32.AEDVEX.F.T","UNDE.2016.32.AEDVEX.F.T.06",39,
"a0b6063d-6290-4f5b-94a0-1e51626dc4df","UNDE","D05","UNDE","2016-08-10T23:52Z","2016-08-12T12:59Z","UNDE.2016.32.AEDVEX.F.T","UNDE.2016.32.AEDVEX.F.T.02",39,
"90c5941f-34fb-4991-a18a-9f3651452f18","UNDE","D05","UNDE","2016-08-10T23:52Z","2016-08-12T12:59Z","UNDE.2016.32.AEDVEX.F.T","UNDE.2016.32.AEDVEX.F.T.14",38,
"d3ffe0d5-57ae-48b1-8452-005d5e926dec","UNDE","D05","UNDE","2016-08-10T23:52Z","2016-08-12T12:59Z","UNDE.2016.32.AEDVEX.F.T","UNDE.2016.32.AEDVEX.F.T.03",39,
"e5762816-f46d-4663-b2cc-fc42d6f0bd1d","UNDE","D05","UNDE","2016-08-10T23:52Z","2016-08-12T12:59Z","UNDE.2016.32.AEDVEX.F.T","UNDE.2016.32.AEDVEX.F.T.07",38,
"12a7a99b-2495-47ed-bd26-1d7b954eaff6","UNDE","D05","UNDE","2016-08-10T23:52Z","2016-08-12T12:59Z","UNDE.2016.32.AEDVEX.F.T","UNDE.2016.32.AEDVEX.F.T.01",39,
"619fc620-9320-40d5-bef9-886baec6bd9f","UNDE","D05","UNDE","2016-08-10T23:52Z","2016-08-12T12:59Z","UNDE.2016.32.AEDVEX.F.T","UNDE.2016.32.AEDVEX.F.T.13",38,
"ff10e0b4-9457-45aa-83ae-3374812841a3","UNDE","D05","UNDE","2016-08-10T23:52Z","2016-08-12T12:59Z","UNDE.2016.32.AEDVEX.F.T","UNDE.2016.32.AEDVEX.F.T.04",39,
"223a74b1-f6aa-4163-b36e-1d00c3e7c104","UNDE","D05","UNDE","2016-08-10T23:52Z","2016-08-12T12:59Z","UNDE.2016.32.AEDVEX.F.T","UNDE.2016.32.AEDVEX.F.T.05",39,
"27d92171-6e2c-4ebd-af02-e2f95a4498e0","UNDE","D05","UNDE","2016-08-10T23:52Z","2016-08-12T12:59Z","UNDE.2016.32.AEDSTI.F.T","UNDE.2016.32.AEDSTI.F.T.02",36,
"f0afc79f-9c4e-4de1-bfa4-8a8b2e0de12b","UNDE","D05","UNDE","2016-08-10T23:52Z","2016-08-12T12:59Z","UNDE.2016.32.AEDSTI.F.T","UNDE.2016.32.AEDSTI.F.T.01",36,
"4b0aae01-6d0e-44df-a8df-f988815007d6","UNDE","D05","UNDE","2016-08-10T23:52Z","2016-08-12T12:59Z","UNDE.2016.32.AEDEXC.F.T","UNDE.2016.32.AEDEXC.F.T.07",36,
"673517b1-f159-43f2-adc2-1450f3263c80","UNDE","D05","UNDE","2016-08-10T23:52Z","2016-08-12T12:59Z","UNDE.2016.32.AEDEXC.F.T","UNDE.2016.32.AEDEXC.F.T.06",37,
"1f70102b-6d12-4d63-9859-0141646dea3b","UNDE","D05","UNDE","2016-08-10T23:52Z","2016-08-12T12:59Z","UNDE.2016.32.AEDEXC.F.T","UNDE.2016.32.AEDEXC.F.T.03",37,
"fb0672d4-38a1-4771-875b-adf9e8eac6b9","UNDE","D05","UNDE","2016-08-10T23:52Z","2016-08-12T12:59Z","UNDE.2016.32.AEDEXC.F.T","UNDE.2016.32.AEDEXC.F.T.01",37,
"afa4b8ee-459e-4fc0-81c0-1dc057492a1d","UNDE","D05","UNDE","2016-08-10T23:52Z","2016-08-12T12:59Z","UNDE.2016.32.AEDEXC.F.T","UNDE.2016.32.AEDEXC.F.T.05",37,
"230a06d4-dd78-436f-bfd2-2e5b577bf40c","UNDE","D05","UNDE","2016-08-10T23:52Z","2016-08-12T12:59Z","UNDE.2016.32.AEDCAN2.F.T","UNDE.2016.32.AEDCAN2.F.T.03",40,
"56c04d7e-b91d-4d19-9276-f6d579ebbadd","UNDE","D05","UNDE","2016-08-10T23:52Z","2016-08-12T12:59Z","UNDE.2016.32.AEDEXC.F.T","UNDE.2016.32.AEDEXC.F.T.02",37,
"53cf161c-2403-487b-9bad-2735011210dd","UNDE","D05","UNDE","2016-08-10T23:52Z","2016-08-12T12:59Z","UNDE.2016.32.AEDEXC.F.T","UNDE.2016.32.AEDEXC.F.T.08",36,
"4cb4b907-daa0-44ba-9680-269a2f572962","UNDE","D05","UNDE","2016-08-10T23:52Z","2016-08-12T12:59Z","UNDE.2016.32.AEDCIN.F.T","UNDE.2016.32.AEDCIN.F.T.06",37,
"f446aa5b-7026-4369-96c1-01a051fd4b7b","UNDE","D05","UNDE","2016-08-10T23:52Z","2016-08-12T12:59Z","UNDE.2016.32.AEDCIN.F.T","UNDE.2016.32.AEDCIN.F.T.04",37,
"60e48cfd-ed05-4297-9f72-44e343529803","UNDE","D05","UNDE","2016-08-10T23:52Z","2016-08-12T12:59Z","UNDE.2016.32.AEDCIN.F.T","UNDE.2016.32.AEDCIN.F.T.08",37,
"9c65e205-bcd6-4ae6-ae0c-52114f2980b0","UNDE","D05","UNDE","2016-08-10T23:52Z","2016-08-12T12:59Z","UNDE.2016.32.AEDCIN.F.T","UNDE.2016.32.AEDCIN.F.T.02",38,
"edf5e62e-3010-43b4-82e3-b564b3aaf483","UNDE","D05","UNDE","2016-08-10T23:52Z","2016-08-12T12:59Z","UNDE.2016.32.AEDCIN.F.T","UNDE.2016.32.AEDCIN.F.T.11",37,
"2461f6f3-2135-41cd-841f-a980b106cb76","UNDE","D05","UNDE","2016-08-10T23:52Z","2016-08-12T12:59Z","UNDE.2016.32.AEDCIN.F.T","UNDE.2016.32.AEDCIN.F.T.05",37,
"de05da9d-0f0f-4359-8ea6-399bd3958c53","UNDE","D05","UNDE","2016-08-10T23:52Z","2016-08-12T12:59Z","UNDE.2016.32.AEDCIN.F.T","UNDE.2016.32.AEDCIN.F.T.01",38,
"7181bc75-8878-4ec5-8051-3a91d68616e7","UNDE","D05","UNDE","2016-08-10T23:52Z","2016-08-12T12:59Z","UNDE.2016.32.AEDCIN.F.T","UNDE.2016.32.AEDCIN.F.T.07",37,
"99c92d55-a825-4df9-bc15-d2b8a6d56c30","UNDE","D05","UNDE","2016-08-10T23:52Z","2016-08-12T12:59Z","UNDE.2016.32.AEDCIN.F.T","UNDE.2016.32.AEDCIN.F.T.10",37,
"43042b85-5b4e-4c87-a1d4-f84719e35838","UNDE","D05","UNDE","2016-08-10T23:52Z","2016-08-12T12:59Z","UNDE.2016.32.AEDCIN.F.T","UNDE.2016.32.AEDCIN.F.T.03",38,
"ce522518-ae11-410a-95ec-21593b2ad1bd","UNDE","D05","UNDE","2016-08-10T23:52Z","2016-08-12T12:59Z","UNDE.2016.32.AEDCIN.F.T","UNDE.2016.32.AEDCIN.F.T.12",37,
"429c45a2-87b7-469e-b738-f03fedc9b339","UNDE","D05","UNDE","2016-08-10T23:52Z","2016-08-12T12:59Z","UNDE.2016.32.AEDCIN.F.T","UNDE.2016.32.AEDCIN.F.T.09",37,
"7b45ac70-96cc-44ea-832f-33f60cc9ef6d","UNDE","D05","UNDE","2016-08-10T23:52Z","2016-08-12T12:59Z","UNDE.2016.32.AEDCAN2.F.T","UNDE.2016.32.AEDCAN2.F.T.14",39,
"c073e4ae-72cd-460d-b153-58a6129b8542","UNDE","D05","UNDE","2016-08-10T23:52Z","2016-08-12T12:59Z","UNDE.2016.32.AEDCAN2.F.T","UNDE.2016.32.AEDCAN2.F.T.12",40,
"08fa266c-6901-4e47-be42-817f10b7f2d0","UNDE","D05","UNDE","2016-08-10T23:52Z","2016-08-12T12:59Z","UNDE.2016.32.AEDCAN2.F.T","UNDE.2016.32.AEDCAN2.F.T.13",39,
"8e0f6dda-0400-4796-904b-0925eb46531d","UNDE","D05","UNDE","2016-08-10T23:52Z","2016-08-12T12:59Z","UNDE.2016.32.AEDCAN2.F.T","UNDE.2016.32.AEDCAN2.F.T.07",40,
"b3d8df6c-6d46-47c0-b1cd-f2b19b9d10ab","UNDE","D05","UNDE","2016-08-10T23:52Z","2016-08-12T12:59Z","UNDE.2016.32.AEDCAN2.F.T","UNDE.2016.32.AEDCAN2.F.T.05",40,
"6cee7e6b-cbfd-4aa0-9e17-84b87bb1b687","UNDE","D05","UNDE","2016-08-10T23:52Z","2016-08-12T12:59Z","UNDE.2016.32.AEDCAN2.F.T","UNDE.2016.32.AEDCAN2.F.T.09",40,
"01c684ec-2c2e-4a7b-92d4-56b02a9cfdea","UNDE","D05","UNDE","2016-08-10T23:52Z","2016-08-12T12:59Z","UNDE.2016.32.AEDCAN2.F.T","UNDE.2016.32.AEDCAN2.F.T.02",40,
"1db8ff93-4e44-456a-bf8d-480b9f95245b","UNDE","D05","UNDE","2016-08-10T23:52Z","2016-08-12T12:59Z","UNDE.2016.32.AEDCAN2.F.T","UNDE.2016.32.AEDCAN2.F.T.01",40,
"21fcac37-0f79-44cb-855a-3095ce58a36e","UNDE","D05","UNDE","2016-08-10T23:52Z","2016-08-12T12:59Z","UNDE.2016.32.AEDCAN2.F.T","UNDE.2016.32.AEDCAN2.F.T.08",40,
"1c7dfbf1-ae01-4663-bc3d-2c1756f850a9","UNDE","D05","UNDE","2016-08-10T23:52Z","2016-08-12T12:59Z","UNDE.2016.32.AEDCAN2.F.T","UNDE.2016.32.AEDCAN2.F.T.10",40,
"c9bb0cc1-d1d4-4ee4-8669-09f0da27e5f5","UNDE","D05","UNDE","2016-08-10T23:52Z","2016-08-12T12:59Z","UNDE.2016.32.AEDCAN2.F.T","UNDE.2016.32.AEDCAN2.F.T.04",40,
"71b8a7f9-7b46-4782-8b14-e6223ad7efa3","UNDE","D05","UNDE","2016-08-11T00:27Z","2016-08-12T12:59Z","UNDE.2016.32.CULRES.F.T","UNDE.2016.32.CULRES.F.T.03",34,
"a7205108-134f-4be2-b067-104deb23f35c","UNDE","D05","UNDE","2016-08-11T00:27Z","2016-08-12T12:59Z","UNDE.2016.32.CULRES.F.T","UNDE.2016.32.CULRES.F.T.01",35,
"73d34d97-5000-4ac5-939a-2e3d411c47db","UNDE","D05","UNDE","2016-08-11T00:27Z","2016-08-12T12:59Z","UNDE.2016.32.CULRES.F.T","UNDE.2016.32.CULRES.F.T.02",35,
"39fd16e1-361b-43c1-81cb-84cd5fb97004","UNDE","D05","UNDE","2016-08-24T23:36Z","2016-08-26T13:00Z","UNDE.2016.34.AEDVEX.F.T","UNDE.2016.34.AEDVEX.F.T.26",39,
"b61c79f8-7c09-4c39-9d75-a55fca729baa","UNDE","D05","UNDE","2016-08-24T23:36Z","2016-08-26T13:00Z","UNDE.2016.34.AEDVEX.F.T","UNDE.2016.34.AEDVEX.F.T.27",39,
"ece9ce40-2511-43f9-ba4a-96867d7ad0d7","UNDE","D05","UNDE","2016-08-24T23:36Z","2016-08-26T13:00Z","UNDE.2016.34.AEDVEX.F.T","UNDE.2016.34.AEDVEX.F.T.20",39,
"6043d32a-4e3a-46e4-a76a-1eb637554592","UNDE","D05","UNDE","2016-08-24T23:36Z","2016-08-26T13:00Z","UNDE.2016.34.AEDVEX.F.T","UNDE.2016.34.AEDVEX.F.T.08",40,
"5057d967-fc56-4dfa-8f62-c36db4c47b91","UNDE","D05","UNDE","2016-08-24T23:36Z","2016-08-26T13:00Z","UNDE.2016.34.AEDVEX.F.T","UNDE.2016.34.AEDVEX.F.T.05",40,
"97951079-62d3-4bfd-b51e-90f1d3efb13a","UNDE","D05","UNDE","2016-08-24T23:36Z","2016-08-26T13:00Z","UNDE.2016.34.AEDVEX.F.T","UNDE.2016.34.AEDVEX.F.T.19",39,
"2136a8fa-6480-46fc-b568-21afbfc3731d","UNDE","D05","UNDE","2016-08-24T23:36Z","2016-08-26T13:00Z","UNDE.2016.34.AEDVEX.F.T","UNDE.2016.34.AEDVEX.F.T.21",39,
"014908ce-2b89-44f9-8f39-3baae36b9893","UNDE","D05","UNDE","2016-08-24T23:36Z","2016-08-26T13:00Z","UNDE.2016.34.AEDVEX.F.T","UNDE.2016.34.AEDVEX.F.T.07",40,
"a0c5b606-7312-4773-9237-6eb74bb1e5aa","UNDE","D05","UNDE","2016-08-24T23:36Z","2016-08-26T13:00Z","UNDE.2016.34.AEDVEX.F.T","UNDE.2016.34.AEDVEX.F.T.18",39,
"b54dd33d-899f-4c8a-8da3-a5d7735a4639","UNDE","D05","UNDE","2016-08-24T23:36Z","2016-08-26T13:00Z","UNDE.2016.34.AEDVEX.F.T","UNDE.2016.34.AEDVEX.F.T.03",40,
"a3223dc6-eff3-4ee7-8b82-0208d4bc5765","UNDE","D05","UNDE","2016-08-24T23:36Z","2016-08-26T13:00Z","UNDE.2016.34.AEDVEX.F.T","UNDE.2016.34.AEDVEX.F.T.04",40,
"9a35b27d-6249-4d0b-aadb-9eb2ed33adfb","UNDE","D05","UNDE","2016-08-24T23:36Z","2016-08-26T13:00Z","UNDE.2016.34.AEDVEX.F.T","UNDE.2016.34.AEDVEX.F.T.23",39,
"fd62ae5f-95f2-49c9-944f-a4567677a1da","UNDE","D05","UNDE","2016-08-24T23:36Z","2016-08-26T13:00Z","UNDE.2016.34.AEDVEX.F.T","UNDE.2016.34.AEDVEX.F.T.22",39,
"33ca10ba-d294-4147-b863-fcbc2a131052","UNDE","D05","UNDE","2016-08-24T23:36Z","2016-08-26T13:00Z","UNDE.2016.34.AEDVEX.F.T","UNDE.2016.34.AEDVEX.F.T.10",40,
"5e9b8999-1bf5-4558-8136-379aacf7721c","UNDE","D05","UNDE","2016-08-24T23:36Z","2016-08-26T13:00Z","UNDE.2016.34.AEDVEX.F.T","UNDE.2016.34.AEDVEX.F.T.24",39,
"091e8896-3e0e-464b-81b7-19b5108074ea","UNDE","D05","UNDE","2016-08-24T23:36Z","2016-08-26T13:00Z","UNDE.2016.34.AEDVEX.F.T","UNDE.2016.34.AEDVEX.F.T.14",39,
"27886446-0f5b-457f-96f0-b3fa5a70bfdc","UNDE","D05","UNDE","2016-08-24T23:36Z","2016-08-26T13:00Z","UNDE.2016.34.AEDVEX.F.T","UNDE.2016.34.AEDVEX.F.T.06",40,
"96cf009e-282c-4bab-aefd-972d60af70fb","UNDE","D05","UNDE","2016-08-24T23:36Z","2016-08-26T13:00Z","UNDE.2016.34.AEDVEX.F.T","UNDE.2016.34.AEDVEX.F.T.12",39,
"97c7b248-11fd-44ea-94b7-a7efaec67b34","UNDE","D05","UNDE","2016-08-24T23:36Z","2016-08-26T13:00Z","UNDE.2016.34.AEDVEX.F.T","UNDE.2016.34.AEDVEX.F.T.11",39,
"0a68666b-9e2b-4231-a471-0571d0aa8aba","UNDE","D05","UNDE","2016-08-24T23:36Z","2016-08-26T13:00Z","UNDE.2016.34.AEDVEX.F.T","UNDE.2016.34.AEDVEX.F.T.01",40,
"289ac668-98ba-4a60-8022-a50e2f13dfa1","UNDE","D05","UNDE","2016-08-24T23:36Z","2016-08-26T13:00Z","UNDE.2016.34.AEDVEX.F.T","UNDE.2016.34.AEDVEX.F.T.13",39,
"f3c75171-7bf9-4653-9177-598d1c39816f","UNDE","D05","UNDE","2016-08-24T23:36Z","2016-08-26T13:00Z","UNDE.2016.34.AEDVEX.F.T","UNDE.2016.34.AEDVEX.F.T.02",40,
"a01b34e5-9750-475a-9d3c-f2d8e3cb6bcc","UNDE","D05","UNDE","2016-08-24T23:36Z","2016-08-26T13:00Z","UNDE.2016.34.AEDVEX.F.T","UNDE.2016.34.AEDVEX.F.T.09",40,
"b2985056-c29b-4e84-b07f-4370d3f63d34","UNDE","D05","UNDE","2016-08-24T23:36Z","2016-08-26T13:00Z","UNDE.2016.34.AEDVEX.F.T","UNDE.2016.34.AEDVEX.F.T.17",39,
"4e5bf908-1130-4dbc-91fd-27caf8032f0a","UNDE","D05","UNDE","2016-08-24T23:36Z","2016-08-26T13:00Z","UNDE.2016.34.AEDVEX.F.T","UNDE.2016.34.AEDVEX.F.T.25",39,
"182aad25-abdb-4e4f-b163-5b0c43cd23f1","UNDE","D05","UNDE","2016-08-24T23:36Z","2016-08-26T13:00Z","UNDE.2016.34.AEDVEX.F.T","UNDE.2016.34.AEDVEX.F.T.16",39,
"56365276-c951-4a18-9441-aef6b1f0a6a1","UNDE","D05","UNDE","2016-08-24T23:36Z","2016-08-26T13:00Z","UNDE.2016.34.AEDVEX.F.T","UNDE.2016.34.AEDVEX.F.T.15",39,
"28c2acbc-b570-4ba0-b606-c2daf787b3d0","UNDE","D05","UNDE","2016-08-24T23:36Z","2016-08-26T13:00Z","UNDE.2016.34.AEDCIN.F.T","UNDE.2016.34.AEDCIN.F.T.17",39,
"9776d88d-9348-4af0-993e-adeb3cf62f30","UNDE","D05","UNDE","2016-08-24T23:36Z","2016-08-26T13:00Z","UNDE.2016.34.AEDCIN.F.T","UNDE.2016.34.AEDCIN.F.T.08",40,
"f2cf7d44-f07d-486d-b240-0544a5b80d8a","UNDE","D05","UNDE","2016-08-24T23:36Z","2016-08-26T13:00Z","UNDE.2016.34.AEDCIN.F.T","UNDE.2016.34.AEDCIN.F.T.15",39,
"6b0539e9-a3cc-47f3-921f-00cbe602c9fa","UNDE","D05","UNDE","2016-08-24T23:36Z","2016-08-26T13:00Z","UNDE.2016.34.AEDCIN.F.T","UNDE.2016.34.AEDCIN.F.T.10",40,
"a8540d0b-148c-4553-a319-5489eebc207b","UNDE","D05","UNDE","2016-08-24T23:36Z","2016-08-26T13:00Z","UNDE.2016.34.AEDCIN.F.T","UNDE.2016.34.AEDCIN.F.T.03",40,
"fe3b9918-49e6-405f-bc73-97e9f779f8d5","UNDE","D05","UNDE","2016-08-24T23:36Z","2016-08-26T13:00Z","UNDE.2016.34.AEDCIN.F.T","UNDE.2016.34.AEDCIN.F.T.02",40,
"364e8956-f923-44b5-adf2-82c8803531a5","UNDE","D05","UNDE","2016-08-24T23:36Z","2016-08-26T13:00Z","UNDE.2016.34.AEDCIN.F.T","UNDE.2016.34.AEDCIN.F.T.13",39,
"5ab7de42-e5cb-4267-97f0-06db1b4ef99b","UNDE","D05","UNDE","2016-08-24T23:36Z","2016-08-26T13:00Z","UNDE.2016.34.AEDCIN.F.T","UNDE.2016.34.AEDCIN.F.T.06",40,
"32632bd4-a398-4262-b412-6dd658d37903","UNDE","D05","UNDE","2016-08-24T23:36Z","2016-08-26T13:00Z","UNDE.2016.34.AEDCIN.F.T","UNDE.2016.34.AEDCIN.F.T.04",40,
"81dd0a13-974b-48e1-9f57-91d58d1dcdbe","UNDE","D05","UNDE","2016-08-24T23:36Z","2016-08-26T13:00Z","UNDE.2016.34.AEDCIN.F.T","UNDE.2016.34.AEDCIN.F.T.16",39,
"83d42475-3db5-4e13-821c-94b65e4902f1","UNDE","D05","UNDE","2016-08-24T23:36Z","2016-08-26T13:00Z","UNDE.2016.34.AEDCIN.F.T","UNDE.2016.34.AEDCIN.F.T.12",39,
"cbeafef3-a500-4b25-bb0c-49853578fca6","UNDE","D05","UNDE","2016-08-24T23:36Z","2016-08-26T13:00Z","UNDE.2016.34.AEDCIN.F.T","UNDE.2016.34.AEDCIN.F.T.11",39,
"107185f8-6752-4f97-926a-fe1852b21308","UNDE","D05","UNDE","2016-08-24T23:36Z","2016-08-26T13:00Z","UNDE.2016.34.AEDCIN.F.T","UNDE.2016.34.AEDCIN.F.T.07",40,
"fa5c091b-175f-4665-8074-492d1a2afbec","UNDE","D05","UNDE","2016-08-24T23:36Z","2016-08-26T13:00Z","UNDE.2016.34.AEDCIN.F.T","UNDE.2016.34.AEDCIN.F.T.14",39,
"3a7eb6bf-cfe1-4322-97f3-252cced334e9","UNDE","D05","UNDE","2016-08-24T23:36Z","2016-08-26T13:00Z","UNDE.2016.34.AEDCIN.F.T","UNDE.2016.34.AEDCIN.F.T.09",40,
"47e5ebe3-6372-4421-86ec-6eeeb42c9038","UNDE","D05","UNDE","2016-08-24T23:36Z","2016-08-26T13:00Z","UNDE.2016.34.AEDCIN.F.T","UNDE.2016.34.AEDCIN.F.T.05",40,
"b6b747fe-50ae-4f77-9121-a01753438858","UNDE","D05","UNDE","2016-08-24T23:36Z","2016-08-26T13:00Z","UNDE.2016.34.AEDCIN.F.T","UNDE.2016.34.AEDCIN.F.T.01",40,
"0f1b4c3d-0ad8-4c93-a3ef-154b2fe956c8","UNDE","D05","UNDE","2016-08-24T23:36Z","2016-08-26T13:00Z","UNDE.2016.34.AEDCAN2.F.T","UNDE.2016.34.AEDCAN2.F.T.09",39,
"7dcbe3cf-6d92-4e09-8b83-d2d515b9ba0f","UNDE","D05","UNDE","2016-08-24T23:36Z","2016-08-26T13:00Z","UNDE.2016.34.AEDCAN2.F.T","UNDE.2016.34.AEDCAN2.F.T.13",39,
"25314fe3-3540-4262-939b-3b59c6c8596a","UNDE","D05","UNDE","2016-08-24T23:36Z","2016-08-26T13:00Z","UNDE.2016.34.AEDCAN2.F.T","UNDE.2016.34.AEDCAN2.F.T.07",39,
"9cbe2c2f-c94c-4f96-a307-fc210905da16","UNDE","D05","UNDE","2016-08-24T23:36Z","2016-08-26T13:00Z","UNDE.2016.34.AEDCAN2.F.T","UNDE.2016.34.AEDCAN2.F.T.14",39,
"00e01c99-d475-4aa2-937e-e51b8f325d8a","UNDE","D05","UNDE","2016-08-24T23:36Z","2016-08-26T13:00Z","UNDE.2016.34.AEDCAN2.F.T","UNDE.2016.34.AEDCAN2.F.T.03",40,
"d6b96c0b-6cf0-4f50-84fd-8c3fc3a8a9db","UNDE","D05","UNDE","2016-08-24T23:36Z","2016-08-26T13:00Z","UNDE.2016.34.AEDCAN2.F.T","UNDE.2016.34.AEDCAN2.F.T.11",39,
"7ef28705-fd0d-4386-a707-417909ec52d8","UNDE","D05","UNDE","2016-08-24T23:36Z","2016-08-26T13:00Z","UNDE.2016.34.AEDCAN2.F.T","UNDE.2016.34.AEDCAN2.F.T.05",40,
"1afc1389-f8e9-4ec1-ab62-c173e50d44c3","UNDE","D05","UNDE","2016-08-24T23:36Z","2016-08-26T13:00Z","UNDE.2016.34.AEDCAN2.F.T","UNDE.2016.34.AEDCAN2.F.T.08",39,
"a759c449-69dd-4841-9061-5e4304039c1a","UNDE","D05","UNDE","2016-08-24T23:36Z","2016-08-26T13:00Z","UNDE.2016.34.AEDCAN2.F.T","UNDE.2016.34.AEDCAN2.F.T.12",39,
"e5a15581-f373-4159-aab5-c8fd890bf853","UNDE","D05","UNDE","2016-08-24T23:36Z","2016-08-26T13:00Z","UNDE.2016.34.AEDCAN2.F.T","UNDE.2016.34.AEDCAN2.F.T.02",40,
"8eaa6462-d9eb-484d-ad24-55639b0bac96","UNDE","D05","UNDE","2016-08-24T23:36Z","2016-08-26T13:00Z","UNDE.2016.34.AEDCAN2.F.T","UNDE.2016.34.AEDCAN2.F.T.01",40,
"7c758485-65b7-44be-84ef-e933648649bb","UNDE","D05","UNDE","2016-08-24T23:36Z","2016-08-26T13:00Z","UNDE.2016.34.AEDCAN2.F.T","UNDE.2016.34.AEDCAN2.F.T.10",39,
"6322b938-d92f-4e5f-aaae-b3c234c67940","UNDE","D05","UNDE","2016-08-24T23:36Z","2016-08-26T13:00Z","UNDE.2016.34.AEDCAN2.F.T","UNDE.2016.34.AEDCAN2.F.T.06",40,
"f9fef406-f7ac-4478-a8d4-0d59ccfba2c6","UNDE","D05","UNDE","2016-08-24T23:36Z","2016-08-26T13:00Z","UNDE.2016.34.AEDCAN2.F.T","UNDE.2016.34.AEDCAN2.F.T.04",40,
"9fd3fea5-7ea5-4f8d-8139-472ce2e52e1a","UNDE","D05","UNDE","2016-08-24T23:39Z","2016-08-26T12:55Z","UNDE.2016.34.AEDEXC.F.T","UNDE.2016.34.AEDEXC.F.T.08",38,
"85d02ebd-49db-40f3-8841-8c15db32253c","UNDE","D05","UNDE","2016-08-24T23:39Z","2016-08-26T12:55Z","UNDE.2016.34.AEDEXC.F.T","UNDE.2016.34.AEDEXC.F.T.09",37,
"8cc998e8-a694-4ca5-b93b-273a02615161","UNDE","D05","UNDE","2016-08-24T23:39Z","2016-08-26T12:55Z","UNDE.2016.34.AEDEXC.F.T","UNDE.2016.34.AEDEXC.F.T.01",38,
"b3985ad4-bd2f-40e1-b3bb-8b0fcc525f33","UNDE","D05","UNDE","2016-08-24T23:39Z","2016-08-26T12:55Z","UNDE.2016.34.AEDEXC.F.T","UNDE.2016.34.AEDEXC.F.T.03",38,
"120988c5-d39d-446b-a074-a646bb3d3d9c","UNDE","D05","UNDE","2016-08-24T23:39Z","2016-08-26T12:55Z","UNDE.2016.34.AEDEXC.F.T","UNDE.2016.34.AEDEXC.F.T.05",38,
"059e3089-cd6d-4ff6-bc30-7a39a837a274","UNDE","D05","UNDE","2016-08-24T23:39Z","2016-08-26T12:55Z","UNDE.2016.34.AEDEXC.F.T","UNDE.2016.34.AEDEXC.F.T.06",38,
"62c85d2f-0480-490a-8f8a-8847e79547a7","UNDE","D05","UNDE","2016-08-24T23:39Z","2016-08-26T12:55Z","UNDE.2016.34.AEDEXC.F.T","UNDE.2016.34.AEDEXC.F.T.12",37,
"d95b0cc2-4042-4586-b192-6d91205375aa","UNDE","D05","UNDE","2016-08-24T23:39Z","2016-08-26T12:55Z","UNDE.2016.34.AEDSTI.F.T","UNDE.2016.34.AEDSTI.F.T.02",23,
"eb4e6c13-efe7-46cb-8ae2-673933053585","UNDE","D05","UNDE","2016-08-24T23:39Z","2016-08-26T12:55Z","UNDE.2016.34.AEDEXC.F.T","UNDE.2016.34.AEDEXC.F.T.11",37,
"f01e1fd9-c899-4da9-bf58-250b35ccf2c5","UNDE","D05","UNDE","2016-08-24T23:39Z","2016-08-26T12:55Z","UNDE.2016.34.AEDEXC.F.T","UNDE.2016.34.AEDEXC.F.T.07",38,
"5f7f3998-5c21-4af6-ab1b-1d749db07a71","UNDE","D05","UNDE","2016-08-24T23:39Z","2016-08-26T12:55Z","UNDE.2016.34.AEDEXC.F.T","UNDE.2016.34.AEDEXC.F.T.10",37,
"9faad770-37d3-447c-84cb-c487c91db400","UNDE","D05","UNDE","2016-08-24T23:39Z","2016-08-26T12:55Z","UNDE.2016.34.AEDEXC.F.T","UNDE.2016.34.AEDEXC.F.T.04",38,
"b25619fe-d680-44f5-b0c6-986e958c86ac","UNDE","D05","UNDE","2016-08-24T23:39Z","2016-08-26T12:55Z","UNDE.2016.34.AEDEXC.F.T","UNDE.2016.34.AEDEXC.F.T.02",38,
"8fe7dd12-fe42-4488-a686-be68aa9168b1","UNDE","D05","UNDE","2016-08-24T23:39Z","2016-08-26T12:55Z","UNDE.2016.34.AEDSTI.F.T","UNDE.2016.34.AEDSTI.F.T.01",23,
