uid,namedLocation,domainID,siteID,nlcdClass,decimalLatitude,decimalLongitude,geodeticDatum,coordinateUncertainty,elevation,elevationUncertainty,startCollectDate,endCollectDate,receivedDate,testedDate,testingVialID,deprecatedVialID,sampleCondition,testProtocolVersion,testMethod,testResult,testPathogenName,testNumber,finalResult,locus,percentIdentity,sequenceDatabase,sequenceDatabaseID,extractDepleted,remarks,testedBy,laboratoryName
"fd4bd7ce-77fe-45d4-8f39-7f2cc879ba71","CPER","D10","CPER",,40.815536,-104.745591,"WGS84",,1654.0,,"2014-07-01T00:30Z","2014-07-02T14:43Z","2015-01-06T12:00Z","2015-01-07T12:00Z","CPER.2014.26.AEDDOR.F.T.01","CPER.2014.4.Aedes dorsalis.Female.T1","No known compromise","Other","PCR","Negative","BUNV",2,"N",,,,,"Y","testedDate may be inaccurate|sampleCompromised is unknown|testedBy may be inaccurate","Wp94RvOv+/IH+klBJiHvM/3a2EhfesxK","University of Illinois"
"f4311be2-546a-45c3-a7ec-2bfe16f9b498","CPER","D10","CPER",,40.815536,-104.745591,"WGS84",,1654.0,,"2014-07-01T00:30Z","2014-07-02T14:43Z","2015-01-06T12:00Z","2015-01-07T12:00Z","CPER.2014.26.AEDDOR.F.T.01","CPER.2014.4.Aedes dorsalis.Female.T1","No known compromise","Other","PCR","Negative","TOGV",1,"N",,,,,"Y","testedDate may be inaccurate|sampleCompromised is unknown|testedBy may be inaccurate","Wp94RvOv+/IH+klBJiHvM/3a2EhfesxK","University of Illinois"
"8d429c5f-4b82-4298-a957-5d59b4fa911c","CPER","D10","CPER",,40.815536,-104.745591,"WGS84",,1654.0,,"2014-07-01T00:30Z","2014-07-02T14:43Z","2015-01-06T12:00Z","2015-01-07T12:00Z","CPER.2014.26.AEDDOR.F.T.01","CPER.2014.4.Aedes dorsalis.Female.T1","No known compromise","Other","PCR","Negative","FLAV",3,"Y",,,,,"Y","testedDate may be inaccurate|sampleCompromised is unknown|testedBy may be inaccurate","Wp94RvOv+/IH+klBJiHvM/3a2EhfesxK","University of Illinois"
"6dcdf57b-9cc6-4d1d-b283-c90feeb0f7f9","CPER","D10","CPER",,40.815536,-104.745591,"WGS84",,1654.0,,"2014-07-15T00:09Z","2014-07-16T13:43Z","2015-01-06T12:00Z","2015-01-07T12:00Z","CPER.2014.28.AEDDOR.F.T.06","CPER.2014.5.Aedes dorsalis.Female.T6","No known compromise","Other","PCR","Negative","BUNV",2,"N",,,,,"Y","testedDate may be inaccurate|sampleCompromised is unknown|testedBy may be inaccurate","Wp94RvOv+/IH+klBJiHvM/3a2EhfesxK","University of Illinois"
"3ec5443d-8695-431e-a901-0dbcc90f37da","CPER","D10","CPER",,40.815536,-104.745591,"WGS84",,1654.0,,"2014-07-15T00:09Z","2014-07-16T13:43Z","2015-01-06T12:00Z","2015-01-07T12:00Z","CPER.2014.28.AEDDOR.F.T.03","CPER.2014.5.Aedes dorsalis.Female.T3","No known compromise","Other","PCR","Negative","FLAV",3,"Y",,,,,"Y","testedDate may be inaccurate|sampleCompromised is unknown|testedBy may be inaccurate","Wp94RvOv+/IH+klBJiHvM/3a2EhfesxK","University of Illinois"
"5ee36a7a-8ce1-4ebb-80c2-819626d52a1a","CPER","D10","CPER",,40.815536,-104.745591,"WGS84",,1654.0,,"2014-07-15T00:09Z","2014-07-16T13:43Z","2015-01-06T12:00Z","2015-01-07T12:00Z","CPER.2014.28.AEDDOR.F.T.08","CPER.2014.5.Aedes dorsalis.Female.T8","No known compromise","Other","PCR","Negative","BUNV",2,"N",,,,,"Y","testedDate may be inaccurate|sampleCompromised is unknown|testedBy may be inaccurate","Wp94RvOv+/IH+klBJiHvM/3a2EhfesxK","University of Illinois"
"1d91fe35-da4a-45ec-8542-2d0b5c3ab4df","CPER","D10","CPER",,40.815536,-104.745591,"WGS84",,1654.0,,"2014-07-15T00:09Z","2014-07-16T13:43Z","2015-01-06T12:00Z","2015-01-07T12:00Z","CPER.2014.28.AEDDOR.F.T.05","CPER.2014.5.Aedes dorsalis.Female.T5","No known compromise","Other","PCR","Negative","BUNV",2,"N",,,,,"Y","testedDate may be inaccurate|sampleCompromised is unknown|testedBy may be inaccurate","Wp94RvOv+/IH+klBJiHvM/3a2EhfesxK","University of Illinois"
"4313a668-c2e3-4f4f-8670-6de3d851bd04","CPER","D10","CPER",,40.815536,-104.745591,"WGS84",,1654.0,,"2014-07-15T00:09Z","2014-07-16T13:43Z","2015-01-06T12:00Z","2015-01-07T12:00Z","CPER.2014.28.AEDDOR.F.T.07","CPER.2014.5.Aedes dorsalis.Female.T7","No known compromise","Other","PCR","Negative","BUNV",2,"N",,,,,"Y","testedDate may be inaccurate|sampleCompromised is unknown|testedBy may be inaccurate","Wp94RvOv+/IH+klBJiHvM/3a2EhfesxK","University of Illinois"
"4b771c7a-cea2-40c5-b14a-cd00937a0516","CPER","D10","CPER",,40.815536,-104.745591,"WGS84",,1654.0,,"2014-07-15T00:09Z","2014-07-16T13:43Z","2015-01-06T12:00Z","2015-01-07T12:00Z","CPER.2014.28.AEDDOR.F.T.01","CPER.2014.5.Aedes dorsalis.Female.T1","No known compromise","Other","PCR","Negative","BUNV",2,"N",,,,,"Y","testedDate may be inaccurate|sampleCompromised is unknown|testedBy may be inaccurate","Wp94RvOv+/IH+klBJiHvM/3a2EhfesxK","University of Illinois"
"5455a010-82e3-4efa-a746-e7abedae0038","CPER","D10","CPER",,40.815536,-104.745591,"WGS84",,1654.0,,"2014-07-15T00:09Z","2014-07-16T13:43Z","2015-01-06T12:00Z","2015-01-07T12:00Z","CPER.2014.28.CULTAR.F.T.01","CPER.2014.4.Culex tarsalis.Female.T1","No known compromise","Other","PCR","Negative","BUNV",2,"N",,,,,"Y","testedDate may be inaccurate|sampleCompromised is unknown|testedBy may be inaccurate","Wp94RvOv+/IH+klBJiHvM/3a2EhfesxK","University of Illinois"
"fff85ded-28ae-4fbe-a5e3-4709071a9b4d","CPER","D10","CPER",,40.815536,-104.745591,"WGS84",,1654.0,,"2014-07-15T00:09Z","2014-07-16T13:43Z","2015-01-06T12:00Z","2015-01-07T12:00Z","CPER.2014.28.CULTAR.F.T.02","CPER.2014.4.Culex tarsalis.Female.T2","No known compromise","Other","PCR","Negative","BUNV",2,"N",,,,,"Y","testedDate may be inaccurate|sampleCompromised is unknown|testedBy may be inaccurate","Wp94RvOv+/IH+klBJiHvM/3a2EhfesxK","University of Illinois"
"0a03c9e8-8cc8-45f4-af11-4fc999efe3e3","CPER","D10","CPER",,40.815536,-104.745591,"WGS84",,1654.0,,"2014-07-15T00:09Z","2014-07-16T13:43Z","2015-01-06T12:00Z","2015-01-07T12:00Z","CPER.2014.28.AEDDOR.F.T.02","CPER.2014.5.Aedes dorsalis.Female.T2","No known compromise","Other","PCR","Negative","BUNV",2,"N",,,,,"Y","testedDate may be inaccurate|sampleCompromised is unknown|testedBy may be inaccurate","Wp94RvOv+/IH+klBJiHvM/3a2EhfesxK","University of Illinois"
"5d970704-595c-4a80-bcd3-c36eaa0f09cf","CPER","D10","CPER",,40.815536,-104.745591,"WGS84",,1654.0,,"2014-07-15T00:09Z","2014-07-16T13:43Z","2015-01-06T12:00Z","2015-01-07T12:00Z","CPER.2014.28.AEDDOR.F.T.03","CPER.2014.5.Aedes dorsalis.Female.T3","No known compromise","Other","PCR","Negative","BUNV",2,"N",,,,,"Y","testedDate may be inaccurate|sampleCompromised is unknown|testedBy may be inaccurate","Wp94RvOv+/IH+klBJiHvM/3a2EhfesxK","University of Illinois"
"44e50507-a825-4cb8-a1b9-e5a913e4cb25","CPER","D10","CPER",,40.815536,-104.745591,"WGS84",,1654.0,,"2014-07-15T00:09Z","2014-07-16T13:43Z","2015-01-06T12:00Z","2015-01-07T12:00Z","CPER.2014.28.AEDDOR.F.T.01","CPER.2014.5.Aedes dorsalis.Female.T1","No known compromise","Other","PCR","Negative","TOGV",1,"N",,,,,"Y","testedDate may be inaccurate|sampleCompromised is unknown|testedBy may be inaccurate","Wp94RvOv+/IH+klBJiHvM/3a2EhfesxK","University of Illinois"
"f6d76f40-e3c4-432c-a786-5e21c59b580f","CPER","D10","CPER",,40.815536,-104.745591,"WGS84",,1654.0,,"2014-07-15T00:09Z","2014-07-16T13:43Z","2015-01-06T12:00Z","2015-01-07T12:00Z","CPER.2014.28.AEDDOR.F.T.06","CPER.2014.5.Aedes dorsalis.Female.T6","No known compromise","Other","PCR","Negative","TOGV",1,"N",,,,,"Y","testedDate may be inaccurate|sampleCompromised is unknown|testedBy may be inaccurate","Wp94RvOv+/IH+klBJiHvM/3a2EhfesxK","University of Illinois"
"8d715c39-78e0-47ec-8345-fd449aaa206a","CPER","D10","CPER",,40.815536,-104.745591,"WGS84",,1654.0,,"2014-07-15T00:09Z","2014-07-16T13:43Z","2015-01-06T12:00Z","2015-01-07T12:00Z","CPER.2014.28.AEDDOR.F.T.07","CPER.2014.5.Aedes dorsalis.Female.T7","No known compromise","Other","PCR","Negative","TOGV",1,"N",,,,,"Y","testedDate may be inaccurate|sampleCompromised is unknown|testedBy may be inaccurate","Wp94RvOv+/IH+klBJiHvM/3a2EhfesxK","University of Illinois"
"6b2a3a7e-357e-40d4-b2a0-3c065f670277","CPER","D10","CPER",,40.815536,-104.745591,"WGS84",,1654.0,,"2014-07-15T00:09Z","2014-07-16T13:43Z","2015-01-06T12:00Z","2015-01-07T12:00Z","CPER.2014.28.CULTAR.F.T.01","CPER.2014.4.Culex tarsalis.Female.T1","No known compromise","Other","PCR","Negative","TOGV",1,"N",,,,,"Y","testedDate may be inaccurate|sampleCompromised is unknown|testedBy may be inaccurate","Wp94RvOv+/IH+klBJiHvM/3a2EhfesxK","University of Illinois"
"ae822edc-6182-4e7f-af64-114a37da8e7a","CPER","D10","CPER",,40.815536,-104.745591,"WGS84",,1654.0,,"2014-07-15T00:09Z","2014-07-16T13:43Z","2015-01-06T12:00Z","2015-01-07T12:00Z","CPER.2014.28.AEDDOR.F.T.08","CPER.2014.5.Aedes dorsalis.Female.T8","No known compromise","Other","PCR","Negative","TOGV",1,"N",,,,,"Y","testedDate may be inaccurate|sampleCompromised is unknown|testedBy may be inaccurate","Wp94RvOv+/IH+klBJiHvM/3a2EhfesxK","University of Illinois"
"d4c67f2b-26ad-413e-9548-60e1c091e437","CPER","D10","CPER",,40.815536,-104.745591,"WGS84",,1654.0,,"2014-07-15T00:09Z","2014-07-16T13:43Z","2015-01-06T12:00Z","2015-01-07T12:00Z","CPER.2014.28.AEDDOR.F.T.05","CPER.2014.5.Aedes dorsalis.Female.T5","No known compromise","Other","PCR","Negative","TOGV",1,"N",,,,,"Y","testedDate may be inaccurate|sampleCompromised is unknown|testedBy may be inaccurate","Wp94RvOv+/IH+klBJiHvM/3a2EhfesxK","University of Illinois"
"3085ac01-791b-477c-ade6-6f7d46f9547c","CPER","D10","CPER",,40.815536,-104.745591,"WGS84",,1654.0,,"2014-07-15T00:09Z","2014-07-16T13:43Z","2015-01-06T12:00Z","2015-01-07T12:00Z","CPER.2014.28.AEDDOR.F.T.04","CPER.2014.5.Aedes dorsalis.Female.T4","No known compromise","Other","PCR","Negative","TOGV",1,"N",,,,,"Y","testedDate may be inaccurate|sampleCompromised is unknown|testedBy may be inaccurate","Wp94RvOv+/IH+klBJiHvM/3a2EhfesxK","University of Illinois"
"fd62d6d1-5c91-4cba-9e2b-798b638aa67b","CPER","D10","CPER",,40.815536,-104.745591,"WGS84",,1654.0,,"2014-07-15T00:09Z","2014-07-16T13:43Z","2015-01-06T12:00Z","2015-01-07T12:00Z","CPER.2014.28.AEDDOR.F.T.03","CPER.2014.5.Aedes dorsalis.Female.T3","No known compromise","Other","PCR","Negative","TOGV",1,"N",,,,,"Y","testedDate may be inaccurate|sampleCompromised is unknown|testedBy may be inaccurate","Wp94RvOv+/IH+klBJiHvM/3a2EhfesxK","University of Illinois"
"6b2abcae-789d-42e4-9c80-e2f97cac7497","CPER","D10","CPER",,40.815536,-104.745591,"WGS84",,1654.0,,"2014-07-15T00:09Z","2014-07-16T13:43Z","2015-01-06T12:00Z","2015-01-07T12:00Z","CPER.2014.28.AEDDOR.F.T.02","CPER.2014.5.Aedes dorsalis.Female.T2","No known compromise","Other","PCR","Negative","TOGV",1,"N",,,,,"Y","testedDate may be inaccurate|sampleCompromised is unknown|testedBy may be inaccurate","Wp94RvOv+/IH+klBJiHvM/3a2EhfesxK","University of Illinois"
"3b97a6db-2b60-4b02-aece-4c3e97a2cdbe","CPER","D10","CPER",,40.815536,-104.745591,"WGS84",,1654.0,,"2014-07-15T00:09Z","2014-07-16T13:43Z","2015-01-06T12:00Z","2015-01-07T12:00Z","CPER.2014.28.CULTAR.F.T.02","CPER.2014.4.Culex tarsalis.Female.T2","No known compromise","Other","PCR","Negative","TOGV",1,"N",,,,,"Y","testedDate may be inaccurate|sampleCompromised is unknown|testedBy may be inaccurate","Wp94RvOv+/IH+klBJiHvM/3a2EhfesxK","University of Illinois"
"9ac90edb-b91c-4e85-9d8c-e95b2ad5f340","CPER","D10","CPER",,40.815536,-104.745591,"WGS84",,1654.0,,"2014-07-15T00:09Z","2014-07-16T13:43Z","2015-01-06T12:00Z","2015-01-07T12:00Z","CPER.2014.28.AEDDOR.F.T.02","CPER.2014.5.Aedes dorsalis.Female.T2","No known compromise","Other","PCR","Negative","FLAV",3,"Y",,,,,"Y","testedDate may be inaccurate|sampleCompromised is unknown|testedBy may be inaccurate","Wp94RvOv+/IH+klBJiHvM/3a2EhfesxK","University of Illinois"
"126dc3be-fd65-46e3-b4be-9cf1b881e893","CPER","D10","CPER",,40.815536,-104.745591,"WGS84",,1654.0,,"2014-07-15T00:09Z","2014-07-16T13:43Z","2015-01-06T12:00Z","2015-01-07T12:00Z","CPER.2014.28.AEDDOR.F.T.05","CPER.2014.5.Aedes dorsalis.Female.T5","No known compromise","Other","PCR","Negative","FLAV",3,"Y",,,,,"Y","testedDate may be inaccurate|sampleCompromised is unknown|testedBy may be inaccurate","Wp94RvOv+/IH+klBJiHvM/3a2EhfesxK","University of Illinois"
"674e140f-7896-4f96-903e-09750a34394a","CPER","D10","CPER",,40.815536,-104.745591,"WGS84",,1654.0,,"2014-07-15T00:09Z","2014-07-16T13:43Z","2015-01-06T12:00Z","2015-01-07T12:00Z","CPER.2014.28.AEDDOR.F.T.06","CPER.2014.5.Aedes dorsalis.Female.T6","No known compromise","Other","PCR","Negative","FLAV",3,"Y",,,,,"Y","testedDate may be inaccurate|sampleCompromised is unknown|testedBy may be inaccurate","Wp94RvOv+/IH+klBJiHvM/3a2EhfesxK","University of Illinois"
"f372d549-1e87-48ae-9175-fff6a671383e","CPER","D10","CPER",,40.815536,-104.745591,"WGS84",,1654.0,,"2014-07-15T00:09Z","2014-07-16T13:43Z","2015-01-06T12:00Z","2015-01-07T12:00Z","CPER.2014.28.AEDDOR.F.T.04","CPER.2014.5.Aedes dorsalis.Female.T4","No known compromise","Other","PCR","Negative","FLAV",3,"Y",,,,,"Y","testedDate may be inaccurate|sampleCompromised is unknown|testedBy may be inaccurate","Wp94RvOv+/IH+klBJiHvM/3a2EhfesxK","University of Illinois"
"c5adcb2d-73f3-464e-91cc-353fc04bac6e","CPER","D10","CPER",,40.815536,-104.745591,"WGS84",,1654.0,,"2014-07-15T00:09Z","2014-07-16T13:43Z","2015-01-06T12:00Z","2015-01-07T12:00Z","CPER.2014.28.AEDDOR.F.T.08","CPER.2014.5.Aedes dorsalis.Female.T8","No known compromise","Other","PCR","Negative","FLAV",3,"Y",,,,,"Y","testedDate may be inaccurate|sampleCompromised is unknown|testedBy may be inaccurate","Wp94RvOv+/IH+klBJiHvM/3a2EhfesxK","University of Illinois"
"4d5d48db-a391-4e37-9673-32322117255a","CPER","D10","CPER",,40.815536,-104.745591,"WGS84",,1654.0,,"2014-07-15T00:09Z","2014-07-16T13:43Z","2015-01-06T12:00Z","2015-01-07T12:00Z","CPER.2014.28.CULTAR.F.T.02","CPER.2014.4.Culex tarsalis.Female.T2","No known compromise","Other","PCR","Negative","FLAV",3,"Y",,,,,"Y","testedDate may be inaccurate|sampleCompromised is unknown|testedBy may be inaccurate","Wp94RvOv+/IH+klBJiHvM/3a2EhfesxK","University of Illinois"
"238673b1-81aa-42ca-a50d-16bf328f18af","CPER","D10","CPER",,40.815536,-104.745591,"WGS84",,1654.0,,"2014-07-15T00:09Z","2014-07-16T13:43Z","2015-01-06T12:00Z","2015-01-07T12:00Z","CPER.2014.28.AEDDOR.F.T.01","CPER.2014.5.Aedes dorsalis.Female.T1","No known compromise","Other","PCR","Negative","FLAV",3,"Y",,,,,"Y","testedDate may be inaccurate|sampleCompromised is unknown|testedBy may be inaccurate","Wp94RvOv+/IH+klBJiHvM/3a2EhfesxK","University of Illinois"
"b1c2f810-337b-42b1-b99f-4d0a030619f0","CPER","D10","CPER",,40.815536,-104.745591,"WGS84",,1654.0,,"2014-07-15T00:09Z","2014-07-16T13:43Z","2015-01-06T12:00Z","2015-01-07T12:00Z","CPER.2014.28.AEDDOR.F.T.07","CPER.2014.5.Aedes dorsalis.Female.T7","No known compromise","Other","PCR","Negative","FLAV",3,"Y",,,,,"Y","testedDate may be inaccurate|sampleCompromised is unknown|testedBy may be inaccurate","Wp94RvOv+/IH+klBJiHvM/3a2EhfesxK","University of Illinois"
"2c669725-dfda-4223-bc87-90b6e0af9ebf","CPER","D10","CPER",,40.815536,-104.745591,"WGS84",,1654.0,,"2014-07-15T00:09Z","2014-07-16T13:43Z","2015-01-06T12:00Z","2015-01-07T12:00Z","CPER.2014.28.CULTAR.F.T.01","CPER.2014.4.Culex tarsalis.Female.T1","No known compromise","Other","PCR","Negative","FLAV",3,"Y",,,,,"Y","testedDate may be inaccurate|sampleCompromised is unknown|testedBy may be inaccurate","Wp94RvOv+/IH+klBJiHvM/3a2EhfesxK","University of Illinois"
"aafd35b6-ba1e-4012-8a99-fd4b524a8cd8","CPER","D10","CPER",,40.815536,-104.745591,"WGS84",,1654.0,,"2014-07-15T00:09Z","2014-07-16T13:43Z","2015-01-06T12:00Z","2015-01-07T12:00Z","CPER.2014.28.AEDDOR.F.T.04","CPER.2014.5.Aedes dorsalis.Female.T4","No known compromise","Other","PCR","Negative","BUNV",2,"N",,,,,"Y","testedDate may be inaccurate|sampleCompromised is unknown|testedBy may be inaccurate","Wp94RvOv+/IH+klBJiHvM/3a2EhfesxK","University of Illinois"
"e589df06-6e71-43b5-a5c1-004b01ceb4bf","CPER","D10","CPER",,40.815536,-104.745591,"WGS84",,1654.0,,"2014-07-28T20:18Z","2014-07-30T13:34Z","2015-01-06T12:00Z","2015-01-07T12:00Z","CPER.2014.30.AEDDOR.F.T.01","CPER.2014.6.Aedes dorsalis.Female.T1","No known compromise","Other","PCR","Negative","FLAV",3,"Y",,,,,"Y","testedDate may be inaccurate|sampleCompromised is unknown|testedBy may be inaccurate","Wp94RvOv+/IH+klBJiHvM/3a2EhfesxK","University of Illinois"
"96a41013-5c91-4f4a-9d51-ae4697633c5f","CPER","D10","CPER",,40.815536,-104.745591,"WGS84",,1654.0,,"2014-07-28T20:18Z","2014-07-30T13:34Z","2015-01-06T12:00Z","2015-01-07T12:00Z","CPER.2014.30.AEDDOR.F.T.01","CPER.2014.6.Aedes dorsalis.Female.T1","No known compromise","Other","PCR","Negative","TOGV",1,"N",,,,,"Y","testedDate may be inaccurate|sampleCompromised is unknown|testedBy may be inaccurate","Wp94RvOv+/IH+klBJiHvM/3a2EhfesxK","University of Illinois"
"561d7970-03f5-4d4a-badf-97a64fdb2714","CPER","D10","CPER",,40.815536,-104.745591,"WGS84",,1654.0,,"2014-07-28T20:18Z","2014-07-30T13:34Z","2015-01-06T12:00Z","2015-01-07T12:00Z","CPER.2014.30.AEDDOR.F.T.01","CPER.2014.6.Aedes dorsalis.Female.T1","No known compromise","Other","PCR","Negative","BUNV",2,"N",,,,,"Y","testedDate may be inaccurate|sampleCompromised is unknown|testedBy may be inaccurate","Wp94RvOv+/IH+klBJiHvM/3a2EhfesxK","University of Illinois"
"0d351b3e-7f3c-42ff-b38e-791360707a7a","CPER","D10","CPER",,40.815536,-104.745591,"WGS84",,1654.0,,"2014-07-28T20:18Z","2014-07-30T14:05Z","2015-01-06T12:00Z","2015-01-07T12:00Z","CPER.2014.30.CULTAR.F.T.11","CPER.2014.5.Culex tarsalis.Female.T11","No known compromise","Other","PCR","Negative","TOGV",1,"N",,,,,"Y","testedDate may be inaccurate|sampleCompromised is unknown|testedBy may be inaccurate","Wp94RvOv+/IH+klBJiHvM/3a2EhfesxK","University of Illinois"
"48076e49-4a06-4082-8654-3c9aef2eb6a2","CPER","D10","CPER",,40.815536,-104.745591,"WGS84",,1654.0,,"2014-07-28T20:18Z","2014-07-30T14:05Z","2015-01-06T12:00Z","2015-01-07T12:00Z","CPER.2014.30.CULTAR.F.T.12","CPER.2014.5.Culex tarsalis.Female.T12","No known compromise","Other","PCR","Negative","TOGV",1,"N",,,,,"Y","testedDate may be inaccurate|sampleCompromised is unknown|testedBy may be inaccurate","Wp94RvOv+/IH+klBJiHvM/3a2EhfesxK","University of Illinois"
"bde8b768-e2e2-4e6e-a72d-08fcbc5840e4","CPER","D10","CPER",,40.815536,-104.745591,"WGS84",,1654.0,,"2014-07-28T20:18Z","2014-07-30T14:05Z","2015-01-06T12:00Z","2015-01-07T12:00Z","CPER.2014.30.CULTAR.F.T.13","CPER.2014.5.Culex tarsalis.Female.T13","No known compromise","Other","PCR","Negative","TOGV",1,"N",,,,,"Y","testedDate may be inaccurate|sampleCompromised is unknown|testedBy may be inaccurate","Wp94RvOv+/IH+klBJiHvM/3a2EhfesxK","University of Illinois"
"b713484b-1e7b-48df-b0be-7c5cdb524a7d","CPER","D10","CPER",,40.815536,-104.745591,"WGS84",,1654.0,,"2014-07-28T20:18Z","2014-07-30T14:05Z","2015-01-06T12:00Z","2015-01-07T12:00Z","CPER.2014.30.CULTAR.F.T.15","CPER.2014.5.Culex tarsalis.Female.T15","No known compromise","Other","PCR","Negative","TOGV",1,"N",,,,,"Y","testedDate may be inaccurate|sampleCompromised is unknown|testedBy may be inaccurate","Wp94RvOv+/IH+klBJiHvM/3a2EhfesxK","University of Illinois"
"1973bf96-aa54-4cc3-a7d3-88a2266b3203","CPER","D10","CPER",,40.815536,-104.745591,"WGS84",,1654.0,,"2014-07-28T20:18Z","2014-07-30T14:05Z","2015-01-06T12:00Z","2015-01-07T12:00Z","CPER.2014.30.CULTAR.F.T.14","CPER.2014.5.Culex tarsalis.Female.T14","No known compromise","Other","PCR","Negative","TOGV",1,"N",,,,,"Y","testedDate may be inaccurate|sampleCompromised is unknown|testedBy may be inaccurate","Wp94RvOv+/IH+klBJiHvM/3a2EhfesxK","University of Illinois"
"5e9e78c2-c84d-4e0d-83bf-30acd5a9c66c","CPER","D10","CPER",,40.815536,-104.745591,"WGS84",,1654.0,,"2014-07-28T20:18Z","2014-07-30T14:05Z","2015-01-06T12:00Z","2015-01-07T12:00Z","CPER.2014.30.CULTAR.F.T.18","CPER.2014.5.Culex tarsalis.Female.T18","No known compromise","Other","PCR","Negative","TOGV",1,"N",,,,,"Y","testedDate may be inaccurate|sampleCompromised is unknown|testedBy may be inaccurate","Wp94RvOv+/IH+klBJiHvM/3a2EhfesxK","University of Illinois"
"78cac25a-552b-46e1-9499-82c5c0e2ca7c","CPER","D10","CPER",,40.815536,-104.745591,"WGS84",,1654.0,,"2014-07-28T20:18Z","2014-07-30T14:05Z","2015-01-06T12:00Z","2015-01-07T12:00Z","CPER.2014.30.CULTAR.F.T.09","CPER.2014.5.Culex tarsalis.Female.T9","No known compromise","Other","PCR","Negative","TOGV",1,"N",,,,,"Y","testedDate may be inaccurate|sampleCompromised is unknown|testedBy may be inaccurate","Wp94RvOv+/IH+klBJiHvM/3a2EhfesxK","University of Illinois"
"2595ae65-cad9-47f2-9782-0bdf7904c52d","CPER","D10","CPER",,40.815536,-104.745591,"WGS84",,1654.0,,"2014-07-28T20:18Z","2014-07-30T14:05Z","2015-01-06T12:00Z","2015-01-07T12:00Z","CPER.2014.30.CULTAR.F.T.08","CPER.2014.5.Culex tarsalis.Female.T8","No known compromise","Other","PCR","Negative","TOGV",1,"N",,,,,"Y","testedDate may be inaccurate|sampleCompromised is unknown|testedBy may be inaccurate","Wp94RvOv+/IH+klBJiHvM/3a2EhfesxK","University of Illinois"
"7cea94c8-7822-49b4-8e59-8e1d8e7b2b23","CPER","D10","CPER",,40.815536,-104.745591,"WGS84",,1654.0,,"2014-07-28T20:18Z","2014-07-30T14:05Z","2015-01-06T12:00Z","2015-01-07T12:00Z","CPER.2014.30.CULTAR.F.T.07","CPER.2014.5.Culex tarsalis.Female.T7","No known compromise","Other","PCR","Negative","TOGV",1,"N",,,,,"Y","testedDate may be inaccurate|sampleCompromised is unknown|testedBy may be inaccurate","Wp94RvOv+/IH+klBJiHvM/3a2EhfesxK","University of Illinois"
"8c964e67-3bc7-4ffb-b01a-10505c587812","CPER","D10","CPER",,40.815536,-104.745591,"WGS84",,1654.0,,"2014-07-28T20:18Z","2014-07-30T14:05Z","2015-01-06T12:00Z","2015-01-07T12:00Z","CPER.2014.30.CULTAR.F.T.17","CPER.2014.5.Culex tarsalis.Female.T17","No known compromise","Other","PCR","Negative","TOGV",1,"N",,,,,"Y","testedDate may be inaccurate|sampleCompromised is unknown|testedBy may be inaccurate","Wp94RvOv+/IH+klBJiHvM/3a2EhfesxK","University of Illinois"
"503255ab-ae66-4fcf-990a-34e0e993fa43","CPER","D10","CPER",,40.815536,-104.745591,"WGS84",,1654.0,,"2014-07-28T20:18Z","2014-07-30T14:05Z","2015-01-06T12:00Z","2015-01-07T12:00Z","CPER.2014.30.CULTAR.F.T.16","CPER.2014.5.Culex tarsalis.Female.T16","No known compromise","Other","PCR","Negative","TOGV",1,"N",,,,,"Y","testedDate may be inaccurate|sampleCompromised is unknown|testedBy may be inaccurate","Wp94RvOv+/IH+klBJiHvM/3a2EhfesxK","University of Illinois"
"bf64beb5-9969-4bce-b94a-4fb8451ff892","CPER","D10","CPER",,40.815536,-104.745591,"WGS84",,1654.0,,"2014-07-28T20:18Z","2014-07-30T14:05Z","2015-01-06T12:00Z","2015-01-07T12:00Z","CPER.2014.30.CULTAR.F.T.10","CPER.2014.5.Culex tarsalis.Female.T10","No known compromise","Other","PCR","Negative","TOGV",1,"N",,,,,"Y","testedDate may be inaccurate|sampleCompromised is unknown|testedBy may be inaccurate","Wp94RvOv+/IH+klBJiHvM/3a2EhfesxK","University of Illinois"
"7e4b0adf-7768-4544-984b-d10448de03a0","CPER","D10","CPER",,40.815536,-104.745591,"WGS84",,1654.0,,"2014-07-28T20:18Z","2014-07-30T14:05Z","2015-01-06T12:00Z","2015-01-07T12:00Z","CPER.2014.30.CULTAR.F.T.05","CPER.2014.5.Culex tarsalis.Female.T5","No known compromise","Other","PCR","Negative","TOGV",1,"N",,,,,"Y","testedDate may be inaccurate|sampleCompromised is unknown|testedBy may be inaccurate","Wp94RvOv+/IH+klBJiHvM/3a2EhfesxK","University of Illinois"
"6ade7518-9e17-4201-aedc-8f1747f697a9","CPER","D10","CPER",,40.815536,-104.745591,"WGS84",,1654.0,,"2014-07-28T20:18Z","2014-07-30T14:05Z","2015-01-06T12:00Z","2015-01-07T12:00Z","CPER.2014.30.CULTAR.F.T.06","CPER.2014.5.Culex tarsalis.Female.T6","No known compromise","Other","PCR","Negative","TOGV",1,"N",,,,,"Y","testedDate may be inaccurate|sampleCompromised is unknown|testedBy may be inaccurate","Wp94RvOv+/IH+klBJiHvM/3a2EhfesxK","University of Illinois"
"bfaa86a7-fcfa-4bc8-ab11-72e53ccb973d","CPER","D10","CPER",,40.815536,-104.745591,"WGS84",,1654.0,,"2014-07-28T20:18Z","2014-07-30T14:05Z","2015-01-06T12:00Z","2015-01-07T12:00Z","CPER.2014.30.CULTAR.F.T.03","CPER.2014.5.Culex tarsalis.Female.T3","No known compromise","Other","PCR","Negative","TOGV",1,"N",,,,,"Y","testedDate may be inaccurate|sampleCompromised is unknown|testedBy may be inaccurate","Wp94RvOv+/IH+klBJiHvM/3a2EhfesxK","University of Illinois"
"46c75184-587f-460b-bf8e-5eeabbca6bab","CPER","D10","CPER",,40.815536,-104.745591,"WGS84",,1654.0,,"2014-07-28T20:18Z","2014-07-30T14:05Z","2015-01-06T12:00Z","2015-01-07T12:00Z","CPER.2014.30.CULTAR.F.T.04","CPER.2014.5.Culex tarsalis.Female.T4","No known compromise","Other","PCR","Negative","TOGV",1,"N",,,,,"Y","testedDate may be inaccurate|sampleCompromised is unknown|testedBy may be inaccurate","Wp94RvOv+/IH+klBJiHvM/3a2EhfesxK","University of Illinois"
"1bcb8d28-23f9-4a94-9057-72a3c137ae24","CPER","D10","CPER",,40.815536,-104.745591,"WGS84",,1654.0,,"2014-07-28T20:18Z","2014-07-30T14:05Z","2015-01-06T12:00Z","2015-01-07T12:00Z","CPER.2014.30.CULTAR.F.T.02","CPER.2014.5.Culex tarsalis.Female.T2","No known compromise","Other","PCR","Negative","TOGV",1,"N",,,,,"Y","testedDate may be inaccurate|sampleCompromised is unknown|testedBy may be inaccurate","Wp94RvOv+/IH+klBJiHvM/3a2EhfesxK","University of Illinois"
"cad739b3-fba6-4ff2-a08a-a3718f08dca5","CPER","D10","CPER",,40.815536,-104.745591,"WGS84",,1654.0,,"2014-07-28T20:18Z","2014-07-30T14:05Z","2015-01-06T12:00Z","2015-01-07T12:00Z","CPER.2014.30.CULTAR.F.T.01","CPER.2014.5.Culex tarsalis.Female.T1","No known compromise","Other","PCR","Negative","TOGV",1,"N",,,,,"Y","testedDate may be inaccurate|sampleCompromised is unknown|testedBy may be inaccurate","Wp94RvOv+/IH+klBJiHvM/3a2EhfesxK","University of Illinois"
"83200595-ad30-4696-8a4b-fb3c858efced","CPER","D10","CPER",,40.815536,-104.745591,"WGS84",,1654.0,,"2014-07-28T20:18Z","2014-07-30T14:05Z","2015-01-06T12:00Z","2015-01-07T12:00Z","CPER.2014.30.CULTAR.F.T.18","CPER.2014.5.Culex tarsalis.Female.T18","No known compromise","Other","PCR","Negative","FLAV",3,"Y",,,,,"Y","testedDate may be inaccurate|sampleCompromised is unknown|testedBy may be inaccurate","Wp94RvOv+/IH+klBJiHvM/3a2EhfesxK","University of Illinois"
"b96e8420-9b68-4e4a-acb2-02ad8f75a0f4","CPER","D10","CPER",,40.815536,-104.745591,"WGS84",,1654.0,,"2014-07-28T20:18Z","2014-07-30T14:05Z","2015-01-06T12:00Z","2015-01-07T12:00Z","CPER.2014.30.CULTAR.F.T.19","CPER.2014.5.Culex tarsalis.Female.T19","No known compromise","Other","PCR","Negative","FLAV",3,"Y",,,,,"Y","testedDate may be inaccurate|sampleCompromised is unknown|testedBy may be inaccurate","Wp94RvOv+/IH+klBJiHvM/3a2EhfesxK","University of Illinois"
"c2754808-1799-4c32-819e-bd5b42b188c8","CPER","D10","CPER",,40.815536,-104.745591,"WGS84",,1654.0,,"2014-07-28T20:18Z","2014-07-30T14:05Z","2015-01-06T12:00Z","2015-01-07T12:00Z","CPER.2014.30.CULTAR.F.T.16","CPER.2014.5.Culex tarsalis.Female.T16","No known compromise","Other","PCR","Positive","FLAV",3,"N",,,,,"Y","testedDate may be inaccurate|sampleCompromised is unknown|testedBy may be inaccurate","Wp94RvOv+/IH+klBJiHvM/3a2EhfesxK","University of Illinois"
"2b1494a1-37cb-4708-99f5-1e96719ebca5","CPER","D10","CPER",,40.815536,-104.745591,"WGS84",,1654.0,,"2014-07-28T20:18Z","2014-07-30T14:05Z","2015-01-06T12:00Z","2015-01-07T12:00Z","CPER.2014.30.CULTAR.F.T.12","CPER.2014.5.Culex tarsalis.Female.T12","No known compromise","Other","PCR","Negative","FLAV",3,"Y",,,,,"Y","testedDate may be inaccurate|sampleCompromised is unknown|testedBy may be inaccurate","Wp94RvOv+/IH+klBJiHvM/3a2EhfesxK","University of Illinois"
"198259ad-d5a3-4c63-aace-a530da716be4","CPER","D10","CPER",,40.815536,-104.745591,"WGS84",,1654.0,,"2014-07-28T20:18Z","2014-07-30T14:05Z","2015-01-06T12:00Z","2015-01-07T12:00Z","CPER.2014.30.CULTAR.F.T.11","CPER.2014.5.Culex tarsalis.Female.T11","No known compromise","Other","PCR","Negative","FLAV",3,"Y",,,,,"Y","testedDate may be inaccurate|sampleCompromised is unknown|testedBy may be inaccurate","Wp94RvOv+/IH+klBJiHvM/3a2EhfesxK","University of Illinois"
"6bad2ac0-3673-4e2d-94d0-b3f69986a5ef","CPER","D10","CPER",,40.815536,-104.745591,"WGS84",,1654.0,,"2014-07-28T20:18Z","2014-07-30T14:05Z","2015-01-06T12:00Z","2015-01-07T12:00Z","CPER.2014.30.CULTAR.F.T.04","CPER.2014.5.Culex tarsalis.Female.T4","No known compromise","Other","PCR","Negative","FLAV",3,"Y",,,,,"Y","testedDate may be inaccurate|sampleCompromised is unknown|testedBy may be inaccurate","Wp94RvOv+/IH+klBJiHvM/3a2EhfesxK","University of Illinois"
"e4b8106f-724d-4261-bf7d-1cf39c51d890","CPER","D10","CPER",,40.815536,-104.745591,"WGS84",,1654.0,,"2014-07-28T20:18Z","2014-07-30T14:05Z","2015-01-06T12:00Z","2015-01-07T12:00Z","CPER.2014.30.CULTAR.F.T.08","CPER.2014.5.Culex tarsalis.Female.T8","No known compromise","Other","PCR","Negative","FLAV",3,"Y",,,,,"Y","testedDate may be inaccurate|sampleCompromised is unknown|testedBy may be inaccurate","Wp94RvOv+/IH+klBJiHvM/3a2EhfesxK","University of Illinois"
"b2a1e1c8-1d29-49a1-9812-f5af235f1148","CPER","D10","CPER",,40.815536,-104.745591,"WGS84",,1654.0,,"2014-07-28T20:18Z","2014-07-30T14:05Z","2015-01-06T12:00Z","2015-01-07T12:00Z","CPER.2014.30.CULTAR.F.T.13","CPER.2014.5.Culex tarsalis.Female.T13","No known compromise","Other","PCR","Negative","FLAV",3,"Y",,,,,"Y","testedDate may be inaccurate|sampleCompromised is unknown|testedBy may be inaccurate","Wp94RvOv+/IH+klBJiHvM/3a2EhfesxK","University of Illinois"
"b4a5180c-e5df-4124-84f9-0b4e38d491b1","CPER","D10","CPER",,40.815536,-104.745591,"WGS84",,1654.0,,"2014-07-28T20:18Z","2014-07-30T14:05Z","2015-01-06T12:00Z","2015-01-07T12:00Z","CPER.2014.30.CULTAR.F.T.10","CPER.2014.5.Culex tarsalis.Female.T10","No known compromise","Other","PCR","Negative","FLAV",3,"Y",,,,,"Y","testedDate may be inaccurate|sampleCompromised is unknown|testedBy may be inaccurate","Wp94RvOv+/IH+klBJiHvM/3a2EhfesxK","University of Illinois"
"809c858f-5695-4250-9a10-856ed72b1ffc","CPER","D10","CPER",,40.815536,-104.745591,"WGS84",,1654.0,,"2014-07-28T20:18Z","2014-07-30T14:05Z","2015-01-06T12:00Z","2015-01-07T12:00Z","CPER.2014.30.CULTAR.F.T.07","CPER.2014.5.Culex tarsalis.Female.T7","No known compromise","Other","PCR","Positive","FLAV",3,"N",,,,,"Y","testedDate may be inaccurate|sampleCompromised is unknown|testedBy may be inaccurate","Wp94RvOv+/IH+klBJiHvM/3a2EhfesxK","University of Illinois"
"2104cce4-235d-461b-823a-dba15a03a5e9","CPER","D10","CPER",,40.815536,-104.745591,"WGS84",,1654.0,,"2014-07-28T20:18Z","2014-07-30T14:05Z","2015-01-06T12:00Z","2015-01-07T12:00Z","CPER.2014.30.CULTAR.F.T.02","CPER.2014.5.Culex tarsalis.Female.T2","No known compromise","Other","PCR","Negative","FLAV",3,"Y",,,,,"Y","testedDate may be inaccurate|sampleCompromised is unknown|testedBy may be inaccurate","Wp94RvOv+/IH+klBJiHvM/3a2EhfesxK","University of Illinois"
"48746f73-df3f-48f9-a3fd-2d8f67c6548e","CPER","D10","CPER",,40.815536,-104.745591,"WGS84",,1654.0,,"2014-07-28T20:18Z","2014-07-30T14:05Z","2015-01-06T12:00Z","2015-01-07T12:00Z","CPER.2014.30.CULTAR.F.T.14","CPER.2014.5.Culex tarsalis.Female.T14","No known compromise","Other","PCR","Negative","FLAV",3,"Y",,,,,"Y","testedDate may be inaccurate|sampleCompromised is unknown|testedBy may be inaccurate","Wp94RvOv+/IH+klBJiHvM/3a2EhfesxK","University of Illinois"
"190dce0b-a586-430a-9c72-fa22b62805c5","CPER","D10","CPER",,40.815536,-104.745591,"WGS84",,1654.0,,"2014-07-28T20:18Z","2014-07-30T14:05Z","2015-01-06T12:00Z","2015-01-07T12:00Z","CPER.2014.30.CULTAR.F.T.06","CPER.2014.5.Culex tarsalis.Female.T6","No known compromise","Other","PCR","Negative","FLAV",3,"Y",,,,,"Y","testedDate may be inaccurate|sampleCompromised is unknown|testedBy may be inaccurate","Wp94RvOv+/IH+klBJiHvM/3a2EhfesxK","University of Illinois"
"579dc00a-4393-4db4-8eb2-d70f6b0d8d3b","CPER","D10","CPER",,40.815536,-104.745591,"WGS84",,1654.0,,"2014-07-28T20:18Z","2014-07-30T14:05Z","2015-01-06T12:00Z","2015-01-07T12:00Z","CPER.2014.30.CULTAR.F.T.03","CPER.2014.5.Culex tarsalis.Female.T3","No known compromise","Other","PCR","Negative","FLAV",3,"Y",,,,,"Y","testedDate may be inaccurate|sampleCompromised is unknown|testedBy may be inaccurate","Wp94RvOv+/IH+klBJiHvM/3a2EhfesxK","University of Illinois"
"9d525f47-8790-4cc0-b423-7bbd82ccf710","CPER","D10","CPER",,40.815536,-104.745591,"WGS84",,1654.0,,"2014-07-28T20:18Z","2014-07-30T14:05Z","2015-01-06T12:00Z","2015-01-07T12:00Z","CPER.2014.30.CULTAR.F.T.05","CPER.2014.5.Culex tarsalis.Female.T5","No known compromise","Other","PCR","Negative","FLAV",3,"Y",,,,,"Y","testedDate may be inaccurate|sampleCompromised is unknown|testedBy may be inaccurate","Wp94RvOv+/IH+klBJiHvM/3a2EhfesxK","University of Illinois"
"6733b593-d1d9-4951-acc5-a4a55a9082e1","CPER","D10","CPER",,40.815536,-104.745591,"WGS84",,1654.0,,"2014-07-28T20:18Z","2014-07-30T14:05Z","2015-01-06T12:00Z","2015-01-07T12:00Z","CPER.2014.30.CULTAR.F.T.09","CPER.2014.5.Culex tarsalis.Female.T9","No known compromise","Other","PCR","Negative","FLAV",3,"Y",,,,,"Y","testedDate may be inaccurate|sampleCompromised is unknown|testedBy may be inaccurate","Wp94RvOv+/IH+klBJiHvM/3a2EhfesxK","University of Illinois"
"3c11c69f-f88f-485d-901e-0058fa4d8147","CPER","D10","CPER",,40.815536,-104.745591,"WGS84",,1654.0,,"2014-07-28T20:18Z","2014-07-30T14:05Z","2015-01-06T12:00Z","2015-01-07T12:00Z","CPER.2014.30.CULTAR.F.T.15","CPER.2014.5.Culex tarsalis.Female.T15","No known compromise","Other","PCR","Negative","FLAV",3,"Y",,,,,"Y","testedDate may be inaccurate|sampleCompromised is unknown|testedBy may be inaccurate","Wp94RvOv+/IH+klBJiHvM/3a2EhfesxK","University of Illinois"
"d1c10867-637c-440d-adb1-7be0832cfbf6","CPER","D10","CPER",,40.815536,-104.745591,"WGS84",,1654.0,,"2014-07-28T20:18Z","2014-07-30T14:05Z","2015-01-06T12:00Z","2015-01-07T12:00Z","CPER.2014.30.CULTAR.F.T.17","CPER.2014.5.Culex tarsalis.Female.T17","No known compromise","Other","PCR","Negative","FLAV",3,"Y",,,,,"Y","testedDate may be inaccurate|sampleCompromised is unknown|testedBy may be inaccurate","Wp94RvOv+/IH+klBJiHvM/3a2EhfesxK","University of Illinois"
"64b390d2-56e1-4dec-8dc6-6cc76db0e115","CPER","D10","CPER",,40.815536,-104.745591,"WGS84",,1654.0,,"2014-07-28T20:18Z","2014-07-30T14:05Z","2015-01-06T12:00Z","2015-01-07T12:00Z","CPER.2014.30.CULTAR.F.T.01","CPER.2014.5.Culex tarsalis.Female.T1","No known compromise","Other","PCR","Negative","FLAV",3,"Y",,,,,"Y","testedDate may be inaccurate|sampleCompromised is unknown|testedBy may be inaccurate","Wp94RvOv+/IH+klBJiHvM/3a2EhfesxK","University of Illinois"
"9d95a70c-0a41-490e-baa5-3b7c5ef93a40","CPER","D10","CPER",,40.815536,-104.745591,"WGS84",,1654.0,,"2014-07-28T20:18Z","2014-07-30T14:05Z","2015-01-06T12:00Z","2015-01-07T12:00Z","CPER.2014.30.CULTAR.F.T.07","CPER.2014.5.Culex tarsalis.Female.T7","No known compromise","Other","PCR","Positive","WNV",4,"Y",,,,,"Y","testedDate may be inaccurate|sampleCompromised is unknown|testedBy may be inaccurate","Wp94RvOv+/IH+klBJiHvM/3a2EhfesxK","University of Illinois"
"b2824c1c-7579-4e0b-b397-48e6669c7d59","CPER","D10","CPER",,40.815536,-104.745591,"WGS84",,1654.0,,"2014-07-28T20:18Z","2014-07-30T14:05Z","2015-01-06T12:00Z","2015-01-07T12:00Z","CPER.2014.30.CULTAR.F.T.16","CPER.2014.5.Culex tarsalis.Female.T16","No known compromise","Other","PCR","Positive","WNV",4,"Y",,,,,"Y","testedDate may be inaccurate|sampleCompromised is unknown|testedBy may be inaccurate","Wp94RvOv+/IH+klBJiHvM/3a2EhfesxK","University of Illinois"
"52650376-aac5-4eaf-ad61-cff62ce0048d","CPER","D10","CPER",,40.815536,-104.745591,"WGS84",,1654.0,,"2014-07-28T20:18Z","2014-07-30T14:05Z","2015-01-06T12:00Z","2015-01-07T12:00Z","CPER.2014.30.CULTAR.F.T.13","CPER.2014.5.Culex tarsalis.Female.T13","No known compromise","Other","PCR","Negative","BUNV",2,"N",,,,,"Y","testedDate may be inaccurate|sampleCompromised is unknown|testedBy may be inaccurate","Wp94RvOv+/IH+klBJiHvM/3a2EhfesxK","University of Illinois"
"2244c693-c024-400b-8e59-083a0c234841","CPER","D10","CPER",,40.815536,-104.745591,"WGS84",,1654.0,,"2014-07-28T20:18Z","2014-07-30T14:05Z","2015-01-06T12:00Z","2015-01-07T12:00Z","CPER.2014.30.CULTAR.F.T.11","CPER.2014.5.Culex tarsalis.Female.T11","No known compromise","Other","PCR","Negative","BUNV",2,"N",,,,,"Y","testedDate may be inaccurate|sampleCompromised is unknown|testedBy may be inaccurate","Wp94RvOv+/IH+klBJiHvM/3a2EhfesxK","University of Illinois"
"fc9b0ff1-d1f5-48c5-9a4b-dfddfdd5fc29","CPER","D10","CPER",,40.815536,-104.745591,"WGS84",,1654.0,,"2014-07-28T20:18Z","2014-07-30T14:05Z","2015-01-06T12:00Z","2015-01-07T12:00Z","CPER.2014.30.CULTAR.F.T.08","CPER.2014.5.Culex tarsalis.Female.T8","No known compromise","Other","PCR","Negative","BUNV",2,"N",,,,,"Y","testedDate may be inaccurate|sampleCompromised is unknown|testedBy may be inaccurate","Wp94RvOv+/IH+klBJiHvM/3a2EhfesxK","University of Illinois"
"89e70c2a-ee67-4b69-92d0-5115894b5ce2","CPER","D10","CPER",,40.815536,-104.745591,"WGS84",,1654.0,,"2014-07-28T20:18Z","2014-07-30T14:05Z","2015-01-06T12:00Z","2015-01-07T12:00Z","CPER.2014.30.CULTAR.F.T.07","CPER.2014.5.Culex tarsalis.Female.T7","No known compromise","Other","PCR","Negative","BUNV",2,"N",,,,,"Y","testedDate may be inaccurate|sampleCompromised is unknown|testedBy may be inaccurate","Wp94RvOv+/IH+klBJiHvM/3a2EhfesxK","University of Illinois"
"ad0cbfa9-90c9-4b0a-9c0f-f05f4502ee98","CPER","D10","CPER",,40.815536,-104.745591,"WGS84",,1654.0,,"2014-07-28T20:18Z","2014-07-30T14:05Z","2015-01-06T12:00Z","2015-01-07T12:00Z","CPER.2014.30.CULTAR.F.T.10","CPER.2014.5.Culex tarsalis.Female.T10","No known compromise","Other","PCR","Negative","BUNV",2,"N",,,,,"Y","testedDate may be inaccurate|sampleCompromised is unknown|testedBy may be inaccurate","Wp94RvOv+/IH+klBJiHvM/3a2EhfesxK","University of Illinois"
"a6746c80-31f0-4c0d-9c4c-75fe990afce1","CPER","D10","CPER",,40.815536,-104.745591,"WGS84",,1654.0,,"2014-07-28T20:18Z","2014-07-30T14:05Z","2015-01-06T12:00Z","2015-01-07T12:00Z","CPER.2014.30.CULTAR.F.T.17","CPER.2014.5.Culex tarsalis.Female.T17","No known compromise","Other","PCR","Negative","BUNV",2,"N",,,,,"Y","testedDate may be inaccurate|sampleCompromised is unknown|testedBy may be inaccurate","Wp94RvOv+/IH+klBJiHvM/3a2EhfesxK","University of Illinois"
"36fa739a-6916-4736-b523-2aff55a45044","CPER","D10","CPER",,40.815536,-104.745591,"WGS84",,1654.0,,"2014-07-28T20:18Z","2014-07-30T14:05Z","2015-01-06T12:00Z","2015-01-07T12:00Z","CPER.2014.30.CULTAR.F.T.18","CPER.2014.5.Culex tarsalis.Female.T18","No known compromise","Other","PCR","Negative","BUNV",2,"N",,,,,"Y","testedDate may be inaccurate|sampleCompromised is unknown|testedBy may be inaccurate","Wp94RvOv+/IH+klBJiHvM/3a2EhfesxK","University of Illinois"
"0b417fc9-ec12-4776-893f-fd2ee2863669","CPER","D10","CPER",,40.815536,-104.745591,"WGS84",,1654.0,,"2014-07-28T20:18Z","2014-07-30T14:05Z","2015-01-06T12:00Z","2015-01-07T12:00Z","CPER.2014.30.CULTAR.F.T.05","CPER.2014.5.Culex tarsalis.Female.T5","No known compromise","Other","PCR","Negative","BUNV",2,"N",,,,,"Y","testedDate may be inaccurate|sampleCompromised is unknown|testedBy may be inaccurate","Wp94RvOv+/IH+klBJiHvM/3a2EhfesxK","University of Illinois"
"631a46f2-3c70-4831-bb89-d49e477da04d","CPER","D10","CPER",,40.815536,-104.745591,"WGS84",,1654.0,,"2014-07-28T20:18Z","2014-07-30T14:05Z","2015-01-06T12:00Z","2015-01-07T12:00Z","CPER.2014.30.CULTAR.F.T.16","CPER.2014.5.Culex tarsalis.Female.T16","No known compromise","Other","PCR","Negative","BUNV",2,"N",,,,,"Y","testedDate may be inaccurate|sampleCompromised is unknown|testedBy may be inaccurate","Wp94RvOv+/IH+klBJiHvM/3a2EhfesxK","University of Illinois"
"f64b632b-740e-48ca-beba-ebd4f92a890d","CPER","D10","CPER",,40.815536,-104.745591,"WGS84",,1654.0,,"2014-07-28T20:18Z","2014-07-30T14:05Z","2015-01-06T12:00Z","2015-01-07T12:00Z","CPER.2014.30.CULTAR.F.T.14","CPER.2014.5.Culex tarsalis.Female.T14","No known compromise","Other","PCR","Negative","BUNV",2,"N",,,,,"Y","testedDate may be inaccurate|sampleCompromised is unknown|testedBy may be inaccurate","Wp94RvOv+/IH+klBJiHvM/3a2EhfesxK","University of Illinois"
"61637983-1f3c-4cc8-8eb7-6cffc2f892fd","CPER","D10","CPER",,40.815536,-104.745591,"WGS84",,1654.0,,"2014-07-28T20:18Z","2014-07-30T14:05Z","2015-01-06T12:00Z","2015-01-07T12:00Z","CPER.2014.30.CULTAR.F.T.12","CPER.2014.5.Culex tarsalis.Female.T12","No known compromise","Other","PCR","Negative","BUNV",2,"N",,,,,"Y","testedDate may be inaccurate|sampleCompromised is unknown|testedBy may be inaccurate","Wp94RvOv+/IH+klBJiHvM/3a2EhfesxK","University of Illinois"
"7b0d5874-3272-43e4-9b4b-2feec95a4a12","CPER","D10","CPER",,40.815536,-104.745591,"WGS84",,1654.0,,"2014-07-28T20:18Z","2014-07-30T14:05Z","2015-01-06T12:00Z","2015-01-07T12:00Z","CPER.2014.30.CULTAR.F.T.03","CPER.2014.5.Culex tarsalis.Female.T3","No known compromise","Other","PCR","Negative","BUNV",2,"N",,,,,"Y","testedDate may be inaccurate|sampleCompromised is unknown|testedBy may be inaccurate","Wp94RvOv+/IH+klBJiHvM/3a2EhfesxK","University of Illinois"
"cfd44e8e-7beb-4113-9d70-08eb2e511b48","CPER","D10","CPER",,40.815536,-104.745591,"WGS84",,1654.0,,"2014-07-28T20:18Z","2014-07-30T14:05Z","2015-01-06T12:00Z","2015-01-07T12:00Z","CPER.2014.30.CULTAR.F.T.09","CPER.2014.5.Culex tarsalis.Female.T9","No known compromise","Other","PCR","Negative","BUNV",2,"N",,,,,"Y","testedDate may be inaccurate|sampleCompromised is unknown|testedBy may be inaccurate","Wp94RvOv+/IH+klBJiHvM/3a2EhfesxK","University of Illinois"
"5f658131-b010-459c-968c-3fcc1d6b90d7","CPER","D10","CPER",,40.815536,-104.745591,"WGS84",,1654.0,,"2014-07-28T20:18Z","2014-07-30T14:05Z","2015-01-06T12:00Z","2015-01-07T12:00Z","CPER.2014.30.CULTAR.F.T.02","CPER.2014.5.Culex tarsalis.Female.T2","No known compromise","Other","PCR","Negative","BUNV",2,"N",,,,,"Y","testedDate may be inaccurate|sampleCompromised is unknown|testedBy may be inaccurate","Wp94RvOv+/IH+klBJiHvM/3a2EhfesxK","University of Illinois"
"edb0be2c-207b-4f2c-9b7c-b2cfbb360bff","CPER","D10","CPER",,40.815536,-104.745591,"WGS84",,1654.0,,"2014-07-28T20:18Z","2014-07-30T14:05Z","2015-01-06T12:00Z","2015-01-07T12:00Z","CPER.2014.30.CULTAR.F.T.15","CPER.2014.5.Culex tarsalis.Female.T15","No known compromise","Other","PCR","Negative","BUNV",2,"N",,,,,"Y","testedDate may be inaccurate|sampleCompromised is unknown|testedBy may be inaccurate","Wp94RvOv+/IH+klBJiHvM/3a2EhfesxK","University of Illinois"
"1785df6d-7604-4716-8c69-5c7def3ffbd9","CPER","D10","CPER",,40.815536,-104.745591,"WGS84",,1654.0,,"2014-07-28T20:18Z","2014-07-30T14:05Z","2015-01-06T12:00Z","2015-01-07T12:00Z","CPER.2014.30.CULTAR.F.T.04","CPER.2014.5.Culex tarsalis.Female.T4","No known compromise","Other","PCR","Negative","BUNV",2,"N",,,,,"Y","testedDate may be inaccurate|sampleCompromised is unknown|testedBy may be inaccurate","Wp94RvOv+/IH+klBJiHvM/3a2EhfesxK","University of Illinois"
"21b01a0d-6d23-4c02-aafa-4f11c5e94497","CPER","D10","CPER",,40.815536,-104.745591,"WGS84",,1654.0,,"2014-07-28T20:18Z","2014-07-30T14:05Z","2015-01-06T12:00Z","2015-01-07T12:00Z","CPER.2014.30.CULTAR.F.T.19","CPER.2014.5.Culex tarsalis.Female.T19","No known compromise","Other","PCR","Negative","TOGV",1,"N",,,,,"Y","testedDate may be inaccurate|sampleCompromised is unknown|testedBy may be inaccurate","Wp94RvOv+/IH+klBJiHvM/3a2EhfesxK","University of Illinois"
"fa84b48b-16fd-4b38-9951-723a2359e111","CPER","D10","CPER",,40.815536,-104.745591,"WGS84",,1654.0,,"2014-07-28T20:18Z","2014-07-30T14:05Z","2015-01-06T12:00Z","2015-01-07T12:00Z","CPER.2014.30.CULTAR.F.T.06","CPER.2014.5.Culex tarsalis.Female.T6","No known compromise","Other","PCR","Negative","BUNV",2,"N",,,,,"Y","testedDate may be inaccurate|sampleCompromised is unknown|testedBy may be inaccurate","Wp94RvOv+/IH+klBJiHvM/3a2EhfesxK","University of Illinois"
"64095a0a-0f40-4545-aa6d-6f82d1555fcf","CPER","D10","CPER",,40.815536,-104.745591,"WGS84",,1654.0,,"2014-07-28T20:18Z","2014-07-30T14:05Z","2015-01-06T12:00Z","2015-01-07T12:00Z","CPER.2014.30.CULTAR.F.T.19","CPER.2014.5.Culex tarsalis.Female.T19","No known compromise","Other","PCR","Negative","BUNV",2,"N",,,,,"Y","testedDate may be inaccurate|sampleCompromised is unknown|testedBy may be inaccurate","Wp94RvOv+/IH+klBJiHvM/3a2EhfesxK","University of Illinois"
"568d801a-a726-44e1-a2a6-12a34c227557","CPER","D10","CPER",,40.815536,-104.745591,"WGS84",,1654.0,,"2014-07-28T20:18Z","2014-07-30T14:05Z","2015-01-06T12:00Z","2015-01-07T12:00Z","CPER.2014.30.CULTAR.F.T.01","CPER.2014.5.Culex tarsalis.Female.T1","No known compromise","Other","PCR","Negative","BUNV",2,"N",,,,,"Y","testedDate may be inaccurate|sampleCompromised is unknown|testedBy may be inaccurate","Wp94RvOv+/IH+klBJiHvM/3a2EhfesxK","University of Illinois"
