uid,namedLocation,domainID,siteID,startCollectDate,endCollectDate,testingID,testingVialID,poolSize,dataQF
"22c3692a-a12d-4348-9156-3c625980602d","CPER","D10","CPER","2014-07-01T00:30Z","2014-07-02T14:43Z","CPER.2014.26.AEDDOR.F.T","CPER.2014.26.AEDDOR.F.T.01",30,
"e5e458f6-59c7-4bdb-a4f1-e23967c56b9f","CPER","D10","CPER","2014-07-15T00:09Z","2014-07-16T13:43Z","CPER.2014.28.CULTAR.F.T","CPER.2014.28.CULTAR.F.T.02",20,
"d0d841ac-eff1-45d1-b941-9d0431209329","CPER","D10","CPER","2014-07-15T00:09Z","2014-07-16T13:43Z","CPER.2014.28.AEDDOR.F.T","CPER.2014.28.AEDDOR.F.T.08",50,
"0d98394f-3c05-43ea-bd83-e25d1d1eacbd","CPER","D10","CPER","2014-07-15T00:09Z","2014-07-16T13:43Z","CPER.2014.28.AEDDOR.F.T","CPER.2014.28.AEDDOR.F.T.05",50,
"bf161344-77ab-47de-b760-2d26682e6232","CPER","D10","CPER","2014-07-15T00:09Z","2014-07-16T13:43Z","CPER.2014.28.AEDDOR.F.T","CPER.2014.28.AEDDOR.F.T.04",50,
"38e21599-e5a5-4881-89d7-78a1b5b8198f","CPER","D10","CPER","2014-07-15T00:09Z","2014-07-16T13:43Z","CPER.2014.28.CULTAR.F.T","CPER.2014.28.CULTAR.F.T.01",20,
"96c90a63-aef9-49c9-b1df-1f64b55be8ca","CPER","D10","CPER","2014-07-15T00:09Z","2014-07-16T13:43Z","CPER.2014.28.AEDDOR.F.T","CPER.2014.28.AEDDOR.F.T.03",50,
"357f21d2-65b1-4f5b-a72a-596a07ce1c2f","CPER","D10","CPER","2014-07-15T00:09Z","2014-07-16T13:43Z","CPER.2014.28.AEDDOR.F.T","CPER.2014.28.AEDDOR.F.T.07",50,
"27e860e5-f502-4a87-bfdd-f5f231c13a15","CPER","D10","CPER","2014-07-15T00:09Z","2014-07-16T13:43Z","CPER.2014.28.AEDDOR.F.T","CPER.2014.28.AEDDOR.F.T.01",50,
"6b9629a9-073c-4abc-ba9e-b53a61f5af2a","CPER","D10","CPER","2014-07-15T00:09Z","2014-07-16T13:43Z","CPER.2014.28.AEDDOR.F.T","CPER.2014.28.AEDDOR.F.T.06",50,
"03b51fed-2f4d-4977-bdbf-de386449cba2","CPER","D10","CPER","2014-07-15T00:09Z","2014-07-16T13:43Z","CPER.2014.28.AEDDOR.F.T","CPER.2014.28.AEDDOR.F.T.02",50,
"afdc0f6f-96ce-456e-9865-6dca1587ade6","CPER","D10","CPER","2014-07-28T20:18Z","2014-07-30T13:34Z","CPER.2014.30.AEDDOR.F.T","CPER.2014.30.AEDDOR.F.T.01",30,
"53bed1a8-6997-451e-8b82-c0894a1c9b83","CPER","D10","CPER","2014-07-28T20:18Z","2014-07-30T14:05Z","CPER.2014.30.CULTAR.F.T","CPER.2014.30.CULTAR.F.T.17",40,
"6b6ee062-6ef7-47cb-8a43-acd60192748c","CPER","D10","CPER","2014-07-28T20:18Z","2014-07-30T14:05Z","CPER.2014.30.CULTAR.F.T","CPER.2014.30.CULTAR.F.T.02",40,
"18f8ed27-2b7e-45b9-b43b-b267d5936a35","CPER","D10","CPER","2014-07-28T20:18Z","2014-07-30T14:05Z","CPER.2014.30.CULTAR.F.T","CPER.2014.30.CULTAR.F.T.07",40,
"58cafd35-d1e8-42ef-9c34-f5dd77ddf3e2","CPER","D10","CPER","2014-07-28T20:18Z","2014-07-30T14:05Z","CPER.2014.30.CULTAR.F.T","CPER.2014.30.CULTAR.F.T.11",40,
"922f169d-2c09-465e-bb26-f6c546298e03","CPER","D10","CPER","2014-07-28T20:18Z","2014-07-30T14:05Z","CPER.2014.30.CULTAR.F.T","CPER.2014.30.CULTAR.F.T.15",40,
"c742f433-10d6-4781-baaa-528c56205921","CPER","D10","CPER","2014-07-28T20:18Z","2014-07-30T14:05Z","CPER.2014.30.CULTAR.F.T","CPER.2014.30.CULTAR.F.T.14",40,
"8ae77900-47b4-4bbc-b4e3-c050d874cf68","CPER","D10","CPER","2014-07-28T20:18Z","2014-07-30T14:05Z","CPER.2014.30.CULTAR.F.T","CPER.2014.30.CULTAR.F.T.06",40,
"5728f938-5601-4499-b213-6e7e72ef99a6","CPER","D10","CPER","2014-07-28T20:18Z","2014-07-30T14:05Z","CPER.2014.30.CULTAR.F.T","CPER.2014.30.CULTAR.F.T.04",40,
"deea8bcf-c13a-4b53-816c-b75ee5f12ab6","CPER","D10","CPER","2014-07-28T20:18Z","2014-07-30T14:05Z","CPER.2014.30.CULTAR.F.T","CPER.2014.30.CULTAR.F.T.05",40,
"db47dcce-b91f-4616-94a4-74db93b07997","CPER","D10","CPER","2014-07-28T20:18Z","2014-07-30T14:05Z","CPER.2014.30.CULTAR.F.T","CPER.2014.30.CULTAR.F.T.03",40,
"836d188f-71f9-43f8-a392-d9c8ec72a3e2","CPER","D10","CPER","2014-07-28T20:18Z","2014-07-30T14:05Z","CPER.2014.30.CULTAR.F.T","CPER.2014.30.CULTAR.F.T.09",40,
"4fac7ea4-cc56-4d0a-b073-8e31d43878b8","CPER","D10","CPER","2014-07-28T20:18Z","2014-07-30T14:05Z","CPER.2014.30.CULTAR.F.T","CPER.2014.30.CULTAR.F.T.13",40,
"5c165abc-7d59-4f76-aaee-78f2d79ca3f7","CPER","D10","CPER","2014-07-28T20:18Z","2014-07-30T14:05Z","CPER.2014.30.CULTAR.F.T","CPER.2014.30.CULTAR.F.T.08",40,
"86e7b6ba-5449-4bd1-8b67-2b199d0f1009","CPER","D10","CPER","2014-07-28T20:18Z","2014-07-30T14:05Z","CPER.2014.30.CULTAR.F.T","CPER.2014.30.CULTAR.F.T.18",40,
"6acaca2e-a98a-48f9-888f-7eb1f174b089","CPER","D10","CPER","2014-07-28T20:18Z","2014-07-30T14:05Z","CPER.2014.30.CULTAR.F.T","CPER.2014.30.CULTAR.F.T.12",40,
"3470b0b2-0333-4356-8331-656cbca160a7","CPER","D10","CPER","2014-07-28T20:18Z","2014-07-30T14:05Z","CPER.2014.30.CULTAR.F.T","CPER.2014.30.CULTAR.F.T.01",40,
"c8699e9a-35ab-4ce1-98c6-4f86279a7a59","CPER","D10","CPER","2014-07-28T20:18Z","2014-07-30T14:05Z","CPER.2014.30.CULTAR.F.T","CPER.2014.30.CULTAR.F.T.16",40,
"54018b5a-73b1-481c-a749-0b7546189127","CPER","D10","CPER","2014-07-28T20:18Z","2014-07-30T14:05Z","CPER.2014.30.CULTAR.F.T","CPER.2014.30.CULTAR.F.T.19",40,
"52d3ba1e-cff2-476b-9b15-e3d5c48071d0","CPER","D10","CPER","2014-07-28T20:18Z","2014-07-30T14:05Z","CPER.2014.30.CULTAR.F.T","CPER.2014.30.CULTAR.F.T.10",40,
