uid,namedLocation,domainID,siteID,startCollectDate,endCollectDate,testingID,testingVialID,poolSize,dataQF
"de7ee3bf-91da-42a4-9f7a-ff473d0100ba","DSNY","D03","DSNY","2016-11-07T19:13Z","2016-11-09T14:07Z","DSNY.2016.45.CULNIG.F.T","DSNY.2016.45.CULNIG.F.T.14",39,
"e241791c-eff9-4a45-b2c0-38684d823b5d","DSNY","D03","DSNY","2016-11-07T19:13Z","2016-11-09T14:07Z","DSNY.2016.45.CULNIG.F.T","DSNY.2016.45.CULNIG.F.T.08",39,
"4c680d55-b1af-4818-83ac-da729c214b65","DSNY","D03","DSNY","2016-11-07T19:13Z","2016-11-09T14:07Z","DSNY.2016.45.CULNIG.F.T","DSNY.2016.45.CULNIG.F.T.02",39,
"fe806dc9-e05b-4892-8ed9-bcf5af64eabf","DSNY","D03","DSNY","2016-11-07T19:13Z","2016-11-09T14:07Z","DSNY.2016.45.CULNIG.F.T","DSNY.2016.45.CULNIG.F.T.10",39,
"eb166a63-5526-4646-944b-e605468a300a","DSNY","D03","DSNY","2016-11-07T19:13Z","2016-11-09T14:07Z","DSNY.2016.45.CULNIG.F.T","DSNY.2016.45.CULNIG.F.T.13",39,
"f5b82a8c-5362-4e8c-b2ab-4544bfd8215b","DSNY","D03","DSNY","2016-11-07T19:13Z","2016-11-09T14:07Z","DSNY.2016.45.CULNIG.F.T","DSNY.2016.45.CULNIG.F.T.09",39,
"b929808d-3aed-4bbf-8d3f-4880c808c59a","DSNY","D03","DSNY","2016-11-07T19:13Z","2016-11-09T14:07Z","DSNY.2016.45.CULNIG.F.T","DSNY.2016.45.CULNIG.F.T.15",39,
"dc816994-13b5-464d-8145-e19926a5c4b6","DSNY","D03","DSNY","2016-11-07T19:13Z","2016-11-09T14:07Z","DSNY.2016.45.CULNIG.F.T","DSNY.2016.45.CULNIG.F.T.11",39,
"995e3efb-0edb-4dce-9e15-336f700f04a4","DSNY","D03","DSNY","2016-11-07T19:13Z","2016-11-09T14:07Z","DSNY.2016.45.CULNIG.F.T","DSNY.2016.45.CULNIG.F.T.03",39,
"8e2a8bc1-2171-433a-b1d4-46add853c7e1","DSNY","D03","DSNY","2016-11-07T19:13Z","2016-11-09T14:07Z","DSNY.2016.45.CULNIG.F.T","DSNY.2016.45.CULNIG.F.T.12",39,
"d76a8457-2494-4945-a04d-f1b27b09e06c","DSNY","D03","DSNY","2016-11-07T19:13Z","2016-11-09T14:07Z","DSNY.2016.45.CULNIG.F.T","DSNY.2016.45.CULNIG.F.T.07",39,
"692a250d-f37e-4cc1-9037-46737119840e","DSNY","D03","DSNY","2016-11-07T19:13Z","2016-11-09T14:07Z","DSNY.2016.45.CULNIG.F.T","DSNY.2016.45.CULNIG.F.T.01",39,
"6841c455-697a-4d7f-a4ef-d6fcffde83bb","DSNY","D03","DSNY","2016-11-07T19:13Z","2016-11-09T14:07Z","DSNY.2016.45.CULNIG.F.T","DSNY.2016.45.CULNIG.F.T.04",39,
"7b480809-00d6-4cb5-8f16-71357d3f374c","DSNY","D03","DSNY","2016-11-07T19:13Z","2016-11-09T14:07Z","DSNY.2016.45.CULNIG.F.T","DSNY.2016.45.CULNIG.F.T.05",39,
"26a228dd-7884-4bb4-8e02-22ce1d9b723f","DSNY","D03","DSNY","2016-11-07T19:13Z","2016-11-09T14:07Z","DSNY.2016.45.CULNIG.F.T","DSNY.2016.45.CULNIG.F.T.06",39,
"ceaaa6d9-ec70-47ae-b62b-084d171a954c","DSNY","D03","DSNY","2016-11-07T19:22Z","2016-11-09T14:07Z","DSNY.2016.45.CULERR.F.T","DSNY.2016.45.CULERR.F.T.03",31,
"3a747c29-0f15-49a1-8b92-939bd09616b3","DSNY","D03","DSNY","2016-11-07T19:22Z","2016-11-09T14:07Z","DSNY.2016.45.CULERR.F.T","DSNY.2016.45.CULERR.F.T.02",31,
"fcf8430a-f574-4365-806b-364fcbc06f46","DSNY","D03","DSNY","2016-11-07T19:22Z","2016-11-09T14:07Z","DSNY.2016.45.CULERR.F.T","DSNY.2016.45.CULERR.F.T.01",32,
