uid,namedLocation,domainID,siteID,startCollectDate,endCollectDate,testingID,testingVialID,poolSize,dataQF
"e6ebd29f-b5c5-45be-9e9d-bf5666e323cc","NOGP","D09","NOGP","2016-05-23T22:42Z","2016-05-25T14:54Z","NOGP.2016.21.AEDDOR.F.T","NOGP.2016.21.AEDDOR.F.T.18",39,
"43f6c230-21bc-4766-9357-b714aab20797","NOGP","D09","NOGP","2016-05-23T22:42Z","2016-05-25T14:54Z","NOGP.2016.21.AEDDOR.F.T","NOGP.2016.21.AEDDOR.F.T.20",39,
"db9ef617-1ee4-46ce-b8f6-cac0a59e097f","NOGP","D09","NOGP","2016-05-23T22:42Z","2016-05-25T14:54Z","NOGP.2016.21.AEDDOR.F.T","NOGP.2016.21.AEDDOR.F.T.29",39,
"3f01252e-a999-4d1d-956c-97c5fca2b322","NOGP","D09","NOGP","2016-05-23T22:42Z","2016-05-25T14:54Z","NOGP.2016.21.AEDDOR.F.T","NOGP.2016.21.AEDDOR.F.T.14",40,
"473ac045-200d-4d2d-a47c-764dbfbcd69a","NOGP","D09","NOGP","2016-05-23T22:42Z","2016-05-25T14:54Z","NOGP.2016.21.AEDDOR.F.T","NOGP.2016.21.AEDDOR.F.T.16",40,
"ef5b1557-eab0-40e3-8774-837939c70d08","NOGP","D09","NOGP","2016-05-23T22:42Z","2016-05-25T14:54Z","NOGP.2016.21.AEDDOR.F.T","NOGP.2016.21.AEDDOR.F.T.12",40,
"82006558-9735-4b08-8c41-347d3a84443b","NOGP","D09","NOGP","2016-05-23T22:42Z","2016-05-25T14:54Z","NOGP.2016.21.AEDDOR.F.T","NOGP.2016.21.AEDDOR.F.T.17",39,
"fe20682a-8f06-4cca-a516-5a953cf6c4d1","NOGP","D09","NOGP","2016-05-23T22:42Z","2016-05-25T14:54Z","NOGP.2016.21.AEDDOR.F.T","NOGP.2016.21.AEDDOR.F.T.23",39,
"59569eee-653e-4641-a39e-51806184f93a","NOGP","D09","NOGP","2016-05-23T22:42Z","2016-05-25T14:54Z","NOGP.2016.21.AEDDOR.F.T","NOGP.2016.21.AEDDOR.F.T.24",39,
"6787aed7-e727-48e4-8447-1a8d4c489dcf","NOGP","D09","NOGP","2016-05-23T22:42Z","2016-05-25T14:54Z","NOGP.2016.21.AEDDOR.F.T","NOGP.2016.21.AEDDOR.F.T.28",39,
"9a01766c-caaf-4817-8c08-2135335ce22b","NOGP","D09","NOGP","2016-05-23T22:42Z","2016-05-25T14:54Z","NOGP.2016.21.AEDDOR.F.T","NOGP.2016.21.AEDDOR.F.T.22",39,
"95fd61af-e40a-4e8f-a12a-f46334edfd7d","NOGP","D09","NOGP","2016-05-23T22:42Z","2016-05-25T14:54Z","NOGP.2016.21.AEDDOR.F.T","NOGP.2016.21.AEDDOR.F.T.19",39,
"22d50234-8609-4c38-bdc0-450346913c4d","NOGP","D09","NOGP","2016-05-23T22:42Z","2016-05-25T14:54Z","NOGP.2016.21.AEDDOR.F.T","NOGP.2016.21.AEDDOR.F.T.11",40,
"75c29094-7cec-46e0-b25d-6454811fc4e5","NOGP","D09","NOGP","2016-05-23T22:42Z","2016-05-25T14:54Z","NOGP.2016.21.AEDDOR.F.T","NOGP.2016.21.AEDDOR.F.T.25",39,
"fe476dd1-d70f-4213-a396-744efff21e14","NOGP","D09","NOGP","2016-05-23T22:42Z","2016-05-25T14:54Z","NOGP.2016.21.AEDDOR.F.T","NOGP.2016.21.AEDDOR.F.T.27",39,
"04f7eddb-f852-414b-a083-b01e25144804","NOGP","D09","NOGP","2016-05-23T22:42Z","2016-05-25T14:54Z","NOGP.2016.21.AEDDOR.F.T","NOGP.2016.21.AEDDOR.F.T.05",40,
"748593e9-0e6d-42d4-8285-b68c2e43f570","NOGP","D09","NOGP","2016-05-23T22:42Z","2016-05-25T14:54Z","NOGP.2016.21.AEDDOR.F.T","NOGP.2016.21.AEDDOR.F.T.09",40,
"b0d3d94f-1f0a-473d-a27d-3804b2da3b73","NOGP","D09","NOGP","2016-05-23T22:42Z","2016-05-25T14:54Z","NOGP.2016.21.AEDDOR.F.T","NOGP.2016.21.AEDDOR.F.T.02",40,
"9f090664-0341-4b0b-a767-af556b5d3ce2","NOGP","D09","NOGP","2016-05-23T22:42Z","2016-05-25T14:54Z","NOGP.2016.21.AEDDOR.F.T","NOGP.2016.21.AEDDOR.F.T.06",40,
"331aea4c-25e6-4cb4-93d2-ccd1bff8f000","NOGP","D09","NOGP","2016-05-23T22:42Z","2016-05-25T14:54Z","NOGP.2016.21.AEDDOR.F.T","NOGP.2016.21.AEDDOR.F.T.08",40,
"d7595eb3-0b91-4bd7-89c0-2643771d41f6","NOGP","D09","NOGP","2016-05-23T22:42Z","2016-05-25T14:54Z","NOGP.2016.21.AEDDOR.F.T","NOGP.2016.21.AEDDOR.F.T.01",40,
"15344985-9fda-45d1-81f5-6e9c37b926e7","NOGP","D09","NOGP","2016-05-23T22:42Z","2016-05-25T14:54Z","NOGP.2016.21.AEDDOR.F.T","NOGP.2016.21.AEDDOR.F.T.04",40,
"902807a5-c745-4844-a3b1-816bb365ac77","NOGP","D09","NOGP","2016-05-23T22:42Z","2016-05-25T14:54Z","NOGP.2016.21.AEDDOR.F.T","NOGP.2016.21.AEDDOR.F.T.10",40,
"685097a0-22c6-4fa6-a94a-271eb19b6afd","NOGP","D09","NOGP","2016-05-23T22:42Z","2016-05-25T14:54Z","NOGP.2016.21.AEDDOR.F.T","NOGP.2016.21.AEDDOR.F.T.03",40,
"02baa191-4853-4c81-96b4-af9e4fbb213a","NOGP","D09","NOGP","2016-05-23T22:42Z","2016-05-25T14:54Z","NOGP.2016.21.AEDDOR.F.T","NOGP.2016.21.AEDDOR.F.T.07",40,
"63bbe4fa-7ded-47c2-9e3c-5a57db4d45f2","NOGP","D09","NOGP","2016-05-23T22:42Z","2016-05-25T14:54Z","NOGP.2016.21.AEDDOR.F.T","NOGP.2016.21.AEDDOR.F.T.13",40,
"05a51497-41f5-4d67-a0da-3e6d626422ea","NOGP","D09","NOGP","2016-05-23T22:42Z","2016-05-25T14:54Z","NOGP.2016.21.AEDDOR.F.T","NOGP.2016.21.AEDDOR.F.T.26",39,
"fba95da8-19cf-4f22-92f8-16d4ede6302c","NOGP","D09","NOGP","2016-05-23T22:42Z","2016-05-25T14:54Z","NOGP.2016.21.AEDDOR.F.T","NOGP.2016.21.AEDDOR.F.T.15",40,
"5e7c3769-f743-45a8-921f-8b22d8970e29","NOGP","D09","NOGP","2016-05-23T22:42Z","2016-05-25T14:54Z","NOGP.2016.21.AEDDOR.F.T","NOGP.2016.21.AEDDOR.F.T.21",39,
"d71395c2-8ec9-4358-aae3-7b803717794f","NOGP","D09","NOGP","2016-05-23T23:02Z","2016-05-25T14:37Z","NOGP.2016.21.AEDVEX.F.T","NOGP.2016.21.AEDVEX.F.T.01",12,
