uid,namedLocation,domainID,siteID,startCollectDate,endCollectDate,testingID,testingVialID,poolSize,dataQF
"f1d3e629-9f5d-4092-bec8-6e0deb32d503","WOOD","D09","WOOD","2016-09-06T21:25Z","2016-09-08T13:55Z","WOOD.2016.36.AEDVEX.F.T","WOOD.2016.36.AEDVEX.F.T.76",39,
"20bedb46-19cb-4e2e-9c99-53c246dd4818","WOOD","D09","WOOD","2016-09-06T21:25Z","2016-09-08T13:55Z","WOOD.2016.36.AEDVEX.F.T","WOOD.2016.36.AEDVEX.F.T.80",39,
"edc6b856-a6fe-4a1a-88e1-eb84782195a7","WOOD","D09","WOOD","2016-09-06T21:25Z","2016-09-08T13:55Z","WOOD.2016.36.AEDVEX.F.T","WOOD.2016.36.AEDVEX.F.T.70",39,
"72c65aa0-c6bf-43e8-af73-7962b353e6d5","WOOD","D09","WOOD","2016-09-06T21:25Z","2016-09-08T13:55Z","WOOD.2016.36.AEDVEX.F.T","WOOD.2016.36.AEDVEX.F.T.81",39,
"29da1e15-bc77-428d-9254-a6c109ee584d","WOOD","D09","WOOD","2016-09-06T21:25Z","2016-09-08T13:55Z","WOOD.2016.36.AEDDOR.F.T","WOOD.2016.36.AEDDOR.F.T.12",37,
"efe9ba4a-8f97-4f22-ac37-b8b88ac86ae6","WOOD","D09","WOOD","2016-09-06T21:25Z","2016-09-08T13:55Z","WOOD.2016.36.AEDDOR.F.T","WOOD.2016.36.AEDDOR.F.T.14",37,
"f7d59c05-20cd-4cf0-a051-9d0b9055d3c3","WOOD","D09","WOOD","2016-09-06T21:25Z","2016-09-08T13:55Z","WOOD.2016.36.AEDDOR.F.T","WOOD.2016.36.AEDDOR.F.T.07",38,
"c7ed807c-df7c-4efc-a607-ef53d38922bd","WOOD","D09","WOOD","2016-09-06T21:25Z","2016-09-08T13:55Z","WOOD.2016.36.AEDDOR.F.T","WOOD.2016.36.AEDDOR.F.T.10",38,
"bb8946c8-49fe-4cb2-8c1b-b96f2aae25ca","WOOD","D09","WOOD","2016-09-06T21:25Z","2016-09-08T13:55Z","WOOD.2016.36.AEDDOR.F.T","WOOD.2016.36.AEDDOR.F.T.16",37,
"b60acfed-2f5a-446e-a942-7eac07097a2c","WOOD","D09","WOOD","2016-09-06T21:25Z","2016-09-08T13:55Z","WOOD.2016.36.AEDDOR.F.T","WOOD.2016.36.AEDDOR.F.T.11",37,
"eef2d2b8-ef2c-468f-9583-871cb1995984","WOOD","D09","WOOD","2016-09-06T21:25Z","2016-09-08T13:55Z","WOOD.2016.36.AEDVEX.F.T","WOOD.2016.36.AEDVEX.F.T.77",39,
"ffb2fceb-b881-43d9-baac-138cb1065283","WOOD","D09","WOOD","2016-09-06T21:25Z","2016-09-08T13:55Z","WOOD.2016.36.AEDVEX.F.T","WOOD.2016.36.AEDVEX.F.T.73",39,
"8f3b29ef-27ca-44ae-84ef-5ee7509d486b","WOOD","D09","WOOD","2016-09-06T21:25Z","2016-09-08T13:55Z","WOOD.2016.36.AEDVEX.F.T","WOOD.2016.36.AEDVEX.F.T.71",39,
"49bacbed-5555-4b4f-a88f-0ffd36565a6f","WOOD","D09","WOOD","2016-09-06T21:25Z","2016-09-08T13:55Z","WOOD.2016.36.AEDVEX.F.T","WOOD.2016.36.AEDVEX.F.T.72",39,
"552077ca-42ef-41a0-82bd-c0d0c49ca667","WOOD","D09","WOOD","2016-09-06T21:25Z","2016-09-08T13:55Z","WOOD.2016.36.AEDVEX.F.T","WOOD.2016.36.AEDVEX.F.T.74",39,
"e1b0dce5-8bcd-4fc0-87f0-75f323661d54","WOOD","D09","WOOD","2016-09-06T21:25Z","2016-09-08T13:55Z","WOOD.2016.36.AEDVEX.F.T","WOOD.2016.36.AEDVEX.F.T.75",39,
"4544718b-9409-4874-954c-d39a94e9a93d","WOOD","D09","WOOD","2016-09-06T21:25Z","2016-09-08T13:55Z","WOOD.2016.36.AEDVEX.F.T","WOOD.2016.36.AEDVEX.F.T.78",39,
"155e3001-485b-4970-af0b-6a72db5fb89b","WOOD","D09","WOOD","2016-09-06T21:25Z","2016-09-08T13:55Z","WOOD.2016.36.AEDVEX.F.T","WOOD.2016.36.AEDVEX.F.T.79",39,
"f074ffb9-709b-473a-a936-c7467d22acac","WOOD","D09","WOOD","2016-09-06T21:25Z","2016-09-08T13:55Z","WOOD.2016.36.AEDVEX.F.T","WOOD.2016.36.AEDVEX.F.T.42",40,
"a9e2fbc7-3055-4249-9dc9-f179a99bf100","WOOD","D09","WOOD","2016-09-06T21:25Z","2016-09-08T13:55Z","WOOD.2016.36.AEDVEX.F.T","WOOD.2016.36.AEDVEX.F.T.32",40,
"774fcd05-f088-492a-b735-267333e2b792","WOOD","D09","WOOD","2016-09-06T21:25Z","2016-09-08T13:55Z","WOOD.2016.36.AEDVEX.F.T","WOOD.2016.36.AEDVEX.F.T.52",39,
"84b40208-55fc-428d-a588-609474ed59c1","WOOD","D09","WOOD","2016-09-06T21:25Z","2016-09-08T13:55Z","WOOD.2016.36.AEDVEX.F.T","WOOD.2016.36.AEDVEX.F.T.56",39,
"f3087c72-3629-4abc-9325-fd9b151eeb92","WOOD","D09","WOOD","2016-09-06T21:25Z","2016-09-08T13:55Z","WOOD.2016.36.AEDVEX.F.T","WOOD.2016.36.AEDVEX.F.T.48",39,
"d7db155f-c020-41cf-ac3c-8d2d644d2ff6","WOOD","D09","WOOD","2016-09-06T21:25Z","2016-09-08T13:55Z","WOOD.2016.36.AEDVEX.F.T","WOOD.2016.36.AEDVEX.F.T.55",39,
"20568b28-628b-4260-866a-9db5cb2eaaef","WOOD","D09","WOOD","2016-09-06T21:25Z","2016-09-08T13:55Z","WOOD.2016.36.AEDDOR.F.T","WOOD.2016.36.AEDDOR.F.T.08",38,
"5cbdf4e1-6639-4968-a9c5-7aeda2ce83b8","WOOD","D09","WOOD","2016-09-06T21:25Z","2016-09-08T13:55Z","WOOD.2016.36.AEDDOR.F.T","WOOD.2016.36.AEDDOR.F.T.13",37,
"0f149daf-db1e-4366-acd4-dc17a719fa43","WOOD","D09","WOOD","2016-09-06T21:25Z","2016-09-08T13:55Z","WOOD.2016.36.AEDDOR.F.T","WOOD.2016.36.AEDDOR.F.T.03",38,
"563ed1d2-5e57-4bfd-8bb5-b724a101c7e0","WOOD","D09","WOOD","2016-09-06T21:25Z","2016-09-08T13:55Z","WOOD.2016.36.AEDDOR.F.T","WOOD.2016.36.AEDDOR.F.T.05",38,
"3f1153bb-bf28-488e-9859-84bf996ed8bc","WOOD","D09","WOOD","2016-09-06T21:25Z","2016-09-08T13:55Z","WOOD.2016.36.AEDDOR.F.T","WOOD.2016.36.AEDDOR.F.T.02",38,
"b8eb931d-8dfc-410a-a97e-c84816f60732","WOOD","D09","WOOD","2016-09-06T21:25Z","2016-09-08T13:55Z","WOOD.2016.36.AEDDOR.F.T","WOOD.2016.36.AEDDOR.F.T.04",38,
"307ac5d4-fcff-4253-bb9c-0798f2f35a39","WOOD","D09","WOOD","2016-09-06T21:25Z","2016-09-08T13:55Z","WOOD.2016.36.AEDDOR.F.T","WOOD.2016.36.AEDDOR.F.T.01",38,
"c6cf5b69-4d65-4dc6-b098-4140201e057d","WOOD","D09","WOOD","2016-09-06T21:25Z","2016-09-08T13:55Z","WOOD.2016.36.CULTAR.F.T","WOOD.2016.36.CULTAR.F.T.01",15,
"c1e1d917-864d-467c-8a53-5ee35db6f392","WOOD","D09","WOOD","2016-09-06T21:25Z","2016-09-08T13:55Z","WOOD.2016.36.AEDVEX.F.T","WOOD.2016.36.AEDVEX.F.T.30",40,
"22e1c772-f5fa-43b2-a5ca-e85f77375845","WOOD","D09","WOOD","2016-09-06T21:25Z","2016-09-08T13:55Z","WOOD.2016.36.AEDVEX.F.T","WOOD.2016.36.AEDVEX.F.T.50",39,
"5ceb87a0-ad70-47ca-89e2-7eb2dc79001f","WOOD","D09","WOOD","2016-09-06T21:25Z","2016-09-08T13:55Z","WOOD.2016.36.AEDVEX.F.T","WOOD.2016.36.AEDVEX.F.T.67",39,
"244548c3-c219-44d8-a492-f20727a7ebae","WOOD","D09","WOOD","2016-09-06T21:25Z","2016-09-08T13:55Z","WOOD.2016.36.AEDVEX.F.T","WOOD.2016.36.AEDVEX.F.T.54",39,
"d52ca069-8cba-4f67-9148-558f978b8979","WOOD","D09","WOOD","2016-09-06T21:25Z","2016-09-08T13:55Z","WOOD.2016.36.AEDVEX.F.T","WOOD.2016.36.AEDVEX.F.T.69",39,
"07c14a2f-9564-45ff-bf3d-2e9786b7a13c","WOOD","D09","WOOD","2016-09-06T21:25Z","2016-09-08T13:55Z","WOOD.2016.36.AEDVEX.F.T","WOOD.2016.36.AEDVEX.F.T.60",39,
"e4c55e41-7ccf-4dce-a5f6-f3ad82658ebf","WOOD","D09","WOOD","2016-09-06T21:25Z","2016-09-08T13:55Z","WOOD.2016.36.AEDVEX.F.T","WOOD.2016.36.AEDVEX.F.T.68",39,
"4001908d-f2de-470c-b818-1d59b41c7135","WOOD","D09","WOOD","2016-09-06T21:25Z","2016-09-08T13:55Z","WOOD.2016.36.AEDVEX.F.T","WOOD.2016.36.AEDVEX.F.T.62",39,
"000bc76b-4a1e-41c2-abbf-6a8165dd9279","WOOD","D09","WOOD","2016-09-06T21:25Z","2016-09-08T13:55Z","WOOD.2016.36.AEDVEX.F.T","WOOD.2016.36.AEDVEX.F.T.37",40,
"61091603-0a69-4d7e-b466-dad0be960b3c","WOOD","D09","WOOD","2016-09-06T21:25Z","2016-09-08T13:55Z","WOOD.2016.36.AEDVEX.F.T","WOOD.2016.36.AEDVEX.F.T.24",40,
"0b5cc132-1f40-45a5-84a5-e56aea4a0afe","WOOD","D09","WOOD","2016-09-06T21:25Z","2016-09-08T13:55Z","WOOD.2016.36.AEDVEX.F.T","WOOD.2016.36.AEDVEX.F.T.44",39,
"6a932b34-ad42-4391-8f00-41a005fa0fba","WOOD","D09","WOOD","2016-09-06T21:25Z","2016-09-08T13:55Z","WOOD.2016.36.AEDVEX.F.T","WOOD.2016.36.AEDVEX.F.T.61",39,
"3f2bd765-c340-4238-b31c-af8af9405216","WOOD","D09","WOOD","2016-09-06T21:25Z","2016-09-08T13:55Z","WOOD.2016.36.AEDVEX.F.T","WOOD.2016.36.AEDVEX.F.T.21",40,
"7d899cde-e8f7-4e9a-a0b0-b8c201b31301","WOOD","D09","WOOD","2016-09-06T21:25Z","2016-09-08T13:55Z","WOOD.2016.36.AEDVEX.F.T","WOOD.2016.36.AEDVEX.F.T.40",40,
"eacfa5cb-a482-44d7-99fb-177089461a1a","WOOD","D09","WOOD","2016-09-06T21:25Z","2016-09-08T13:55Z","WOOD.2016.36.AEDVEX.F.T","WOOD.2016.36.AEDVEX.F.T.59",39,
"e85d6bb7-2c4d-4c45-b411-9b93a5a19064","WOOD","D09","WOOD","2016-09-06T21:25Z","2016-09-08T13:55Z","WOOD.2016.36.AEDVEX.F.T","WOOD.2016.36.AEDVEX.F.T.31",40,
"c91ada26-d7f7-403c-8bbf-2dea9200f4c3","WOOD","D09","WOOD","2016-09-06T21:25Z","2016-09-08T13:55Z","WOOD.2016.36.AEDVEX.F.T","WOOD.2016.36.AEDVEX.F.T.47",39,
"94d66f87-6e85-4e74-82f2-65fd0c5d5fb0","WOOD","D09","WOOD","2016-09-06T21:25Z","2016-09-08T13:55Z","WOOD.2016.36.AEDVEX.F.T","WOOD.2016.36.AEDVEX.F.T.23",40,
"5067ea1b-85d7-495a-a6c1-2ad340f23b4a","WOOD","D09","WOOD","2016-09-06T21:25Z","2016-09-08T13:55Z","WOOD.2016.36.AEDVEX.F.T","WOOD.2016.36.AEDVEX.F.T.51",39,
"55c70e15-6db7-4802-8f3b-2c12d716dbfd","WOOD","D09","WOOD","2016-09-06T21:25Z","2016-09-08T13:55Z","WOOD.2016.36.AEDVEX.F.T","WOOD.2016.36.AEDVEX.F.T.26",40,
"5cb5e934-3e61-4d51-be3a-a1c5449da915","WOOD","D09","WOOD","2016-09-06T21:25Z","2016-09-08T13:55Z","WOOD.2016.36.AEDVEX.F.T","WOOD.2016.36.AEDVEX.F.T.36",40,
"f184c81e-4a95-4c92-ac94-64875764466f","WOOD","D09","WOOD","2016-09-06T21:25Z","2016-09-08T13:55Z","WOOD.2016.36.AEDVEX.F.T","WOOD.2016.36.AEDVEX.F.T.34",40,
"bfc007d4-7519-46a8-b934-23b1a6c04d2e","WOOD","D09","WOOD","2016-09-06T21:25Z","2016-09-08T13:55Z","WOOD.2016.36.AEDVEX.F.T","WOOD.2016.36.AEDVEX.F.T.49",39,
"ff61db7d-5f18-44d3-9488-f895b3918c38","WOOD","D09","WOOD","2016-09-06T21:25Z","2016-09-08T13:55Z","WOOD.2016.36.AEDVEX.F.T","WOOD.2016.36.AEDVEX.F.T.22",40,
"9c06746e-e99c-48cf-b7bb-c7e85b89303c","WOOD","D09","WOOD","2016-09-06T21:25Z","2016-09-08T13:55Z","WOOD.2016.36.AEDVEX.F.T","WOOD.2016.36.AEDVEX.F.T.66",39,
"aea1bd43-38e0-4f8a-b0d1-f0837cef3271","WOOD","D09","WOOD","2016-09-06T21:25Z","2016-09-08T13:55Z","WOOD.2016.36.AEDVEX.F.T","WOOD.2016.36.AEDVEX.F.T.64",39,
"bae4c2fa-e499-4f09-bd15-326b76cd403e","WOOD","D09","WOOD","2016-09-06T21:25Z","2016-09-08T13:55Z","WOOD.2016.36.AEDVEX.F.T","WOOD.2016.36.AEDVEX.F.T.39",40,
"721c7db9-64f2-4c4e-a723-1c6c47907137","WOOD","D09","WOOD","2016-09-06T21:25Z","2016-09-08T13:55Z","WOOD.2016.36.AEDVEX.F.T","WOOD.2016.36.AEDVEX.F.T.25",40,
"9f3539f6-9260-454d-8534-7c8a0f642a60","WOOD","D09","WOOD","2016-09-06T21:25Z","2016-09-08T13:55Z","WOOD.2016.36.AEDVEX.F.T","WOOD.2016.36.AEDVEX.F.T.33",40,
"a9377b92-7802-4506-8420-0db541786339","WOOD","D09","WOOD","2016-09-06T21:25Z","2016-09-08T13:55Z","WOOD.2016.36.AEDVEX.F.T","WOOD.2016.36.AEDVEX.F.T.35",40,
"d1d371c6-bf2a-4af6-933f-2fbc8bb44668","WOOD","D09","WOOD","2016-09-06T21:25Z","2016-09-08T13:55Z","WOOD.2016.36.AEDVEX.F.T","WOOD.2016.36.AEDVEX.F.T.20",40,
"8fc4def8-2e3c-476d-8261-ef32f46668e7","WOOD","D09","WOOD","2016-09-06T21:25Z","2016-09-08T13:55Z","WOOD.2016.36.AEDVEX.F.T","WOOD.2016.36.AEDVEX.F.T.28",40,
"f98f3745-fb6a-41f9-a458-cfd51ed7802c","WOOD","D09","WOOD","2016-09-06T21:25Z","2016-09-08T13:55Z","WOOD.2016.36.AEDVEX.F.T","WOOD.2016.36.AEDVEX.F.T.45",39,
"def2431e-6170-4856-987c-330bf8adcf66","WOOD","D09","WOOD","2016-09-06T21:25Z","2016-09-08T13:55Z","WOOD.2016.36.AEDVEX.F.T","WOOD.2016.36.AEDVEX.F.T.29",40,
"b3d83962-a590-445a-9299-93c471d05615","WOOD","D09","WOOD","2016-09-06T21:25Z","2016-09-08T13:55Z","WOOD.2016.36.AEDVEX.F.T","WOOD.2016.36.AEDVEX.F.T.53",39,
"71e9973e-1ccd-4771-a36b-367c336152c2","WOOD","D09","WOOD","2016-09-06T21:25Z","2016-09-08T13:55Z","WOOD.2016.36.AEDVEX.F.T","WOOD.2016.36.AEDVEX.F.T.46",39,
"d974b7fd-609f-483e-910c-530534cef266","WOOD","D09","WOOD","2016-09-06T21:25Z","2016-09-08T13:55Z","WOOD.2016.36.AEDVEX.F.T","WOOD.2016.36.AEDVEX.F.T.27",40,
"957e28a3-049c-4970-9244-dcbca31d3326","WOOD","D09","WOOD","2016-09-06T21:25Z","2016-09-08T13:55Z","WOOD.2016.36.AEDVEX.F.T","WOOD.2016.36.AEDVEX.F.T.43",40,
"9507fdd8-05d1-4522-a37b-4281e58be717","WOOD","D09","WOOD","2016-09-06T21:25Z","2016-09-08T13:55Z","WOOD.2016.36.AEDVEX.F.T","WOOD.2016.36.AEDVEX.F.T.65",39,
"740ea579-d2ff-4120-bcd4-01dbf1738e5b","WOOD","D09","WOOD","2016-09-06T21:25Z","2016-09-08T13:55Z","WOOD.2016.36.AEDVEX.F.T","WOOD.2016.36.AEDVEX.F.T.57",39,
"55dcdd02-11fc-44cd-9ca3-25aa2f200c0f","WOOD","D09","WOOD","2016-09-06T21:25Z","2016-09-08T13:55Z","WOOD.2016.36.AEDVEX.F.T","WOOD.2016.36.AEDVEX.F.T.58",39,
"33408ca8-5621-44aa-9db2-82ac7fff663c","WOOD","D09","WOOD","2016-09-06T21:25Z","2016-09-08T13:55Z","WOOD.2016.36.AEDVEX.F.T","WOOD.2016.36.AEDVEX.F.T.63",39,
"4c5ca119-855c-4e56-bbd7-f4164a149688","WOOD","D09","WOOD","2016-09-06T21:25Z","2016-09-08T13:55Z","WOOD.2016.36.AEDVEX.F.T","WOOD.2016.36.AEDVEX.F.T.38",40,
"8d3bed47-d726-4d0f-9194-9aa4301a856f","WOOD","D09","WOOD","2016-09-06T21:25Z","2016-09-08T13:55Z","WOOD.2016.36.AEDVEX.F.T","WOOD.2016.36.AEDVEX.F.T.41",40,
"c0921692-7939-4966-a4a1-b0018b57154b","WOOD","D09","WOOD","2016-09-06T21:25Z","2016-09-08T13:55Z","WOOD.2016.36.AEDVEX.F.T","WOOD.2016.36.AEDVEX.F.T.16",40,
"5f2b1fd0-bf1d-4367-8c43-640c32cffa55","WOOD","D09","WOOD","2016-09-06T21:25Z","2016-09-08T13:55Z","WOOD.2016.36.AEDVEX.F.T","WOOD.2016.36.AEDVEX.F.T.02",40,
"c1f4d9ca-22f1-475f-a331-d2f3b4f5c2f4","WOOD","D09","WOOD","2016-09-06T21:25Z","2016-09-08T13:55Z","WOOD.2016.36.AEDVEX.F.T","WOOD.2016.36.AEDVEX.F.T.01",40,
"df585727-fe51-430d-83b2-7644da1bef1a","WOOD","D09","WOOD","2016-09-06T21:25Z","2016-09-08T13:55Z","WOOD.2016.36.AEDVEX.F.T","WOOD.2016.36.AEDVEX.F.T.13",40,
"f522362a-ec5b-4121-827b-de68dfdc34cb","WOOD","D09","WOOD","2016-09-06T21:25Z","2016-09-08T13:55Z","WOOD.2016.36.AEDVEX.F.T","WOOD.2016.36.AEDVEX.F.T.07",40,
"57830f92-bda6-4a77-a4a4-7a60a724f858","WOOD","D09","WOOD","2016-09-06T21:25Z","2016-09-08T13:55Z","WOOD.2016.36.AEDVEX.F.T","WOOD.2016.36.AEDVEX.F.T.17",40,
"0f862baf-63b6-4a29-a0b4-7b3e2a2412e7","WOOD","D09","WOOD","2016-09-06T21:25Z","2016-09-08T13:55Z","WOOD.2016.36.AEDVEX.F.T","WOOD.2016.36.AEDVEX.F.T.14",40,
"b4b3cc90-5782-4f9d-96b3-989100ff6275","WOOD","D09","WOOD","2016-09-06T21:25Z","2016-09-08T13:55Z","WOOD.2016.36.AEDVEX.F.T","WOOD.2016.36.AEDVEX.F.T.11",40,
"b06042f1-9a12-4ad5-80c8-74514c859976","WOOD","D09","WOOD","2016-09-06T21:25Z","2016-09-08T13:55Z","WOOD.2016.36.AEDVEX.F.T","WOOD.2016.36.AEDVEX.F.T.05",40,
"67e49ee8-b4fe-486a-944f-a3357f27d0c7","WOOD","D09","WOOD","2016-09-06T21:25Z","2016-09-08T13:55Z","WOOD.2016.36.AEDVEX.F.T","WOOD.2016.36.AEDVEX.F.T.06",40,
"fe48ad5e-e2b7-40d8-a7b3-242705629722","WOOD","D09","WOOD","2016-09-06T21:25Z","2016-09-08T13:55Z","WOOD.2016.36.AEDVEX.F.T","WOOD.2016.36.AEDVEX.F.T.04",40,
"fe9278a7-585c-4713-80e7-982483b4350a","WOOD","D09","WOOD","2016-09-06T21:25Z","2016-09-08T13:55Z","WOOD.2016.36.AEDVEX.F.T","WOOD.2016.36.AEDVEX.F.T.19",40,
"59c4c495-af0e-469d-af00-d579b593cf2b","WOOD","D09","WOOD","2016-09-06T21:25Z","2016-09-08T13:55Z","WOOD.2016.36.AEDVEX.F.T","WOOD.2016.36.AEDVEX.F.T.12",40,
"1352ccf5-dc94-4341-a69f-1ea4ad255b6b","WOOD","D09","WOOD","2016-09-06T21:25Z","2016-09-08T13:55Z","WOOD.2016.36.AEDVEX.F.T","WOOD.2016.36.AEDVEX.F.T.15",40,
"1c5e29cf-40ff-4ed1-92ad-5276ba2149f7","WOOD","D09","WOOD","2016-09-06T21:25Z","2016-09-08T13:55Z","WOOD.2016.36.AEDVEX.F.T","WOOD.2016.36.AEDVEX.F.T.09",40,
"35b22302-1fc4-45b6-884c-190205b123d2","WOOD","D09","WOOD","2016-09-06T21:25Z","2016-09-08T13:55Z","WOOD.2016.36.AEDVEX.F.T","WOOD.2016.36.AEDVEX.F.T.10",40,
"9629e136-0304-496a-a25b-9983340a8df9","WOOD","D09","WOOD","2016-09-06T21:25Z","2016-09-08T13:55Z","WOOD.2016.36.AEDVEX.F.T","WOOD.2016.36.AEDVEX.F.T.08",40,
"a66363c6-1177-40c8-8577-fa6215481ea3","WOOD","D09","WOOD","2016-09-06T21:25Z","2016-09-08T13:55Z","WOOD.2016.36.AEDVEX.F.T","WOOD.2016.36.AEDVEX.F.T.03",40,
"00531d59-649d-45cc-a32c-6e30217a4bbf","WOOD","D09","WOOD","2016-09-06T21:25Z","2016-09-08T13:55Z","WOOD.2016.36.AEDVEX.F.T","WOOD.2016.36.AEDVEX.F.T.18",40,
"f7333b33-9c65-4682-a58d-9601d43006d5","WOOD","D09","WOOD","2016-09-06T21:25Z","2016-09-08T13:55Z","WOOD.2016.36.AEDDOR.F.T","WOOD.2016.36.AEDDOR.F.T.15",37,
"19bee10e-a331-4113-b0fa-e9b7e8b5de55","WOOD","D09","WOOD","2016-09-06T21:25Z","2016-09-08T13:55Z","WOOD.2016.36.AEDDOR.F.T","WOOD.2016.36.AEDDOR.F.T.06",38,
"b348ec41-d125-4e3a-b309-f14b3cad77b1","WOOD","D09","WOOD","2016-09-06T21:25Z","2016-09-08T13:55Z","WOOD.2016.36.AEDDOR.F.T","WOOD.2016.36.AEDDOR.F.T.09",38,
"5ffce2a8-40b8-4f81-b5ad-30389d155360","WOOD","D09","WOOD","2016-09-19T21:04Z","2016-09-21T15:02Z","WOOD.2016.38.AEDDOR.F.T","WOOD.2016.38.AEDDOR.F.T.02",38,
"888fa4ce-2acf-464c-8c1d-ab034486f5b2","WOOD","D09","WOOD","2016-09-19T21:04Z","2016-09-21T15:02Z","WOOD.2016.38.AEDVEX.F.T","WOOD.2016.38.AEDVEX.F.T.13",39,
"fe77e335-da17-4521-b0b3-35ff27dc652e","WOOD","D09","WOOD","2016-09-19T21:04Z","2016-09-21T15:02Z","WOOD.2016.38.AEDDOR.F.T","WOOD.2016.38.AEDDOR.F.T.07",37,
"89616d1a-f8a2-447b-b659-3b1b0b4845a4","WOOD","D09","WOOD","2016-09-19T21:04Z","2016-09-21T15:02Z","WOOD.2016.38.AEDDOR.F.T","WOOD.2016.38.AEDDOR.F.T.01",38,
"4919819e-0ad4-4a57-bb99-ce4ab3f7144c","WOOD","D09","WOOD","2016-09-19T21:04Z","2016-09-21T15:02Z","WOOD.2016.38.AEDDOR.F.T","WOOD.2016.38.AEDDOR.F.T.09",37,
"1963c9ca-6310-4ad4-956f-4c71172a8127","WOOD","D09","WOOD","2016-09-19T21:04Z","2016-09-21T15:02Z","WOOD.2016.38.AEDDOR.F.T","WOOD.2016.38.AEDDOR.F.T.04",37,
"c511aada-5fda-46e9-869b-d98d4ee1407f","WOOD","D09","WOOD","2016-09-19T21:04Z","2016-09-21T15:02Z","WOOD.2016.38.AEDDOR.F.T","WOOD.2016.38.AEDDOR.F.T.03",38,
"eaa137e3-53ee-4f46-821c-04711c1ee316","WOOD","D09","WOOD","2016-09-19T21:04Z","2016-09-21T15:02Z","WOOD.2016.38.AEDDOR.F.T","WOOD.2016.38.AEDDOR.F.T.08",37,
"5e2015bc-b4cd-42cd-8622-80ac92ae49d4","WOOD","D09","WOOD","2016-09-19T21:04Z","2016-09-21T15:02Z","WOOD.2016.38.AEDDOR.F.T","WOOD.2016.38.AEDDOR.F.T.05",37,
"e4732b28-b941-410c-b679-06c9dd88b568","WOOD","D09","WOOD","2016-09-19T21:04Z","2016-09-21T15:02Z","WOOD.2016.38.AEDVEX.F.T","WOOD.2016.38.AEDVEX.F.T.10",39,
"59d3e420-a8b9-4089-b0d9-419659862809","WOOD","D09","WOOD","2016-09-19T21:04Z","2016-09-21T15:02Z","WOOD.2016.38.AEDVEX.F.T","WOOD.2016.38.AEDVEX.F.T.12",39,
"72872204-d0d0-444b-ac6c-a0cb7d6486ad","WOOD","D09","WOOD","2016-09-19T21:04Z","2016-09-21T15:02Z","WOOD.2016.38.AEDVEX.F.T","WOOD.2016.38.AEDVEX.F.T.02",39,
"24f1f817-ae99-4523-ba3e-b7434584a3a3","WOOD","D09","WOOD","2016-09-19T21:04Z","2016-09-21T15:02Z","WOOD.2016.38.AEDVEX.F.T","WOOD.2016.38.AEDVEX.F.T.14",39,
"4774e02e-e79e-44a2-ad40-5352f467feec","WOOD","D09","WOOD","2016-09-19T21:04Z","2016-09-21T15:02Z","WOOD.2016.38.AEDVEX.F.T","WOOD.2016.38.AEDVEX.F.T.04",39,
"1e6c6830-9ba5-4628-81ac-e21650be6b9f","WOOD","D09","WOOD","2016-09-19T21:04Z","2016-09-21T15:02Z","WOOD.2016.38.AEDVEX.F.T","WOOD.2016.38.AEDVEX.F.T.06",39,
"52f88410-c3de-4a95-93f3-10da42b56eba","WOOD","D09","WOOD","2016-09-19T21:04Z","2016-09-21T15:02Z","WOOD.2016.38.AEDVEX.F.T","WOOD.2016.38.AEDVEX.F.T.07",39,
"b72e3557-0d9b-4e40-86ad-29be3af0ce7d","WOOD","D09","WOOD","2016-09-19T21:04Z","2016-09-21T15:02Z","WOOD.2016.38.AEDVEX.F.T","WOOD.2016.38.AEDVEX.F.T.09",39,
"371eb0bc-ca63-4f75-b906-814f79fa9f39","WOOD","D09","WOOD","2016-09-19T21:04Z","2016-09-21T15:02Z","WOOD.2016.38.AEDVEX.F.T","WOOD.2016.38.AEDVEX.F.T.15",38,
"5eb697c6-3b40-4429-80b4-b852d7396ca1","WOOD","D09","WOOD","2016-09-19T21:04Z","2016-09-21T15:02Z","WOOD.2016.38.AEDVEX.F.T","WOOD.2016.38.AEDVEX.F.T.05",39,
"207f3845-8a12-4bba-bf16-10682e5110e3","WOOD","D09","WOOD","2016-09-19T21:04Z","2016-09-21T15:02Z","WOOD.2016.38.AEDVEX.F.T","WOOD.2016.38.AEDVEX.F.T.08",39,
"1504ce99-82ea-4f7c-a20a-df8fbd5b82e7","WOOD","D09","WOOD","2016-09-19T21:04Z","2016-09-21T15:02Z","WOOD.2016.38.AEDVEX.F.T","WOOD.2016.38.AEDVEX.F.T.11",39,
"1f068d85-d2e7-4d1d-a846-d8618a60fb9e","WOOD","D09","WOOD","2016-09-19T21:04Z","2016-09-21T15:02Z","WOOD.2016.38.AEDVEX.F.T","WOOD.2016.38.AEDVEX.F.T.17",38,
"b374e45b-2105-4683-ac76-c69b3fbe72b0","WOOD","D09","WOOD","2016-09-19T21:04Z","2016-09-21T15:02Z","WOOD.2016.38.AEDVEX.F.T","WOOD.2016.38.AEDVEX.F.T.03",39,
"fe51db58-f806-4477-b9bf-45c1e9be2e55","WOOD","D09","WOOD","2016-09-19T21:04Z","2016-09-21T15:02Z","WOOD.2016.38.AEDVEX.F.T","WOOD.2016.38.AEDVEX.F.T.01",39,
"f7049ac9-dafb-4979-8042-008d598aa0fd","WOOD","D09","WOOD","2016-09-19T21:04Z","2016-09-21T15:02Z","WOOD.2016.38.AEDVEX.F.T","WOOD.2016.38.AEDVEX.F.T.18",38,
"691a9ea9-8268-4d42-8548-a903f1abf0e5","WOOD","D09","WOOD","2016-09-19T21:04Z","2016-09-21T15:02Z","WOOD.2016.38.AEDVEX.F.T","WOOD.2016.38.AEDVEX.F.T.16",38,
"9555a74f-b15b-40b1-8cbd-abb4556999d1","WOOD","D09","WOOD","2016-09-19T21:04Z","2016-09-21T15:02Z","WOOD.2016.38.AEDDOR.F.T","WOOD.2016.38.AEDDOR.F.T.06",37,
