uid,namedLocation,domainID,siteID,startCollectDate,endCollectDate,testingID,testingVialID,poolSize,dataQF
"dd3ba4ef-59e0-4ab1-90c7-00626e6e804a","HARV","D01","HARV","2016-06-07T20:32Z","2016-06-09T10:04Z","HARV.2016.23.AEDPRO.F.T","HARV.2016.23.AEDPRO.F.T.01",28,
"8f2eed7f-1b58-49c9-ad8e-223f82005d66","HARV","D01","HARV","2016-06-07T20:32Z","2016-06-09T11:16Z","HARV.2016.23.AEDSTI.F.T","HARV.2016.23.AEDSTI.F.T.02",28,
"1d75a95f-94f8-401e-89a7-529ccd488f24","HARV","D01","HARV","2016-06-07T20:32Z","2016-06-09T11:16Z","HARV.2016.23.AEDPUN.F.T","HARV.2016.23.AEDPUN.F.T.10",39,
"faf856bf-ce84-4527-aedf-7bc272e72e0f","HARV","D01","HARV","2016-06-07T20:32Z","2016-06-09T11:16Z","HARV.2016.23.AEDSTI.F.T","HARV.2016.23.AEDSTI.F.T.01",28,
"412024e2-b580-4026-ab6e-1bd148eacf17","HARV","D01","HARV","2016-06-07T20:32Z","2016-06-09T11:16Z","HARV.2016.23.AEDPUN.F.T","HARV.2016.23.AEDPUN.F.T.03",39,
"97827c0e-18a4-4518-9a2e-3b5d0db1fc67","HARV","D01","HARV","2016-06-07T20:32Z","2016-06-09T11:16Z","HARV.2016.23.AEDPUN.F.T","HARV.2016.23.AEDPUN.F.T.04",39,
"b01a3ce9-513e-4a29-82fd-eefba58524ba","HARV","D01","HARV","2016-06-07T20:32Z","2016-06-09T11:16Z","HARV.2016.23.AEDPUN.F.T","HARV.2016.23.AEDPUN.F.T.02",39,
"968eba4f-0ea1-4f39-9a7e-52b0ae72a38f","HARV","D01","HARV","2016-06-07T20:32Z","2016-06-09T11:16Z","HARV.2016.23.AEDPUN.F.T","HARV.2016.23.AEDPUN.F.T.05",39,
"0199ab60-fe98-4f1f-b91d-2ab41b9ad10c","HARV","D01","HARV","2016-06-07T20:32Z","2016-06-09T11:16Z","HARV.2016.23.AEDPUN.F.T","HARV.2016.23.AEDPUN.F.T.01",40,
"253dd030-f430-424f-8803-498c92ad31b4","HARV","D01","HARV","2016-06-07T20:32Z","2016-06-09T11:16Z","HARV.2016.23.AEDPUN.F.T","HARV.2016.23.AEDPUN.F.T.08",39,
"36f2d771-58d3-4825-a2c5-787b4a9c1046","HARV","D01","HARV","2016-06-07T20:32Z","2016-06-09T11:16Z","HARV.2016.23.AEDPUN.F.T","HARV.2016.23.AEDPUN.F.T.07",39,
"b21c462d-0594-4cfe-9cbe-57e419dd72e2","HARV","D01","HARV","2016-06-07T20:32Z","2016-06-09T11:16Z","HARV.2016.23.AEDCAN3.F.T","HARV.2016.23.AEDCAN3.F.T.03",34,
"43a54082-876e-4843-8ec9-5ba7594eacaa","HARV","D01","HARV","2016-06-07T20:32Z","2016-06-09T11:16Z","HARV.2016.23.AEDCAN3.F.T","HARV.2016.23.AEDCAN3.F.T.02",34,
"91f403f6-89ea-4fe0-b721-c5985fad70d2","HARV","D01","HARV","2016-06-07T20:32Z","2016-06-09T11:16Z","HARV.2016.23.AEDCAN3.F.T","HARV.2016.23.AEDCAN3.F.T.01",35,
"1bcd4f01-478c-49f9-85cb-671cea4fdc8b","HARV","D01","HARV","2016-06-07T20:32Z","2016-06-09T11:16Z","HARV.2016.23.AEDPUN.F.T","HARV.2016.23.AEDPUN.F.T.06",39,
"187a01d4-fd50-4958-a495-ce0f573b288f","HARV","D01","HARV","2016-06-07T20:32Z","2016-06-09T11:16Z","HARV.2016.23.AEDPUN.F.T","HARV.2016.23.AEDPUN.F.T.11",39,
"532f4376-2a49-426d-8f6f-0a872bd4922c","HARV","D01","HARV","2016-06-07T20:32Z","2016-06-09T11:16Z","HARV.2016.23.AEDPUN.F.T","HARV.2016.23.AEDPUN.F.T.09",39,
"de366680-76bc-4a03-9580-7b93edffdb97","HARV","D01","HARV","2016-06-07T21:04Z","2016-06-09T10:04Z","HARV.2016.23.AEDEXC.F.T","HARV.2016.23.AEDEXC.F.T.02",38,
"935b6d1a-a5bd-4640-8788-393a7f60d79d","HARV","D01","HARV","2016-06-07T21:04Z","2016-06-09T10:04Z","HARV.2016.23.AEDEXC.F.T","HARV.2016.23.AEDEXC.F.T.01",39,
"4d609a86-1ad9-488a-affe-55a6b9df4862","HARV","D01","HARV","2016-06-07T21:11Z","2016-06-08T21:26Z","HARV.2016.23.AEDVEX.F.T","HARV.2016.23.AEDVEX.F.T.01",15,
"0603a16d-be29-48b9-a4c7-a61439d53630","HARV","D01","HARV","2016-06-21T20:32Z","2016-06-23T11:30Z","HARV.2016.25.AEDPUN.F.T","HARV.2016.25.AEDPUN.F.T.04",32,
"ffa28711-f606-4771-876e-e2948e713711","HARV","D01","HARV","2016-06-21T20:32Z","2016-06-23T11:30Z","HARV.2016.25.AEDPUN.F.T","HARV.2016.25.AEDPUN.F.T.03",32,
"5c6b7964-f29a-4e88-bdd4-292e54f1c4d8","HARV","D01","HARV","2016-06-21T20:32Z","2016-06-23T11:30Z","HARV.2016.25.AEDPUN.F.T","HARV.2016.25.AEDPUN.F.T.01",33,
"aa58bca6-5a13-44c0-b8c5-fd6f1880879d","HARV","D01","HARV","2016-06-21T20:32Z","2016-06-23T11:30Z","HARV.2016.25.AEDCAN3.F.T","HARV.2016.25.AEDCAN3.F.T.02",35,
"bad09b83-d9d5-4df5-8c84-8918adf7185d","HARV","D01","HARV","2016-06-21T20:32Z","2016-06-23T11:30Z","HARV.2016.25.AEDEXC.F.T","HARV.2016.25.AEDEXC.F.T.03",29,
"89e1e181-3f89-478b-a243-96d8f0d22e01","HARV","D01","HARV","2016-06-21T20:32Z","2016-06-23T11:30Z","HARV.2016.25.AEDEXC.F.T","HARV.2016.25.AEDEXC.F.T.01",29,
"1d72ff07-5ffd-4874-94ee-06427e9cd77e","HARV","D01","HARV","2016-06-21T20:32Z","2016-06-23T11:30Z","HARV.2016.25.AEDCAN3.F.T","HARV.2016.25.AEDCAN3.F.T.03",34,
"c859daa8-e3fa-43e0-bc19-fd1291570d49","HARV","D01","HARV","2016-06-21T20:32Z","2016-06-23T11:30Z","HARV.2016.25.AEDEXC.F.T","HARV.2016.25.AEDEXC.F.T.02",29,
"b5a8a4a1-15f6-4071-be66-72cece57a64b","HARV","D01","HARV","2016-06-21T20:32Z","2016-06-23T11:30Z","HARV.2016.25.AEDCAN3.F.T","HARV.2016.25.AEDCAN3.F.T.01",35,
"c7225a9c-d7bd-405f-b6c7-68248304be65","HARV","D01","HARV","2016-06-21T20:32Z","2016-06-23T11:30Z","HARV.2016.25.AEDCAN3.F.T","HARV.2016.25.AEDCAN3.F.T.04",34,
"f176b48f-80b9-4d88-b836-6c4bafc5b222","HARV","D01","HARV","2016-06-21T20:32Z","2016-06-23T11:30Z","HARV.2016.25.AEDPUN.F.T","HARV.2016.25.AEDPUN.F.T.02",33,
"3f745125-093e-4265-8d3d-ced74acd8313","HARV","D01","HARV","2016-06-21T20:53Z","2016-06-23T10:36Z","HARV.2016.25.AEDVEX.F.T","HARV.2016.25.AEDVEX.F.T.01",31,
"49f72250-af2c-40d7-9d2d-400fb5857949","HARV","D01","HARV","2016-06-21T20:53Z","2016-06-23T11:30Z","HARV.2016.25.AEDPRO.F.T","HARV.2016.25.AEDPRO.F.T.01",19,
"b5243e21-2b77-4e25-b65b-999c092728b0","HARV","D01","HARV","2016-06-21T21:06Z","2016-06-23T11:30Z","HARV.2016.25.AEDSTI.F.T","HARV.2016.25.AEDSTI.F.T.01",11,
