uid,namedLocation,domainID,siteID,startCollectDate,endCollectDate,testingID,testingVialID,poolSize,dataQF
"613d2d47-c2bf-4b56-9449-601548b1259b","GUAN","D04","GUAN","2016-11-01T19:43Z","2016-11-03T12:25Z","GUAN.2016.44.AEDTAE.F.T","GUAN.2016.44.AEDTAE.F.T.16",40,
"06657919-8bc9-4d7d-8cf1-36b3e1de17e1","GUAN","D04","GUAN","2016-11-01T19:43Z","2016-11-03T12:25Z","GUAN.2016.44.AEDTAE.F.T","GUAN.2016.44.AEDTAE.F.T.14",40,
"2ea938aa-6478-45d9-9e75-b3202ba16a83","GUAN","D04","GUAN","2016-11-01T19:43Z","2016-11-03T12:25Z","GUAN.2016.44.AEDTAE.F.T","GUAN.2016.44.AEDTAE.F.T.28",40,
"212ec16f-306d-4b94-8fb0-55c462784668","GUAN","D04","GUAN","2016-11-01T19:43Z","2016-11-03T12:25Z","GUAN.2016.44.AEDTAE.F.T","GUAN.2016.44.AEDTAE.F.T.15",40,
"d58c1f89-b4ea-4901-b163-0db789e93526","GUAN","D04","GUAN","2016-11-01T19:43Z","2016-11-03T12:25Z","GUAN.2016.44.AEDTAE.F.T","GUAN.2016.44.AEDTAE.F.T.27",40,
"d4be3b14-a176-4e63-9075-8cb8e61ab97b","GUAN","D04","GUAN","2016-11-01T19:43Z","2016-11-03T12:25Z","GUAN.2016.44.AEDTAE.F.T","GUAN.2016.44.AEDTAE.F.T.30",40,
"1e2d018e-0c31-4e1b-8bae-68d132041f5a","GUAN","D04","GUAN","2016-11-01T19:43Z","2016-11-03T12:25Z","GUAN.2016.44.AEDTAE.F.T","GUAN.2016.44.AEDTAE.F.T.10",40,
"e0bb13c9-e015-4de1-9017-62bc4631b3d7","GUAN","D04","GUAN","2016-11-01T19:43Z","2016-11-03T12:25Z","GUAN.2016.44.AEDTAE.F.T","GUAN.2016.44.AEDTAE.F.T.08",40,
"ce9b645d-e4d3-4a5a-8554-262ade5ab295","GUAN","D04","GUAN","2016-11-01T19:43Z","2016-11-03T12:25Z","GUAN.2016.44.CULNIG.F.T","GUAN.2016.44.CULNIG.F.T.66",39,
"e149b573-b709-46ee-bc49-61568ce9d476","GUAN","D04","GUAN","2016-11-01T19:43Z","2016-11-03T12:25Z","GUAN.2016.44.CULNIG.F.T","GUAN.2016.44.CULNIG.F.T.55",39,
"f8b0bb87-ef2d-4378-bc62-b5052ab40264","GUAN","D04","GUAN","2016-11-01T19:43Z","2016-11-03T12:25Z","GUAN.2016.44.CULNIG.F.T","GUAN.2016.44.CULNIG.F.T.37",39,
"2b155e00-5c9c-43d9-ba41-b9b0cd0ecb3d","GUAN","D04","GUAN","2016-11-01T19:43Z","2016-11-03T12:25Z","GUAN.2016.44.CULNIG.F.T","GUAN.2016.44.CULNIG.F.T.60",39,
"3560a811-ee84-445a-abd5-4aea693605f6","GUAN","D04","GUAN","2016-11-01T19:43Z","2016-11-03T12:25Z","GUAN.2016.44.CULNIG.F.T","GUAN.2016.44.CULNIG.F.T.61",39,
"ced1b2f3-5a94-4e27-83cd-ba10c64e7a43","GUAN","D04","GUAN","2016-11-01T19:43Z","2016-11-03T12:25Z","GUAN.2016.44.CULNIG.F.T","GUAN.2016.44.CULNIG.F.T.67",39,
"001a1aa1-d8f9-4fff-a2d9-5f681e4f10e0","GUAN","D04","GUAN","2016-11-01T19:43Z","2016-11-03T12:25Z","GUAN.2016.44.CULNIG.F.T","GUAN.2016.44.CULNIG.F.T.56",39,
"364ee1c8-18e3-47af-8862-c58e40a2cbf0","GUAN","D04","GUAN","2016-11-01T19:43Z","2016-11-03T12:25Z","GUAN.2016.44.CULNIG.F.T","GUAN.2016.44.CULNIG.F.T.41",39,
"d8ad93a0-a281-4c10-938e-a1e11fbcdb44","GUAN","D04","GUAN","2016-11-01T19:43Z","2016-11-03T12:25Z","GUAN.2016.44.CULNIG.F.T","GUAN.2016.44.CULNIG.F.T.64",39,
"47332035-fd83-464a-8056-be407f0073a8","GUAN","D04","GUAN","2016-11-01T19:43Z","2016-11-03T12:25Z","GUAN.2016.44.CULNIG.F.T","GUAN.2016.44.CULNIG.F.T.47",39,
"1da027c9-dc2c-481f-a352-7dea3ecf8f51","GUAN","D04","GUAN","2016-11-01T19:43Z","2016-11-03T12:25Z","GUAN.2016.44.CULNIG.F.T","GUAN.2016.44.CULNIG.F.T.68",39,
"802f0362-a897-4f0c-ac74-eae6386689a9","GUAN","D04","GUAN","2016-11-01T19:43Z","2016-11-03T12:25Z","GUAN.2016.44.CULNIG.F.T","GUAN.2016.44.CULNIG.F.T.51",39,
"d58441c0-723c-4b5d-b1cd-39bf7c6ed0bb","GUAN","D04","GUAN","2016-11-01T19:43Z","2016-11-03T12:25Z","GUAN.2016.44.CULNIG.F.T","GUAN.2016.44.CULNIG.F.T.69",39,
"e3301f5e-e40a-44d8-8cd4-57d455692a40","GUAN","D04","GUAN","2016-11-01T19:43Z","2016-11-03T12:25Z","GUAN.2016.44.CULNIG.F.T","GUAN.2016.44.CULNIG.F.T.54",39,
"8d4a1d87-aeb8-405f-ac1e-617ff913180a","GUAN","D04","GUAN","2016-11-01T19:43Z","2016-11-03T12:25Z","GUAN.2016.44.CULNIG.F.T","GUAN.2016.44.CULNIG.F.T.65",39,
"12fb2a81-028c-4d44-85cf-9ccbd65058c4","GUAN","D04","GUAN","2016-11-01T19:43Z","2016-11-03T12:25Z","GUAN.2016.44.AEDTAE.F.T","GUAN.2016.44.AEDTAE.F.T.11",40,
"608cb017-0048-4055-9eb3-0e4f0b73fdc9","GUAN","D04","GUAN","2016-11-01T19:43Z","2016-11-03T12:25Z","GUAN.2016.44.AEDTAE.F.T","GUAN.2016.44.AEDTAE.F.T.06",40,
"c185da70-a1fb-4c7d-92c7-8914a420d569","GUAN","D04","GUAN","2016-11-01T19:43Z","2016-11-03T12:25Z","GUAN.2016.44.AEDTAE.F.T","GUAN.2016.44.AEDTAE.F.T.17",40,
"679bc3fb-668f-4c95-8bea-4bebc03e050e","GUAN","D04","GUAN","2016-11-01T19:43Z","2016-11-03T12:25Z","GUAN.2016.44.AEDTAE.F.T","GUAN.2016.44.AEDTAE.F.T.24",40,
"9e168d0b-db9e-4531-b15b-125da54ce6c4","GUAN","D04","GUAN","2016-11-01T19:43Z","2016-11-03T12:25Z","GUAN.2016.44.AEDTAE.F.T","GUAN.2016.44.AEDTAE.F.T.32",39,
"59d79653-106c-449b-ad94-3eaa0b86fdce","GUAN","D04","GUAN","2016-11-01T19:43Z","2016-11-03T12:25Z","GUAN.2016.44.AEDTAE.F.T","GUAN.2016.44.AEDTAE.F.T.03",40,
"225c3fc7-7db6-4544-bf82-732585b081f6","GUAN","D04","GUAN","2016-11-01T19:43Z","2016-11-03T12:25Z","GUAN.2016.44.AEDTAE.F.T","GUAN.2016.44.AEDTAE.F.T.02",40,
"ed9d18e0-f63b-4b84-9350-1525323f8808","GUAN","D04","GUAN","2016-11-01T19:43Z","2016-11-03T12:25Z","GUAN.2016.44.AEDTAE.F.T","GUAN.2016.44.AEDTAE.F.T.07",40,
"1ffdad3d-4f51-4cb7-a5d3-4bd0fc2f73ef","GUAN","D04","GUAN","2016-11-01T19:43Z","2016-11-03T12:25Z","GUAN.2016.44.AEDTAE.F.T","GUAN.2016.44.AEDTAE.F.T.21",40,
"904f895e-5b84-477b-9574-2662f773ec1c","GUAN","D04","GUAN","2016-11-01T19:43Z","2016-11-03T12:25Z","GUAN.2016.44.AEDTAE.F.T","GUAN.2016.44.AEDTAE.F.T.31",40,
"86eb74ba-c8df-446f-91f8-b0811747d926","GUAN","D04","GUAN","2016-11-01T19:43Z","2016-11-03T12:25Z","GUAN.2016.44.AEDTAE.F.T","GUAN.2016.44.AEDTAE.F.T.35",39,
"f29d42bd-38b5-42f1-8e32-f1eae5eda831","GUAN","D04","GUAN","2016-11-01T19:43Z","2016-11-03T12:25Z","GUAN.2016.44.AEDTAE.F.T","GUAN.2016.44.AEDTAE.F.T.26",40,
"7f462f75-d74f-4ee6-8609-767e62235898","GUAN","D04","GUAN","2016-11-01T19:43Z","2016-11-03T12:25Z","GUAN.2016.44.AEDTAE.F.T","GUAN.2016.44.AEDTAE.F.T.18",40,
"055b1413-8257-4ed0-abd0-ad3517650fc5","GUAN","D04","GUAN","2016-11-01T19:43Z","2016-11-03T12:25Z","GUAN.2016.44.AEDTAE.F.T","GUAN.2016.44.AEDTAE.F.T.04",40,
"45578962-da3b-4645-bb8a-d4d584a94d05","GUAN","D04","GUAN","2016-11-01T19:43Z","2016-11-03T12:25Z","GUAN.2016.44.AEDTAE.F.T","GUAN.2016.44.AEDTAE.F.T.05",40,
"c1152c27-bdc0-4433-a4de-5fad12f0eeb8","GUAN","D04","GUAN","2016-11-01T19:43Z","2016-11-03T12:25Z","GUAN.2016.44.AEDTAE.F.T","GUAN.2016.44.AEDTAE.F.T.34",39,
"91f7548a-4f1f-4215-9023-494998fdb11d","GUAN","D04","GUAN","2016-11-01T19:43Z","2016-11-03T12:25Z","GUAN.2016.44.AEDTAE.F.T","GUAN.2016.44.AEDTAE.F.T.36",39,
"713d1889-1892-4b1b-882c-1a04efb29700","GUAN","D04","GUAN","2016-11-01T19:43Z","2016-11-03T12:25Z","GUAN.2016.44.AEDTAE.F.T","GUAN.2016.44.AEDTAE.F.T.09",40,
"24db44ac-5081-4565-9228-bad294f0acbc","GUAN","D04","GUAN","2016-11-01T19:43Z","2016-11-03T12:25Z","GUAN.2016.44.AEDTAE.F.T","GUAN.2016.44.AEDTAE.F.T.13",40,
"822b6f20-fec3-4ee5-9074-c43738c3a9da","GUAN","D04","GUAN","2016-11-01T19:43Z","2016-11-03T12:25Z","GUAN.2016.44.AEDTAE.F.T","GUAN.2016.44.AEDTAE.F.T.01",40,
"10c40f9d-1a48-491a-99d0-e5ae0488f224","GUAN","D04","GUAN","2016-11-01T19:43Z","2016-11-03T12:25Z","GUAN.2016.44.AEDTAE.F.T","GUAN.2016.44.AEDTAE.F.T.22",40,
"a3146566-ff73-4e90-bf86-bd520a344823","GUAN","D04","GUAN","2016-11-01T19:43Z","2016-11-03T12:25Z","GUAN.2016.44.AEDTAE.F.T","GUAN.2016.44.AEDTAE.F.T.20",40,
"4400490c-856b-4cca-8c10-0a0bb06a92fa","GUAN","D04","GUAN","2016-11-01T19:43Z","2016-11-03T12:25Z","GUAN.2016.44.AEDTAE.F.T","GUAN.2016.44.AEDTAE.F.T.29",40,
"fcf4bb3a-076f-4ab7-92a0-aefc7c3570b7","GUAN","D04","GUAN","2016-11-01T19:43Z","2016-11-03T12:25Z","GUAN.2016.44.AEDTAE.F.T","GUAN.2016.44.AEDTAE.F.T.19",40,
"91464c71-c13a-468d-b9e0-2217f5c98b3c","GUAN","D04","GUAN","2016-11-01T19:43Z","2016-11-03T12:25Z","GUAN.2016.44.CULNIG.F.T","GUAN.2016.44.CULNIG.F.T.49",39,
"47e18b29-e3b1-4153-b680-eaaf3b07138c","GUAN","D04","GUAN","2016-11-01T19:43Z","2016-11-03T12:25Z","GUAN.2016.44.CULNIG.F.T","GUAN.2016.44.CULNIG.F.T.38",39,
"bf7a64e0-107e-4c32-955b-8dd40ccc6e15","GUAN","D04","GUAN","2016-11-01T19:43Z","2016-11-03T12:25Z","GUAN.2016.44.CULNIG.F.T","GUAN.2016.44.CULNIG.F.T.42",39,
"ebb11a8d-3ecf-4030-b403-08d3545cc810","GUAN","D04","GUAN","2016-11-01T19:43Z","2016-11-03T12:25Z","GUAN.2016.44.CULNIG.F.T","GUAN.2016.44.CULNIG.F.T.46",39,
"c8eb3e6d-5c07-4e9e-af05-445650c20219","GUAN","D04","GUAN","2016-11-01T19:43Z","2016-11-03T12:25Z","GUAN.2016.44.CULNIG.F.T","GUAN.2016.44.CULNIG.F.T.34",40,
"fc03012d-d973-4494-90fd-96c95ac091db","GUAN","D04","GUAN","2016-11-01T19:43Z","2016-11-03T12:25Z","GUAN.2016.44.CULNIG.F.T","GUAN.2016.44.CULNIG.F.T.43",39,
"7dea73f6-7417-4e56-9fe1-4da8a3d8ba02","GUAN","D04","GUAN","2016-11-01T19:43Z","2016-11-03T12:25Z","GUAN.2016.44.CULNIG.F.T","GUAN.2016.44.CULNIG.F.T.50",39,
"24f751b3-c3e9-4417-9a28-1937c2ee89cc","GUAN","D04","GUAN","2016-11-01T19:43Z","2016-11-03T12:25Z","GUAN.2016.44.CULNIG.F.T","GUAN.2016.44.CULNIG.F.T.58",39,
"37abf70f-2a56-4da7-8e22-c55788bd1886","GUAN","D04","GUAN","2016-11-01T19:43Z","2016-11-03T12:25Z","GUAN.2016.44.CULNIG.F.T","GUAN.2016.44.CULNIG.F.T.57",39,
"775ad569-b01f-42ab-a8a1-b6f9e75fc773","GUAN","D04","GUAN","2016-11-01T19:43Z","2016-11-03T12:25Z","GUAN.2016.44.CULNIG.F.T","GUAN.2016.44.CULNIG.F.T.35",39,
"31edc95f-f364-4656-87d3-1d26a927973e","GUAN","D04","GUAN","2016-11-01T19:43Z","2016-11-03T12:25Z","GUAN.2016.44.CULNIG.F.T","GUAN.2016.44.CULNIG.F.T.40",39,
"f2bdd0c1-b1b4-4913-9fa7-c1c6cc050dc4","GUAN","D04","GUAN","2016-11-01T19:43Z","2016-11-03T12:25Z","GUAN.2016.44.CULNIG.F.T","GUAN.2016.44.CULNIG.F.T.63",39,
"bf32ef2f-b6ab-423f-b72f-e00650b9accf","GUAN","D04","GUAN","2016-11-01T19:43Z","2016-11-03T12:25Z","GUAN.2016.44.CULNIG.F.T","GUAN.2016.44.CULNIG.F.T.53",39,
"29454232-57c7-48b9-887c-d72abed4ca24","GUAN","D04","GUAN","2016-11-01T19:43Z","2016-11-03T12:25Z","GUAN.2016.44.CULNIG.F.T","GUAN.2016.44.CULNIG.F.T.44",39,
"3d9cc052-6881-46fe-903e-4398bb350d07","GUAN","D04","GUAN","2016-11-01T19:43Z","2016-11-03T12:25Z","GUAN.2016.44.CULNIG.F.T","GUAN.2016.44.CULNIG.F.T.39",39,
"ef5b5b0c-6512-4d4b-86ba-dcdf41243027","GUAN","D04","GUAN","2016-11-01T19:43Z","2016-11-03T12:25Z","GUAN.2016.44.CULNIG.F.T","GUAN.2016.44.CULNIG.F.T.59",39,
"24d1495c-7fc0-4332-b093-487a7a105e75","GUAN","D04","GUAN","2016-11-01T19:43Z","2016-11-03T12:25Z","GUAN.2016.44.CULNIG.F.T","GUAN.2016.44.CULNIG.F.T.33",40,
"41995325-cd93-469b-b9e8-8759383d141b","GUAN","D04","GUAN","2016-11-01T19:43Z","2016-11-03T12:25Z","GUAN.2016.44.CULNIG.F.T","GUAN.2016.44.CULNIG.F.T.32",40,
"87675cda-d040-45bb-8919-fb487cd9a091","GUAN","D04","GUAN","2016-11-01T19:43Z","2016-11-03T12:25Z","GUAN.2016.44.CULNIG.F.T","GUAN.2016.44.CULNIG.F.T.52",39,
"651bf8e5-ed2a-4283-b97f-a9728cf52b84","GUAN","D04","GUAN","2016-11-01T19:43Z","2016-11-03T12:25Z","GUAN.2016.44.CULNIG.F.T","GUAN.2016.44.CULNIG.F.T.45",39,
"d8c45f2f-ca53-4d75-b3b3-b149c3f5a5ef","GUAN","D04","GUAN","2016-11-01T19:43Z","2016-11-03T12:25Z","GUAN.2016.44.CULNIG.F.T","GUAN.2016.44.CULNIG.F.T.62",39,
"08c5f6f9-df31-4efe-aefe-16ad0382484f","GUAN","D04","GUAN","2016-11-01T19:43Z","2016-11-03T12:25Z","GUAN.2016.44.CULNIG.F.T","GUAN.2016.44.CULNIG.F.T.48",39,
"bc0dd626-2711-4133-94bd-1feacdecd6ee","GUAN","D04","GUAN","2016-11-01T19:43Z","2016-11-03T12:25Z","GUAN.2016.44.CULNIG.F.T","GUAN.2016.44.CULNIG.F.T.36",39,
"582cb15a-516c-4d67-acc0-a198be36561c","GUAN","D04","GUAN","2016-11-01T19:43Z","2016-11-03T12:25Z","GUAN.2016.44.CULNIG.F.T","GUAN.2016.44.CULNIG.F.T.30",40,
"04ba07bf-eb91-4cc3-8f28-f533ffa48916","GUAN","D04","GUAN","2016-11-01T19:43Z","2016-11-03T12:25Z","GUAN.2016.44.CULNIG.F.T","GUAN.2016.44.CULNIG.F.T.31",40,
"1d2a9de5-ca47-40d1-94c2-5e1d021435f0","GUAN","D04","GUAN","2016-11-01T19:43Z","2016-11-03T12:25Z","GUAN.2016.44.CULNIG.F.T","GUAN.2016.44.CULNIG.F.T.08",40,
"bfd8a0a2-9b04-4312-b64e-065649b69d19","GUAN","D04","GUAN","2016-11-01T19:43Z","2016-11-03T12:25Z","GUAN.2016.44.CULNIG.F.T","GUAN.2016.44.CULNIG.F.T.29",40,
"d49cf056-ad77-4916-9f47-273fc3fdad25","GUAN","D04","GUAN","2016-11-01T19:43Z","2016-11-03T12:25Z","GUAN.2016.44.CULNIG.F.T","GUAN.2016.44.CULNIG.F.T.21",40,
"e8f71f3b-87d7-4896-89ac-2835d0dcb011","GUAN","D04","GUAN","2016-11-01T19:43Z","2016-11-03T12:25Z","GUAN.2016.44.CULNIG.F.T","GUAN.2016.44.CULNIG.F.T.23",40,
"37597ed7-ed7e-4877-8b60-20e749bfd9be","GUAN","D04","GUAN","2016-11-01T19:43Z","2016-11-03T12:25Z","GUAN.2016.44.CULNIG.F.T","GUAN.2016.44.CULNIG.F.T.04",40,
"ea151122-76ed-4c0d-86c8-e914b97154b7","GUAN","D04","GUAN","2016-11-01T19:43Z","2016-11-03T12:25Z","GUAN.2016.44.CULNIG.F.T","GUAN.2016.44.CULNIG.F.T.24",40,
"d554dcd5-3acc-4738-a015-731749c4a98d","GUAN","D04","GUAN","2016-11-01T19:43Z","2016-11-03T12:25Z","GUAN.2016.44.CULNIG.F.T","GUAN.2016.44.CULNIG.F.T.28",40,
"c53d400e-f468-4c08-bc6a-336928ebf75c","GUAN","D04","GUAN","2016-11-01T19:43Z","2016-11-03T12:25Z","GUAN.2016.44.CULNIG.F.T","GUAN.2016.44.CULNIG.F.T.20",40,
"49979532-ce44-460b-8d18-6a6f19dfb80a","GUAN","D04","GUAN","2016-11-01T19:43Z","2016-11-03T12:25Z","GUAN.2016.44.CULNIG.F.T","GUAN.2016.44.CULNIG.F.T.27",40,
"6eef883e-0542-47e9-b380-151ae41b67d0","GUAN","D04","GUAN","2016-11-01T19:43Z","2016-11-03T12:25Z","GUAN.2016.44.CULNIG.F.T","GUAN.2016.44.CULNIG.F.T.26",40,
"8f0ce232-6803-4957-9772-5a0d076d04a6","GUAN","D04","GUAN","2016-11-01T19:43Z","2016-11-03T12:25Z","GUAN.2016.44.CULNIG.F.T","GUAN.2016.44.CULNIG.F.T.09",40,
"0a9c0ca5-522d-419e-94c0-06ef8bcc4167","GUAN","D04","GUAN","2016-11-01T19:43Z","2016-11-03T12:25Z","GUAN.2016.44.CULNIG.F.T","GUAN.2016.44.CULNIG.F.T.14",40,
"84c8048b-19c9-426e-896d-c64a45b2d531","GUAN","D04","GUAN","2016-11-01T19:43Z","2016-11-03T12:25Z","GUAN.2016.44.CULNIG.F.T","GUAN.2016.44.CULNIG.F.T.17",40,
"1bb93006-f8f6-4dea-9cc9-2da30b076055","GUAN","D04","GUAN","2016-11-01T19:43Z","2016-11-03T12:25Z","GUAN.2016.44.CULNIG.F.T","GUAN.2016.44.CULNIG.F.T.05",40,
"3876bd57-93f5-401f-a37b-521b0e3fa2cc","GUAN","D04","GUAN","2016-11-01T19:43Z","2016-11-03T12:25Z","GUAN.2016.44.CULNIG.F.T","GUAN.2016.44.CULNIG.F.T.19",40,
"53a1c533-7299-424a-a61d-859860d40624","GUAN","D04","GUAN","2016-11-01T19:43Z","2016-11-03T12:25Z","GUAN.2016.44.CULNIG.F.T","GUAN.2016.44.CULNIG.F.T.01",40,
"6fecec71-5e99-4c26-b6da-42c36bb9cf1c","GUAN","D04","GUAN","2016-11-01T19:43Z","2016-11-03T12:25Z","GUAN.2016.44.CULNIG.F.T","GUAN.2016.44.CULNIG.F.T.15",40,
"e1a08f6a-e473-4bdf-b86d-9054ff0266b1","GUAN","D04","GUAN","2016-11-01T19:43Z","2016-11-03T12:25Z","GUAN.2016.44.CULNIG.F.T","GUAN.2016.44.CULNIG.F.T.18",40,
"042c7a89-fa9c-4882-885f-24cd210f2f94","GUAN","D04","GUAN","2016-11-01T19:43Z","2016-11-03T12:25Z","GUAN.2016.44.CULNIG.F.T","GUAN.2016.44.CULNIG.F.T.22",40,
"9213f3a7-3c88-415a-975d-4dd5aef91dee","GUAN","D04","GUAN","2016-11-01T19:43Z","2016-11-03T12:25Z","GUAN.2016.44.CULNIG.F.T","GUAN.2016.44.CULNIG.F.T.02",40,
"711efee1-0614-4012-9f3c-1ebc571b16cf","GUAN","D04","GUAN","2016-11-01T19:43Z","2016-11-03T12:25Z","GUAN.2016.44.CULNIG.F.T","GUAN.2016.44.CULNIG.F.T.25",40,
"ba288702-605e-4e76-ad9f-4cb79c17b2e1","GUAN","D04","GUAN","2016-11-01T19:43Z","2016-11-03T12:25Z","GUAN.2016.44.CULNIG.F.T","GUAN.2016.44.CULNIG.F.T.10",40,
"87cabd37-99c2-45c7-b1fd-de16a9397086","GUAN","D04","GUAN","2016-11-01T19:43Z","2016-11-03T12:25Z","GUAN.2016.44.CULNIG.F.T","GUAN.2016.44.CULNIG.F.T.03",40,
"8e3c1a88-962b-4aad-ac62-cef02881d3a3","GUAN","D04","GUAN","2016-11-01T19:43Z","2016-11-03T12:25Z","GUAN.2016.44.CULNIG.F.T","GUAN.2016.44.CULNIG.F.T.16",40,
"7764ebe7-850f-4bea-b858-38822e51f198","GUAN","D04","GUAN","2016-11-01T19:43Z","2016-11-03T12:25Z","GUAN.2016.44.CULNIG.F.T","GUAN.2016.44.CULNIG.F.T.11",40,
"e6502869-1a97-465a-81d6-a25f5613a531","GUAN","D04","GUAN","2016-11-01T19:43Z","2016-11-03T12:25Z","GUAN.2016.44.CULNIG.F.T","GUAN.2016.44.CULNIG.F.T.13",40,
"889d46a1-6db2-4c27-af97-4f7f5b6cc809","GUAN","D04","GUAN","2016-11-01T19:43Z","2016-11-03T12:25Z","GUAN.2016.44.CULNIG.F.T","GUAN.2016.44.CULNIG.F.T.12",40,
"d4c891cf-1680-4f8a-8078-ef394b40ff63","GUAN","D04","GUAN","2016-11-01T19:43Z","2016-11-03T12:25Z","GUAN.2016.44.CULNIG.F.T","GUAN.2016.44.CULNIG.F.T.06",40,
"4fd37421-a7d7-4710-8660-022bae2ff653","GUAN","D04","GUAN","2016-11-01T19:43Z","2016-11-03T12:25Z","GUAN.2016.44.CULNIG.F.T","GUAN.2016.44.CULNIG.F.T.07",40,
"83d2f8fb-fc5e-421e-bbed-7dfcfc402493","GUAN","D04","GUAN","2016-11-01T19:43Z","2016-11-03T12:25Z","GUAN.2016.44.AEDTOR1.F.T","GUAN.2016.44.AEDTOR1.F.T.04",39,
"62279c0b-2d77-4327-8dc1-a1f368cd3526","GUAN","D04","GUAN","2016-11-01T19:43Z","2016-11-03T12:25Z","GUAN.2016.44.AEDTOR1.F.T","GUAN.2016.44.AEDTOR1.F.T.02",39,
"97ee6e75-dac4-4722-a927-bdf2f2dfcb00","GUAN","D04","GUAN","2016-11-01T19:43Z","2016-11-03T12:25Z","GUAN.2016.44.AEDTOR1.F.T","GUAN.2016.44.AEDTOR1.F.T.03",39,
"24835917-c555-4285-8904-e913f94a7265","GUAN","D04","GUAN","2016-11-01T19:43Z","2016-11-03T12:25Z","GUAN.2016.44.AEDTOR1.F.T","GUAN.2016.44.AEDTOR1.F.T.01",39,
"63e6bc31-7945-4f61-8111-43056dfbbc6c","GUAN","D04","GUAN","2016-11-01T19:43Z","2016-11-03T12:25Z","GUAN.2016.44.AEDTOR1.F.T","GUAN.2016.44.AEDTOR1.F.T.05",39,
"9d5b7553-9586-49f2-98af-5d2fa25dc22a","GUAN","D04","GUAN","2016-11-01T19:43Z","2016-11-03T12:25Z","GUAN.2016.44.AEDTOR1.F.T","GUAN.2016.44.AEDTOR1.F.T.06",38,
"6f1f955e-5fec-45c5-b9c2-0458d6a0d4d1","GUAN","D04","GUAN","2016-11-01T19:43Z","2016-11-03T12:25Z","GUAN.2016.44.AEDTAE.F.T","GUAN.2016.44.AEDTAE.F.T.23",40,
"e95e07b6-5ab5-46eb-896a-b2490473e41a","GUAN","D04","GUAN","2016-11-01T19:43Z","2016-11-03T12:25Z","GUAN.2016.44.AEDTAE.F.T","GUAN.2016.44.AEDTAE.F.T.33",39,
"ca8c966f-9b7e-43e7-9e5a-615fe1612972","GUAN","D04","GUAN","2016-11-01T19:43Z","2016-11-03T12:25Z","GUAN.2016.44.AEDTAE.F.T","GUAN.2016.44.AEDTAE.F.T.25",40,
"b8405d08-216e-43e7-87d4-a479b978368e","GUAN","D04","GUAN","2016-11-01T19:43Z","2016-11-03T12:25Z","GUAN.2016.44.AEDTAE.F.T","GUAN.2016.44.AEDTAE.F.T.12",40,
"d5c2bccc-e611-4029-b90f-edbba178b816","GUAN","D04","GUAN","2016-11-01T19:59Z","2016-11-03T12:00Z","GUAN.2016.44.AEDOBT.F.T","GUAN.2016.44.AEDOBT.F.T.01",40,
"e600a89d-9dfb-45a8-b903-8e1f669d307d","GUAN","D04","GUAN","2016-11-01T19:59Z","2016-11-03T12:20Z","GUAN.2016.44.CULBAH.F.T","GUAN.2016.44.CULBAH.F.T.03",30,
"d556a726-5618-49bc-b29e-bc72d4be86fa","GUAN","D04","GUAN","2016-11-01T19:59Z","2016-11-03T12:20Z","GUAN.2016.44.CULBAH.F.T","GUAN.2016.44.CULBAH.F.T.01",31,
"d005c30f-4237-4654-acd3-6a67462f604a","GUAN","D04","GUAN","2016-11-01T19:59Z","2016-11-03T12:20Z","GUAN.2016.44.CULBAH.F.T","GUAN.2016.44.CULBAH.F.T.02",30,
"5b065a1a-fc10-4fc3-8a38-0f5cd73d206c","GUAN","D04","GUAN","2016-11-15T21:06Z","2016-11-17T12:41Z","GUAN.2016.46.CULNIG.F.T","GUAN.2016.46.CULNIG.F.T.27",39,
"a7cf3f99-e695-4146-8d12-c16c63e8d380","GUAN","D04","GUAN","2016-11-15T21:06Z","2016-11-17T12:41Z","GUAN.2016.46.CULNIG.F.T","GUAN.2016.46.CULNIG.F.T.16",39,
"251df293-4bac-42b4-b7ce-12cad0184765","GUAN","D04","GUAN","2016-11-15T21:06Z","2016-11-17T12:41Z","GUAN.2016.46.CULNIG.F.T","GUAN.2016.46.CULNIG.F.T.30",39,
"c00a6e33-2589-412b-8293-a8c088198bc0","GUAN","D04","GUAN","2016-11-15T21:06Z","2016-11-17T12:41Z","GUAN.2016.46.CULNIG.F.T","GUAN.2016.46.CULNIG.F.T.28",39,
"f827c208-2303-492f-9a1f-24c9fd66d648","GUAN","D04","GUAN","2016-11-15T21:06Z","2016-11-17T12:41Z","GUAN.2016.46.CULNIG.F.T","GUAN.2016.46.CULNIG.F.T.35",39,
"c589bd8f-2d79-49d1-bef5-418ea2a2d752","GUAN","D04","GUAN","2016-11-15T21:06Z","2016-11-17T12:41Z","GUAN.2016.46.AEDTAE.F.T","GUAN.2016.46.AEDTAE.F.T.37",40,
"6c8b9527-7872-499c-a2d3-d86ff05c55d2","GUAN","D04","GUAN","2016-11-15T21:06Z","2016-11-17T12:41Z","GUAN.2016.46.AEDTAE.F.T","GUAN.2016.46.AEDTAE.F.T.40",40,
"fbca546e-7986-443b-91cb-b5b76af22a81","GUAN","D04","GUAN","2016-11-15T21:06Z","2016-11-17T12:41Z","GUAN.2016.46.AEDTAE.F.T","GUAN.2016.46.AEDTAE.F.T.16",40,
"b0099f57-5e8a-4282-8178-ec3eedf1eae7","GUAN","D04","GUAN","2016-11-15T21:06Z","2016-11-17T12:41Z","GUAN.2016.46.AEDTAE.F.T","GUAN.2016.46.AEDTAE.F.T.28",40,
"9c22aac9-7197-415b-86c7-eaabc4bae00b","GUAN","D04","GUAN","2016-11-15T21:06Z","2016-11-17T12:41Z","GUAN.2016.46.AEDTAE.F.T","GUAN.2016.46.AEDTAE.F.T.11",40,
"abc18a27-e25e-4aa8-ab8e-d49f55b66832","GUAN","D04","GUAN","2016-11-15T21:06Z","2016-11-17T12:41Z","GUAN.2016.46.AEDTAE.F.T","GUAN.2016.46.AEDTAE.F.T.22",40,
"8e2bcc45-99bf-408c-a077-bf6b177830c3","GUAN","D04","GUAN","2016-11-15T21:06Z","2016-11-17T12:41Z","GUAN.2016.46.AEDTAE.F.T","GUAN.2016.46.AEDTAE.F.T.09",40,
"bc89b4a2-589c-4549-87c1-51c4f0ef42a2","GUAN","D04","GUAN","2016-11-15T21:06Z","2016-11-17T12:41Z","GUAN.2016.46.AEDTAE.F.T","GUAN.2016.46.AEDTAE.F.T.46",39,
"3b7a49de-8986-4280-9832-fe105619629f","GUAN","D04","GUAN","2016-11-15T21:06Z","2016-11-17T12:41Z","GUAN.2016.46.AEDTAE.F.T","GUAN.2016.46.AEDTAE.F.T.45",40,
"76461e6e-ed0f-4326-9dc6-f045db5a396a","GUAN","D04","GUAN","2016-11-15T21:06Z","2016-11-17T12:41Z","GUAN.2016.46.AEDTAE.F.T","GUAN.2016.46.AEDTAE.F.T.19",40,
"9cf591c3-b389-400e-9ad9-6c3574a8e9a4","GUAN","D04","GUAN","2016-11-15T21:06Z","2016-11-17T12:41Z","GUAN.2016.46.AEDTAE.F.T","GUAN.2016.46.AEDTAE.F.T.43",40,
"dee20992-784c-4a1e-875c-eb28f65200d0","GUAN","D04","GUAN","2016-11-15T21:06Z","2016-11-17T12:41Z","GUAN.2016.46.AEDTAE.F.T","GUAN.2016.46.AEDTAE.F.T.03",40,
"5854556c-fd38-4729-bc4d-d13bd22fdc9c","GUAN","D04","GUAN","2016-11-15T21:06Z","2016-11-17T12:41Z","GUAN.2016.46.AEDTAE.F.T","GUAN.2016.46.AEDTAE.F.T.08",40,
"1c767743-d164-4db9-9da6-d54f0a6a9c73","GUAN","D04","GUAN","2016-11-15T21:06Z","2016-11-17T12:41Z","GUAN.2016.46.AEDTAE.F.T","GUAN.2016.46.AEDTAE.F.T.29",40,
"ed01f3a6-3d0d-46f2-9e2d-f5fbccad6ad9","GUAN","D04","GUAN","2016-11-15T21:06Z","2016-11-17T12:41Z","GUAN.2016.46.AEDTAE.F.T","GUAN.2016.46.AEDTAE.F.T.25",40,
"977a312a-c9d9-40cb-872d-6aa08a2b1258","GUAN","D04","GUAN","2016-11-15T21:06Z","2016-11-17T12:41Z","GUAN.2016.46.AEDTAE.F.T","GUAN.2016.46.AEDTAE.F.T.47",39,
"016101a5-8461-4ea4-b509-b0a50d636260","GUAN","D04","GUAN","2016-11-15T21:06Z","2016-11-17T12:41Z","GUAN.2016.46.AEDTAE.F.T","GUAN.2016.46.AEDTAE.F.T.02",40,
"44f5b3de-7f76-4552-9aa6-70eaa6fab3e7","GUAN","D04","GUAN","2016-11-15T21:06Z","2016-11-17T12:41Z","GUAN.2016.46.AEDTAE.F.T","GUAN.2016.46.AEDTAE.F.T.48",39,
"d8d46210-b409-4a9e-a25a-cb6a628df029","GUAN","D04","GUAN","2016-11-15T21:06Z","2016-11-17T12:41Z","GUAN.2016.46.AEDTAE.F.T","GUAN.2016.46.AEDTAE.F.T.35",40,
"de5137af-d85e-439c-8b44-3878eae26c5c","GUAN","D04","GUAN","2016-11-15T21:06Z","2016-11-17T12:41Z","GUAN.2016.46.AEDTAE.F.T","GUAN.2016.46.AEDTAE.F.T.51",39,
"4d00ba68-446e-4afd-9b91-282031a35cc4","GUAN","D04","GUAN","2016-11-15T21:06Z","2016-11-17T12:41Z","GUAN.2016.46.AEDTAE.F.T","GUAN.2016.46.AEDTAE.F.T.20",40,
"a1e6154c-ab50-4a26-a40a-3db6cd7a714a","GUAN","D04","GUAN","2016-11-15T21:06Z","2016-11-17T12:41Z","GUAN.2016.46.AEDTAE.F.T","GUAN.2016.46.AEDTAE.F.T.07",40,
"a582f2fb-0202-4e00-8634-a653db360166","GUAN","D04","GUAN","2016-11-15T21:06Z","2016-11-17T12:41Z","GUAN.2016.46.AEDTAE.F.T","GUAN.2016.46.AEDTAE.F.T.23",40,
"076baa67-e1e0-46ed-8afd-259a8e28b425","GUAN","D04","GUAN","2016-11-15T21:06Z","2016-11-17T12:41Z","GUAN.2016.46.AEDTAE.F.T","GUAN.2016.46.AEDTAE.F.T.12",40,
"474f53a3-a87c-4d12-904d-dc52e2e6066d","GUAN","D04","GUAN","2016-11-15T21:06Z","2016-11-17T12:41Z","GUAN.2016.46.AEDTAE.F.T","GUAN.2016.46.AEDTAE.F.T.24",40,
"456c71bb-691e-42e7-bfb0-f8b6bc7f817b","GUAN","D04","GUAN","2016-11-15T21:06Z","2016-11-17T12:41Z","GUAN.2016.46.AEDTAE.F.T","GUAN.2016.46.AEDTAE.F.T.33",40,
"75f52483-cb8a-45f7-b700-a414baa17f07","GUAN","D04","GUAN","2016-11-15T21:06Z","2016-11-17T12:41Z","GUAN.2016.46.AEDTAE.F.T","GUAN.2016.46.AEDTAE.F.T.41",40,
"6bd4bd3f-8f34-4287-bd02-2d5feeb53c5f","GUAN","D04","GUAN","2016-11-15T21:06Z","2016-11-17T12:41Z","GUAN.2016.46.AEDTAE.F.T","GUAN.2016.46.AEDTAE.F.T.27",40,
"e80c3899-0819-4949-a5d5-84eefd1c477a","GUAN","D04","GUAN","2016-11-15T21:06Z","2016-11-17T12:41Z","GUAN.2016.46.AEDTAE.F.T","GUAN.2016.46.AEDTAE.F.T.30",40,
"086132d6-bfe7-45a6-a30f-24f29f8c2dc3","GUAN","D04","GUAN","2016-11-15T21:06Z","2016-11-17T12:41Z","GUAN.2016.46.AEDTAE.F.T","GUAN.2016.46.AEDTAE.F.T.18",40,
"8d73b122-7521-4d70-a1c9-3f27dd07c11e","GUAN","D04","GUAN","2016-11-15T21:06Z","2016-11-17T12:41Z","GUAN.2016.46.AEDTAE.F.T","GUAN.2016.46.AEDTAE.F.T.34",40,
"3a3b95c5-2091-48a9-ac43-63cb8253e1a0","GUAN","D04","GUAN","2016-11-15T21:06Z","2016-11-17T12:41Z","GUAN.2016.46.AEDTAE.F.T","GUAN.2016.46.AEDTAE.F.T.15",40,
"138bb0bf-a0d8-440a-9458-ffa81727b9cd","GUAN","D04","GUAN","2016-11-15T21:06Z","2016-11-17T12:41Z","GUAN.2016.46.AEDTAE.F.T","GUAN.2016.46.AEDTAE.F.T.32",40,
"36373a60-3e1d-4dd8-974d-ef620320066f","GUAN","D04","GUAN","2016-11-15T21:06Z","2016-11-17T12:41Z","GUAN.2016.46.AEDTAE.F.T","GUAN.2016.46.AEDTAE.F.T.21",40,
"558c37aa-a203-4fdb-bdb4-752d19d63c54","GUAN","D04","GUAN","2016-11-15T21:06Z","2016-11-17T12:41Z","GUAN.2016.46.AEDTAE.F.T","GUAN.2016.46.AEDTAE.F.T.10",40,
"cc2eee52-f125-4e91-8ce0-c366aa18a4a4","GUAN","D04","GUAN","2016-11-15T21:06Z","2016-11-17T12:41Z","GUAN.2016.46.AEDTAE.F.T","GUAN.2016.46.AEDTAE.F.T.06",40,
"0099fe75-c949-42eb-af25-82570cb6cacf","GUAN","D04","GUAN","2016-11-15T21:06Z","2016-11-17T12:41Z","GUAN.2016.46.AEDTAE.F.T","GUAN.2016.46.AEDTAE.F.T.38",40,
"c580046b-cb85-43c8-b271-835de1356fcb","GUAN","D04","GUAN","2016-11-15T21:06Z","2016-11-17T12:41Z","GUAN.2016.46.AEDTAE.F.T","GUAN.2016.46.AEDTAE.F.T.36",40,
"7c78096d-dabf-4fb1-9ad3-3ad61b145fd9","GUAN","D04","GUAN","2016-11-15T21:06Z","2016-11-17T12:41Z","GUAN.2016.46.AEDTAE.F.T","GUAN.2016.46.AEDTAE.F.T.01",40,
"76ed47b3-e921-466c-9247-91eb9c736efd","GUAN","D04","GUAN","2016-11-15T21:06Z","2016-11-17T12:41Z","GUAN.2016.46.CULNIG.F.T","GUAN.2016.46.CULNIG.F.T.14",39,
"ca64c745-2bfb-4ffa-a321-ea18ce94dd67","GUAN","D04","GUAN","2016-11-15T21:06Z","2016-11-17T12:41Z","GUAN.2016.46.CULNIG.F.T","GUAN.2016.46.CULNIG.F.T.03",40,
"efce3ac8-c584-4f75-9c16-0865f399d4ba","GUAN","D04","GUAN","2016-11-15T21:06Z","2016-11-17T12:41Z","GUAN.2016.46.CULNIG.F.T","GUAN.2016.46.CULNIG.F.T.09",39,
"5f705534-a18e-411f-b653-4e74fe6d6dd7","GUAN","D04","GUAN","2016-11-15T21:06Z","2016-11-17T12:41Z","GUAN.2016.46.CULNIG.F.T","GUAN.2016.46.CULNIG.F.T.05",40,
"497e73df-fdc6-4841-b875-704be074e166","GUAN","D04","GUAN","2016-11-15T21:06Z","2016-11-17T12:41Z","GUAN.2016.46.CULNIG.F.T","GUAN.2016.46.CULNIG.F.T.11",39,
"51f88d3d-5a3b-47fd-a196-e6707f7d2825","GUAN","D04","GUAN","2016-11-15T21:06Z","2016-11-17T12:41Z","GUAN.2016.46.CULNIG.F.T","GUAN.2016.46.CULNIG.F.T.04",40,
"a725028a-0e31-445f-8b70-502ee2282b13","GUAN","D04","GUAN","2016-11-15T21:06Z","2016-11-17T12:41Z","GUAN.2016.46.CULNIG.F.T","GUAN.2016.46.CULNIG.F.T.02",40,
"c103161d-d7e4-490c-891c-1c60a9514c67","GUAN","D04","GUAN","2016-11-15T21:06Z","2016-11-17T12:41Z","GUAN.2016.46.CULNIG.F.T","GUAN.2016.46.CULNIG.F.T.08",39,
"862ffcf0-3a16-4db3-ba65-6606ca87f885","GUAN","D04","GUAN","2016-11-15T21:06Z","2016-11-17T12:41Z","GUAN.2016.46.CULNIG.F.T","GUAN.2016.46.CULNIG.F.T.10",39,
"267fa25b-9eb2-4912-bbc7-0349a74f1969","GUAN","D04","GUAN","2016-11-15T21:06Z","2016-11-17T12:41Z","GUAN.2016.46.CULNIG.F.T","GUAN.2016.46.CULNIG.F.T.12",39,
"4fa06189-8ec9-48ac-a25c-72d4ff80de56","GUAN","D04","GUAN","2016-11-15T21:06Z","2016-11-17T12:41Z","GUAN.2016.46.CULNIG.F.T","GUAN.2016.46.CULNIG.F.T.07",40,
"65d4ce45-9997-47a1-aa12-3496a28ad045","GUAN","D04","GUAN","2016-11-15T21:06Z","2016-11-17T12:41Z","GUAN.2016.46.CULNIG.F.T","GUAN.2016.46.CULNIG.F.T.06",40,
"781c2b67-7a24-4f51-b0e1-f296c91075e6","GUAN","D04","GUAN","2016-11-15T21:06Z","2016-11-17T12:41Z","GUAN.2016.46.CULNIG.F.T","GUAN.2016.46.CULNIG.F.T.01",40,
"edfc6c67-648a-4fd6-8115-6c7671c9fd13","GUAN","D04","GUAN","2016-11-15T21:06Z","2016-11-17T12:41Z","GUAN.2016.46.AEDTAE.F.T","GUAN.2016.46.AEDTAE.F.T.60",39,
"a60d1a7a-74eb-4fc2-9c92-49fb763ba412","GUAN","D04","GUAN","2016-11-15T21:06Z","2016-11-17T12:41Z","GUAN.2016.46.AEDTAE.F.T","GUAN.2016.46.AEDTAE.F.T.63",39,
"2bb5a449-41fc-4434-b7da-ce3206127bb7","GUAN","D04","GUAN","2016-11-15T21:06Z","2016-11-17T12:41Z","GUAN.2016.46.AEDTAE.F.T","GUAN.2016.46.AEDTAE.F.T.57",39,
"ed2846ef-d914-42c2-9385-29f4eacd1918","GUAN","D04","GUAN","2016-11-15T21:06Z","2016-11-17T12:41Z","GUAN.2016.46.AEDTAE.F.T","GUAN.2016.46.AEDTAE.F.T.55",39,
"c8aa87f8-c2d1-4536-ab59-9ccc18975f00","GUAN","D04","GUAN","2016-11-15T21:06Z","2016-11-17T12:41Z","GUAN.2016.46.AEDTAE.F.T","GUAN.2016.46.AEDTAE.F.T.52",39,
"d52db221-8402-46e2-80a0-b5786a2a8552","GUAN","D04","GUAN","2016-11-15T21:06Z","2016-11-17T12:41Z","GUAN.2016.46.AEDTAE.F.T","GUAN.2016.46.AEDTAE.F.T.58",39,
"76a42351-de5e-4ff9-8995-37297d1028e6","GUAN","D04","GUAN","2016-11-15T21:06Z","2016-11-17T12:41Z","GUAN.2016.46.AEDTAE.F.T","GUAN.2016.46.AEDTAE.F.T.56",39,
"b1fe9ab1-40f9-4801-b691-d07e64643c64","GUAN","D04","GUAN","2016-11-15T21:06Z","2016-11-17T12:41Z","GUAN.2016.46.AEDTAE.F.T","GUAN.2016.46.AEDTAE.F.T.66",39,
"2962a0c7-8802-4132-9bdc-be04828bc9c2","GUAN","D04","GUAN","2016-11-15T21:06Z","2016-11-17T12:41Z","GUAN.2016.46.AEDTAE.F.T","GUAN.2016.46.AEDTAE.F.T.61",39,
"41651a7a-d41d-44a4-81d1-03f4ad8766d2","GUAN","D04","GUAN","2016-11-15T21:06Z","2016-11-17T12:41Z","GUAN.2016.46.AEDTAE.F.T","GUAN.2016.46.AEDTAE.F.T.53",39,
"d1eb5f3d-51f5-4608-b791-361a8a7da7af","GUAN","D04","GUAN","2016-11-15T21:06Z","2016-11-17T12:41Z","GUAN.2016.46.AEDTAE.F.T","GUAN.2016.46.AEDTAE.F.T.64",39,
"b8bb54f7-9cfd-4e97-9e9b-57cc96f7b424","GUAN","D04","GUAN","2016-11-15T21:06Z","2016-11-17T12:41Z","GUAN.2016.46.AEDTAE.F.T","GUAN.2016.46.AEDTAE.F.T.54",39,
"80e8ac7b-1690-4b79-a12c-79f4c5d114f1","GUAN","D04","GUAN","2016-11-15T21:06Z","2016-11-17T12:41Z","GUAN.2016.46.AEDTAE.F.T","GUAN.2016.46.AEDTAE.F.T.62",39,
"dae93b52-5b48-4873-a6ed-4bd62a2de73f","GUAN","D04","GUAN","2016-11-15T21:06Z","2016-11-17T12:41Z","GUAN.2016.46.AEDTAE.F.T","GUAN.2016.46.AEDTAE.F.T.65",39,
"685d7cb8-9c3a-4596-b74e-84ce32077d10","GUAN","D04","GUAN","2016-11-15T21:06Z","2016-11-17T12:41Z","GUAN.2016.46.AEDTAE.F.T","GUAN.2016.46.AEDTAE.F.T.59",39,
"7308fd94-01f1-4cd8-9fac-69680c9110af","GUAN","D04","GUAN","2016-11-15T21:06Z","2016-11-17T12:41Z","GUAN.2016.46.AEDTAE.F.T","GUAN.2016.46.AEDTAE.F.T.44",40,
"508b73ec-0234-4f78-bca4-54569fd7161c","GUAN","D04","GUAN","2016-11-15T21:06Z","2016-11-17T12:41Z","GUAN.2016.46.AEDTAE.F.T","GUAN.2016.46.AEDTAE.F.T.50",39,
"773cd882-2193-4ff1-ae41-f1dacd1f046d","GUAN","D04","GUAN","2016-11-15T21:06Z","2016-11-17T12:41Z","GUAN.2016.46.AEDTAE.F.T","GUAN.2016.46.AEDTAE.F.T.26",40,
"55c45145-027c-46d8-81e5-18ccdf15cbe5","GUAN","D04","GUAN","2016-11-15T21:06Z","2016-11-17T12:41Z","GUAN.2016.46.AEDTAE.F.T","GUAN.2016.46.AEDTAE.F.T.31",40,
"2578314d-c28b-4fc0-b78d-5a132adec645","GUAN","D04","GUAN","2016-11-15T21:06Z","2016-11-17T12:41Z","GUAN.2016.46.AEDTAE.F.T","GUAN.2016.46.AEDTAE.F.T.39",40,
"7867d2e7-9a5c-49d5-94dd-90b7f7834511","GUAN","D04","GUAN","2016-11-15T21:06Z","2016-11-17T12:41Z","GUAN.2016.46.AEDTAE.F.T","GUAN.2016.46.AEDTAE.F.T.14",40,
"e06b4897-6704-4416-8d9e-b34a732de5a7","GUAN","D04","GUAN","2016-11-15T21:06Z","2016-11-17T12:41Z","GUAN.2016.46.AEDTAE.F.T","GUAN.2016.46.AEDTAE.F.T.17",40,
"cf7fb3f4-c2cb-48a1-8e2e-83ed32f990ef","GUAN","D04","GUAN","2016-11-15T21:06Z","2016-11-17T12:41Z","GUAN.2016.46.AEDTAE.F.T","GUAN.2016.46.AEDTAE.F.T.13",40,
"171d20ef-3b7a-44fa-9019-b52ebb4544cf","GUAN","D04","GUAN","2016-11-15T21:06Z","2016-11-17T12:41Z","GUAN.2016.46.AEDTAE.F.T","GUAN.2016.46.AEDTAE.F.T.49",39,
"7e553d30-37e5-4694-a682-9dedc712c6d4","GUAN","D04","GUAN","2016-11-15T21:06Z","2016-11-17T12:41Z","GUAN.2016.46.AEDTAE.F.T","GUAN.2016.46.AEDTAE.F.T.42",40,
"2be8b87e-5e31-4489-bbd6-ca75039dc6ae","GUAN","D04","GUAN","2016-11-15T21:06Z","2016-11-17T12:41Z","GUAN.2016.46.AEDTAE.F.T","GUAN.2016.46.AEDTAE.F.T.05",40,
"c8fd7246-0989-44e1-9b73-24d0472f468e","GUAN","D04","GUAN","2016-11-15T21:06Z","2016-11-17T12:41Z","GUAN.2016.46.AEDTAE.F.T","GUAN.2016.46.AEDTAE.F.T.04",40,
"a8e36ec2-14b1-4d33-a018-db4a91ee5345","GUAN","D04","GUAN","2016-11-15T21:06Z","2016-11-17T12:41Z","GUAN.2016.46.CULNIG.F.T","GUAN.2016.46.CULNIG.F.T.24",39,
"a1dc13be-147c-4ea1-856e-53957aad49dc","GUAN","D04","GUAN","2016-11-15T21:06Z","2016-11-17T12:41Z","GUAN.2016.46.CULNIG.F.T","GUAN.2016.46.CULNIG.F.T.34",39,
"6fcb47be-7520-4114-8493-1479ff83bd9f","GUAN","D04","GUAN","2016-11-15T21:06Z","2016-11-17T12:41Z","GUAN.2016.46.CULNIG.F.T","GUAN.2016.46.CULNIG.F.T.19",39,
"dc7690f8-d283-4809-991a-09e276c8ccea","GUAN","D04","GUAN","2016-11-15T21:06Z","2016-11-17T12:41Z","GUAN.2016.46.CULNIG.F.T","GUAN.2016.46.CULNIG.F.T.17",39,
"6be506ed-db8b-4e7b-a5ed-e2d8f2413025","GUAN","D04","GUAN","2016-11-15T21:06Z","2016-11-17T12:41Z","GUAN.2016.46.CULNIG.F.T","GUAN.2016.46.CULNIG.F.T.20",39,
"3b3d98e9-9e01-438d-9597-2bdc8804b64d","GUAN","D04","GUAN","2016-11-15T21:06Z","2016-11-17T12:41Z","GUAN.2016.46.CULNIG.F.T","GUAN.2016.46.CULNIG.F.T.23",39,
"222ea9c7-be32-435a-889f-6ba861c21a63","GUAN","D04","GUAN","2016-11-15T21:06Z","2016-11-17T12:41Z","GUAN.2016.46.CULNIG.F.T","GUAN.2016.46.CULNIG.F.T.26",39,
"044eecfe-f4e4-42a1-90ac-b60cdf7c8213","GUAN","D04","GUAN","2016-11-15T21:06Z","2016-11-17T12:41Z","GUAN.2016.46.CULNIG.F.T","GUAN.2016.46.CULNIG.F.T.25",39,
"89718de0-5243-495f-9cee-71402663c87b","GUAN","D04","GUAN","2016-11-15T21:06Z","2016-11-17T12:41Z","GUAN.2016.46.CULNIG.F.T","GUAN.2016.46.CULNIG.F.T.22",39,
"6cf5827f-94ec-4db5-99c3-3ed0df0c6340","GUAN","D04","GUAN","2016-11-15T21:06Z","2016-11-17T12:41Z","GUAN.2016.46.CULNIG.F.T","GUAN.2016.46.CULNIG.F.T.29",39,
"6f0fb298-5673-4ed5-865b-3f932d0b05b5","GUAN","D04","GUAN","2016-11-15T21:06Z","2016-11-17T12:41Z","GUAN.2016.46.CULNIG.F.T","GUAN.2016.46.CULNIG.F.T.21",39,
"28e7ad04-5e27-4fb8-8cd5-076cfa133570","GUAN","D04","GUAN","2016-11-15T21:06Z","2016-11-17T12:41Z","GUAN.2016.46.CULNIG.F.T","GUAN.2016.46.CULNIG.F.T.18",39,
"faf63d6c-6556-448d-8c11-3efca814fa15","GUAN","D04","GUAN","2016-11-15T21:06Z","2016-11-17T12:41Z","GUAN.2016.46.CULNIG.F.T","GUAN.2016.46.CULNIG.F.T.15",39,
"a66baeb3-a141-43e1-a100-a8f595282abe","GUAN","D04","GUAN","2016-11-15T21:06Z","2016-11-17T12:41Z","GUAN.2016.46.CULNIG.F.T","GUAN.2016.46.CULNIG.F.T.33",39,
"2a3a2f3e-ed7d-479e-accb-2d0debb59c2b","GUAN","D04","GUAN","2016-11-15T21:06Z","2016-11-17T12:41Z","GUAN.2016.46.CULNIG.F.T","GUAN.2016.46.CULNIG.F.T.13",39,
"25de23d7-545b-446b-af57-6324314770dd","GUAN","D04","GUAN","2016-11-15T21:06Z","2016-11-17T12:41Z","GUAN.2016.46.CULNIG.F.T","GUAN.2016.46.CULNIG.F.T.31",39,
"0222655f-22aa-435d-8b92-340889a55d55","GUAN","D04","GUAN","2016-11-15T21:06Z","2016-11-17T12:41Z","GUAN.2016.46.CULNIG.F.T","GUAN.2016.46.CULNIG.F.T.32",39,
"bd4bde24-c9a7-4ac3-a9a6-b30432cd94f7","GUAN","D04","GUAN","2016-11-15T21:15Z","2016-11-17T12:31Z","GUAN.2016.46.CULBAH.F.T","GUAN.2016.46.CULBAH.F.T.02",34,
"8e3d4f46-2ffd-47c4-97ac-5f1661b9cd52","GUAN","D04","GUAN","2016-11-15T21:15Z","2016-11-17T12:31Z","GUAN.2016.46.CULBAH.F.T","GUAN.2016.46.CULBAH.F.T.06",34,
"b02cc7ce-ac67-4689-bf45-5e39d089708c","GUAN","D04","GUAN","2016-11-15T21:15Z","2016-11-17T12:31Z","GUAN.2016.46.CULBAH.F.T","GUAN.2016.46.CULBAH.F.T.03",34,
"32c6a9fc-309c-4e1a-a991-409ddee06be0","GUAN","D04","GUAN","2016-11-15T21:15Z","2016-11-17T12:31Z","GUAN.2016.46.CULBAH.F.T","GUAN.2016.46.CULBAH.F.T.04",34,
"6181a191-28d1-4fc5-9c26-65979c5d2a93","GUAN","D04","GUAN","2016-11-15T21:15Z","2016-11-17T12:31Z","GUAN.2016.46.CULBAH.F.T","GUAN.2016.46.CULBAH.F.T.01",35,
"80da7bf1-c143-4fbe-94b7-99a0fafb382c","GUAN","D04","GUAN","2016-11-15T21:15Z","2016-11-17T12:31Z","GUAN.2016.46.CULBAH.F.T","GUAN.2016.46.CULBAH.F.T.05",34,
"314a25d8-a2cb-4c3d-8e78-6e9740decfd9","GUAN","D04","GUAN","2016-11-15T21:15Z","2016-11-17T12:41Z","GUAN.2016.46.AEDTOR1.F.T","GUAN.2016.46.AEDTOR1.F.T.06",39,
"80f62302-485e-4d94-bdf9-57d52bde805e","GUAN","D04","GUAN","2016-11-15T21:15Z","2016-11-17T12:41Z","GUAN.2016.46.AEDTOR1.F.T","GUAN.2016.46.AEDTOR1.F.T.03",40,
"26ee4c00-9661-4b68-9454-c364b8367e1d","GUAN","D04","GUAN","2016-11-15T21:15Z","2016-11-17T12:41Z","GUAN.2016.46.AEDTOR1.F.T","GUAN.2016.46.AEDTOR1.F.T.02",40,
"0cb6ac8d-879b-4df6-873b-553d279bcfee","GUAN","D04","GUAN","2016-11-15T21:15Z","2016-11-17T12:41Z","GUAN.2016.46.AEDTOR1.F.T","GUAN.2016.46.AEDTOR1.F.T.01",40,
"13b8456e-578f-4613-bacf-687534332cef","GUAN","D04","GUAN","2016-11-15T21:15Z","2016-11-17T12:41Z","GUAN.2016.46.AEDTOR1.F.T","GUAN.2016.46.AEDTOR1.F.T.05",40,
"1d0478b0-11b2-4300-8c89-532af74d1148","GUAN","D04","GUAN","2016-11-15T21:15Z","2016-11-17T12:41Z","GUAN.2016.46.AEDOBT.F.T","GUAN.2016.46.AEDOBT.F.T.01",31,
"589f2967-2c41-464d-84ea-4ce0edc87356","GUAN","D04","GUAN","2016-11-15T21:15Z","2016-11-17T12:41Z","GUAN.2016.46.AEDTOR1.F.T","GUAN.2016.46.AEDTOR1.F.T.04",40,
