uid,namedLocation,domainID,siteID,nlcdClass,decimalLatitude,decimalLongitude,geodeticDatum,coordinateUncertainty,elevation,elevationUncertainty,startCollectDate,endCollectDate,receivedDate,testedDate,testingVialID,deprecatedVialID,sampleCondition,testProtocolVersion,testMethod,testResult,testPathogenName,testNumber,finalResult,locus,percentIdentity,sequenceDatabase,sequenceDatabaseID,extractDepleted,remarks,testedBy,laboratoryName
"1472ad05-b16a-4cfe-9182-746042218012","STER","D10","STER",,40.461894,-103.029290,"WGS84",,1364.0,,"2014-09-02T22:36Z","2014-09-04T15:00Z","2015-01-06T12:00Z","2015-01-07T12:00Z","STER.2014.35.CULTAR.F.T.36","STER.2014.4.Culex tarsalis.Female.T36","No known compromise","Other","PCR","Positive","WNV",4,"Y",,,,,"Y","testedDate may be inaccurate|sampleCompromised is unknown|testedBy may be inaccurate","Wp94RvOv+/IH+klBJiHvM/3a2EhfesxK","University of Illinois"
"a06dfeef-f84d-433e-be1d-e7498ed3d2b3","STER","D10","STER",,40.461894,-103.029290,"WGS84",,1364.0,,"2014-09-02T22:36Z","2014-09-04T15:00Z","2015-01-06T12:00Z","2015-01-07T12:00Z","STER.2014.35.CULTAR.F.T.31","STER.2014.4.Culex tarsalis.Female.T31","No known compromise","Other","PCR","Positive","WNV",4,"Y",,,,,"Y","testedDate may be inaccurate|sampleCompromised is unknown|testedBy may be inaccurate","Wp94RvOv+/IH+klBJiHvM/3a2EhfesxK","University of Illinois"
"0c337d3c-c74d-4180-9238-c319280d8a19","STER","D10","STER",,40.461894,-103.029290,"WGS84",,1364.0,,"2014-09-02T22:36Z","2014-09-04T15:00Z","2015-01-06T12:00Z","2015-01-07T12:00Z","STER.2014.35.CULTAR.F.T.38","STER.2014.4.Culex tarsalis.Female.T38","No known compromise","Other","PCR","Positive","WNV",4,"Y",,,,,"Y","testedDate may be inaccurate|sampleCompromised is unknown|testedBy may be inaccurate","Wp94RvOv+/IH+klBJiHvM/3a2EhfesxK","University of Illinois"
"0b0c2c1e-1baa-4dc3-84b5-e8e061701ad3","STER","D10","STER",,40.461894,-103.029290,"WGS84",,1364.0,,"2014-09-02T22:36Z","2014-09-04T15:00Z","2015-01-06T12:00Z","2015-01-07T12:00Z","STER.2014.35.CULTAR.F.T.39","STER.2014.4.Culex tarsalis.Female.T39","No known compromise","Other","PCR","Positive","WNV",4,"Y",,,,,"Y","testedDate may be inaccurate|sampleCompromised is unknown|testedBy may be inaccurate","Wp94RvOv+/IH+klBJiHvM/3a2EhfesxK","University of Illinois"
"e1e9e6a2-ad09-4322-9ce9-a07433d79a6c","STER","D10","STER",,40.461894,-103.029290,"WGS84",,1364.0,,"2014-09-02T22:36Z","2014-09-04T15:00Z","2015-01-06T12:00Z","2015-01-07T12:00Z","STER.2014.35.CULTAR.F.T.22","STER.2014.4.Culex tarsalis.Female.T22","No known compromise","Other","PCR","Positive","WNV",4,"Y",,,,,"Y","testedDate may be inaccurate|sampleCompromised is unknown|testedBy may be inaccurate","Wp94RvOv+/IH+klBJiHvM/3a2EhfesxK","University of Illinois"
"8d242f59-669e-4db8-8afc-ab233bd0887d","STER","D10","STER",,40.461894,-103.029290,"WGS84",,1364.0,,"2014-09-02T22:36Z","2014-09-04T15:00Z","2015-01-06T12:00Z","2015-01-07T12:00Z","STER.2014.35.CULTAR.F.T.28","STER.2014.4.Culex tarsalis.Female.T28","No known compromise","Other","PCR","Positive","WNV",4,"Y",,,,,"Y","testedDate may be inaccurate|sampleCompromised is unknown|testedBy may be inaccurate","Wp94RvOv+/IH+klBJiHvM/3a2EhfesxK","University of Illinois"
"3c7ae5fa-6961-455c-8960-015796648a5f","STER","D10","STER",,40.461894,-103.029290,"WGS84",,1364.0,,"2014-09-02T22:36Z","2014-09-04T15:00Z","2015-01-06T12:00Z","2015-01-07T12:00Z","STER.2014.35.CULTAR.F.T.35","STER.2014.4.Culex tarsalis.Female.T35","No known compromise","Other","PCR","Positive","WNV",4,"Y",,,,,"Y","testedDate may be inaccurate|sampleCompromised is unknown|testedBy may be inaccurate","Wp94RvOv+/IH+klBJiHvM/3a2EhfesxK","University of Illinois"
"cf6a2a6e-f8cc-4bb1-bb97-4aeae6374acd","STER","D10","STER",,40.461894,-103.029290,"WGS84",,1364.0,,"2014-09-02T22:36Z","2014-09-04T15:00Z","2015-01-06T12:00Z","2015-01-07T12:00Z","STER.2014.35.CULTAR.F.T.26","STER.2014.4.Culex tarsalis.Female.T26","No known compromise","Other","PCR","Positive","WNV",4,"Y",,,,,"Y","testedDate may be inaccurate|sampleCompromised is unknown|testedBy may be inaccurate","Wp94RvOv+/IH+klBJiHvM/3a2EhfesxK","University of Illinois"
"48ccb0e3-1e1c-4f6d-aca4-ece86eb58620","STER","D10","STER",,40.461894,-103.029290,"WGS84",,1364.0,,"2014-09-02T22:36Z","2014-09-04T15:00Z","2015-01-06T12:00Z","2015-01-07T12:00Z","STER.2014.35.CULTAR.F.T.21","STER.2014.4.Culex tarsalis.Female.T21","No known compromise","Other","PCR","Positive","WNV",4,"Y",,,,,"Y","testedDate may be inaccurate|sampleCompromised is unknown|testedBy may be inaccurate","Wp94RvOv+/IH+klBJiHvM/3a2EhfesxK","University of Illinois"
"fe8e212a-e236-417a-8d92-c3228dd8bce5","STER","D10","STER",,40.461894,-103.029290,"WGS84",,1364.0,,"2014-09-02T22:36Z","2014-09-04T15:00Z","2015-01-06T12:00Z","2015-01-07T12:00Z","STER.2014.35.CULTAR.F.T.23","STER.2014.4.Culex tarsalis.Female.T23","No known compromise","Other","PCR","Positive","WNV",4,"Y",,,,,"Y","testedDate may be inaccurate|sampleCompromised is unknown|testedBy may be inaccurate","Wp94RvOv+/IH+klBJiHvM/3a2EhfesxK","University of Illinois"
"a954861d-5226-4174-92e7-107f6713543e","STER","D10","STER",,40.461894,-103.029290,"WGS84",,1364.0,,"2014-09-02T22:36Z","2014-09-04T15:00Z","2015-01-06T12:00Z","2015-01-07T12:00Z","STER.2014.35.CULTAR.F.T.24","STER.2014.4.Culex tarsalis.Female.T24","No known compromise","Other","PCR","Positive","WNV",4,"Y",,,,,"Y","testedDate may be inaccurate|sampleCompromised is unknown|testedBy may be inaccurate","Wp94RvOv+/IH+klBJiHvM/3a2EhfesxK","University of Illinois"
"feb1f46c-0425-455a-a403-18003e47254b","STER","D10","STER",,40.461894,-103.029290,"WGS84",,1364.0,,"2014-09-02T22:36Z","2014-09-04T15:00Z","2015-01-06T12:00Z","2015-01-07T12:00Z","STER.2014.35.CULTAR.F.T.33","STER.2014.4.Culex tarsalis.Female.T33","No known compromise","Other","PCR","Positive","WNV",4,"Y",,,,,"Y","testedDate may be inaccurate|sampleCompromised is unknown|testedBy may be inaccurate","Wp94RvOv+/IH+klBJiHvM/3a2EhfesxK","University of Illinois"
"01ee544c-66d6-4f04-b5bc-bfb673c89cc4","STER","D10","STER",,40.461894,-103.029290,"WGS84",,1364.0,,"2014-09-02T22:36Z","2014-09-04T15:00Z","2015-01-06T12:00Z","2015-01-07T12:00Z","STER.2014.35.CULTAR.F.T.30","STER.2014.4.Culex tarsalis.Female.T30","No known compromise","Other","PCR","Positive","WNV",4,"Y",,,,,"Y","testedDate may be inaccurate|sampleCompromised is unknown|testedBy may be inaccurate","Wp94RvOv+/IH+klBJiHvM/3a2EhfesxK","University of Illinois"
"971b0628-1a6c-4f6a-9af4-db9eab84dac1","STER","D10","STER",,40.461894,-103.029290,"WGS84",,1364.0,,"2014-09-02T22:36Z","2014-09-04T15:00Z","2015-01-06T12:00Z","2015-01-07T12:00Z","STER.2014.35.CULTAR.F.T.34","STER.2014.4.Culex tarsalis.Female.T34","No known compromise","Other","PCR","Positive","WNV",4,"Y",,,,,"Y","testedDate may be inaccurate|sampleCompromised is unknown|testedBy may be inaccurate","Wp94RvOv+/IH+klBJiHvM/3a2EhfesxK","University of Illinois"
"5e1b3202-70a6-47ee-8256-e6d1239cf4d8","STER","D10","STER",,40.461894,-103.029290,"WGS84",,1364.0,,"2014-09-02T22:36Z","2014-09-04T15:00Z","2015-01-06T12:00Z","2015-01-07T12:00Z","STER.2014.35.CULTAR.F.T.20","STER.2014.4.Culex tarsalis.Female.T20","No known compromise","Other","PCR","Positive","WNV",4,"Y",,,,,"Y","testedDate may be inaccurate|sampleCompromised is unknown|testedBy may be inaccurate","Wp94RvOv+/IH+klBJiHvM/3a2EhfesxK","University of Illinois"
"0fde5710-772e-4d66-a1f7-6282217b8878","STER","D10","STER",,40.461894,-103.029290,"WGS84",,1364.0,,"2014-09-02T22:36Z","2014-09-04T15:00Z","2015-01-06T12:00Z","2015-01-07T12:00Z","STER.2014.35.CULTAR.F.T.32","STER.2014.4.Culex tarsalis.Female.T32","No known compromise","Other","PCR","Positive","WNV",4,"Y",,,,,"Y","testedDate may be inaccurate|sampleCompromised is unknown|testedBy may be inaccurate","Wp94RvOv+/IH+klBJiHvM/3a2EhfesxK","University of Illinois"
"3e8ddcba-8482-4f94-a32b-6d1ecb8376da","STER","D10","STER",,40.461894,-103.029290,"WGS84",,1364.0,,"2014-09-02T22:36Z","2014-09-04T15:00Z","2015-01-06T12:00Z","2015-01-07T12:00Z","STER.2014.35.CULTAR.F.T.40","STER.2014.4.Culex tarsalis.Female.T40","No known compromise","Other","PCR","Positive","WNV",4,"Y",,,,,"Y","testedDate may be inaccurate|sampleCompromised is unknown|testedBy may be inaccurate","Wp94RvOv+/IH+klBJiHvM/3a2EhfesxK","University of Illinois"
"473a73e3-9b19-452a-85b0-b8a9635bce90","STER","D10","STER",,40.461894,-103.029290,"WGS84",,1364.0,,"2014-09-02T22:36Z","2014-09-04T15:00Z","2015-01-06T12:00Z","2015-01-07T12:00Z","STER.2014.35.CULTAR.F.T.29","STER.2014.4.Culex tarsalis.Female.T29","No known compromise","Other","PCR","Positive","WNV",4,"Y",,,,,"Y","testedDate may be inaccurate|sampleCompromised is unknown|testedBy may be inaccurate","Wp94RvOv+/IH+klBJiHvM/3a2EhfesxK","University of Illinois"
"1db54365-8aee-4244-ba65-f59c2e5ae92c","STER","D10","STER",,40.461894,-103.029290,"WGS84",,1364.0,,"2014-09-02T22:36Z","2014-09-04T15:00Z","2015-01-06T12:00Z","2015-01-07T12:00Z","STER.2014.35.CULTAR.F.T.37","STER.2014.4.Culex tarsalis.Female.T37","No known compromise","Other","PCR","Positive","WNV",4,"Y",,,,,"Y","testedDate may be inaccurate|sampleCompromised is unknown|testedBy may be inaccurate","Wp94RvOv+/IH+klBJiHvM/3a2EhfesxK","University of Illinois"
"745fd686-d171-4e90-81c1-36770baca07a","STER","D10","STER",,40.461894,-103.029290,"WGS84",,1364.0,,"2014-09-02T22:36Z","2014-09-04T15:00Z","2015-01-06T12:00Z","2015-01-07T12:00Z","STER.2014.35.CULTAR.F.T.18","STER.2014.4.Culex tarsalis.Female.T18","No known compromise","Other","PCR","Positive","WNV",4,"Y",,,,,"Y","testedDate may be inaccurate|sampleCompromised is unknown|testedBy may be inaccurate","Wp94RvOv+/IH+klBJiHvM/3a2EhfesxK","University of Illinois"
"4cd152a4-7bae-455d-9d55-5836091bb411","STER","D10","STER",,40.461894,-103.029290,"WGS84",,1364.0,,"2014-09-02T22:36Z","2014-09-04T15:00Z","2015-01-06T12:00Z","2015-01-07T12:00Z","STER.2014.35.CULTAR.F.T.04","STER.2014.4.Culex tarsalis.Female.T4","No known compromise","Other","PCR","Positive","WNV",4,"Y",,,,,"Y","testedDate may be inaccurate|sampleCompromised is unknown|testedBy may be inaccurate","Wp94RvOv+/IH+klBJiHvM/3a2EhfesxK","University of Illinois"
"64417dc4-1669-427e-9a60-126731e0baa7","STER","D10","STER",,40.461894,-103.029290,"WGS84",,1364.0,,"2014-09-02T22:36Z","2014-09-04T15:00Z","2015-01-06T12:00Z","2015-01-07T12:00Z","STER.2014.35.CULTAR.F.T.40","STER.2014.4.Culex tarsalis.Female.T40","No known compromise","Other","PCR","Negative","BUNV",2,"N",,,,,"Y","testedDate may be inaccurate|sampleCompromised is unknown|testedBy may be inaccurate","Wp94RvOv+/IH+klBJiHvM/3a2EhfesxK","University of Illinois"
"82335f78-8a2b-4335-a39c-8a5b50f091b9","STER","D10","STER",,40.461894,-103.029290,"WGS84",,1364.0,,"2014-09-02T22:36Z","2014-09-04T15:00Z","2015-01-06T12:00Z","2015-01-07T12:00Z","STER.2014.35.CULTAR.F.T.02","STER.2014.4.Culex tarsalis.Female.T2","No known compromise","Other","PCR","Positive","WNV",4,"Y",,,,,"Y","testedDate may be inaccurate|sampleCompromised is unknown|testedBy may be inaccurate","Wp94RvOv+/IH+klBJiHvM/3a2EhfesxK","University of Illinois"
"517da6fe-9277-4935-94b3-6ebb6fe57333","STER","D10","STER",,40.461894,-103.029290,"WGS84",,1364.0,,"2014-09-02T22:36Z","2014-09-04T15:00Z","2015-01-06T12:00Z","2015-01-07T12:00Z","STER.2014.35.CULTAR.F.T.38","STER.2014.4.Culex tarsalis.Female.T38","No known compromise","Other","PCR","Negative","BUNV",2,"N",,,,,"Y","testedDate may be inaccurate|sampleCompromised is unknown|testedBy may be inaccurate","Wp94RvOv+/IH+klBJiHvM/3a2EhfesxK","University of Illinois"
"5cf105fa-a4c9-4d0e-a57e-78d7e3fd2bbe","STER","D10","STER",,40.461894,-103.029290,"WGS84",,1364.0,,"2014-09-02T22:36Z","2014-09-04T15:00Z","2015-01-06T12:00Z","2015-01-07T12:00Z","STER.2014.35.CULTAR.F.T.25","STER.2014.4.Culex tarsalis.Female.T25","No known compromise","Other","PCR","Negative","BUNV",2,"N",,,,,"Y","testedDate may be inaccurate|sampleCompromised is unknown|testedBy may be inaccurate","Wp94RvOv+/IH+klBJiHvM/3a2EhfesxK","University of Illinois"
"46a122fd-3b29-4233-9e18-dc2ce8a16561","STER","D10","STER",,40.461894,-103.029290,"WGS84",,1364.0,,"2014-09-02T22:36Z","2014-09-04T15:00Z","2015-01-06T12:00Z","2015-01-07T12:00Z","STER.2014.35.CULTAR.F.T.33","STER.2014.4.Culex tarsalis.Female.T33","No known compromise","Other","PCR","Negative","BUNV",2,"N",,,,,"Y","testedDate may be inaccurate|sampleCompromised is unknown|testedBy may be inaccurate","Wp94RvOv+/IH+klBJiHvM/3a2EhfesxK","University of Illinois"
"20bc790c-a81f-4a01-84c9-f08e2fd0a9a1","STER","D10","STER",,40.461894,-103.029290,"WGS84",,1364.0,,"2014-09-02T22:36Z","2014-09-04T15:00Z","2015-01-06T12:00Z","2015-01-07T12:00Z","STER.2014.35.CULTAR.F.T.30","STER.2014.4.Culex tarsalis.Female.T30","No known compromise","Other","PCR","Negative","BUNV",2,"N",,,,,"Y","testedDate may be inaccurate|sampleCompromised is unknown|testedBy may be inaccurate","Wp94RvOv+/IH+klBJiHvM/3a2EhfesxK","University of Illinois"
"695ea239-a8e2-410f-b4c9-221ed962c291","STER","D10","STER",,40.461894,-103.029290,"WGS84",,1364.0,,"2014-09-02T22:36Z","2014-09-04T15:00Z","2015-01-06T12:00Z","2015-01-07T12:00Z","STER.2014.35.CULTAR.F.T.24","STER.2014.4.Culex tarsalis.Female.T24","No known compromise","Other","PCR","Negative","BUNV",2,"N",,,,,"Y","testedDate may be inaccurate|sampleCompromised is unknown|testedBy may be inaccurate","Wp94RvOv+/IH+klBJiHvM/3a2EhfesxK","University of Illinois"
"5ad94877-65a2-4f7c-8483-507ddda63be1","STER","D10","STER",,40.461894,-103.029290,"WGS84",,1364.0,,"2014-09-02T22:36Z","2014-09-04T15:00Z","2015-01-06T12:00Z","2015-01-07T12:00Z","STER.2014.35.CULTAR.F.T.16","STER.2014.4.Culex tarsalis.Female.T16","No known compromise","Other","PCR","Positive","WNV",4,"Y",,,,,"Y","testedDate may be inaccurate|sampleCompromised is unknown|testedBy may be inaccurate","Wp94RvOv+/IH+klBJiHvM/3a2EhfesxK","University of Illinois"
"411c3f40-7ac3-4a1b-b301-6dc3c19a17c1","STER","D10","STER",,40.461894,-103.029290,"WGS84",,1364.0,,"2014-09-02T22:36Z","2014-09-04T15:00Z","2015-01-06T12:00Z","2015-01-07T12:00Z","STER.2014.35.CULTAR.F.T.14","STER.2014.4.Culex tarsalis.Female.T14","No known compromise","Other","PCR","Positive","WNV",4,"Y",,,,,"Y","testedDate may be inaccurate|sampleCompromised is unknown|testedBy may be inaccurate","Wp94RvOv+/IH+klBJiHvM/3a2EhfesxK","University of Illinois"
"b64830d7-4262-439a-bd7e-897548bba292","STER","D10","STER",,40.461894,-103.029290,"WGS84",,1364.0,,"2014-09-02T22:36Z","2014-09-04T15:00Z","2015-01-06T12:00Z","2015-01-07T12:00Z","STER.2014.35.CULTAR.F.T.06","STER.2014.4.Culex tarsalis.Female.T6","No known compromise","Other","PCR","Positive","WNV",4,"Y",,,,,"Y","testedDate may be inaccurate|sampleCompromised is unknown|testedBy may be inaccurate","Wp94RvOv+/IH+klBJiHvM/3a2EhfesxK","University of Illinois"
"daef5640-fea7-496f-8ca8-a6f043fd26dd","STER","D10","STER",,40.461894,-103.029290,"WGS84",,1364.0,,"2014-09-02T22:36Z","2014-09-04T15:00Z","2015-01-06T12:00Z","2015-01-07T12:00Z","STER.2014.35.CULTAR.F.T.36","STER.2014.4.Culex tarsalis.Female.T36","No known compromise","Other","PCR","Negative","BUNV",2,"N",,,,,"Y","testedDate may be inaccurate|sampleCompromised is unknown|testedBy may be inaccurate","Wp94RvOv+/IH+klBJiHvM/3a2EhfesxK","University of Illinois"
"d46e0f26-e501-4089-8148-666bcbec808a","STER","D10","STER",,40.461894,-103.029290,"WGS84",,1364.0,,"2014-09-02T22:36Z","2014-09-04T15:00Z","2015-01-06T12:00Z","2015-01-07T12:00Z","STER.2014.35.CULTAR.F.T.05","STER.2014.4.Culex tarsalis.Female.T5","No known compromise","Other","PCR","Positive","WNV",4,"Y",,,,,"Y","testedDate may be inaccurate|sampleCompromised is unknown|testedBy may be inaccurate","Wp94RvOv+/IH+klBJiHvM/3a2EhfesxK","University of Illinois"
"768047ee-7b6a-490c-a19d-4724a0cad54c","STER","D10","STER",,40.461894,-103.029290,"WGS84",,1364.0,,"2014-09-02T22:36Z","2014-09-04T15:00Z","2015-01-06T12:00Z","2015-01-07T12:00Z","STER.2014.35.CULTAR.F.T.39","STER.2014.4.Culex tarsalis.Female.T39","No known compromise","Other","PCR","Negative","BUNV",2,"N",,,,,"Y","testedDate may be inaccurate|sampleCompromised is unknown|testedBy may be inaccurate","Wp94RvOv+/IH+klBJiHvM/3a2EhfesxK","University of Illinois"
"016d1212-71e2-4250-804a-e3a37a16c0cb","STER","D10","STER",,40.461894,-103.029290,"WGS84",,1364.0,,"2014-09-02T22:36Z","2014-09-04T15:00Z","2015-01-06T12:00Z","2015-01-07T12:00Z","STER.2014.35.CULTAR.F.T.34","STER.2014.4.Culex tarsalis.Female.T34","No known compromise","Other","PCR","Negative","BUNV",2,"N",,,,,"Y","testedDate may be inaccurate|sampleCompromised is unknown|testedBy may be inaccurate","Wp94RvOv+/IH+klBJiHvM/3a2EhfesxK","University of Illinois"
"b6527027-95a5-4688-b759-36d8c9f30105","STER","D10","STER",,40.461894,-103.029290,"WGS84",,1364.0,,"2014-09-02T22:36Z","2014-09-04T15:00Z","2015-01-06T12:00Z","2015-01-07T12:00Z","STER.2014.35.CULTAR.F.T.09","STER.2014.4.Culex tarsalis.Female.T9","No known compromise","Other","PCR","Positive","WNV",4,"Y",,,,,"Y","testedDate may be inaccurate|sampleCompromised is unknown|testedBy may be inaccurate","Wp94RvOv+/IH+klBJiHvM/3a2EhfesxK","University of Illinois"
"cbfa9afa-c17f-4038-b5ee-7396d0d44e9a","STER","D10","STER",,40.461894,-103.029290,"WGS84",,1364.0,,"2014-09-02T22:36Z","2014-09-04T15:00Z","2015-01-06T12:00Z","2015-01-07T12:00Z","STER.2014.35.CULTAR.F.T.28","STER.2014.4.Culex tarsalis.Female.T28","No known compromise","Other","PCR","Negative","BUNV",2,"N",,,,,"Y","testedDate may be inaccurate|sampleCompromised is unknown|testedBy may be inaccurate","Wp94RvOv+/IH+klBJiHvM/3a2EhfesxK","University of Illinois"
"e6c3bbc5-aec9-45cd-b8b4-bc09cea4139b","STER","D10","STER",,40.461894,-103.029290,"WGS84",,1364.0,,"2014-09-02T22:36Z","2014-09-04T15:00Z","2015-01-06T12:00Z","2015-01-07T12:00Z","STER.2014.35.CULTAR.F.T.26","STER.2014.4.Culex tarsalis.Female.T26","No known compromise","Other","PCR","Negative","BUNV",2,"N",,,,,"Y","testedDate may be inaccurate|sampleCompromised is unknown|testedBy may be inaccurate","Wp94RvOv+/IH+klBJiHvM/3a2EhfesxK","University of Illinois"
"20a4ef92-fa00-46b2-91f8-6bdc94bfd27f","STER","D10","STER",,40.461894,-103.029290,"WGS84",,1364.0,,"2014-09-02T22:36Z","2014-09-04T15:00Z","2015-01-06T12:00Z","2015-01-07T12:00Z","STER.2014.35.CULTAR.F.T.13","STER.2014.4.Culex tarsalis.Female.T13","No known compromise","Other","PCR","Positive","WNV",4,"Y",,,,,"Y","testedDate may be inaccurate|sampleCompromised is unknown|testedBy may be inaccurate","Wp94RvOv+/IH+klBJiHvM/3a2EhfesxK","University of Illinois"
"99fe7b4b-fe0c-4213-b931-781fe41b34e2","STER","D10","STER",,40.461894,-103.029290,"WGS84",,1364.0,,"2014-09-02T22:36Z","2014-09-04T15:00Z","2015-01-06T12:00Z","2015-01-07T12:00Z","STER.2014.35.CULTAR.F.T.17","STER.2014.4.Culex tarsalis.Female.T17","No known compromise","Other","PCR","Positive","WNV",4,"Y",,,,,"Y","testedDate may be inaccurate|sampleCompromised is unknown|testedBy may be inaccurate","Wp94RvOv+/IH+klBJiHvM/3a2EhfesxK","University of Illinois"
"d59afc3c-dae9-474d-a7de-93eb34add6e7","STER","D10","STER",,40.461894,-103.029290,"WGS84",,1364.0,,"2014-09-02T22:36Z","2014-09-04T15:00Z","2015-01-06T12:00Z","2015-01-07T12:00Z","STER.2014.35.CULTAR.F.T.37","STER.2014.4.Culex tarsalis.Female.T37","No known compromise","Other","PCR","Negative","BUNV",2,"N",,,,,"Y","testedDate may be inaccurate|sampleCompromised is unknown|testedBy may be inaccurate","Wp94RvOv+/IH+klBJiHvM/3a2EhfesxK","University of Illinois"
"fe5f74da-cf9f-4ea0-bfa7-11cc877c4ecd","STER","D10","STER",,40.461894,-103.029290,"WGS84",,1364.0,,"2014-09-02T22:36Z","2014-09-04T15:00Z","2015-01-06T12:00Z","2015-01-07T12:00Z","STER.2014.35.CULTAR.F.T.31","STER.2014.4.Culex tarsalis.Female.T31","No known compromise","Other","PCR","Negative","BUNV",2,"N",,,,,"Y","testedDate may be inaccurate|sampleCompromised is unknown|testedBy may be inaccurate","Wp94RvOv+/IH+klBJiHvM/3a2EhfesxK","University of Illinois"
"eca9b8fb-3bfa-4c1e-888f-04675c03faa5","STER","D10","STER",,40.461894,-103.029290,"WGS84",,1364.0,,"2014-09-02T22:36Z","2014-09-04T15:00Z","2015-01-06T12:00Z","2015-01-07T12:00Z","STER.2014.35.CULTAR.F.T.32","STER.2014.4.Culex tarsalis.Female.T32","No known compromise","Other","PCR","Negative","BUNV",2,"N",,,,,"Y","testedDate may be inaccurate|sampleCompromised is unknown|testedBy may be inaccurate","Wp94RvOv+/IH+klBJiHvM/3a2EhfesxK","University of Illinois"
"a9d48bdb-42c3-48ee-8ad1-bfaf91bfb5ec","STER","D10","STER",,40.461894,-103.029290,"WGS84",,1364.0,,"2014-09-02T22:36Z","2014-09-04T15:00Z","2015-01-06T12:00Z","2015-01-07T12:00Z","STER.2014.35.CULTAR.F.T.27","STER.2014.4.Culex tarsalis.Female.T27","No known compromise","Other","PCR","Negative","BUNV",2,"N",,,,,"Y","testedDate may be inaccurate|sampleCompromised is unknown|testedBy may be inaccurate","Wp94RvOv+/IH+klBJiHvM/3a2EhfesxK","University of Illinois"
"e031ad1e-6144-4219-96d7-e3a236434763","STER","D10","STER",,40.461894,-103.029290,"WGS84",,1364.0,,"2014-09-02T22:36Z","2014-09-04T15:00Z","2015-01-06T12:00Z","2015-01-07T12:00Z","STER.2014.35.CULTAR.F.T.12","STER.2014.4.Culex tarsalis.Female.T12","No known compromise","Other","PCR","Positive","WNV",4,"Y",,,,,"Y","testedDate may be inaccurate|sampleCompromised is unknown|testedBy may be inaccurate","Wp94RvOv+/IH+klBJiHvM/3a2EhfesxK","University of Illinois"
"70577aca-516f-4423-ba73-9e6401763f04","STER","D10","STER",,40.461894,-103.029290,"WGS84",,1364.0,,"2014-09-02T22:36Z","2014-09-04T15:00Z","2015-01-06T12:00Z","2015-01-07T12:00Z","STER.2014.35.CULTAR.F.T.29","STER.2014.4.Culex tarsalis.Female.T29","No known compromise","Other","PCR","Negative","BUNV",2,"N",,,,,"Y","testedDate may be inaccurate|sampleCompromised is unknown|testedBy may be inaccurate","Wp94RvOv+/IH+klBJiHvM/3a2EhfesxK","University of Illinois"
"e4d1300b-8e87-410e-a373-0117d8022b71","STER","D10","STER",,40.461894,-103.029290,"WGS84",,1364.0,,"2014-09-02T22:36Z","2014-09-04T15:00Z","2015-01-06T12:00Z","2015-01-07T12:00Z","STER.2014.35.CULTAR.F.T.19","STER.2014.4.Culex tarsalis.Female.T19","No known compromise","Other","PCR","Positive","WNV",4,"Y",,,,,"Y","testedDate may be inaccurate|sampleCompromised is unknown|testedBy may be inaccurate","Wp94RvOv+/IH+klBJiHvM/3a2EhfesxK","University of Illinois"
"f28bb27c-bdae-4dcd-ac40-ce0d1af58aa9","STER","D10","STER",,40.461894,-103.029290,"WGS84",,1364.0,,"2014-09-02T22:36Z","2014-09-04T15:00Z","2015-01-06T12:00Z","2015-01-07T12:00Z","STER.2014.35.CULTAR.F.T.35","STER.2014.4.Culex tarsalis.Female.T35","No known compromise","Other","PCR","Negative","BUNV",2,"N",,,,,"Y","testedDate may be inaccurate|sampleCompromised is unknown|testedBy may be inaccurate","Wp94RvOv+/IH+klBJiHvM/3a2EhfesxK","University of Illinois"
"22a2f064-2cd3-4f87-9534-04cfdb4ec56e","STER","D10","STER",,40.461894,-103.029290,"WGS84",,1364.0,,"2014-09-02T22:36Z","2014-09-04T15:00Z","2015-01-06T12:00Z","2015-01-07T12:00Z","STER.2014.35.CULTAR.F.T.12","STER.2014.4.Culex tarsalis.Female.T12","No known compromise","Other","PCR","Negative","BUNV",2,"N",,,,,"Y","testedDate may be inaccurate|sampleCompromised is unknown|testedBy may be inaccurate","Wp94RvOv+/IH+klBJiHvM/3a2EhfesxK","University of Illinois"
"1ef47c46-3f61-421e-812a-0f01c7f37088","STER","D10","STER",,40.461894,-103.029290,"WGS84",,1364.0,,"2014-09-02T22:36Z","2014-09-04T15:00Z","2015-01-06T12:00Z","2015-01-07T12:00Z","STER.2014.35.CULTAR.F.T.22","STER.2014.4.Culex tarsalis.Female.T22","No known compromise","Other","PCR","Negative","BUNV",2,"N",,,,,"Y","testedDate may be inaccurate|sampleCompromised is unknown|testedBy may be inaccurate","Wp94RvOv+/IH+klBJiHvM/3a2EhfesxK","University of Illinois"
"cd0824b8-9486-4b27-b912-4cc3f9f9848a","STER","D10","STER",,40.461894,-103.029290,"WGS84",,1364.0,,"2014-09-02T22:36Z","2014-09-04T15:00Z","2015-01-06T12:00Z","2015-01-07T12:00Z","STER.2014.35.CULTAR.F.T.20","STER.2014.4.Culex tarsalis.Female.T20","No known compromise","Other","PCR","Negative","BUNV",2,"N",,,,,"Y","testedDate may be inaccurate|sampleCompromised is unknown|testedBy may be inaccurate","Wp94RvOv+/IH+klBJiHvM/3a2EhfesxK","University of Illinois"
"f043c99e-cc8a-41fa-a18d-94bd2a078829","STER","D10","STER",,40.461894,-103.029290,"WGS84",,1364.0,,"2014-09-02T22:36Z","2014-09-04T15:00Z","2015-01-06T12:00Z","2015-01-07T12:00Z","STER.2014.35.CULTAR.F.T.17","STER.2014.4.Culex tarsalis.Female.T17","No known compromise","Other","PCR","Negative","BUNV",2,"N",,,,,"Y","testedDate may be inaccurate|sampleCompromised is unknown|testedBy may be inaccurate","Wp94RvOv+/IH+klBJiHvM/3a2EhfesxK","University of Illinois"
"2642eecc-2f37-49e2-bb1b-fa1f15693936","STER","D10","STER",,40.461894,-103.029290,"WGS84",,1364.0,,"2014-09-02T22:36Z","2014-09-04T15:00Z","2015-01-06T12:00Z","2015-01-07T12:00Z","STER.2014.35.CULTAR.F.T.18","STER.2014.4.Culex tarsalis.Female.T18","No known compromise","Other","PCR","Negative","BUNV",2,"N",,,,,"Y","testedDate may be inaccurate|sampleCompromised is unknown|testedBy may be inaccurate","Wp94RvOv+/IH+klBJiHvM/3a2EhfesxK","University of Illinois"
"c5c340e1-ea9e-41d7-8253-d964775b2155","STER","D10","STER",,40.461894,-103.029290,"WGS84",,1364.0,,"2014-09-02T22:36Z","2014-09-04T15:00Z","2015-01-06T12:00Z","2015-01-07T12:00Z","STER.2014.35.CULTAR.F.T.09","STER.2014.4.Culex tarsalis.Female.T9","No known compromise","Other","PCR","Negative","BUNV",2,"N",,,,,"Y","testedDate may be inaccurate|sampleCompromised is unknown|testedBy may be inaccurate","Wp94RvOv+/IH+klBJiHvM/3a2EhfesxK","University of Illinois"
"53b9afa3-a45a-47db-8262-e13a7f4ebf2e","STER","D10","STER",,40.461894,-103.029290,"WGS84",,1364.0,,"2014-09-02T22:36Z","2014-09-04T15:00Z","2015-01-06T12:00Z","2015-01-07T12:00Z","STER.2014.35.CULTAR.F.T.11","STER.2014.4.Culex tarsalis.Female.T11","No known compromise","Other","PCR","Negative","BUNV",2,"N",,,,,"Y","testedDate may be inaccurate|sampleCompromised is unknown|testedBy may be inaccurate","Wp94RvOv+/IH+klBJiHvM/3a2EhfesxK","University of Illinois"
"9902d2ef-49b6-4466-94c6-f15a4f061ad5","STER","D10","STER",,40.461894,-103.029290,"WGS84",,1364.0,,"2014-09-02T22:36Z","2014-09-04T15:00Z","2015-01-06T12:00Z","2015-01-07T12:00Z","STER.2014.35.CULTAR.F.T.07","STER.2014.4.Culex tarsalis.Female.T7","No known compromise","Other","PCR","Negative","BUNV",2,"N",,,,,"Y","testedDate may be inaccurate|sampleCompromised is unknown|testedBy may be inaccurate","Wp94RvOv+/IH+klBJiHvM/3a2EhfesxK","University of Illinois"
"b2a8c4d5-06f7-47df-b857-8aa73bc91ae2","STER","D10","STER",,40.461894,-103.029290,"WGS84",,1364.0,,"2014-09-02T22:36Z","2014-09-04T15:00Z","2015-01-06T12:00Z","2015-01-07T12:00Z","STER.2014.35.CULTAR.F.T.14","STER.2014.4.Culex tarsalis.Female.T14","No known compromise","Other","PCR","Negative","BUNV",2,"N",,,,,"Y","testedDate may be inaccurate|sampleCompromised is unknown|testedBy may be inaccurate","Wp94RvOv+/IH+klBJiHvM/3a2EhfesxK","University of Illinois"
"5afa57be-a6ec-40e1-9b3c-21191f1da506","STER","D10","STER",,40.461894,-103.029290,"WGS84",,1364.0,,"2014-09-02T22:36Z","2014-09-04T15:00Z","2015-01-06T12:00Z","2015-01-07T12:00Z","STER.2014.35.CULTAR.F.T.13","STER.2014.4.Culex tarsalis.Female.T13","No known compromise","Other","PCR","Negative","BUNV",2,"N",,,,,"Y","testedDate may be inaccurate|sampleCompromised is unknown|testedBy may be inaccurate","Wp94RvOv+/IH+klBJiHvM/3a2EhfesxK","University of Illinois"
"3b509da3-cc0f-4705-944e-5f4df2508ee3","STER","D10","STER",,40.461894,-103.029290,"WGS84",,1364.0,,"2014-09-02T22:36Z","2014-09-04T15:00Z","2015-01-06T12:00Z","2015-01-07T12:00Z","STER.2014.35.CULTAR.F.T.10","STER.2014.4.Culex tarsalis.Female.T10","No known compromise","Other","PCR","Negative","BUNV",2,"N",,,,,"Y","testedDate may be inaccurate|sampleCompromised is unknown|testedBy may be inaccurate","Wp94RvOv+/IH+klBJiHvM/3a2EhfesxK","University of Illinois"
"7c138327-53ff-44fc-b0f8-186742b7dd8e","STER","D10","STER",,40.461894,-103.029290,"WGS84",,1364.0,,"2014-09-02T22:36Z","2014-09-04T15:00Z","2015-01-06T12:00Z","2015-01-07T12:00Z","STER.2014.35.CULTAR.F.T.21","STER.2014.4.Culex tarsalis.Female.T21","No known compromise","Other","PCR","Negative","BUNV",2,"N",,,,,"Y","testedDate may be inaccurate|sampleCompromised is unknown|testedBy may be inaccurate","Wp94RvOv+/IH+klBJiHvM/3a2EhfesxK","University of Illinois"
"871555b8-f4d9-4c91-8f87-b135bf6fe9c8","STER","D10","STER",,40.461894,-103.029290,"WGS84",,1364.0,,"2014-09-02T22:36Z","2014-09-04T15:00Z","2015-01-06T12:00Z","2015-01-07T12:00Z","STER.2014.35.CULTAR.F.T.08","STER.2014.4.Culex tarsalis.Female.T8","No known compromise","Other","PCR","Negative","BUNV",2,"N",,,,,"Y","testedDate may be inaccurate|sampleCompromised is unknown|testedBy may be inaccurate","Wp94RvOv+/IH+klBJiHvM/3a2EhfesxK","University of Illinois"
"13818ef7-fc27-42b7-8b27-aebc1fb9a0c9","STER","D10","STER",,40.461894,-103.029290,"WGS84",,1364.0,,"2014-09-02T22:36Z","2014-09-04T15:00Z","2015-01-06T12:00Z","2015-01-07T12:00Z","STER.2014.35.CULTAR.F.T.23","STER.2014.4.Culex tarsalis.Female.T23","No known compromise","Other","PCR","Negative","BUNV",2,"N",,,,,"Y","testedDate may be inaccurate|sampleCompromised is unknown|testedBy may be inaccurate","Wp94RvOv+/IH+klBJiHvM/3a2EhfesxK","University of Illinois"
"a3998e03-eb4a-4303-8fcd-9ce87f0a38ce","STER","D10","STER",,40.461894,-103.029290,"WGS84",,1364.0,,"2014-09-02T22:36Z","2014-09-04T15:00Z","2015-01-06T12:00Z","2015-01-07T12:00Z","STER.2014.35.CULTAR.F.T.15","STER.2014.4.Culex tarsalis.Female.T15","No known compromise","Other","PCR","Negative","BUNV",2,"N",,,,,"Y","testedDate may be inaccurate|sampleCompromised is unknown|testedBy may be inaccurate","Wp94RvOv+/IH+klBJiHvM/3a2EhfesxK","University of Illinois"
"7ca42519-be3e-4144-979b-7cf3039e1d4b","STER","D10","STER",,40.461894,-103.029290,"WGS84",,1364.0,,"2014-09-02T22:36Z","2014-09-04T15:00Z","2015-01-06T12:00Z","2015-01-07T12:00Z","STER.2014.35.CULTAR.F.T.19","STER.2014.4.Culex tarsalis.Female.T19","No known compromise","Other","PCR","Negative","BUNV",2,"N",,,,,"Y","testedDate may be inaccurate|sampleCompromised is unknown|testedBy may be inaccurate","Wp94RvOv+/IH+klBJiHvM/3a2EhfesxK","University of Illinois"
"530a269f-d617-423f-a4a3-98572b73135d","STER","D10","STER",,40.461894,-103.029290,"WGS84",,1364.0,,"2014-09-02T22:36Z","2014-09-04T15:00Z","2015-01-06T12:00Z","2015-01-07T12:00Z","STER.2014.35.CULTAR.F.T.16","STER.2014.4.Culex tarsalis.Female.T16","No known compromise","Other","PCR","Negative","BUNV",2,"N",,,,,"Y","testedDate may be inaccurate|sampleCompromised is unknown|testedBy may be inaccurate","Wp94RvOv+/IH+klBJiHvM/3a2EhfesxK","University of Illinois"
"7883bf3b-1198-4063-acf4-51b718e0dc12","STER","D10","STER",,40.461894,-103.029290,"WGS84",,1364.0,,"2014-09-02T22:36Z","2014-09-04T15:00Z","2015-01-06T12:00Z","2015-01-07T12:00Z","STER.2014.35.CULTAR.F.T.01","STER.2014.4.Culex tarsalis.Female.T1","No known compromise","Other","PCR","Negative","BUNV",2,"N",,,,,"Y","testedDate may be inaccurate|sampleCompromised is unknown|testedBy may be inaccurate","Wp94RvOv+/IH+klBJiHvM/3a2EhfesxK","University of Illinois"
"e44cd282-2772-44a8-b45b-29319a0cbbd8","STER","D10","STER",,40.461894,-103.029290,"WGS84",,1364.0,,"2014-09-02T22:36Z","2014-09-04T15:00Z","2015-01-06T12:00Z","2015-01-07T12:00Z","STER.2014.35.CULTAR.F.T.04","STER.2014.4.Culex tarsalis.Female.T4","No known compromise","Other","PCR","Negative","BUNV",2,"N",,,,,"Y","testedDate may be inaccurate|sampleCompromised is unknown|testedBy may be inaccurate","Wp94RvOv+/IH+klBJiHvM/3a2EhfesxK","University of Illinois"
"30df3abe-81ad-497f-9937-b232e113d29c","STER","D10","STER",,40.461894,-103.029290,"WGS84",,1364.0,,"2014-09-02T22:36Z","2014-09-04T15:00Z","2015-01-06T12:00Z","2015-01-07T12:00Z","STER.2014.35.CULTAR.F.T.06","STER.2014.4.Culex tarsalis.Female.T6","No known compromise","Other","PCR","Negative","BUNV",2,"N",,,,,"Y","testedDate may be inaccurate|sampleCompromised is unknown|testedBy may be inaccurate","Wp94RvOv+/IH+klBJiHvM/3a2EhfesxK","University of Illinois"
"0e15d3d6-ef2c-4bc4-9424-c3ab6753af2c","STER","D10","STER",,40.461894,-103.029290,"WGS84",,1364.0,,"2014-09-02T22:36Z","2014-09-04T15:00Z","2015-01-06T12:00Z","2015-01-07T12:00Z","STER.2014.35.CULTAR.F.T.03","STER.2014.4.Culex tarsalis.Female.T3","No known compromise","Other","PCR","Negative","BUNV",2,"N",,,,,"Y","testedDate may be inaccurate|sampleCompromised is unknown|testedBy may be inaccurate","Wp94RvOv+/IH+klBJiHvM/3a2EhfesxK","University of Illinois"
"12ba2986-74d5-4086-bc6a-965abc34e743","STER","D10","STER",,40.461894,-103.029290,"WGS84",,1364.0,,"2014-09-02T22:36Z","2014-09-04T15:00Z","2015-01-06T12:00Z","2015-01-07T12:00Z","STER.2014.35.CULTAR.F.T.05","STER.2014.4.Culex tarsalis.Female.T5","No known compromise","Other","PCR","Negative","BUNV",2,"N",,,,,"Y","testedDate may be inaccurate|sampleCompromised is unknown|testedBy may be inaccurate","Wp94RvOv+/IH+klBJiHvM/3a2EhfesxK","University of Illinois"
"c0412ed0-34af-435e-ba31-80e5277cdb38","STER","D10","STER",,40.461894,-103.029290,"WGS84",,1364.0,,"2014-09-02T22:36Z","2014-09-04T15:00Z","2015-01-06T12:00Z","2015-01-07T12:00Z","STER.2014.35.AEDDOR.F.T.01","STER.2014.4.Aedes dorsalis.Female.T1","No known compromise","Other","PCR","Negative","BUNV",2,"N",,,,,"Y","testedDate may be inaccurate|sampleCompromised is unknown|testedBy may be inaccurate","Wp94RvOv+/IH+klBJiHvM/3a2EhfesxK","University of Illinois"
"034c725c-9117-4d77-aed4-0106a13180eb","STER","D10","STER",,40.461894,-103.029290,"WGS84",,1364.0,,"2014-09-02T22:36Z","2014-09-04T15:00Z","2015-01-06T12:00Z","2015-01-07T12:00Z","STER.2014.35.CULTAR.F.T.02","STER.2014.4.Culex tarsalis.Female.T2","No known compromise","Other","PCR","Negative","BUNV",2,"N",,,,,"Y","testedDate may be inaccurate|sampleCompromised is unknown|testedBy may be inaccurate","Wp94RvOv+/IH+klBJiHvM/3a2EhfesxK","University of Illinois"
"ffc847a8-f09d-4d94-af6f-840cd0600752","STER","D10","STER",,40.461894,-103.029290,"WGS84",,1364.0,,"2014-09-02T22:36Z","2014-09-04T15:00Z","2015-01-06T12:00Z","2015-01-07T12:00Z","STER.2014.35.CULTAR.F.T.35","STER.2014.4.Culex tarsalis.Female.T35","No known compromise","Other","PCR","Negative","TOGV",1,"N",,,,,"Y","testedDate may be inaccurate|sampleCompromised is unknown|testedBy may be inaccurate","Wp94RvOv+/IH+klBJiHvM/3a2EhfesxK","University of Illinois"
"3a92be5c-84ed-4730-a09c-46f532937c2d","STER","D10","STER",,40.461894,-103.029290,"WGS84",,1364.0,,"2014-09-02T22:36Z","2014-09-04T15:00Z","2015-01-06T12:00Z","2015-01-07T12:00Z","STER.2014.35.CULTAR.F.T.40","STER.2014.4.Culex tarsalis.Female.T40","No known compromise","Other","PCR","Negative","TOGV",1,"N",,,,,"Y","testedDate may be inaccurate|sampleCompromised is unknown|testedBy may be inaccurate","Wp94RvOv+/IH+klBJiHvM/3a2EhfesxK","University of Illinois"
"af6d7f9a-210f-4c60-9a6a-24f312220105","STER","D10","STER",,40.461894,-103.029290,"WGS84",,1364.0,,"2014-09-02T22:36Z","2014-09-04T15:00Z","2015-01-06T12:00Z","2015-01-07T12:00Z","STER.2014.35.CULTAR.F.T.34","STER.2014.4.Culex tarsalis.Female.T34","No known compromise","Other","PCR","Negative","TOGV",1,"N",,,,,"Y","testedDate may be inaccurate|sampleCompromised is unknown|testedBy may be inaccurate","Wp94RvOv+/IH+klBJiHvM/3a2EhfesxK","University of Illinois"
"8e701e41-a597-4f29-9043-5f0d2053aae9","STER","D10","STER",,40.461894,-103.029290,"WGS84",,1364.0,,"2014-09-02T22:36Z","2014-09-04T15:00Z","2015-01-06T12:00Z","2015-01-07T12:00Z","STER.2014.35.CULTAR.F.T.12","STER.2014.4.Culex tarsalis.Female.T12","No known compromise","Other","PCR","Negative","TOGV",1,"N",,,,,"Y","testedDate may be inaccurate|sampleCompromised is unknown|testedBy may be inaccurate","Wp94RvOv+/IH+klBJiHvM/3a2EhfesxK","University of Illinois"
"131d212e-f49e-4d1a-9771-f96064fcea22","STER","D10","STER",,40.461894,-103.029290,"WGS84",,1364.0,,"2014-09-02T22:36Z","2014-09-04T15:00Z","2015-01-06T12:00Z","2015-01-07T12:00Z","STER.2014.35.CULTAR.F.T.19","STER.2014.4.Culex tarsalis.Female.T19","No known compromise","Other","PCR","Negative","TOGV",1,"N",,,,,"Y","testedDate may be inaccurate|sampleCompromised is unknown|testedBy may be inaccurate","Wp94RvOv+/IH+klBJiHvM/3a2EhfesxK","University of Illinois"
"64eeed4a-e6f7-48eb-8dc5-c7fe2877a6f4","STER","D10","STER",,40.461894,-103.029290,"WGS84",,1364.0,,"2014-09-02T22:36Z","2014-09-04T15:00Z","2015-01-06T12:00Z","2015-01-07T12:00Z","STER.2014.35.CULTAR.F.T.11","STER.2014.4.Culex tarsalis.Female.T11","No known compromise","Other","PCR","Negative","TOGV",1,"N",,,,,"Y","testedDate may be inaccurate|sampleCompromised is unknown|testedBy may be inaccurate","Wp94RvOv+/IH+klBJiHvM/3a2EhfesxK","University of Illinois"
"0547229a-1f81-4388-aee0-532776c25916","STER","D10","STER",,40.461894,-103.029290,"WGS84",,1364.0,,"2014-09-02T22:36Z","2014-09-04T15:00Z","2015-01-06T12:00Z","2015-01-07T12:00Z","STER.2014.35.CULTAR.F.T.07","STER.2014.4.Culex tarsalis.Female.T7","No known compromise","Other","PCR","Negative","TOGV",1,"N",,,,,"Y","testedDate may be inaccurate|sampleCompromised is unknown|testedBy may be inaccurate","Wp94RvOv+/IH+klBJiHvM/3a2EhfesxK","University of Illinois"
"1031d813-d74a-441b-b1b2-b213b6a4da3e","STER","D10","STER",,40.461894,-103.029290,"WGS84",,1364.0,,"2014-09-02T22:36Z","2014-09-04T15:00Z","2015-01-06T12:00Z","2015-01-07T12:00Z","STER.2014.35.CULTAR.F.T.04","STER.2014.4.Culex tarsalis.Female.T4","No known compromise","Other","PCR","Negative","TOGV",1,"N",,,,,"Y","testedDate may be inaccurate|sampleCompromised is unknown|testedBy may be inaccurate","Wp94RvOv+/IH+klBJiHvM/3a2EhfesxK","University of Illinois"
"e657e823-e601-413d-b265-c7c7dd597521","STER","D10","STER",,40.461894,-103.029290,"WGS84",,1364.0,,"2014-09-02T22:36Z","2014-09-04T15:00Z","2015-01-06T12:00Z","2015-01-07T12:00Z","STER.2014.35.CULTAR.F.T.31","STER.2014.4.Culex tarsalis.Female.T31","No known compromise","Other","PCR","Negative","TOGV",1,"N",,,,,"Y","testedDate may be inaccurate|sampleCompromised is unknown|testedBy may be inaccurate","Wp94RvOv+/IH+klBJiHvM/3a2EhfesxK","University of Illinois"
"2533be1d-4cc9-4b40-87e9-832894cc0e5d","STER","D10","STER",,40.461894,-103.029290,"WGS84",,1364.0,,"2014-09-02T22:36Z","2014-09-04T15:00Z","2015-01-06T12:00Z","2015-01-07T12:00Z","STER.2014.35.CULTAR.F.T.30","STER.2014.4.Culex tarsalis.Female.T30","No known compromise","Other","PCR","Negative","TOGV",1,"N",,,,,"Y","testedDate may be inaccurate|sampleCompromised is unknown|testedBy may be inaccurate","Wp94RvOv+/IH+klBJiHvM/3a2EhfesxK","University of Illinois"
"20bb1d21-e3cc-457a-80c6-e18d2afdcb6d","STER","D10","STER",,40.461894,-103.029290,"WGS84",,1364.0,,"2014-09-02T22:36Z","2014-09-04T15:00Z","2015-01-06T12:00Z","2015-01-07T12:00Z","STER.2014.35.CULTAR.F.T.05","STER.2014.4.Culex tarsalis.Female.T5","No known compromise","Other","PCR","Negative","TOGV",1,"N",,,,,"Y","testedDate may be inaccurate|sampleCompromised is unknown|testedBy may be inaccurate","Wp94RvOv+/IH+klBJiHvM/3a2EhfesxK","University of Illinois"
"38c8ac03-6227-4ae7-9242-7c78ccbcda52","STER","D10","STER",,40.461894,-103.029290,"WGS84",,1364.0,,"2014-09-02T22:36Z","2014-09-04T15:00Z","2015-01-06T12:00Z","2015-01-07T12:00Z","STER.2014.35.CULTAR.F.T.20","STER.2014.4.Culex tarsalis.Female.T20","No known compromise","Other","PCR","Negative","TOGV",1,"N",,,,,"Y","testedDate may be inaccurate|sampleCompromised is unknown|testedBy may be inaccurate","Wp94RvOv+/IH+klBJiHvM/3a2EhfesxK","University of Illinois"
"dd4afc35-fce7-4d8d-ac34-1f3019572af4","STER","D10","STER",,40.461894,-103.029290,"WGS84",,1364.0,,"2014-09-02T22:36Z","2014-09-04T15:00Z","2015-01-06T12:00Z","2015-01-07T12:00Z","STER.2014.35.CULTAR.F.T.33","STER.2014.4.Culex tarsalis.Female.T33","No known compromise","Other","PCR","Negative","TOGV",1,"N",,,,,"Y","testedDate may be inaccurate|sampleCompromised is unknown|testedBy may be inaccurate","Wp94RvOv+/IH+klBJiHvM/3a2EhfesxK","University of Illinois"
"966b0390-8091-4c78-bfb4-fa333137ba41","STER","D10","STER",,40.461894,-103.029290,"WGS84",,1364.0,,"2014-09-02T22:36Z","2014-09-04T15:00Z","2015-01-06T12:00Z","2015-01-07T12:00Z","STER.2014.35.CULTAR.F.T.06","STER.2014.4.Culex tarsalis.Female.T6","No known compromise","Other","PCR","Negative","TOGV",1,"N",,,,,"Y","testedDate may be inaccurate|sampleCompromised is unknown|testedBy may be inaccurate","Wp94RvOv+/IH+klBJiHvM/3a2EhfesxK","University of Illinois"
"5c3fe26c-06f7-4cef-b8ba-cb77e81ff2f7","STER","D10","STER",,40.461894,-103.029290,"WGS84",,1364.0,,"2014-09-02T22:36Z","2014-09-04T15:00Z","2015-01-06T12:00Z","2015-01-07T12:00Z","STER.2014.35.CULTAR.F.T.32","STER.2014.4.Culex tarsalis.Female.T32","No known compromise","Other","PCR","Negative","TOGV",1,"N",,,,,"Y","testedDate may be inaccurate|sampleCompromised is unknown|testedBy may be inaccurate","Wp94RvOv+/IH+klBJiHvM/3a2EhfesxK","University of Illinois"
"8b05d27f-5ee2-4cb6-8fa1-3561aee89005","STER","D10","STER",,40.461894,-103.029290,"WGS84",,1364.0,,"2014-09-02T22:36Z","2014-09-04T15:00Z","2015-01-06T12:00Z","2015-01-07T12:00Z","STER.2014.35.CULTAR.F.T.14","STER.2014.4.Culex tarsalis.Female.T14","No known compromise","Other","PCR","Negative","TOGV",1,"N",,,,,"Y","testedDate may be inaccurate|sampleCompromised is unknown|testedBy may be inaccurate","Wp94RvOv+/IH+klBJiHvM/3a2EhfesxK","University of Illinois"
"f9fc6f1a-a82a-4ec1-a213-eb95f6f62d7e","STER","D10","STER",,40.461894,-103.029290,"WGS84",,1364.0,,"2014-09-02T22:36Z","2014-09-04T15:00Z","2015-01-06T12:00Z","2015-01-07T12:00Z","STER.2014.35.CULTAR.F.T.01","STER.2014.4.Culex tarsalis.Female.T1","No known compromise","Other","PCR","Negative","TOGV",1,"N",,,,,"Y","testedDate may be inaccurate|sampleCompromised is unknown|testedBy may be inaccurate","Wp94RvOv+/IH+klBJiHvM/3a2EhfesxK","University of Illinois"
"fbc9f0f0-9077-4684-8b61-9ea041da263f","STER","D10","STER",,40.461894,-103.029290,"WGS84",,1364.0,,"2014-09-02T22:36Z","2014-09-04T15:00Z","2015-01-06T12:00Z","2015-01-07T12:00Z","STER.2014.35.CULTAR.F.T.23","STER.2014.4.Culex tarsalis.Female.T23","No known compromise","Other","PCR","Negative","TOGV",1,"N",,,,,"Y","testedDate may be inaccurate|sampleCompromised is unknown|testedBy may be inaccurate","Wp94RvOv+/IH+klBJiHvM/3a2EhfesxK","University of Illinois"
"b6899d78-77d0-4c9b-abb1-be3305a500be","STER","D10","STER",,40.461894,-103.029290,"WGS84",,1364.0,,"2014-09-02T22:36Z","2014-09-04T15:00Z","2015-01-06T12:00Z","2015-01-07T12:00Z","STER.2014.35.CULTAR.F.T.08","STER.2014.4.Culex tarsalis.Female.T8","No known compromise","Other","PCR","Negative","TOGV",1,"N",,,,,"Y","testedDate may be inaccurate|sampleCompromised is unknown|testedBy may be inaccurate","Wp94RvOv+/IH+klBJiHvM/3a2EhfesxK","University of Illinois"
"eac04a9b-f35e-4aa2-bc46-a593490543c6","STER","D10","STER",,40.461894,-103.029290,"WGS84",,1364.0,,"2014-09-02T22:36Z","2014-09-04T15:00Z","2015-01-06T12:00Z","2015-01-07T12:00Z","STER.2014.35.CULTAR.F.T.29","STER.2014.4.Culex tarsalis.Female.T29","No known compromise","Other","PCR","Negative","TOGV",1,"N",,,,,"Y","testedDate may be inaccurate|sampleCompromised is unknown|testedBy may be inaccurate","Wp94RvOv+/IH+klBJiHvM/3a2EhfesxK","University of Illinois"
"ab68a5da-0e12-49d0-b235-23063d64a399","STER","D10","STER",,40.461894,-103.029290,"WGS84",,1364.0,,"2014-09-02T22:36Z","2014-09-04T15:00Z","2015-01-06T12:00Z","2015-01-07T12:00Z","STER.2014.35.CULTAR.F.T.21","STER.2014.4.Culex tarsalis.Female.T21","No known compromise","Other","PCR","Negative","TOGV",1,"N",,,,,"Y","testedDate may be inaccurate|sampleCompromised is unknown|testedBy may be inaccurate","Wp94RvOv+/IH+klBJiHvM/3a2EhfesxK","University of Illinois"
"800b8375-7af8-4c29-a485-7ab03df9c703","STER","D10","STER",,40.461894,-103.029290,"WGS84",,1364.0,,"2014-09-02T22:36Z","2014-09-04T15:00Z","2015-01-06T12:00Z","2015-01-07T12:00Z","STER.2014.35.CULTAR.F.T.10","STER.2014.4.Culex tarsalis.Female.T10","No known compromise","Other","PCR","Negative","TOGV",1,"N",,,,,"Y","testedDate may be inaccurate|sampleCompromised is unknown|testedBy may be inaccurate","Wp94RvOv+/IH+klBJiHvM/3a2EhfesxK","University of Illinois"
"411283fb-ce77-492e-95a0-e9b8cf734929","STER","D10","STER",,40.461894,-103.029290,"WGS84",,1364.0,,"2014-09-02T22:36Z","2014-09-04T15:00Z","2015-01-06T12:00Z","2015-01-07T12:00Z","STER.2014.35.CULTAR.F.T.26","STER.2014.4.Culex tarsalis.Female.T26","No known compromise","Other","PCR","Negative","TOGV",1,"N",,,,,"Y","testedDate may be inaccurate|sampleCompromised is unknown|testedBy may be inaccurate","Wp94RvOv+/IH+klBJiHvM/3a2EhfesxK","University of Illinois"
"4210bd7a-54a2-442c-a554-d2fe29154b48","STER","D10","STER",,40.461894,-103.029290,"WGS84",,1364.0,,"2014-09-02T22:36Z","2014-09-04T15:00Z","2015-01-06T12:00Z","2015-01-07T12:00Z","STER.2014.35.CULTAR.F.T.22","STER.2014.4.Culex tarsalis.Female.T22","No known compromise","Other","PCR","Negative","TOGV",1,"N",,,,,"Y","testedDate may be inaccurate|sampleCompromised is unknown|testedBy may be inaccurate","Wp94RvOv+/IH+klBJiHvM/3a2EhfesxK","University of Illinois"
"2bae7cb3-3420-481e-90c9-26d72878e0a4","STER","D10","STER",,40.461894,-103.029290,"WGS84",,1364.0,,"2014-09-02T22:36Z","2014-09-04T15:00Z","2015-01-06T12:00Z","2015-01-07T12:00Z","STER.2014.35.CULTAR.F.T.13","STER.2014.4.Culex tarsalis.Female.T13","No known compromise","Other","PCR","Negative","TOGV",1,"N",,,,,"Y","testedDate may be inaccurate|sampleCompromised is unknown|testedBy may be inaccurate","Wp94RvOv+/IH+klBJiHvM/3a2EhfesxK","University of Illinois"
"7af4fbf5-155f-43de-a068-f126fa00e5de","STER","D10","STER",,40.461894,-103.029290,"WGS84",,1364.0,,"2014-09-02T22:36Z","2014-09-04T15:00Z","2015-01-06T12:00Z","2015-01-07T12:00Z","STER.2014.35.AEDDOR.F.T.01","STER.2014.4.Aedes dorsalis.Female.T1","No known compromise","Other","PCR","Negative","TOGV",1,"N",,,,,"Y","testedDate may be inaccurate|sampleCompromised is unknown|testedBy may be inaccurate","Wp94RvOv+/IH+klBJiHvM/3a2EhfesxK","University of Illinois"
"20c4cbeb-725b-48a2-af1f-5fc7f498ec5f","STER","D10","STER",,40.461894,-103.029290,"WGS84",,1364.0,,"2014-09-02T22:36Z","2014-09-04T15:00Z","2015-01-06T12:00Z","2015-01-07T12:00Z","STER.2014.35.CULTAR.F.T.24","STER.2014.4.Culex tarsalis.Female.T24","No known compromise","Other","PCR","Negative","TOGV",1,"N",,,,,"Y","testedDate may be inaccurate|sampleCompromised is unknown|testedBy may be inaccurate","Wp94RvOv+/IH+klBJiHvM/3a2EhfesxK","University of Illinois"
"343d3e15-2871-4e0b-99d4-aa4c7895c371","STER","D10","STER",,40.461894,-103.029290,"WGS84",,1364.0,,"2014-09-02T22:36Z","2014-09-04T15:00Z","2015-01-06T12:00Z","2015-01-07T12:00Z","STER.2014.35.CULTAR.F.T.25","STER.2014.4.Culex tarsalis.Female.T25","No known compromise","Other","PCR","Negative","TOGV",1,"N",,,,,"Y","testedDate may be inaccurate|sampleCompromised is unknown|testedBy may be inaccurate","Wp94RvOv+/IH+klBJiHvM/3a2EhfesxK","University of Illinois"
"bb4a52cf-5e36-4c0a-acc3-139240975fcd","STER","D10","STER",,40.461894,-103.029290,"WGS84",,1364.0,,"2014-09-02T22:36Z","2014-09-04T15:00Z","2015-01-06T12:00Z","2015-01-07T12:00Z","STER.2014.35.CULTAR.F.T.03","STER.2014.4.Culex tarsalis.Female.T3","No known compromise","Other","PCR","Negative","TOGV",1,"N",,,,,"Y","testedDate may be inaccurate|sampleCompromised is unknown|testedBy may be inaccurate","Wp94RvOv+/IH+klBJiHvM/3a2EhfesxK","University of Illinois"
"18d2944a-db20-455d-9be9-dc2f9c910110","STER","D10","STER",,40.461894,-103.029290,"WGS84",,1364.0,,"2014-09-02T22:36Z","2014-09-04T15:00Z","2015-01-06T12:00Z","2015-01-07T12:00Z","STER.2014.35.CULTAR.F.T.15","STER.2014.4.Culex tarsalis.Female.T15","No known compromise","Other","PCR","Negative","TOGV",1,"N",,,,,"Y","testedDate may be inaccurate|sampleCompromised is unknown|testedBy may be inaccurate","Wp94RvOv+/IH+klBJiHvM/3a2EhfesxK","University of Illinois"
"2d99b4b5-9db0-43ae-aa1b-f26192df8d9c","STER","D10","STER",,40.461894,-103.029290,"WGS84",,1364.0,,"2014-09-02T22:36Z","2014-09-04T15:00Z","2015-01-06T12:00Z","2015-01-07T12:00Z","STER.2014.35.CULTAR.F.T.17","STER.2014.4.Culex tarsalis.Female.T17","No known compromise","Other","PCR","Negative","TOGV",1,"N",,,,,"Y","testedDate may be inaccurate|sampleCompromised is unknown|testedBy may be inaccurate","Wp94RvOv+/IH+klBJiHvM/3a2EhfesxK","University of Illinois"
"96947df5-3394-45ad-80d2-9cfc53845f3a","STER","D10","STER",,40.461894,-103.029290,"WGS84",,1364.0,,"2014-09-02T22:36Z","2014-09-04T15:00Z","2015-01-06T12:00Z","2015-01-07T12:00Z","STER.2014.35.CULTAR.F.T.09","STER.2014.4.Culex tarsalis.Female.T9","No known compromise","Other","PCR","Negative","TOGV",1,"N",,,,,"Y","testedDate may be inaccurate|sampleCompromised is unknown|testedBy may be inaccurate","Wp94RvOv+/IH+klBJiHvM/3a2EhfesxK","University of Illinois"
"c1bb3b34-cd83-4681-9747-b7691c6b8322","STER","D10","STER",,40.461894,-103.029290,"WGS84",,1364.0,,"2014-09-02T22:36Z","2014-09-04T15:00Z","2015-01-06T12:00Z","2015-01-07T12:00Z","STER.2014.35.CULTAR.F.T.24","STER.2014.4.Culex tarsalis.Female.T24","No known compromise","Other","PCR","Positive","FLAV",3,"N",,,,,"Y","testedDate may be inaccurate|sampleCompromised is unknown|testedBy may be inaccurate","Wp94RvOv+/IH+klBJiHvM/3a2EhfesxK","University of Illinois"
"56d41cf8-1188-4b73-ab0c-308ebc81cd73","STER","D10","STER",,40.461894,-103.029290,"WGS84",,1364.0,,"2014-09-02T22:36Z","2014-09-04T15:00Z","2015-01-06T12:00Z","2015-01-07T12:00Z","STER.2014.35.CULTAR.F.T.16","STER.2014.4.Culex tarsalis.Female.T16","No known compromise","Other","PCR","Positive","FLAV",3,"N",,,,,"Y","testedDate may be inaccurate|sampleCompromised is unknown|testedBy may be inaccurate","Wp94RvOv+/IH+klBJiHvM/3a2EhfesxK","University of Illinois"
"28fe1c3a-946d-4984-831e-68ac8f5d8e28","STER","D10","STER",,40.461894,-103.029290,"WGS84",,1364.0,,"2014-09-02T22:36Z","2014-09-04T15:00Z","2015-01-06T12:00Z","2015-01-07T12:00Z","STER.2014.35.CULTAR.F.T.40","STER.2014.4.Culex tarsalis.Female.T40","No known compromise","Other","PCR","Positive","FLAV",3,"N",,,,,"Y","testedDate may be inaccurate|sampleCompromised is unknown|testedBy may be inaccurate","Wp94RvOv+/IH+klBJiHvM/3a2EhfesxK","University of Illinois"
"7a6cdc41-b36a-40d1-bb6b-dcd973bb0dbc","STER","D10","STER",,40.461894,-103.029290,"WGS84",,1364.0,,"2014-09-02T22:36Z","2014-09-04T15:00Z","2015-01-06T12:00Z","2015-01-07T12:00Z","STER.2014.35.CULTAR.F.T.32","STER.2014.4.Culex tarsalis.Female.T32","No known compromise","Other","PCR","Positive","FLAV",3,"N",,,,,"Y","testedDate may be inaccurate|sampleCompromised is unknown|testedBy may be inaccurate","Wp94RvOv+/IH+klBJiHvM/3a2EhfesxK","University of Illinois"
"79009a05-a10a-415c-b724-b07d97deeadb","STER","D10","STER",,40.461894,-103.029290,"WGS84",,1364.0,,"2014-09-02T22:36Z","2014-09-04T15:00Z","2015-01-06T12:00Z","2015-01-07T12:00Z","STER.2014.35.CULTAR.F.T.33","STER.2014.4.Culex tarsalis.Female.T33","No known compromise","Other","PCR","Positive","FLAV",3,"N",,,,,"Y","testedDate may be inaccurate|sampleCompromised is unknown|testedBy may be inaccurate","Wp94RvOv+/IH+klBJiHvM/3a2EhfesxK","University of Illinois"
"920c72b3-e8a0-49b8-9a6f-9591e34d59dd","STER","D10","STER",,40.461894,-103.029290,"WGS84",,1364.0,,"2014-09-02T22:36Z","2014-09-04T15:00Z","2015-01-06T12:00Z","2015-01-07T12:00Z","STER.2014.35.CULTAR.F.T.38","STER.2014.4.Culex tarsalis.Female.T38","No known compromise","Other","PCR","Positive","FLAV",3,"N",,,,,"Y","testedDate may be inaccurate|sampleCompromised is unknown|testedBy may be inaccurate","Wp94RvOv+/IH+klBJiHvM/3a2EhfesxK","University of Illinois"
"429a22d7-703e-4f72-ba6a-f9df52d9e551","STER","D10","STER",,40.461894,-103.029290,"WGS84",,1364.0,,"2014-09-02T22:36Z","2014-09-04T15:00Z","2015-01-06T12:00Z","2015-01-07T12:00Z","STER.2014.35.CULTAR.F.T.39","STER.2014.4.Culex tarsalis.Female.T39","No known compromise","Other","PCR","Positive","FLAV",3,"N",,,,,"Y","testedDate may be inaccurate|sampleCompromised is unknown|testedBy may be inaccurate","Wp94RvOv+/IH+klBJiHvM/3a2EhfesxK","University of Illinois"
"94f2a67f-d0a5-418f-98bd-97d6a335bfe6","STER","D10","STER",,40.461894,-103.029290,"WGS84",,1364.0,,"2014-09-02T22:36Z","2014-09-04T15:00Z","2015-01-06T12:00Z","2015-01-07T12:00Z","STER.2014.35.CULTAR.F.T.35","STER.2014.4.Culex tarsalis.Female.T35","No known compromise","Other","PCR","Positive","FLAV",3,"N",,,,,"Y","testedDate may be inaccurate|sampleCompromised is unknown|testedBy may be inaccurate","Wp94RvOv+/IH+klBJiHvM/3a2EhfesxK","University of Illinois"
"39c6857b-67c1-4288-8020-df1f981ebff7","STER","D10","STER",,40.461894,-103.029290,"WGS84",,1364.0,,"2014-09-02T22:36Z","2014-09-04T15:00Z","2015-01-06T12:00Z","2015-01-07T12:00Z","STER.2014.35.CULTAR.F.T.29","STER.2014.4.Culex tarsalis.Female.T29","No known compromise","Other","PCR","Positive","FLAV",3,"N",,,,,"Y","testedDate may be inaccurate|sampleCompromised is unknown|testedBy may be inaccurate","Wp94RvOv+/IH+klBJiHvM/3a2EhfesxK","University of Illinois"
"ce54d8e2-da86-4905-8ee0-7cb840656a68","STER","D10","STER",,40.461894,-103.029290,"WGS84",,1364.0,,"2014-09-02T22:36Z","2014-09-04T15:00Z","2015-01-06T12:00Z","2015-01-07T12:00Z","STER.2014.35.CULTAR.F.T.28","STER.2014.4.Culex tarsalis.Female.T28","No known compromise","Other","PCR","Positive","FLAV",3,"N",,,,,"Y","testedDate may be inaccurate|sampleCompromised is unknown|testedBy may be inaccurate","Wp94RvOv+/IH+klBJiHvM/3a2EhfesxK","University of Illinois"
"d55a1139-5518-4a73-8d4a-2e7a62abf913","STER","D10","STER",,40.461894,-103.029290,"WGS84",,1364.0,,"2014-09-02T22:36Z","2014-09-04T15:00Z","2015-01-06T12:00Z","2015-01-07T12:00Z","STER.2014.35.CULTAR.F.T.31","STER.2014.4.Culex tarsalis.Female.T31","No known compromise","Other","PCR","Positive","FLAV",3,"N",,,,,"Y","testedDate may be inaccurate|sampleCompromised is unknown|testedBy may be inaccurate","Wp94RvOv+/IH+klBJiHvM/3a2EhfesxK","University of Illinois"
"2eff49b5-dfbc-48dd-b076-0143d80c2a9f","STER","D10","STER",,40.461894,-103.029290,"WGS84",,1364.0,,"2014-09-02T22:36Z","2014-09-04T15:00Z","2015-01-06T12:00Z","2015-01-07T12:00Z","STER.2014.35.CULTAR.F.T.17","STER.2014.4.Culex tarsalis.Female.T17","No known compromise","Other","PCR","Positive","FLAV",3,"N",,,,,"Y","testedDate may be inaccurate|sampleCompromised is unknown|testedBy may be inaccurate","Wp94RvOv+/IH+klBJiHvM/3a2EhfesxK","University of Illinois"
"121abbae-3613-484d-af56-698d8c50dfaf","STER","D10","STER",,40.461894,-103.029290,"WGS84",,1364.0,,"2014-09-02T22:36Z","2014-09-04T15:00Z","2015-01-06T12:00Z","2015-01-07T12:00Z","STER.2014.35.CULTAR.F.T.13","STER.2014.4.Culex tarsalis.Female.T13","No known compromise","Other","PCR","Positive","FLAV",3,"N",,,,,"Y","testedDate may be inaccurate|sampleCompromised is unknown|testedBy may be inaccurate","Wp94RvOv+/IH+klBJiHvM/3a2EhfesxK","University of Illinois"
"7d53ac69-777e-4e25-89e1-08b6e79d9ad6","STER","D10","STER",,40.461894,-103.029290,"WGS84",,1364.0,,"2014-09-02T22:36Z","2014-09-04T15:00Z","2015-01-06T12:00Z","2015-01-07T12:00Z","STER.2014.35.CULTAR.F.T.25","STER.2014.4.Culex tarsalis.Female.T25","No known compromise","Other","PCR","Negative","FLAV",3,"Y",,,,,"Y","testedDate may be inaccurate|sampleCompromised is unknown|testedBy may be inaccurate","Wp94RvOv+/IH+klBJiHvM/3a2EhfesxK","University of Illinois"
"70c619c3-0ae8-4ad1-8053-0ca2364e56d9","STER","D10","STER",,40.461894,-103.029290,"WGS84",,1364.0,,"2014-09-02T22:36Z","2014-09-04T15:00Z","2015-01-06T12:00Z","2015-01-07T12:00Z","STER.2014.35.CULTAR.F.T.26","STER.2014.4.Culex tarsalis.Female.T26","No known compromise","Other","PCR","Positive","FLAV",3,"N",,,,,"Y","testedDate may be inaccurate|sampleCompromised is unknown|testedBy may be inaccurate","Wp94RvOv+/IH+klBJiHvM/3a2EhfesxK","University of Illinois"
"965c033d-d5b0-4e93-96cc-2c2524bf446a","STER","D10","STER",,40.461894,-103.029290,"WGS84",,1364.0,,"2014-09-02T22:36Z","2014-09-04T15:00Z","2015-01-06T12:00Z","2015-01-07T12:00Z","STER.2014.35.CULTAR.F.T.30","STER.2014.4.Culex tarsalis.Female.T30","No known compromise","Other","PCR","Positive","FLAV",3,"N",,,,,"Y","testedDate may be inaccurate|sampleCompromised is unknown|testedBy may be inaccurate","Wp94RvOv+/IH+klBJiHvM/3a2EhfesxK","University of Illinois"
"0993a6b9-b4a3-4234-b121-69f0f86e29cc","STER","D10","STER",,40.461894,-103.029290,"WGS84",,1364.0,,"2014-09-02T22:36Z","2014-09-04T15:00Z","2015-01-06T12:00Z","2015-01-07T12:00Z","STER.2014.35.CULTAR.F.T.19","STER.2014.4.Culex tarsalis.Female.T19","No known compromise","Other","PCR","Positive","FLAV",3,"N",,,,,"Y","testedDate may be inaccurate|sampleCompromised is unknown|testedBy may be inaccurate","Wp94RvOv+/IH+klBJiHvM/3a2EhfesxK","University of Illinois"
"7d451a92-8f24-4ba8-9e61-202389abab54","STER","D10","STER",,40.461894,-103.029290,"WGS84",,1364.0,,"2014-09-02T22:36Z","2014-09-04T15:00Z","2015-01-06T12:00Z","2015-01-07T12:00Z","STER.2014.35.CULTAR.F.T.34","STER.2014.4.Culex tarsalis.Female.T34","No known compromise","Other","PCR","Positive","FLAV",3,"N",,,,,"Y","testedDate may be inaccurate|sampleCompromised is unknown|testedBy may be inaccurate","Wp94RvOv+/IH+klBJiHvM/3a2EhfesxK","University of Illinois"
"a3e1f6b6-6684-48f8-a4f7-0d28807ee847","STER","D10","STER",,40.461894,-103.029290,"WGS84",,1364.0,,"2014-09-02T22:36Z","2014-09-04T15:00Z","2015-01-06T12:00Z","2015-01-07T12:00Z","STER.2014.35.CULTAR.F.T.37","STER.2014.4.Culex tarsalis.Female.T37","No known compromise","Other","PCR","Positive","FLAV",3,"N",,,,,"Y","testedDate may be inaccurate|sampleCompromised is unknown|testedBy may be inaccurate","Wp94RvOv+/IH+klBJiHvM/3a2EhfesxK","University of Illinois"
"b74cf49a-09ef-4f3d-8482-f8533dfe4bff","STER","D10","STER",,40.461894,-103.029290,"WGS84",,1364.0,,"2014-09-02T22:36Z","2014-09-04T15:00Z","2015-01-06T12:00Z","2015-01-07T12:00Z","STER.2014.35.CULTAR.F.T.23","STER.2014.4.Culex tarsalis.Female.T23","No known compromise","Other","PCR","Positive","FLAV",3,"N",,,,,"Y","testedDate may be inaccurate|sampleCompromised is unknown|testedBy may be inaccurate","Wp94RvOv+/IH+klBJiHvM/3a2EhfesxK","University of Illinois"
"02ed7ea9-abc6-441f-8880-8d0984c51b3d","STER","D10","STER",,40.461894,-103.029290,"WGS84",,1364.0,,"2014-09-02T22:36Z","2014-09-04T15:00Z","2015-01-06T12:00Z","2015-01-07T12:00Z","STER.2014.35.CULTAR.F.T.21","STER.2014.4.Culex tarsalis.Female.T21","No known compromise","Other","PCR","Positive","FLAV",3,"N",,,,,"Y","testedDate may be inaccurate|sampleCompromised is unknown|testedBy may be inaccurate","Wp94RvOv+/IH+klBJiHvM/3a2EhfesxK","University of Illinois"
"0f8bf9f2-608e-4bdd-8eea-431570ae46a0","STER","D10","STER",,40.461894,-103.029290,"WGS84",,1364.0,,"2014-09-02T22:36Z","2014-09-04T15:00Z","2015-01-06T12:00Z","2015-01-07T12:00Z","STER.2014.35.CULTAR.F.T.27","STER.2014.4.Culex tarsalis.Female.T27","No known compromise","Other","PCR","Negative","FLAV",3,"Y",,,,,"Y","testedDate may be inaccurate|sampleCompromised is unknown|testedBy may be inaccurate","Wp94RvOv+/IH+klBJiHvM/3a2EhfesxK","University of Illinois"
"dca081c6-6af8-434d-beb0-ffc75e5103d4","STER","D10","STER",,40.461894,-103.029290,"WGS84",,1364.0,,"2014-09-02T22:36Z","2014-09-04T15:00Z","2015-01-06T12:00Z","2015-01-07T12:00Z","STER.2014.35.CULTAR.F.T.36","STER.2014.4.Culex tarsalis.Female.T36","No known compromise","Other","PCR","Positive","FLAV",3,"N",,,,,"Y","testedDate may be inaccurate|sampleCompromised is unknown|testedBy may be inaccurate","Wp94RvOv+/IH+klBJiHvM/3a2EhfesxK","University of Illinois"
"5fe2be50-b26e-4472-8ca3-9417610571d8","STER","D10","STER",,40.461894,-103.029290,"WGS84",,1364.0,,"2014-09-02T22:36Z","2014-09-04T15:00Z","2015-01-06T12:00Z","2015-01-07T12:00Z","STER.2014.35.CULTAR.F.T.15","STER.2014.4.Culex tarsalis.Female.T15","No known compromise","Other","PCR","Negative","FLAV",3,"Y",,,,,"Y","testedDate may be inaccurate|sampleCompromised is unknown|testedBy may be inaccurate","Wp94RvOv+/IH+klBJiHvM/3a2EhfesxK","University of Illinois"
"72535b9d-8e20-4351-89cd-8a5dd0d8fba0","STER","D10","STER",,40.461894,-103.029290,"WGS84",,1364.0,,"2014-09-02T22:36Z","2014-09-04T15:00Z","2015-01-06T12:00Z","2015-01-07T12:00Z","STER.2014.35.CULTAR.F.T.20","STER.2014.4.Culex tarsalis.Female.T20","No known compromise","Other","PCR","Positive","FLAV",3,"N",,,,,"Y","testedDate may be inaccurate|sampleCompromised is unknown|testedBy may be inaccurate","Wp94RvOv+/IH+klBJiHvM/3a2EhfesxK","University of Illinois"
"f76bc6c9-8d49-4606-9791-e764be551dde","STER","D10","STER",,40.461894,-103.029290,"WGS84",,1364.0,,"2014-09-02T22:36Z","2014-09-04T15:00Z","2015-01-06T12:00Z","2015-01-07T12:00Z","STER.2014.35.CULTAR.F.T.22","STER.2014.4.Culex tarsalis.Female.T22","No known compromise","Other","PCR","Positive","FLAV",3,"N",,,,,"Y","testedDate may be inaccurate|sampleCompromised is unknown|testedBy may be inaccurate","Wp94RvOv+/IH+klBJiHvM/3a2EhfesxK","University of Illinois"
"c4e5deb7-94ac-42bc-a277-59c1c9791522","STER","D10","STER",,40.461894,-103.029290,"WGS84",,1364.0,,"2014-09-02T22:36Z","2014-09-04T15:00Z","2015-01-06T12:00Z","2015-01-07T12:00Z","STER.2014.35.CULTAR.F.T.14","STER.2014.4.Culex tarsalis.Female.T14","No known compromise","Other","PCR","Positive","FLAV",3,"N",,,,,"Y","testedDate may be inaccurate|sampleCompromised is unknown|testedBy may be inaccurate","Wp94RvOv+/IH+klBJiHvM/3a2EhfesxK","University of Illinois"
"6d0d0760-0d8c-426e-a49f-ae1204634ff1","STER","D10","STER",,40.461894,-103.029290,"WGS84",,1364.0,,"2014-09-02T22:36Z","2014-09-04T15:00Z","2015-01-06T12:00Z","2015-01-07T12:00Z","STER.2014.35.CULTAR.F.T.18","STER.2014.4.Culex tarsalis.Female.T18","No known compromise","Other","PCR","Positive","FLAV",3,"N",,,,,"Y","testedDate may be inaccurate|sampleCompromised is unknown|testedBy may be inaccurate","Wp94RvOv+/IH+klBJiHvM/3a2EhfesxK","University of Illinois"
"b1b24ecb-acf8-43be-a867-285530bd9aed","STER","D10","STER",,40.461894,-103.029290,"WGS84",,1364.0,,"2014-09-02T22:36Z","2014-09-04T15:00Z","2015-01-06T12:00Z","2015-01-07T12:00Z","STER.2014.35.CULTAR.F.T.02","STER.2014.4.Culex tarsalis.Female.T2","No known compromise","Other","PCR","Positive","FLAV",3,"N",,,,,"Y","testedDate may be inaccurate|sampleCompromised is unknown|testedBy may be inaccurate","Wp94RvOv+/IH+klBJiHvM/3a2EhfesxK","University of Illinois"
"5fa3f360-fcfe-4150-9d51-d4aeda479bf5","STER","D10","STER",,40.461894,-103.029290,"WGS84",,1364.0,,"2014-09-02T22:36Z","2014-09-04T15:00Z","2015-01-06T12:00Z","2015-01-07T12:00Z","STER.2014.35.AEDDOR.F.T.01","STER.2014.4.Aedes dorsalis.Female.T1","No known compromise","Other","PCR","Negative","FLAV",3,"Y",,,,,"Y","testedDate may be inaccurate|sampleCompromised is unknown|testedBy may be inaccurate","Wp94RvOv+/IH+klBJiHvM/3a2EhfesxK","University of Illinois"
"34445950-1a5c-4210-830f-6af76c96c193","STER","D10","STER",,40.461894,-103.029290,"WGS84",,1364.0,,"2014-09-02T22:36Z","2014-09-04T15:00Z","2015-01-06T12:00Z","2015-01-07T12:00Z","STER.2014.35.CULTAR.F.T.12","STER.2014.4.Culex tarsalis.Female.T12","No known compromise","Other","PCR","Positive","FLAV",3,"N",,,,,"Y","testedDate may be inaccurate|sampleCompromised is unknown|testedBy may be inaccurate","Wp94RvOv+/IH+klBJiHvM/3a2EhfesxK","University of Illinois"
"071e7357-e20a-4928-be0c-8025365751fc","STER","D10","STER",,40.461894,-103.029290,"WGS84",,1364.0,,"2014-09-02T22:36Z","2014-09-04T15:00Z","2015-01-06T12:00Z","2015-01-07T12:00Z","STER.2014.35.CULTAR.F.T.09","STER.2014.4.Culex tarsalis.Female.T9","No known compromise","Other","PCR","Positive","FLAV",3,"N",,,,,"Y","testedDate may be inaccurate|sampleCompromised is unknown|testedBy may be inaccurate","Wp94RvOv+/IH+klBJiHvM/3a2EhfesxK","University of Illinois"
"37ac2ef3-95fe-4b50-a177-8053636a23cf","STER","D10","STER",,40.461894,-103.029290,"WGS84",,1364.0,,"2014-09-02T22:36Z","2014-09-04T15:00Z","2015-01-06T12:00Z","2015-01-07T12:00Z","STER.2014.35.CULTAR.F.T.05","STER.2014.4.Culex tarsalis.Female.T5","No known compromise","Other","PCR","Positive","FLAV",3,"N",,,,,"Y","testedDate may be inaccurate|sampleCompromised is unknown|testedBy may be inaccurate","Wp94RvOv+/IH+klBJiHvM/3a2EhfesxK","University of Illinois"
"0ab8fa18-9904-4f31-ae1e-507e4a023712","STER","D10","STER",,40.461894,-103.029290,"WGS84",,1364.0,,"2014-09-02T22:36Z","2014-09-04T15:00Z","2015-01-06T12:00Z","2015-01-07T12:00Z","STER.2014.35.CULTAR.F.T.08","STER.2014.4.Culex tarsalis.Female.T8","No known compromise","Other","PCR","Negative","FLAV",3,"Y",,,,,"Y","testedDate may be inaccurate|sampleCompromised is unknown|testedBy may be inaccurate","Wp94RvOv+/IH+klBJiHvM/3a2EhfesxK","University of Illinois"
"709c2e0b-edd5-4f9e-b9fc-68c198ed1c77","STER","D10","STER",,40.461894,-103.029290,"WGS84",,1364.0,,"2014-09-02T22:36Z","2014-09-04T15:00Z","2015-01-06T12:00Z","2015-01-07T12:00Z","STER.2014.35.CULTAR.F.T.03","STER.2014.4.Culex tarsalis.Female.T3","No known compromise","Other","PCR","Negative","FLAV",3,"Y",,,,,"Y","testedDate may be inaccurate|sampleCompromised is unknown|testedBy may be inaccurate","Wp94RvOv+/IH+klBJiHvM/3a2EhfesxK","University of Illinois"
"0128e780-5971-480e-8acc-f450007be11b","STER","D10","STER",,40.461894,-103.029290,"WGS84",,1364.0,,"2014-09-02T22:36Z","2014-09-04T15:00Z","2015-01-06T12:00Z","2015-01-07T12:00Z","STER.2014.35.CULTAR.F.T.04","STER.2014.4.Culex tarsalis.Female.T4","No known compromise","Other","PCR","Positive","FLAV",3,"N",,,,,"Y","testedDate may be inaccurate|sampleCompromised is unknown|testedBy may be inaccurate","Wp94RvOv+/IH+klBJiHvM/3a2EhfesxK","University of Illinois"
"9aa77cc6-9867-41bc-a148-3024a9d660c6","STER","D10","STER",,40.461894,-103.029290,"WGS84",,1364.0,,"2014-09-02T22:36Z","2014-09-04T15:00Z","2015-01-06T12:00Z","2015-01-07T12:00Z","STER.2014.35.CULTAR.F.T.07","STER.2014.4.Culex tarsalis.Female.T7","No known compromise","Other","PCR","Negative","FLAV",3,"Y",,,,,"Y","testedDate may be inaccurate|sampleCompromised is unknown|testedBy may be inaccurate","Wp94RvOv+/IH+klBJiHvM/3a2EhfesxK","University of Illinois"
"3be7f779-e73c-4612-8b86-99e1f077e58f","STER","D10","STER",,40.461894,-103.029290,"WGS84",,1364.0,,"2014-09-02T22:36Z","2014-09-04T15:00Z","2015-01-06T12:00Z","2015-01-07T12:00Z","STER.2014.35.CULTAR.F.T.10","STER.2014.4.Culex tarsalis.Female.T10","No known compromise","Other","PCR","Negative","FLAV",3,"Y",,,,,"Y","testedDate may be inaccurate|sampleCompromised is unknown|testedBy may be inaccurate","Wp94RvOv+/IH+klBJiHvM/3a2EhfesxK","University of Illinois"
"d50bba7a-9493-4b2a-a695-cf719dc02796","STER","D10","STER",,40.461894,-103.029290,"WGS84",,1364.0,,"2014-09-02T22:36Z","2014-09-04T15:00Z","2015-01-06T12:00Z","2015-01-07T12:00Z","STER.2014.35.CULTAR.F.T.06","STER.2014.4.Culex tarsalis.Female.T6","No known compromise","Other","PCR","Positive","FLAV",3,"N",,,,,"Y","testedDate may be inaccurate|sampleCompromised is unknown|testedBy may be inaccurate","Wp94RvOv+/IH+klBJiHvM/3a2EhfesxK","University of Illinois"
"a8dc05c4-3d8e-4797-aaa0-cf9af41fe84c","STER","D10","STER",,40.461894,-103.029290,"WGS84",,1364.0,,"2014-09-02T22:36Z","2014-09-04T15:00Z","2015-01-06T12:00Z","2015-01-07T12:00Z","STER.2014.35.CULTAR.F.T.01","STER.2014.4.Culex tarsalis.Female.T1","No known compromise","Other","PCR","Negative","FLAV",3,"Y",,,,,"Y","testedDate may be inaccurate|sampleCompromised is unknown|testedBy may be inaccurate","Wp94RvOv+/IH+klBJiHvM/3a2EhfesxK","University of Illinois"
"f3600c26-7cda-43c9-8af2-08c4f62932e3","STER","D10","STER",,40.461894,-103.029290,"WGS84",,1364.0,,"2014-09-02T22:36Z","2014-09-04T15:00Z","2015-01-06T12:00Z","2015-01-07T12:00Z","STER.2014.35.CULTAR.F.T.11","STER.2014.4.Culex tarsalis.Female.T11","No known compromise","Other","PCR","Negative","FLAV",3,"Y",,,,,"Y","testedDate may be inaccurate|sampleCompromised is unknown|testedBy may be inaccurate","Wp94RvOv+/IH+klBJiHvM/3a2EhfesxK","University of Illinois"
"a476f2b0-7128-4dab-b1f2-4e9a61307fd7","STER","D10","STER",,40.461894,-103.029290,"WGS84",,1364.0,,"2014-09-02T22:36Z","2014-09-04T15:00Z","2015-01-06T12:00Z","2015-01-07T12:00Z","STER.2014.35.CULTAR.F.T.37","STER.2014.4.Culex tarsalis.Female.T37","No known compromise","Other","PCR","Negative","TOGV",1,"N",,,,,"Y","testedDate may be inaccurate|sampleCompromised is unknown|testedBy may be inaccurate","Wp94RvOv+/IH+klBJiHvM/3a2EhfesxK","University of Illinois"
"558a87c9-e5f6-4814-a1f5-75a9a7f104e9","STER","D10","STER",,40.461894,-103.029290,"WGS84",,1364.0,,"2014-09-02T22:36Z","2014-09-04T15:00Z","2015-01-06T12:00Z","2015-01-07T12:00Z","STER.2014.35.CULTAR.F.T.38","STER.2014.4.Culex tarsalis.Female.T38","No known compromise","Other","PCR","Negative","TOGV",1,"N",,,,,"Y","testedDate may be inaccurate|sampleCompromised is unknown|testedBy may be inaccurate","Wp94RvOv+/IH+klBJiHvM/3a2EhfesxK","University of Illinois"
"83253215-dc52-4fc7-b000-76ca00009cbb","STER","D10","STER",,40.461894,-103.029290,"WGS84",,1364.0,,"2014-09-02T22:36Z","2014-09-04T15:00Z","2015-01-06T12:00Z","2015-01-07T12:00Z","STER.2014.35.CULTAR.F.T.36","STER.2014.4.Culex tarsalis.Female.T36","No known compromise","Other","PCR","Negative","TOGV",1,"N",,,,,"Y","testedDate may be inaccurate|sampleCompromised is unknown|testedBy may be inaccurate","Wp94RvOv+/IH+klBJiHvM/3a2EhfesxK","University of Illinois"
"e59c3828-cc7b-4802-8d7e-2d81f6d26921","STER","D10","STER",,40.461894,-103.029290,"WGS84",,1364.0,,"2014-09-02T22:36Z","2014-09-04T15:00Z","2015-01-06T12:00Z","2015-01-07T12:00Z","STER.2014.35.CULTAR.F.T.39","STER.2014.4.Culex tarsalis.Female.T39","No known compromise","Other","PCR","Negative","TOGV",1,"N",,,,,"Y","testedDate may be inaccurate|sampleCompromised is unknown|testedBy may be inaccurate","Wp94RvOv+/IH+klBJiHvM/3a2EhfesxK","University of Illinois"
"782c4501-bd43-496e-bcd4-6caf6cba1784","STER","D10","STER",,40.461894,-103.029290,"WGS84",,1364.0,,"2014-09-02T22:36Z","2014-09-04T15:00Z","2015-01-06T12:00Z","2015-01-07T12:00Z","STER.2014.35.CULTAR.F.T.18","STER.2014.4.Culex tarsalis.Female.T18","No known compromise","Other","PCR","Negative","TOGV",1,"N",,,,,"Y","testedDate may be inaccurate|sampleCompromised is unknown|testedBy may be inaccurate","Wp94RvOv+/IH+klBJiHvM/3a2EhfesxK","University of Illinois"
"af9fb717-036a-4620-90f4-e6e64c3f312a","STER","D10","STER",,40.461894,-103.029290,"WGS84",,1364.0,,"2014-09-02T22:36Z","2014-09-04T15:00Z","2015-01-06T12:00Z","2015-01-07T12:00Z","STER.2014.35.CULTAR.F.T.02","STER.2014.4.Culex tarsalis.Female.T2","No known compromise","Other","PCR","Negative","TOGV",1,"N",,,,,"Y","testedDate may be inaccurate|sampleCompromised is unknown|testedBy may be inaccurate","Wp94RvOv+/IH+klBJiHvM/3a2EhfesxK","University of Illinois"
"f3cd8064-93da-4489-859f-4ff1a432ef50","STER","D10","STER",,40.461894,-103.029290,"WGS84",,1364.0,,"2014-09-02T22:36Z","2014-09-04T15:00Z","2015-01-06T12:00Z","2015-01-07T12:00Z","STER.2014.35.CULTAR.F.T.27","STER.2014.4.Culex tarsalis.Female.T27","No known compromise","Other","PCR","Negative","TOGV",1,"N",,,,,"Y","testedDate may be inaccurate|sampleCompromised is unknown|testedBy may be inaccurate","Wp94RvOv+/IH+klBJiHvM/3a2EhfesxK","University of Illinois"
"1314b61a-b1f2-4e16-9050-59040ac67cd4","STER","D10","STER",,40.461894,-103.029290,"WGS84",,1364.0,,"2014-09-02T22:36Z","2014-09-04T15:00Z","2015-01-06T12:00Z","2015-01-07T12:00Z","STER.2014.35.CULTAR.F.T.28","STER.2014.4.Culex tarsalis.Female.T28","No known compromise","Other","PCR","Negative","TOGV",1,"N",,,,,"Y","testedDate may be inaccurate|sampleCompromised is unknown|testedBy may be inaccurate","Wp94RvOv+/IH+klBJiHvM/3a2EhfesxK","University of Illinois"
"50e5663f-8c84-4922-9ed8-37a0f1b52844","STER","D10","STER",,40.461894,-103.029290,"WGS84",,1364.0,,"2014-09-02T22:36Z","2014-09-04T15:00Z","2015-01-06T12:00Z","2015-01-07T12:00Z","STER.2014.35.CULTAR.F.T.16","STER.2014.4.Culex tarsalis.Female.T16","No known compromise","Other","PCR","Negative","TOGV",1,"N",,,,,"Y","testedDate may be inaccurate|sampleCompromised is unknown|testedBy may be inaccurate","Wp94RvOv+/IH+klBJiHvM/3a2EhfesxK","University of Illinois"
