uid,namedLocation,domainID,siteID,startCollectDate,endCollectDate,testingID,testingVialID,poolSize,dataQF
"edb2ed42-037e-4b20-b384-81dc6e7b9dd4","STER","D10","STER","2014-09-02T22:36Z","2014-09-04T15:00Z","STER.2014.35.CULTAR.F.T","STER.2014.35.CULTAR.F.T.28",50,
"a4e52598-c27f-4d49-9ffe-af219eea5b91","STER","D10","STER","2014-09-02T22:36Z","2014-09-04T15:00Z","STER.2014.35.CULTAR.F.T","STER.2014.35.CULTAR.F.T.06",50,
"87427f8b-effa-4a2d-a805-66275b91ca39","STER","D10","STER","2014-09-02T22:36Z","2014-09-04T15:00Z","STER.2014.35.CULTAR.F.T","STER.2014.35.CULTAR.F.T.32",50,
"8eed29d1-34e6-48ee-8349-7bd3813525e8","STER","D10","STER","2014-09-02T22:36Z","2014-09-04T15:00Z","STER.2014.35.CULTAR.F.T","STER.2014.35.CULTAR.F.T.30",50,
"7c7b2349-1330-47cd-9e7e-cf1aff24fbfd","STER","D10","STER","2014-09-02T22:36Z","2014-09-04T15:00Z","STER.2014.35.CULTAR.F.T","STER.2014.35.CULTAR.F.T.27",50,
"48007657-dc81-446d-8509-70c1dba91757","STER","D10","STER","2014-09-02T22:36Z","2014-09-04T15:00Z","STER.2014.35.CULTAR.F.T","STER.2014.35.CULTAR.F.T.29",50,
"d2a66991-ba7e-4e6e-b28b-c8c4feb807ae","STER","D10","STER","2014-09-02T22:36Z","2014-09-04T15:00Z","STER.2014.35.CULTAR.F.T","STER.2014.35.CULTAR.F.T.39",50,
"7df26de8-9b11-4bf7-8851-f4ef2e978341","STER","D10","STER","2014-09-02T22:36Z","2014-09-04T15:00Z","STER.2014.35.CULTAR.F.T","STER.2014.35.CULTAR.F.T.34",50,
"a775cdba-6fd1-4a1b-a1db-8b25b88b4852","STER","D10","STER","2014-09-02T22:36Z","2014-09-04T15:00Z","STER.2014.35.CULTAR.F.T","STER.2014.35.CULTAR.F.T.40",50,
"66cc58fc-7615-44bc-b935-6dd303810c32","STER","D10","STER","2014-09-02T22:36Z","2014-09-04T15:00Z","STER.2014.35.CULTAR.F.T","STER.2014.35.CULTAR.F.T.35",50,
"eed1bbd5-0391-4e38-af01-9ff3f76119a3","STER","D10","STER","2014-09-02T22:36Z","2014-09-04T15:00Z","STER.2014.35.CULTAR.F.T","STER.2014.35.CULTAR.F.T.33",50,
"4b014d7b-b668-4792-acdc-b3c62be97d8a","STER","D10","STER","2014-09-02T22:36Z","2014-09-04T15:00Z","STER.2014.35.CULTAR.F.T","STER.2014.35.CULTAR.F.T.26",50,
"e50c114b-4fd3-4b33-a21b-18ff43b03248","STER","D10","STER","2014-09-02T22:36Z","2014-09-04T15:00Z","STER.2014.35.CULTAR.F.T","STER.2014.35.CULTAR.F.T.37",50,
"9cd261e4-784e-4c64-be88-8058f85959c4","STER","D10","STER","2014-09-02T22:36Z","2014-09-04T15:00Z","STER.2014.35.CULTAR.F.T","STER.2014.35.CULTAR.F.T.36",50,
"02381e5a-bb2d-489c-8e3a-4463f3454105","STER","D10","STER","2014-09-02T22:36Z","2014-09-04T15:00Z","STER.2014.35.CULTAR.F.T","STER.2014.35.CULTAR.F.T.25",50,
"ce418064-d6cb-4b29-bb1e-4389d0b7318c","STER","D10","STER","2014-09-02T22:36Z","2014-09-04T15:00Z","STER.2014.35.CULTAR.F.T","STER.2014.35.CULTAR.F.T.31",50,
"c068f5a5-3de8-4482-817b-0b1535c9e3b6","STER","D10","STER","2014-09-02T22:36Z","2014-09-04T15:00Z","STER.2014.35.AEDDOR.F.T","STER.2014.35.AEDDOR.F.T.01",30,
"f82fea53-21ea-48cc-9a71-d42815ea2ac1","STER","D10","STER","2014-09-02T22:36Z","2014-09-04T15:00Z","STER.2014.35.CULTAR.F.T","STER.2014.35.CULTAR.F.T.04",50,
"229de248-aba5-4958-860d-ca2930324b79","STER","D10","STER","2014-09-02T22:36Z","2014-09-04T15:00Z","STER.2014.35.CULTAR.F.T","STER.2014.35.CULTAR.F.T.02",50,
"2b42a5af-3843-48d7-ae73-10d69152a6fc","STER","D10","STER","2014-09-02T22:36Z","2014-09-04T15:00Z","STER.2014.35.CULTAR.F.T","STER.2014.35.CULTAR.F.T.24",50,
"70e81a09-498b-49e1-8f2c-093a575f815b","STER","D10","STER","2014-09-02T22:36Z","2014-09-04T15:00Z","STER.2014.35.CULTAR.F.T","STER.2014.35.CULTAR.F.T.11",50,
"f88171a7-be8b-4516-ae41-09c2399ef527","STER","D10","STER","2014-09-02T22:36Z","2014-09-04T15:00Z","STER.2014.35.CULTAR.F.T","STER.2014.35.CULTAR.F.T.10",50,
"3cba1109-b519-4e5a-88db-0c176a976f8b","STER","D10","STER","2014-09-02T22:36Z","2014-09-04T15:00Z","STER.2014.35.CULTAR.F.T","STER.2014.35.CULTAR.F.T.19",50,
"8cdaca7d-f00e-4e13-b814-e8e84d7914d0","STER","D10","STER","2014-09-02T22:36Z","2014-09-04T15:00Z","STER.2014.35.CULTAR.F.T","STER.2014.35.CULTAR.F.T.20",50,
"f6357b61-1646-42ad-8a53-01c8a5a04321","STER","D10","STER","2014-09-02T22:36Z","2014-09-04T15:00Z","STER.2014.35.CULTAR.F.T","STER.2014.35.CULTAR.F.T.15",50,
"5ac5f762-c99a-41a1-aed1-1e64df1570d5","STER","D10","STER","2014-09-02T22:36Z","2014-09-04T15:00Z","STER.2014.35.CULTAR.F.T","STER.2014.35.CULTAR.F.T.23",50,
"9f24474d-05d6-4f87-9d1d-505c6ad7bc9c","STER","D10","STER","2014-09-02T22:36Z","2014-09-04T15:00Z","STER.2014.35.CULTAR.F.T","STER.2014.35.CULTAR.F.T.03",50,
"5bf3fbb8-77fa-4983-8888-a63ffb1d0df0","STER","D10","STER","2014-09-02T22:36Z","2014-09-04T15:00Z","STER.2014.35.CULTAR.F.T","STER.2014.35.CULTAR.F.T.21",50,
"edea2315-97f6-42a4-9ce5-2b3e09d584e1","STER","D10","STER","2014-09-02T22:36Z","2014-09-04T15:00Z","STER.2014.35.CULTAR.F.T","STER.2014.35.CULTAR.F.T.12",50,
"c2225a89-c443-4b07-9463-9cf7add16817","STER","D10","STER","2014-09-02T22:36Z","2014-09-04T15:00Z","STER.2014.35.CULTAR.F.T","STER.2014.35.CULTAR.F.T.05",50,
"69603446-1558-480c-902a-5319d33de6b6","STER","D10","STER","2014-09-02T22:36Z","2014-09-04T15:00Z","STER.2014.35.CULTAR.F.T","STER.2014.35.CULTAR.F.T.08",50,
"0f53bff3-7c79-44ed-925a-212f21e539c8","STER","D10","STER","2014-09-02T22:36Z","2014-09-04T15:00Z","STER.2014.35.CULTAR.F.T","STER.2014.35.CULTAR.F.T.07",50,
"9a12613e-d941-49ae-8125-b010e32007ae","STER","D10","STER","2014-09-02T22:36Z","2014-09-04T15:00Z","STER.2014.35.CULTAR.F.T","STER.2014.35.CULTAR.F.T.18",50,
"2e395f60-32bb-441f-8650-de66e15c7155","STER","D10","STER","2014-09-02T22:36Z","2014-09-04T15:00Z","STER.2014.35.CULTAR.F.T","STER.2014.35.CULTAR.F.T.09",50,
"c50fa3f0-0153-4e99-834f-1e378d695041","STER","D10","STER","2014-09-02T22:36Z","2014-09-04T15:00Z","STER.2014.35.CULTAR.F.T","STER.2014.35.CULTAR.F.T.01",50,
"d3be88ef-121f-4724-bf3e-b1ee3189f4f7","STER","D10","STER","2014-09-02T22:36Z","2014-09-04T15:00Z","STER.2014.35.CULTAR.F.T","STER.2014.35.CULTAR.F.T.17",50,
"ae743a01-cbb8-406f-8c08-3ec9dab9682c","STER","D10","STER","2014-09-02T22:36Z","2014-09-04T15:00Z","STER.2014.35.CULTAR.F.T","STER.2014.35.CULTAR.F.T.14",50,
"0442765c-3771-4d19-a19c-178717409355","STER","D10","STER","2014-09-02T22:36Z","2014-09-04T15:00Z","STER.2014.35.CULTAR.F.T","STER.2014.35.CULTAR.F.T.16",50,
"982053df-a5de-4e59-8a4a-00b28214c0c8","STER","D10","STER","2014-09-02T22:36Z","2014-09-04T15:00Z","STER.2014.35.CULTAR.F.T","STER.2014.35.CULTAR.F.T.13",50,
"58fc0caa-91b8-41d3-bcd3-0507a9cd40ae","STER","D10","STER","2014-09-02T22:36Z","2014-09-04T15:00Z","STER.2014.35.CULTAR.F.T","STER.2014.35.CULTAR.F.T.22",50,
"d28bef31-8f1e-46a2-a82e-9f9d05dae3e2","STER","D10","STER","2014-09-02T22:36Z","2014-09-04T15:00Z","STER.2014.35.CULTAR.F.T","STER.2014.35.CULTAR.F.T.38",50,
