uid,namedLocation,domainID,siteID,startCollectDate,endCollectDate,testingID,testingVialID,poolSize,dataQF
"32e87281-40a6-4bba-b028-1b28b6609e86","HARV","D01","HARV","2016-08-30T19:33Z","2016-09-01T11:45Z","HARV.2016.35.AEDCAN3.F.T","HARV.2016.35.AEDCAN3.F.T.01",22,
"ab27c26b-d70f-4401-a2d0-75dbc8e42c64","HARV","D01","HARV","2016-08-30T19:52Z","2016-09-01T12:32Z","HARV.2016.35.AEDVEX.F.T","HARV.2016.35.AEDVEX.F.T.03",36,
"b08dc433-fa2b-4568-980d-e043f59fd14a","HARV","D01","HARV","2016-08-30T19:52Z","2016-09-01T12:32Z","HARV.2016.35.AEDVEX.F.T","HARV.2016.35.AEDVEX.F.T.04",36,
"5a8b6b7c-8f97-4d2a-8c85-d5899555fb1a","HARV","D01","HARV","2016-08-30T19:52Z","2016-09-01T12:32Z","HARV.2016.35.AEDVEX.F.T","HARV.2016.35.AEDVEX.F.T.02",37,
"9eb9b982-408e-46d1-9aba-52d1f0885933","HARV","D01","HARV","2016-08-30T19:52Z","2016-09-01T12:32Z","HARV.2016.35.AEDVEX.F.T","HARV.2016.35.AEDVEX.F.T.01",37,
"9e26c17a-3257-484e-9add-5bc4e538a122","HARV","D01","HARV","2016-09-13T19:15Z","2016-09-15T11:38Z","HARV.2016.37.AEDVEX.F.T","HARV.2016.37.AEDVEX.F.T.01",34,
"b9b24bd0-8f66-4f3b-8139-4f81e9b79766","HARV","D01","HARV","2016-09-13T19:15Z","2016-09-15T11:38Z","HARV.2016.37.AEDVEX.F.T","HARV.2016.37.AEDVEX.F.T.02",34,
"26dbee6a-b7e7-4653-bbfc-ffcd77f2f49a","HARV","D01","HARV","2016-09-13T19:15Z","2016-09-15T12:18Z","HARV.2016.37.AEDCAN3.F.T","HARV.2016.37.AEDCAN3.F.T.02",32,
"0e833424-c504-4543-8a74-f748baf223db","HARV","D01","HARV","2016-09-13T19:15Z","2016-09-15T12:18Z","HARV.2016.37.AEDCAN3.F.T","HARV.2016.37.AEDCAN3.F.T.01",33,
"1a69514a-05f4-43f5-a427-7871b602faf7","HARV","D01","HARV","2016-09-27T07:37Z","2016-09-29T12:50Z","HARV.2016.39.AEDVEX.F.T","HARV.2016.39.AEDVEX.F.T.01",10,
"d64626c7-6c50-42c6-b36d-0c71f62b19f9","HARV","D01","HARV","2016-09-27T18:50Z","2016-09-28T20:05Z","HARV.2016.39.AEDCAN3.F.T","HARV.2016.39.AEDCAN3.F.T.01",14,
