uid,namedLocation,domainID,siteID,startCollectDate,endCollectDate,testingID,testingVialID,poolSize,dataQF
"58499d9e-2236-46d8-b837-07224f17a2a1","WOOD","D09","WOOD","2014-07-01T23:48Z","2014-07-02T11:01Z","WOOD.2014.26.AEDVEX.F.T","WOOD.2014.26.AEDVEX.F.T.01",24,
"966d2b9f-fd2a-4bfd-9ce5-0438508bd75a","WOOD","D09","WOOD","2014-07-01T23:48Z","2014-07-02T11:18Z","WOOD.2014.26.AEDDOR.F.T","WOOD.2014.26.AEDDOR.F.T.01",36,
"748d029a-f5d0-45ee-9460-eb8f625fd151","WOOD","D09","WOOD","2014-07-01T23:48Z","2014-07-02T11:18Z","WOOD.2014.26.AEDDOR.F.T","WOOD.2014.26.AEDDOR.F.T.03",35,
"1b0e8db5-4bf3-4fc9-a96f-d55590efc3e0","WOOD","D09","WOOD","2014-07-01T23:48Z","2014-07-02T11:18Z","WOOD.2014.26.AEDDOR.F.T","WOOD.2014.26.AEDDOR.F.T.02",35,
"a419d1fc-4e8b-4f86-8236-3acdfb8497c0","WOOD","D09","WOOD","2014-07-14T23:52Z","2014-07-16T11:16Z","WOOD.2014.28.AEDVEX.F.T","WOOD.2014.28.AEDVEX.F.T.13",49,
"00ee88b7-a9eb-416b-a5c3-bc70008d2cfa","WOOD","D09","WOOD","2014-07-14T23:52Z","2014-07-16T11:16Z","WOOD.2014.28.AEDVEX.F.T","WOOD.2014.28.AEDVEX.F.T.03",50,
"c41e0cc0-0c6b-4444-8457-2f422a991ddb","WOOD","D09","WOOD","2014-07-14T23:52Z","2014-07-16T11:16Z","WOOD.2014.28.AEDVEX.F.T","WOOD.2014.28.AEDVEX.F.T.06",49,
"edb4f194-b15b-41dc-84a0-289e4346db14","WOOD","D09","WOOD","2014-07-14T23:52Z","2014-07-16T11:16Z","WOOD.2014.28.AEDVEX.F.T","WOOD.2014.28.AEDVEX.F.T.14",49,
"2cd5e106-abee-4a3e-b929-2966fce99088","WOOD","D09","WOOD","2014-07-14T23:52Z","2014-07-16T11:16Z","WOOD.2014.28.AEDVEX.F.T","WOOD.2014.28.AEDVEX.F.T.16",49,
"63214408-2ba8-4093-b169-813950a42440","WOOD","D09","WOOD","2014-07-14T23:52Z","2014-07-16T11:16Z","WOOD.2014.28.AEDVEX.F.T","WOOD.2014.28.AEDVEX.F.T.08",49,
"b783f446-8fe7-49fb-97c4-a81f6355bafe","WOOD","D09","WOOD","2014-07-14T23:52Z","2014-07-16T11:16Z","WOOD.2014.28.AEDVEX.F.T","WOOD.2014.28.AEDVEX.F.T.05",49,
"d63cf185-e097-4a24-975d-5249bb243a3e","WOOD","D09","WOOD","2014-07-14T23:52Z","2014-07-16T11:16Z","WOOD.2014.28.AEDVEX.F.T","WOOD.2014.28.AEDVEX.F.T.11",49,
"9f9fa906-13e1-444d-9681-14b4eeef7637","WOOD","D09","WOOD","2014-07-14T23:52Z","2014-07-16T11:16Z","WOOD.2014.28.AEDVEX.F.T","WOOD.2014.28.AEDVEX.F.T.15",49,
"0600aa35-8a7c-47a3-874e-68fa614df100","WOOD","D09","WOOD","2014-07-14T23:52Z","2014-07-16T11:16Z","WOOD.2014.28.AEDVEX.F.T","WOOD.2014.28.AEDVEX.F.T.02",50,
"04bb6bc5-c21c-448c-bd84-9c501231b68b","WOOD","D09","WOOD","2014-07-14T23:52Z","2014-07-16T11:16Z","WOOD.2014.28.AEDVEX.F.T","WOOD.2014.28.AEDVEX.F.T.09",49,
"8f74c403-95a2-425b-98e4-06c5b3564a5d","WOOD","D09","WOOD","2014-07-14T23:52Z","2014-07-16T11:16Z","WOOD.2014.28.AEDVEX.F.T","WOOD.2014.28.AEDVEX.F.T.12",49,
"2050fb29-53e7-4a70-b2cc-b79ade53d68a","WOOD","D09","WOOD","2014-07-14T23:52Z","2014-07-16T11:16Z","WOOD.2014.28.AEDVEX.F.T","WOOD.2014.28.AEDVEX.F.T.04",50,
"c886d08e-9430-4b7f-b1c7-d082397b7f4b","WOOD","D09","WOOD","2014-07-14T23:52Z","2014-07-16T11:16Z","WOOD.2014.28.AEDVEX.F.T","WOOD.2014.28.AEDVEX.F.T.07",49,
"d655c2bf-bfff-45e9-a408-c50c61db4519","WOOD","D09","WOOD","2014-07-14T23:52Z","2014-07-16T11:16Z","WOOD.2014.28.AEDVEX.F.T","WOOD.2014.28.AEDVEX.F.T.10",49,
"fa2be99c-2e85-4352-a92a-729b2f073c74","WOOD","D09","WOOD","2014-07-14T23:52Z","2014-07-16T11:16Z","WOOD.2014.28.AEDVEX.F.T","WOOD.2014.28.AEDVEX.F.T.01",50,
"9424ca2e-feb0-408a-9b4b-b00e156d553b","WOOD","D09","WOOD","2014-07-14T23:52Z","2014-07-16T11:16Z","WOOD.2014.28.AEDDOR.F.T","WOOD.2014.28.AEDDOR.F.T.10",49,
"0f0678cd-bc55-46c5-9e80-910b51a828e5","WOOD","D09","WOOD","2014-07-14T23:52Z","2014-07-16T11:16Z","WOOD.2014.28.AEDDOR.F.T","WOOD.2014.28.AEDDOR.F.T.19",48,
"ea56782e-dc09-4a8a-9af8-0b18180056d2","WOOD","D09","WOOD","2014-07-14T23:52Z","2014-07-16T11:16Z","WOOD.2014.28.AEDDOR.F.T","WOOD.2014.28.AEDDOR.F.T.17",49,
"edd34b21-5096-42dd-93e7-e2a4b014f4d0","WOOD","D09","WOOD","2014-07-14T23:52Z","2014-07-16T11:16Z","WOOD.2014.28.AEDDOR.F.T","WOOD.2014.28.AEDDOR.F.T.04",49,
"0b0ec9f7-ab1c-4875-bceb-a292cdc54617","WOOD","D09","WOOD","2014-07-14T23:52Z","2014-07-16T11:16Z","WOOD.2014.28.AEDDOR.F.T","WOOD.2014.28.AEDDOR.F.T.22",48,
"bdf3a588-dbab-4da3-a3f1-88927be2ac78","WOOD","D09","WOOD","2014-07-14T23:52Z","2014-07-16T11:16Z","WOOD.2014.28.AEDDOR.F.T","WOOD.2014.28.AEDDOR.F.T.12",49,
"6ae63be9-b0b1-4199-b863-ea4aad502c12","WOOD","D09","WOOD","2014-07-14T23:52Z","2014-07-16T11:16Z","WOOD.2014.28.AEDDOR.F.T","WOOD.2014.28.AEDDOR.F.T.23",48,
"3b9d14fd-140c-4164-8a45-c715e1f5eb2a","WOOD","D09","WOOD","2014-07-14T23:52Z","2014-07-16T11:16Z","WOOD.2014.28.AEDDOR.F.T","WOOD.2014.28.AEDDOR.F.T.21",48,
"afe5281b-43cf-4a38-90c6-e1f13299b705","WOOD","D09","WOOD","2014-07-14T23:52Z","2014-07-16T11:16Z","WOOD.2014.28.AEDDOR.F.T","WOOD.2014.28.AEDDOR.F.T.03",49,
"1e56dc73-96e7-4eeb-8f46-42fb2acb69d1","WOOD","D09","WOOD","2014-07-14T23:52Z","2014-07-16T11:16Z","WOOD.2014.28.AEDDOR.F.T","WOOD.2014.28.AEDDOR.F.T.20",48,
"5104cef9-bda6-415e-ad72-8809740f5f99","WOOD","D09","WOOD","2014-07-14T23:52Z","2014-07-16T11:16Z","WOOD.2014.28.AEDDOR.F.T","WOOD.2014.28.AEDDOR.F.T.01",49,
"1c607020-c483-4394-83be-ea5353bcf8f2","WOOD","D09","WOOD","2014-07-14T23:52Z","2014-07-16T11:16Z","WOOD.2014.28.AEDDOR.F.T","WOOD.2014.28.AEDDOR.F.T.11",49,
"dee8707b-0974-4bcb-8b64-25abe429f447","WOOD","D09","WOOD","2014-07-14T23:52Z","2014-07-16T11:16Z","WOOD.2014.28.AEDDOR.F.T","WOOD.2014.28.AEDDOR.F.T.08",49,
"08ef2072-b9ec-4966-ae36-ef9c74fe8e43","WOOD","D09","WOOD","2014-07-14T23:52Z","2014-07-16T11:16Z","WOOD.2014.28.AEDDOR.F.T","WOOD.2014.28.AEDDOR.F.T.13",49,
"aa892725-1d4d-494f-8fad-c6741d0bfa47","WOOD","D09","WOOD","2014-07-14T23:52Z","2014-07-16T11:16Z","WOOD.2014.28.AEDDOR.F.T","WOOD.2014.28.AEDDOR.F.T.16",49,
"b26db689-5497-4538-af64-f0e22d5ec51c","WOOD","D09","WOOD","2014-07-14T23:52Z","2014-07-16T11:16Z","WOOD.2014.28.AEDDOR.F.T","WOOD.2014.28.AEDDOR.F.T.18",49,
"007ec8be-5b4f-48f1-9626-51283b5775fc","WOOD","D09","WOOD","2014-07-14T23:52Z","2014-07-16T11:16Z","WOOD.2014.28.AEDDOR.F.T","WOOD.2014.28.AEDDOR.F.T.02",49,
"ae750566-f0d6-41d2-9740-71ffc94a6c35","WOOD","D09","WOOD","2014-07-14T23:52Z","2014-07-16T11:16Z","WOOD.2014.28.AEDDOR.F.T","WOOD.2014.28.AEDDOR.F.T.05",49,
"006515cd-2ca5-4a2e-87a3-26efe82bc908","WOOD","D09","WOOD","2014-07-14T23:52Z","2014-07-16T11:16Z","WOOD.2014.28.AEDDOR.F.T","WOOD.2014.28.AEDDOR.F.T.07",49,
"3a91802b-703e-43d8-99cb-58fc54fec84a","WOOD","D09","WOOD","2014-07-14T23:52Z","2014-07-16T11:16Z","WOOD.2014.28.AEDDOR.F.T","WOOD.2014.28.AEDDOR.F.T.24",48,
"234ac409-a858-44b8-af4a-b2e9f21a596f","WOOD","D09","WOOD","2014-07-14T23:52Z","2014-07-16T11:16Z","WOOD.2014.28.AEDDOR.F.T","WOOD.2014.28.AEDDOR.F.T.06",49,
"0b2c820e-cffe-4299-b4d6-3e254c84b573","WOOD","D09","WOOD","2014-07-14T23:52Z","2014-07-16T11:16Z","WOOD.2014.28.AEDDOR.F.T","WOOD.2014.28.AEDDOR.F.T.14",49,
"00fdc1b1-e1d5-473d-9773-e941f633094a","WOOD","D09","WOOD","2014-07-14T23:52Z","2014-07-16T11:16Z","WOOD.2014.28.AEDDOR.F.T","WOOD.2014.28.AEDDOR.F.T.09",49,
"900c4231-1dd9-41c4-bd66-5d9ea286b138","WOOD","D09","WOOD","2014-07-14T23:52Z","2014-07-16T11:16Z","WOOD.2014.28.AEDDOR.F.T","WOOD.2014.28.AEDDOR.F.T.15",49,
"1ca79520-9dc3-49db-8b94-acab935a30cb","WOOD","D09","WOOD","2014-07-15T00:06Z","2014-07-16T11:16Z","WOOD.2014.28.CULTAR.F.T","WOOD.2014.28.CULTAR.F.T.01",34,
"83490e1b-ead3-4450-b780-f1e2eb3d1b1f","WOOD","D09","WOOD","2014-07-29T01:12Z","2014-07-30T11:45Z","WOOD.2014.30.AEDVEX.F.T","WOOD.2014.30.AEDVEX.F.T.01",49,
"e053bf7e-ad9b-4193-961c-004bd9cd123b","WOOD","D09","WOOD","2014-07-29T01:12Z","2014-07-30T11:45Z","WOOD.2014.30.AEDVEX.F.T","WOOD.2014.30.AEDVEX.F.T.21",48,
"b17694b5-5fc6-427b-b951-d956b48670b1","WOOD","D09","WOOD","2014-07-29T01:12Z","2014-07-30T11:45Z","WOOD.2014.30.AEDVEX.F.T","WOOD.2014.30.AEDVEX.F.T.19",48,
"b3741e38-6d90-4294-9596-b9a9a8381afd","WOOD","D09","WOOD","2014-07-29T01:12Z","2014-07-30T11:45Z","WOOD.2014.30.AEDVEX.F.T","WOOD.2014.30.AEDVEX.F.T.02",49,
"3ee924a9-4662-48ad-a9f0-eb011163ac69","WOOD","D09","WOOD","2014-07-29T01:12Z","2014-07-30T11:45Z","WOOD.2014.30.AEDVEX.F.T","WOOD.2014.30.AEDVEX.F.T.04",49,
"336ee072-0d91-4794-8be7-5314da102e8d","WOOD","D09","WOOD","2014-07-29T01:12Z","2014-07-30T11:45Z","WOOD.2014.30.AEDVEX.F.T","WOOD.2014.30.AEDVEX.F.T.20",48,
"7f9cf10e-a999-4696-beb9-f87d10fdb40c","WOOD","D09","WOOD","2014-07-29T01:12Z","2014-07-30T11:45Z","WOOD.2014.30.AEDVEX.F.T","WOOD.2014.30.AEDVEX.F.T.10",49,
"6ab2d162-bd5d-4528-bc7a-894f42a77267","WOOD","D09","WOOD","2014-07-29T01:12Z","2014-07-30T11:45Z","WOOD.2014.30.AEDVEX.F.T","WOOD.2014.30.AEDVEX.F.T.05",49,
"a6a0d607-e2f5-45d1-9dd5-b0c781071984","WOOD","D09","WOOD","2014-07-29T01:12Z","2014-07-30T11:45Z","WOOD.2014.30.AEDVEX.F.T","WOOD.2014.30.AEDVEX.F.T.16",48,
"9e9a4589-1639-4157-bd04-4d009ca34738","WOOD","D09","WOOD","2014-07-29T01:12Z","2014-07-30T11:45Z","WOOD.2014.30.AEDVEX.F.T","WOOD.2014.30.AEDVEX.F.T.09",49,
"78a63cc0-53bb-49c6-a182-c8ed16302be7","WOOD","D09","WOOD","2014-07-29T01:12Z","2014-07-30T11:45Z","WOOD.2014.30.AEDVEX.F.T","WOOD.2014.30.AEDVEX.F.T.17",48,
"879db9c6-1719-440d-b7e0-2a46b5bf5654","WOOD","D09","WOOD","2014-07-29T01:12Z","2014-07-30T11:45Z","WOOD.2014.30.AEDVEX.F.T","WOOD.2014.30.AEDVEX.F.T.14",49,
"7f561644-232a-4c1c-862d-086da211230e","WOOD","D09","WOOD","2014-07-29T01:12Z","2014-07-30T11:45Z","WOOD.2014.30.AEDVEX.F.T","WOOD.2014.30.AEDVEX.F.T.12",49,
"50bb5f49-2ee0-409b-9c25-b1cb0172f080","WOOD","D09","WOOD","2014-07-29T01:12Z","2014-07-30T11:45Z","WOOD.2014.30.AEDVEX.F.T","WOOD.2014.30.AEDVEX.F.T.07",49,
"53e4c534-3cb5-4280-9f9a-a7cea61e000c","WOOD","D09","WOOD","2014-07-29T01:12Z","2014-07-30T11:45Z","WOOD.2014.30.AEDVEX.F.T","WOOD.2014.30.AEDVEX.F.T.11",49,
"bb2c1cb8-6739-4701-a8cd-4b0e94a50f80","WOOD","D09","WOOD","2014-07-29T01:12Z","2014-07-30T11:45Z","WOOD.2014.30.AEDVEX.F.T","WOOD.2014.30.AEDVEX.F.T.22",48,
"cf1b9813-90fc-42ca-a0d5-37ecef29cee4","WOOD","D09","WOOD","2014-07-29T01:12Z","2014-07-30T11:45Z","WOOD.2014.30.AEDVEX.F.T","WOOD.2014.30.AEDVEX.F.T.03",49,
"7b4afa5c-552f-4b36-a18a-5bcc48dc5004","WOOD","D09","WOOD","2014-07-29T01:12Z","2014-07-30T11:45Z","WOOD.2014.30.AEDVEX.F.T","WOOD.2014.30.AEDVEX.F.T.15",48,
"84678218-6b27-4d0d-ad84-901cec13090d","WOOD","D09","WOOD","2014-07-29T01:12Z","2014-07-30T11:45Z","WOOD.2014.30.AEDVEX.F.T","WOOD.2014.30.AEDVEX.F.T.06",49,
"5977e908-80f2-45b7-b3ea-0f44d9acb6da","WOOD","D09","WOOD","2014-07-29T01:12Z","2014-07-30T11:45Z","WOOD.2014.30.AEDVEX.F.T","WOOD.2014.30.AEDVEX.F.T.08",49,
"384c2a6e-61ff-4591-a66a-365f13b765c1","WOOD","D09","WOOD","2014-07-29T01:12Z","2014-07-30T11:45Z","WOOD.2014.30.AEDDOR.F.T","WOOD.2014.30.AEDDOR.F.T.08",49,
"c8662673-d31b-48c9-994e-59425a075bd6","WOOD","D09","WOOD","2014-07-29T01:12Z","2014-07-30T11:45Z","WOOD.2014.30.AEDDOR.F.T","WOOD.2014.30.AEDDOR.F.T.04",50,
"0864e5bb-d1ef-4cf8-96d3-7ba492062d86","WOOD","D09","WOOD","2014-07-29T01:12Z","2014-07-30T11:45Z","WOOD.2014.30.CULTAR.F.T","WOOD.2014.30.CULTAR.F.T.01",49,
"5bc0bc6c-eebd-40bb-9195-7e8bfe37f7dd","WOOD","D09","WOOD","2014-07-29T01:12Z","2014-07-30T11:45Z","WOOD.2014.30.AEDDOR.F.T","WOOD.2014.30.AEDDOR.F.T.07",49,
"e57ebd4c-a505-4f4f-a92e-0b6e7cf7c2fd","WOOD","D09","WOOD","2014-07-29T01:12Z","2014-07-30T11:45Z","WOOD.2014.30.AEDDOR.F.T","WOOD.2014.30.AEDDOR.F.T.05",50,
"989dc0a4-abc7-44f0-b68f-0f9f43288889","WOOD","D09","WOOD","2014-07-29T01:12Z","2014-07-30T11:45Z","WOOD.2014.30.AEDDOR.F.T","WOOD.2014.30.AEDDOR.F.T.02",50,
"97a37507-90f9-4803-96c1-fe87778855c1","WOOD","D09","WOOD","2014-07-29T01:12Z","2014-07-30T11:45Z","WOOD.2014.30.CULTAR.F.T","WOOD.2014.30.CULTAR.F.T.02",48,
"47f8bcbd-5a4b-4b47-80cf-04799ae516d6","WOOD","D09","WOOD","2014-07-29T01:12Z","2014-07-30T11:45Z","WOOD.2014.30.AEDDOR.F.T","WOOD.2014.30.AEDDOR.F.T.03",50,
"aa1da624-4dfd-487d-afde-1d079f362cf8","WOOD","D09","WOOD","2014-07-29T01:12Z","2014-07-30T11:45Z","WOOD.2014.30.AEDDOR.F.T","WOOD.2014.30.AEDDOR.F.T.06",50,
"248a0cee-1403-4c94-ae64-4a27a715347c","WOOD","D09","WOOD","2014-07-29T01:12Z","2014-07-30T11:45Z","WOOD.2014.30.AEDDOR.F.T","WOOD.2014.30.AEDDOR.F.T.01",50,
"62e70cc5-77fd-46f1-b4b2-91fdab345fba","WOOD","D09","WOOD","2014-07-29T01:12Z","2014-07-30T11:45Z","WOOD.2014.30.AEDVEX.F.T","WOOD.2014.30.AEDVEX.F.T.18",48,
"fffa32bc-4691-4efc-948e-32b67c08be0f","WOOD","D09","WOOD","2014-07-29T01:12Z","2014-07-30T11:45Z","WOOD.2014.30.AEDVEX.F.T","WOOD.2014.30.AEDVEX.F.T.13",49,
