uid,namedLocation,domainID,siteID,startCollectDate,endCollectDate,testingID,testingVialID,poolSize,dataQF
"e404a6bb-e942-428d-a203-56290013c431","UNDE","D05","UNDE","2016-10-05T22:03Z","2016-10-07T12:54Z","UNDE.2016.40.AEDCAN2.F.T","UNDE.2016.40.AEDCAN2.F.T.01",26,
"f5e6d7e1-ce74-4475-9d32-49766615fdf2","UNDE","D05","UNDE","2016-10-05T22:03Z","2016-10-07T12:54Z","UNDE.2016.40.AEDCAN2.F.T","UNDE.2016.40.AEDCAN2.F.T.02",25,
"b8bbd712-2a29-4073-a8da-3f26fe87deca","UNDE","D05","UNDE","2016-10-05T22:03Z","2016-10-07T13:31Z","UNDE.2016.40.AEDSTI.F.T","UNDE.2016.40.AEDSTI.F.T.02",24,
"11875fb2-e0d6-434e-9eb6-867bd4c1e358","UNDE","D05","UNDE","2016-10-05T22:03Z","2016-10-07T13:31Z","UNDE.2016.40.AEDSTI.F.T","UNDE.2016.40.AEDSTI.F.T.01",25,
"b8a665d4-b790-4bd1-9917-1bcc359fdcb5","UNDE","D05","UNDE","2016-10-05T22:03Z","2016-10-07T13:36Z","UNDE.2016.40.AEDVEX.F.T","UNDE.2016.40.AEDVEX.F.T.31",39,
"9a74bd9d-7bc9-463b-ae7d-55f38adab22d","UNDE","D05","UNDE","2016-10-05T22:03Z","2016-10-07T13:36Z","UNDE.2016.40.AEDVEX.F.T","UNDE.2016.40.AEDVEX.F.T.18",40,
"9104886f-6b76-4e65-b5ce-0bcc7dc020c1","UNDE","D05","UNDE","2016-10-05T22:03Z","2016-10-07T13:36Z","UNDE.2016.40.AEDVEX.F.T","UNDE.2016.40.AEDVEX.F.T.25",39,
"bd14fc0c-b77a-4685-8e38-b55784092117","UNDE","D05","UNDE","2016-10-05T22:03Z","2016-10-07T13:36Z","UNDE.2016.40.AEDVEX.F.T","UNDE.2016.40.AEDVEX.F.T.17",40,
"9ac8515a-7704-4ff6-8a89-9c0ebcdc7ad0","UNDE","D05","UNDE","2016-10-05T22:03Z","2016-10-07T13:36Z","UNDE.2016.40.AEDVEX.F.T","UNDE.2016.40.AEDVEX.F.T.11",40,
"62708054-98c5-4b06-bdac-aeec6aaf1c92","UNDE","D05","UNDE","2016-10-05T22:03Z","2016-10-07T13:36Z","UNDE.2016.40.AEDVEX.F.T","UNDE.2016.40.AEDVEX.F.T.06",40,
"ed8c8229-265e-4acc-9a2d-6551ebebff61","UNDE","D05","UNDE","2016-10-05T22:03Z","2016-10-07T13:36Z","UNDE.2016.40.AEDVEX.F.T","UNDE.2016.40.AEDVEX.F.T.05",40,
"0006505a-1640-41cd-84b1-eef991167e43","UNDE","D05","UNDE","2016-10-05T22:03Z","2016-10-07T13:36Z","UNDE.2016.40.AEDVEX.F.T","UNDE.2016.40.AEDVEX.F.T.08",40,
"e4e9ab4a-03a6-4e84-bd84-b3d7d4b11513","UNDE","D05","UNDE","2016-10-05T22:03Z","2016-10-07T13:36Z","UNDE.2016.40.AEDVEX.F.T","UNDE.2016.40.AEDVEX.F.T.04",40,
"ab556882-98c1-4b00-a400-ff4b50aa06c6","UNDE","D05","UNDE","2016-10-05T22:03Z","2016-10-07T13:36Z","UNDE.2016.40.AEDVEX.F.T","UNDE.2016.40.AEDVEX.F.T.28",39,
"46502335-12ff-4439-8c88-3a0caf76dd9e","UNDE","D05","UNDE","2016-10-05T22:03Z","2016-10-07T13:36Z","UNDE.2016.40.AEDVEX.F.T","UNDE.2016.40.AEDVEX.F.T.19",39,
"fbb63ec6-ca4a-42db-a75c-2f4a48b5fd5c","UNDE","D05","UNDE","2016-10-05T22:03Z","2016-10-07T13:36Z","UNDE.2016.40.AEDVEX.F.T","UNDE.2016.40.AEDVEX.F.T.23",39,
"d74e4259-0821-46a2-925b-fb887f9e4456","UNDE","D05","UNDE","2016-10-05T22:03Z","2016-10-07T13:36Z","UNDE.2016.40.AEDVEX.F.T","UNDE.2016.40.AEDVEX.F.T.16",40,
"41ec7e45-5c46-4ea4-bda8-7dbfc837c423","UNDE","D05","UNDE","2016-10-05T22:03Z","2016-10-07T13:36Z","UNDE.2016.40.AEDVEX.F.T","UNDE.2016.40.AEDVEX.F.T.24",39,
"79c21d22-0dda-4bc3-a556-1ae59f44698d","UNDE","D05","UNDE","2016-10-05T22:03Z","2016-10-07T13:36Z","UNDE.2016.40.AEDVEX.F.T","UNDE.2016.40.AEDVEX.F.T.21",39,
"ef1abd0d-9cb5-47dc-8d83-24a5a852cb0f","UNDE","D05","UNDE","2016-10-05T22:03Z","2016-10-07T13:36Z","UNDE.2016.40.AEDVEX.F.T","UNDE.2016.40.AEDVEX.F.T.15",40,
"e805f396-ee8c-47e5-b7c2-a4fad02c9996","UNDE","D05","UNDE","2016-10-05T22:03Z","2016-10-07T13:36Z","UNDE.2016.40.AEDVEX.F.T","UNDE.2016.40.AEDVEX.F.T.09",40,
"bc330105-ec79-4f61-b910-a4304f8dc1a6","UNDE","D05","UNDE","2016-10-05T22:03Z","2016-10-07T13:36Z","UNDE.2016.40.AEDVEX.F.T","UNDE.2016.40.AEDVEX.F.T.02",40,
"daedac23-c0dc-43ce-9512-f18d92a39859","UNDE","D05","UNDE","2016-10-05T22:03Z","2016-10-07T13:36Z","UNDE.2016.40.AEDVEX.F.T","UNDE.2016.40.AEDVEX.F.T.07",40,
"12849684-bdef-4442-a207-d3a975665a55","UNDE","D05","UNDE","2016-10-05T22:03Z","2016-10-07T13:36Z","UNDE.2016.40.AEDVEX.F.T","UNDE.2016.40.AEDVEX.F.T.27",39,
"efd9a1bd-9c91-4eb3-8541-e2418a3defc9","UNDE","D05","UNDE","2016-10-05T22:03Z","2016-10-07T13:36Z","UNDE.2016.40.AEDVEX.F.T","UNDE.2016.40.AEDVEX.F.T.20",39,
"b29c5116-d0f6-4f99-8e56-18f0a52f6c9e","UNDE","D05","UNDE","2016-10-05T22:03Z","2016-10-07T13:36Z","UNDE.2016.40.AEDVEX.F.T","UNDE.2016.40.AEDVEX.F.T.13",40,
"5eaed0fc-4304-45c2-ae3d-811caaff0162","UNDE","D05","UNDE","2016-10-05T22:03Z","2016-10-07T13:36Z","UNDE.2016.40.AEDVEX.F.T","UNDE.2016.40.AEDVEX.F.T.14",40,
"3dd78bb6-17d1-4233-a60b-9087c37c4f6d","UNDE","D05","UNDE","2016-10-05T22:03Z","2016-10-07T13:36Z","UNDE.2016.40.AEDVEX.F.T","UNDE.2016.40.AEDVEX.F.T.26",39,
"00a5b884-7013-4874-bf5c-1de2b7bcd66c","UNDE","D05","UNDE","2016-10-05T22:03Z","2016-10-07T13:36Z","UNDE.2016.40.AEDVEX.F.T","UNDE.2016.40.AEDVEX.F.T.22",39,
"c1daf2c6-7954-4746-8881-4cd64619adab","UNDE","D05","UNDE","2016-10-05T22:03Z","2016-10-07T13:36Z","UNDE.2016.40.AEDVEX.F.T","UNDE.2016.40.AEDVEX.F.T.12",40,
"e39a2307-270d-4630-a913-e62b6a4e8bc2","UNDE","D05","UNDE","2016-10-05T22:03Z","2016-10-07T13:36Z","UNDE.2016.40.AEDVEX.F.T","UNDE.2016.40.AEDVEX.F.T.10",40,
"8b53c7dc-00f4-43a9-904b-e80374d77cf6","UNDE","D05","UNDE","2016-10-05T22:03Z","2016-10-07T13:36Z","UNDE.2016.40.AEDVEX.F.T","UNDE.2016.40.AEDVEX.F.T.03",40,
"fd1046ff-f1dd-435a-bc93-9dfd869b5025","UNDE","D05","UNDE","2016-10-05T22:03Z","2016-10-07T13:36Z","UNDE.2016.40.AEDVEX.F.T","UNDE.2016.40.AEDVEX.F.T.01",40,
"2aa7f748-9e40-49a2-ba40-a2a38bf24888","UNDE","D05","UNDE","2016-10-05T22:03Z","2016-10-07T13:36Z","UNDE.2016.40.AEDCIN.F.T","UNDE.2016.40.AEDCIN.F.T.03",39,
"f4972228-d244-4fa7-bb8f-db5d3a35c32a","UNDE","D05","UNDE","2016-10-05T22:03Z","2016-10-07T13:36Z","UNDE.2016.40.AEDCIN.F.T","UNDE.2016.40.AEDCIN.F.T.06",38,
"c62effa0-9045-425b-9739-5fdffe562334","UNDE","D05","UNDE","2016-10-05T22:03Z","2016-10-07T13:36Z","UNDE.2016.40.AEDCIN.F.T","UNDE.2016.40.AEDCIN.F.T.05",38,
"8d5397bb-50f9-4038-87fb-600a8d7985ce","UNDE","D05","UNDE","2016-10-05T22:03Z","2016-10-07T13:36Z","UNDE.2016.40.AEDCIN.F.T","UNDE.2016.40.AEDCIN.F.T.01",39,
"5dc14058-8742-403e-ac8f-00d658068ae0","UNDE","D05","UNDE","2016-10-05T22:03Z","2016-10-07T13:36Z","UNDE.2016.40.AEDCIN.F.T","UNDE.2016.40.AEDCIN.F.T.04",38,
"f85571fa-035c-442e-9a85-9ec271559b0a","UNDE","D05","UNDE","2016-10-05T22:03Z","2016-10-07T13:36Z","UNDE.2016.40.AEDCIN.F.T","UNDE.2016.40.AEDCIN.F.T.02",39,
"0cde7610-637d-490e-bcd3-c576e9cfaedd","UNDE","D05","UNDE","2016-10-05T22:03Z","2016-10-07T13:36Z","UNDE.2016.40.AEDVEX.F.T","UNDE.2016.40.AEDVEX.F.T.34",39,
"9cb899da-e3c9-41d2-ac5f-5322551f8ab3","UNDE","D05","UNDE","2016-10-05T22:03Z","2016-10-07T13:36Z","UNDE.2016.40.AEDVEX.F.T","UNDE.2016.40.AEDVEX.F.T.29",39,
"74f320f7-4522-4837-ab2c-3eb43297e596","UNDE","D05","UNDE","2016-10-05T22:03Z","2016-10-07T13:36Z","UNDE.2016.40.AEDVEX.F.T","UNDE.2016.40.AEDVEX.F.T.33",39,
"894f701a-4dd7-4523-be22-796ef6615fc7","UNDE","D05","UNDE","2016-10-05T22:03Z","2016-10-07T13:36Z","UNDE.2016.40.AEDVEX.F.T","UNDE.2016.40.AEDVEX.F.T.30",39,
"7b199094-4e8d-4367-be6d-6a4dda306a00","UNDE","D05","UNDE","2016-10-05T22:03Z","2016-10-07T13:36Z","UNDE.2016.40.AEDVEX.F.T","UNDE.2016.40.AEDVEX.F.T.32",39,
