uid,namedLocation,domainID,siteID,startCollectDate,endCollectDate,testingID,testingVialID,poolSize,dataQF
"383a816d-e6e8-40dc-8886-9a937dd0fdfc","JERC","D03","JERC","2014-10-14T19:10Z","2014-10-16T13:29Z","JERC.2014.41.CULQUI.F.T","JERC.2014.41.CULQUI.F.T.03",44,
"f2a15f35-0aa5-4402-a396-223c63f1aa3a","JERC","D03","JERC","2014-10-14T19:10Z","2014-10-16T13:29Z","JERC.2014.41.CULQUI.F.T","JERC.2014.41.CULQUI.F.T.05",44,
"eb0fba4b-e260-409e-99c4-1c6aaed6ea4a","JERC","D03","JERC","2014-10-14T19:10Z","2014-10-16T13:29Z","JERC.2014.41.CULQUI.F.T","JERC.2014.41.CULQUI.F.T.02",44,
"ba21ae1c-cd88-4cd2-9ded-f324185622cc","JERC","D03","JERC","2014-10-14T19:10Z","2014-10-16T13:29Z","JERC.2014.41.CULQUI.F.T","JERC.2014.41.CULQUI.F.T.01",44,
"ca4dbf71-1561-4bf8-ac13-036d18a44b64","JERC","D03","JERC","2014-10-14T19:10Z","2014-10-16T13:29Z","JERC.2014.41.CULQUI.F.T","JERC.2014.41.CULQUI.F.T.04",44,
