uid,namedLocation,domainID,siteID,startCollectDate,endCollectDate,testingID,testingVialID,poolSize,dataQF
"ac096169-386a-4e90-9d3f-8f67edc50190","LAJA","D04","LAJA","2016-10-26T20:06Z","2016-10-28T11:24Z","LAJA.2016.43.CULNIG.F.T","LAJA.2016.43.CULNIG.F.T.29",40,
"bc7047b1-7fb1-480f-b938-4f2ca5aeefd5","LAJA","D04","LAJA","2016-10-26T20:06Z","2016-10-28T11:24Z","LAJA.2016.43.AEDTOR1.F.T","LAJA.2016.43.AEDTOR1.F.T.02",40,
"082f5371-ab5c-4533-89a7-e565d0042ea1","LAJA","D04","LAJA","2016-10-26T20:06Z","2016-10-28T11:24Z","LAJA.2016.43.CULNIG.F.T","LAJA.2016.43.CULNIG.F.T.33",40,
"4bd6fefc-520d-4fc5-b40c-34bef716b297","LAJA","D04","LAJA","2016-10-26T20:06Z","2016-10-28T11:24Z","LAJA.2016.43.CULNIG.F.T","LAJA.2016.43.CULNIG.F.T.22",40,
"282784fe-6d86-43db-81d3-8567974c1aae","LAJA","D04","LAJA","2016-10-26T20:06Z","2016-10-28T11:24Z","LAJA.2016.43.CULNIG.F.T","LAJA.2016.43.CULNIG.F.T.36",39,
"fcddfc71-1aac-4d8c-89d8-2fa156385570","LAJA","D04","LAJA","2016-10-26T20:06Z","2016-10-28T11:24Z","LAJA.2016.43.CULNIG.F.T","LAJA.2016.43.CULNIG.F.T.38",39,
"9b98077e-705b-4490-8409-f587caffee03","LAJA","D04","LAJA","2016-10-26T20:06Z","2016-10-28T11:24Z","LAJA.2016.43.CULNIG.F.T","LAJA.2016.43.CULNIG.F.T.31",40,
"3ef8251e-33d8-4178-a8b9-f597ea8cb075","LAJA","D04","LAJA","2016-10-26T20:06Z","2016-10-28T11:24Z","LAJA.2016.43.CULNIG.F.T","LAJA.2016.43.CULNIG.F.T.20",40,
"b93f4be3-df30-4a7e-829b-f76c5b2cb552","LAJA","D04","LAJA","2016-10-26T20:06Z","2016-10-28T11:24Z","LAJA.2016.43.CULNIG.F.T","LAJA.2016.43.CULNIG.F.T.23",40,
"e2ba3639-a484-462d-b60e-30470bd4f6ee","LAJA","D04","LAJA","2016-10-26T20:06Z","2016-10-28T11:24Z","LAJA.2016.43.CULNIG.F.T","LAJA.2016.43.CULNIG.F.T.27",40,
"600ad711-8ac3-4adf-ac3c-26740e3d89a4","LAJA","D04","LAJA","2016-10-26T20:06Z","2016-10-28T11:24Z","LAJA.2016.43.CULNIG.F.T","LAJA.2016.43.CULNIG.F.T.39",39,
"8d004789-b282-4846-9cb5-106885199309","LAJA","D04","LAJA","2016-10-26T20:06Z","2016-10-28T11:24Z","LAJA.2016.43.CULNIG.F.T","LAJA.2016.43.CULNIG.F.T.24",40,
"5077ab2d-b7b9-4639-8caa-27c1b03ba5fc","LAJA","D04","LAJA","2016-10-26T20:06Z","2016-10-28T11:24Z","LAJA.2016.43.CULNIG.F.T","LAJA.2016.43.CULNIG.F.T.19",40,
"aa138516-6d34-4760-9323-a56114ebb19d","LAJA","D04","LAJA","2016-10-26T20:06Z","2016-10-28T11:24Z","LAJA.2016.43.CULNIG.F.T","LAJA.2016.43.CULNIG.F.T.32",40,
"2e97df17-575d-4b2e-aaf6-08fbe654bf23","LAJA","D04","LAJA","2016-10-26T20:06Z","2016-10-28T11:24Z","LAJA.2016.43.CULNIG.F.T","LAJA.2016.43.CULNIG.F.T.34",39,
"b501d56d-2ca1-4568-9165-f192bf8abb38","LAJA","D04","LAJA","2016-10-26T20:06Z","2016-10-28T11:24Z","LAJA.2016.43.CULNIG.F.T","LAJA.2016.43.CULNIG.F.T.25",40,
"54acaf9a-4029-453b-970c-3852b792b47c","LAJA","D04","LAJA","2016-10-26T20:06Z","2016-10-28T11:24Z","LAJA.2016.43.CULNIG.F.T","LAJA.2016.43.CULNIG.F.T.30",40,
"fd474c59-7db3-43ae-83bd-f45d98a8e7e7","LAJA","D04","LAJA","2016-10-26T20:06Z","2016-10-28T11:24Z","LAJA.2016.43.CULNIG.F.T","LAJA.2016.43.CULNIG.F.T.37",39,
"0a3ae00c-375f-4d8d-a002-e8c4fb0a911c","LAJA","D04","LAJA","2016-10-26T20:06Z","2016-10-28T11:24Z","LAJA.2016.43.CULNIG.F.T","LAJA.2016.43.CULNIG.F.T.26",40,
"76fdf415-f06b-40cc-b0fd-08eed555e6bc","LAJA","D04","LAJA","2016-10-26T20:06Z","2016-10-28T11:24Z","LAJA.2016.43.CULNIG.F.T","LAJA.2016.43.CULNIG.F.T.28",40,
"c0280c9f-266c-45c0-9d0d-10f8176728dc","LAJA","D04","LAJA","2016-10-26T20:06Z","2016-10-28T11:24Z","LAJA.2016.43.CULNIG.F.T","LAJA.2016.43.CULNIG.F.T.35",39,
"9838db30-413e-4119-b65f-d997f2a88706","LAJA","D04","LAJA","2016-10-26T20:06Z","2016-10-28T11:24Z","LAJA.2016.43.CULNIG.F.T","LAJA.2016.43.CULNIG.F.T.01",40,
"7af763cc-8d6e-4f0a-b685-6dce446c9035","LAJA","D04","LAJA","2016-10-26T20:06Z","2016-10-28T11:24Z","LAJA.2016.43.CULNIG.F.T","LAJA.2016.43.CULNIG.F.T.09",40,
"20dcc52d-87ff-46da-a3cc-1543c4883c29","LAJA","D04","LAJA","2016-10-26T20:06Z","2016-10-28T11:24Z","LAJA.2016.43.CULNIG.F.T","LAJA.2016.43.CULNIG.F.T.03",40,
"b22f15bc-e491-4f89-a8f0-e831e3a4015d","LAJA","D04","LAJA","2016-10-26T20:06Z","2016-10-28T11:24Z","LAJA.2016.43.CULNIG.F.T","LAJA.2016.43.CULNIG.F.T.12",40,
"8194d7e9-6670-4e0f-81c4-0f8cc9f77d70","LAJA","D04","LAJA","2016-10-26T20:06Z","2016-10-28T11:24Z","LAJA.2016.43.CULNIG.F.T","LAJA.2016.43.CULNIG.F.T.05",40,
"bb91880c-613d-4e64-86da-24db9f1d3d96","LAJA","D04","LAJA","2016-10-26T20:06Z","2016-10-28T11:24Z","LAJA.2016.43.CULNIG.F.T","LAJA.2016.43.CULNIG.F.T.11",40,
"d281df78-4d9a-4de7-847c-1932977968ed","LAJA","D04","LAJA","2016-10-26T20:06Z","2016-10-28T11:24Z","LAJA.2016.43.CULNIG.F.T","LAJA.2016.43.CULNIG.F.T.06",40,
"6b99f300-a474-4d8e-a04f-42c61a785b50","LAJA","D04","LAJA","2016-10-26T20:06Z","2016-10-28T11:24Z","LAJA.2016.43.CULNIG.F.T","LAJA.2016.43.CULNIG.F.T.16",40,
"d19df92a-8224-4e72-a3ae-67713bcf6d98","LAJA","D04","LAJA","2016-10-26T20:06Z","2016-10-28T11:24Z","LAJA.2016.43.CULNIG.F.T","LAJA.2016.43.CULNIG.F.T.18",40,
"efc02ff7-ab70-4b17-9c98-35bb4490b239","LAJA","D04","LAJA","2016-10-26T20:06Z","2016-10-28T11:24Z","LAJA.2016.43.CULNIG.F.T","LAJA.2016.43.CULNIG.F.T.08",40,
"55887b08-3d30-453b-a7e1-87da9a0a210b","LAJA","D04","LAJA","2016-10-26T20:06Z","2016-10-28T11:24Z","LAJA.2016.43.CULNIG.F.T","LAJA.2016.43.CULNIG.F.T.14",40,
"777c1534-bef3-4a5c-a6f3-def9c7c1ae78","LAJA","D04","LAJA","2016-10-26T20:06Z","2016-10-28T11:24Z","LAJA.2016.43.CULNIG.F.T","LAJA.2016.43.CULNIG.F.T.02",40,
"aa5e036c-be53-4a30-9833-d8a2abea2c1d","LAJA","D04","LAJA","2016-10-26T20:06Z","2016-10-28T11:24Z","LAJA.2016.43.CULNIG.F.T","LAJA.2016.43.CULNIG.F.T.13",40,
"fe316dc8-fc54-4be4-a167-42dd635da8ed","LAJA","D04","LAJA","2016-10-26T20:06Z","2016-10-28T11:24Z","LAJA.2016.43.CULNIG.F.T","LAJA.2016.43.CULNIG.F.T.04",40,
"cdbbf876-4f3c-473d-ad18-99ab0c2516c7","LAJA","D04","LAJA","2016-10-26T20:06Z","2016-10-28T11:24Z","LAJA.2016.43.CULNIG.F.T","LAJA.2016.43.CULNIG.F.T.15",40,
"d8338d2d-0627-4403-a1cd-8d29fd1e4ac0","LAJA","D04","LAJA","2016-10-26T20:06Z","2016-10-28T11:24Z","LAJA.2016.43.CULNIG.F.T","LAJA.2016.43.CULNIG.F.T.10",40,
"07a2273e-7001-4f0e-bf2e-28e82e19d043","LAJA","D04","LAJA","2016-10-26T20:06Z","2016-10-28T11:24Z","LAJA.2016.43.CULNIG.F.T","LAJA.2016.43.CULNIG.F.T.17",40,
"de5d58d7-60e5-4b3c-80c6-a4cc364adce2","LAJA","D04","LAJA","2016-10-26T20:06Z","2016-10-28T11:24Z","LAJA.2016.43.CULNIG.F.T","LAJA.2016.43.CULNIG.F.T.07",40,
"d08b7d54-72e3-42b6-bf21-8fe7c703e446","LAJA","D04","LAJA","2016-10-26T20:06Z","2016-10-28T11:24Z","LAJA.2016.43.AEDTOR1.F.T","LAJA.2016.43.AEDTOR1.F.T.08",40,
"6c4543f8-fc5a-4e38-a057-896de99a5be6","LAJA","D04","LAJA","2016-10-26T20:06Z","2016-10-28T11:24Z","LAJA.2016.43.AEDTOR1.F.T","LAJA.2016.43.AEDTOR1.F.T.06",40,
"d30ee643-49b4-468c-89d7-2d02b0c993cb","LAJA","D04","LAJA","2016-10-26T20:06Z","2016-10-28T11:24Z","LAJA.2016.43.AEDTOR1.F.T","LAJA.2016.43.AEDTOR1.F.T.07",40,
"bfd9de33-f513-43fc-a868-9df85991abd8","LAJA","D04","LAJA","2016-10-26T20:06Z","2016-10-28T11:24Z","LAJA.2016.43.AEDTOR1.F.T","LAJA.2016.43.AEDTOR1.F.T.09",39,
"0d63e768-b40d-4b98-b456-b25f0926fe9d","LAJA","D04","LAJA","2016-10-26T20:06Z","2016-10-28T11:24Z","LAJA.2016.43.AEDTOR1.F.T","LAJA.2016.43.AEDTOR1.F.T.03",40,
"a9917a33-36d9-4f87-972c-2421fc237532","LAJA","D04","LAJA","2016-10-26T20:06Z","2016-10-28T11:24Z","LAJA.2016.43.AEDTOR1.F.T","LAJA.2016.43.AEDTOR1.F.T.01",40,
"9a2c697f-62cd-443b-b618-f78a26c8a7bd","LAJA","D04","LAJA","2016-10-26T20:06Z","2016-10-28T11:24Z","LAJA.2016.43.AEDTOR1.F.T","LAJA.2016.43.AEDTOR1.F.T.04",40,
"38edcf8b-d4af-4e6e-8ad7-ac73a73b71c9","LAJA","D04","LAJA","2016-10-26T20:06Z","2016-10-28T11:24Z","LAJA.2016.43.AEDTOR1.F.T","LAJA.2016.43.AEDTOR1.F.T.05",40,
"fb6f3ae3-4f72-4f09-a0f5-42486fcacc2f","LAJA","D04","LAJA","2016-10-26T20:06Z","2016-10-28T11:24Z","LAJA.2016.43.CULNIG.F.T","LAJA.2016.43.CULNIG.F.T.21",40,
