uid,namedLocation,domainID,siteID,startCollectDate,endCollectDate,testingID,testingVialID,poolSize,dataQF
"12563e0f-a92f-4733-8fd1-f35db3bcb3a7","CPER","D10","CPER","2014-06-04T00:00Z","2014-06-05T14:45Z","CPER.2014.22.AEDDOR.F.T","CPER.2014.22.AEDDOR.F.T.04",40,
"8f9caacd-e595-45d7-94c1-518c14fa7cec","CPER","D10","CPER","2014-06-04T00:00Z","2014-06-05T14:45Z","CPER.2014.22.AEDDOR.F.T","CPER.2014.22.AEDDOR.F.T.01",40,
"5b129165-10fc-41aa-930b-67e0d8e9e44e","CPER","D10","CPER","2014-06-04T00:00Z","2014-06-05T14:45Z","CPER.2014.22.AEDDOR.F.T","CPER.2014.22.AEDDOR.F.T.02",40,
"f64d5eac-2b1f-446f-bee9-ba9d40d1057f","CPER","D10","CPER","2014-06-04T00:00Z","2014-06-05T14:45Z","CPER.2014.22.AEDDOR.F.T","CPER.2014.22.AEDDOR.F.T.03",40,
"df372a75-43f5-4013-b1d8-409e37c76f77","CPER","D10","CPER","2014-06-16T23:15Z","2014-06-18T13:57Z","CPER.2014.24.AEDDOR.F.T","CPER.2014.24.AEDDOR.F.T.01",35,
"2916d01c-ca24-46dd-9cb7-a24325159a7a","CPER","D10","CPER","2014-06-16T23:15Z","2014-06-18T13:57Z","CPER.2014.24.AEDDOR.F.T","CPER.2014.24.AEDDOR.F.T.02",35,
"6da3bc7e-5a85-45fd-b79e-85f21a7dc6ca","CPER","D10","CPER","2014-06-16T23:15Z","2014-06-18T13:57Z","CPER.2014.24.AEDDOR.F.T","CPER.2014.24.AEDDOR.F.T.03",35,
