uid,namedLocation,domainID,siteID,nlcdClass,decimalLatitude,decimalLongitude,geodeticDatum,coordinateUncertainty,elevation,elevationUncertainty,startCollectDate,endCollectDate,receivedDate,testedDate,testingVialID,deprecatedVialID,sampleCondition,testProtocolVersion,testMethod,testResult,testPathogenName,testNumber,finalResult,locus,percentIdentity,sequenceDatabase,sequenceDatabaseID,extractDepleted,remarks,testedBy,laboratoryName
"9b5bf956-14d0-4e24-9369-efd262ef81f2","CPER","D10","CPER",,40.815536,-104.745591,"WGS84",,1654.0,,"2014-06-04T00:00Z","2014-06-05T14:45Z","2015-01-06T12:00Z","2015-01-07T12:00Z","CPER.2014.22.AEDDOR.F.T.03","CPER.2014.2.Aedes dorsalis.Female.T3","No known compromise","Other","PCR","Negative","TOGV",1,"N",,,,,"Y","testedDate may be inaccurate|sampleCompromised is unknown|testedBy may be inaccurate","Wp94RvOv+/IH+klBJiHvM/3a2EhfesxK","University of Illinois"
"60828346-625a-4ec8-8634-0f8accc6dc4c","CPER","D10","CPER",,40.815536,-104.745591,"WGS84",,1654.0,,"2014-06-04T00:00Z","2014-06-05T14:45Z","2015-01-06T12:00Z","2015-01-07T12:00Z","CPER.2014.22.AEDDOR.F.T.02","CPER.2014.2.Aedes dorsalis.Female.T2","No known compromise","Other","PCR","Negative","TOGV",1,"N",,,,,"Y","testedDate may be inaccurate|sampleCompromised is unknown|testedBy may be inaccurate","Wp94RvOv+/IH+klBJiHvM/3a2EhfesxK","University of Illinois"
"5cb355f3-9aa9-452c-90cb-2a34eec74183","CPER","D10","CPER",,40.815536,-104.745591,"WGS84",,1654.0,,"2014-06-04T00:00Z","2014-06-05T14:45Z","2015-01-06T12:00Z","2015-01-07T12:00Z","CPER.2014.22.AEDDOR.F.T.04","CPER.2014.2.Aedes dorsalis.Female.T4","No known compromise","Other","PCR","Negative","BUNV",2,"N",,,,,"Y","testedDate may be inaccurate|sampleCompromised is unknown|testedBy may be inaccurate","Wp94RvOv+/IH+klBJiHvM/3a2EhfesxK","University of Illinois"
"c766f591-2764-484d-99a9-229b8eff9e5c","CPER","D10","CPER",,40.815536,-104.745591,"WGS84",,1654.0,,"2014-06-04T00:00Z","2014-06-05T14:45Z","2015-01-06T12:00Z","2015-01-07T12:00Z","CPER.2014.22.AEDDOR.F.T.02","CPER.2014.2.Aedes dorsalis.Female.T2","No known compromise","Other","PCR","Negative","BUNV",2,"N",,,,,"Y","testedDate may be inaccurate|sampleCompromised is unknown|testedBy may be inaccurate","Wp94RvOv+/IH+klBJiHvM/3a2EhfesxK","University of Illinois"
"9a61175a-e9de-4260-a6bd-5ddb97aec9b5","CPER","D10","CPER",,40.815536,-104.745591,"WGS84",,1654.0,,"2014-06-04T00:00Z","2014-06-05T14:45Z","2015-01-06T12:00Z","2015-01-07T12:00Z","CPER.2014.22.AEDDOR.F.T.03","CPER.2014.2.Aedes dorsalis.Female.T3","No known compromise","Other","PCR","Negative","BUNV",2,"N",,,,,"Y","testedDate may be inaccurate|sampleCompromised is unknown|testedBy may be inaccurate","Wp94RvOv+/IH+klBJiHvM/3a2EhfesxK","University of Illinois"
"1707e6a2-de6b-475d-8279-55bfeacd9c28","CPER","D10","CPER",,40.815536,-104.745591,"WGS84",,1654.0,,"2014-06-04T00:00Z","2014-06-05T14:45Z","2015-01-06T12:00Z","2015-01-07T12:00Z","CPER.2014.22.AEDDOR.F.T.01","CPER.2014.2.Aedes dorsalis.Female.T1","No known compromise","Other","PCR","Negative","BUNV",2,"N",,,,,"Y","testedDate may be inaccurate|sampleCompromised is unknown|testedBy may be inaccurate","Wp94RvOv+/IH+klBJiHvM/3a2EhfesxK","University of Illinois"
"e3c84a3e-c492-4708-8a94-8807b96b2d2e","CPER","D10","CPER",,40.815536,-104.745591,"WGS84",,1654.0,,"2014-06-04T00:00Z","2014-06-05T14:45Z","2015-01-06T12:00Z","2015-01-07T12:00Z","CPER.2014.22.AEDDOR.F.T.01","CPER.2014.2.Aedes dorsalis.Female.T1","No known compromise","Other","PCR","Negative","TOGV",1,"N",,,,,"Y","testedDate may be inaccurate|sampleCompromised is unknown|testedBy may be inaccurate","Wp94RvOv+/IH+klBJiHvM/3a2EhfesxK","University of Illinois"
"4be646ee-7e6f-4deb-9bda-f48d122d42d8","CPER","D10","CPER",,40.815536,-104.745591,"WGS84",,1654.0,,"2014-06-04T00:00Z","2014-06-05T14:45Z","2015-01-06T12:00Z","2015-01-07T12:00Z","CPER.2014.22.AEDDOR.F.T.04","CPER.2014.2.Aedes dorsalis.Female.T4","No known compromise","Other","PCR","Negative","FLAV",3,"Y",,,,,"Y","testedDate may be inaccurate|sampleCompromised is unknown|testedBy may be inaccurate","Wp94RvOv+/IH+klBJiHvM/3a2EhfesxK","University of Illinois"
"3df9ee46-8ed8-443e-b245-1221c6b078b6","CPER","D10","CPER",,40.815536,-104.745591,"WGS84",,1654.0,,"2014-06-04T00:00Z","2014-06-05T14:45Z","2015-01-06T12:00Z","2015-01-07T12:00Z","CPER.2014.22.AEDDOR.F.T.01","CPER.2014.2.Aedes dorsalis.Female.T1","No known compromise","Other","PCR","Negative","FLAV",3,"Y",,,,,"Y","testedDate may be inaccurate|sampleCompromised is unknown|testedBy may be inaccurate","Wp94RvOv+/IH+klBJiHvM/3a2EhfesxK","University of Illinois"
"f652408f-ca5f-444b-83f9-2931a97650fc","CPER","D10","CPER",,40.815536,-104.745591,"WGS84",,1654.0,,"2014-06-04T00:00Z","2014-06-05T14:45Z","2015-01-06T12:00Z","2015-01-07T12:00Z","CPER.2014.22.AEDDOR.F.T.03","CPER.2014.2.Aedes dorsalis.Female.T3","No known compromise","Other","PCR","Negative","FLAV",3,"Y",,,,,"Y","testedDate may be inaccurate|sampleCompromised is unknown|testedBy may be inaccurate","Wp94RvOv+/IH+klBJiHvM/3a2EhfesxK","University of Illinois"
"1664cec1-42c9-4e88-87c8-ee26916c3c4c","CPER","D10","CPER",,40.815536,-104.745591,"WGS84",,1654.0,,"2014-06-04T00:00Z","2014-06-05T14:45Z","2015-01-06T12:00Z","2015-01-07T12:00Z","CPER.2014.22.AEDDOR.F.T.02","CPER.2014.2.Aedes dorsalis.Female.T2","No known compromise","Other","PCR","Negative","FLAV",3,"Y",,,,,"Y","testedDate may be inaccurate|sampleCompromised is unknown|testedBy may be inaccurate","Wp94RvOv+/IH+klBJiHvM/3a2EhfesxK","University of Illinois"
"497d24b2-0059-4ffc-b3f1-e0c444acd9fa","CPER","D10","CPER",,40.815536,-104.745591,"WGS84",,1654.0,,"2014-06-04T00:00Z","2014-06-05T14:45Z","2015-01-06T12:00Z","2015-01-07T12:00Z","CPER.2014.22.AEDDOR.F.T.04","CPER.2014.2.Aedes dorsalis.Female.T4","No known compromise","Other","PCR","Negative","TOGV",1,"N",,,,,"Y","testedDate may be inaccurate|sampleCompromised is unknown|testedBy may be inaccurate","Wp94RvOv+/IH+klBJiHvM/3a2EhfesxK","University of Illinois"
"2c43da75-6c3d-454b-98ae-a9244883612f","CPER","D10","CPER",,40.815536,-104.745591,"WGS84",,1654.0,,"2014-06-16T23:15Z","2014-06-18T13:57Z","2015-01-06T12:00Z","2015-01-07T12:00Z","CPER.2014.24.AEDDOR.F.T.01","CPER.2014.3.Aedes dorsalis.Female.T1","No known compromise","Other","PCR","Negative","BUNV",2,"N",,,,,"Y","testedDate may be inaccurate|sampleCompromised is unknown|testedBy may be inaccurate","Wp94RvOv+/IH+klBJiHvM/3a2EhfesxK","University of Illinois"
"9349efc1-c427-4f0d-9904-e0e58bf09d58","CPER","D10","CPER",,40.815536,-104.745591,"WGS84",,1654.0,,"2014-06-16T23:15Z","2014-06-18T13:57Z","2015-01-06T12:00Z","2015-01-07T12:00Z","CPER.2014.24.AEDDOR.F.T.02","CPER.2014.3.Aedes dorsalis.Female.T2","No known compromise","Other","PCR","Negative","BUNV",2,"N",,,,,"Y","testedDate may be inaccurate|sampleCompromised is unknown|testedBy may be inaccurate","Wp94RvOv+/IH+klBJiHvM/3a2EhfesxK","University of Illinois"
"1d480d11-7d00-4c53-84a7-1bb8c01dcc2c","CPER","D10","CPER",,40.815536,-104.745591,"WGS84",,1654.0,,"2014-06-16T23:15Z","2014-06-18T13:57Z","2015-01-06T12:00Z","2015-01-07T12:00Z","CPER.2014.24.AEDDOR.F.T.03","CPER.2014.3.Aedes dorsalis.Female.T3","No known compromise","Other","PCR","Negative","BUNV",2,"N",,,,,"Y","testedDate may be inaccurate|sampleCompromised is unknown|testedBy may be inaccurate","Wp94RvOv+/IH+klBJiHvM/3a2EhfesxK","University of Illinois"
"deb86501-b020-4f0a-86da-fce1b405fb9b","CPER","D10","CPER",,40.815536,-104.745591,"WGS84",,1654.0,,"2014-06-16T23:15Z","2014-06-18T13:57Z","2015-01-06T12:00Z","2015-01-07T12:00Z","CPER.2014.24.AEDDOR.F.T.01","CPER.2014.3.Aedes dorsalis.Female.T1","No known compromise","Other","PCR","Negative","FLAV",3,"Y",,,,,"Y","testedDate may be inaccurate|sampleCompromised is unknown|testedBy may be inaccurate","Wp94RvOv+/IH+klBJiHvM/3a2EhfesxK","University of Illinois"
"790adb8c-8461-4125-aefe-01ac9dc1c675","CPER","D10","CPER",,40.815536,-104.745591,"WGS84",,1654.0,,"2014-06-16T23:15Z","2014-06-18T13:57Z","2015-01-06T12:00Z","2015-01-07T12:00Z","CPER.2014.24.AEDDOR.F.T.02","CPER.2014.3.Aedes dorsalis.Female.T2","No known compromise","Other","PCR","Negative","FLAV",3,"Y",,,,,"Y","testedDate may be inaccurate|sampleCompromised is unknown|testedBy may be inaccurate","Wp94RvOv+/IH+klBJiHvM/3a2EhfesxK","University of Illinois"
"b405fb89-5533-436c-a64b-824c5e90b8ea","CPER","D10","CPER",,40.815536,-104.745591,"WGS84",,1654.0,,"2014-06-16T23:15Z","2014-06-18T13:57Z","2015-01-06T12:00Z","2015-01-07T12:00Z","CPER.2014.24.AEDDOR.F.T.01","CPER.2014.3.Aedes dorsalis.Female.T1","No known compromise","Other","PCR","Negative","TOGV",1,"N",,,,,"Y","testedDate may be inaccurate|sampleCompromised is unknown|testedBy may be inaccurate","Wp94RvOv+/IH+klBJiHvM/3a2EhfesxK","University of Illinois"
"c70b81dd-643c-49e3-8d8a-6a6744f3f820","CPER","D10","CPER",,40.815536,-104.745591,"WGS84",,1654.0,,"2014-06-16T23:15Z","2014-06-18T13:57Z","2015-01-06T12:00Z","2015-01-07T12:00Z","CPER.2014.24.AEDDOR.F.T.02","CPER.2014.3.Aedes dorsalis.Female.T2","No known compromise","Other","PCR","Negative","TOGV",1,"N",,,,,"Y","testedDate may be inaccurate|sampleCompromised is unknown|testedBy may be inaccurate","Wp94RvOv+/IH+klBJiHvM/3a2EhfesxK","University of Illinois"
"ff558445-4f31-4dc8-acd5-75d227e48fdf","CPER","D10","CPER",,40.815536,-104.745591,"WGS84",,1654.0,,"2014-06-16T23:15Z","2014-06-18T13:57Z","2015-01-06T12:00Z","2015-01-07T12:00Z","CPER.2014.24.AEDDOR.F.T.03","CPER.2014.3.Aedes dorsalis.Female.T3","No known compromise","Other","PCR","Negative","TOGV",1,"N",,,,,"Y","testedDate may be inaccurate|sampleCompromised is unknown|testedBy may be inaccurate","Wp94RvOv+/IH+klBJiHvM/3a2EhfesxK","University of Illinois"
"9a3750e1-e487-4bca-bfaa-4c29aed081cf","CPER","D10","CPER",,40.815536,-104.745591,"WGS84",,1654.0,,"2014-06-16T23:15Z","2014-06-18T13:57Z","2015-01-06T12:00Z","2015-01-07T12:00Z","CPER.2014.24.AEDDOR.F.T.03","CPER.2014.3.Aedes dorsalis.Female.T3","No known compromise","Other","PCR","Negative","FLAV",3,"Y",,,,,"Y","testedDate may be inaccurate|sampleCompromised is unknown|testedBy may be inaccurate","Wp94RvOv+/IH+klBJiHvM/3a2EhfesxK","University of Illinois"
