uid,namedLocation,domainID,siteID,startCollectDate,endCollectDate,testingID,testingVialID,poolSize,dataQF
"6122a5fa-5bc9-4f57-abcb-fbf8be7515e7","OSBS","D03","OSBS","2016-06-27T20:46Z","2016-06-29T13:32Z","OSBS.2016.26.AEDATL.F.T","OSBS.2016.26.AEDATL.F.T.01",25,
"8a41e815-ff21-4794-9371-1f05153f4a2e","OSBS","D03","OSBS","2016-06-27T20:46Z","2016-06-29T13:32Z","OSBS.2016.26.AEDATL.F.T","OSBS.2016.26.AEDATL.F.T.02",24,
"aa81c8cc-9148-4aca-b1d1-3fe1ff7c7995","OSBS","D03","OSBS","2016-06-27T20:46Z","2016-06-29T13:51Z","OSBS.2016.26.CULNIG.F.T","OSBS.2016.26.CULNIG.F.T.02",33,
"3d012a02-1e1e-4ed6-8a6b-c4c3fd04f3c2","OSBS","D03","OSBS","2016-06-27T20:46Z","2016-06-29T13:51Z","OSBS.2016.26.CULNIG.F.T","OSBS.2016.26.CULNIG.F.T.04",33,
"e3684f1f-8855-4db0-a7b6-5b126d38d991","OSBS","D03","OSBS","2016-06-27T20:46Z","2016-06-29T13:51Z","OSBS.2016.26.CULERR.F.T","OSBS.2016.26.CULERR.F.T.27",39,
"4129424a-3133-4abd-b382-56d631de2e11","OSBS","D03","OSBS","2016-06-27T20:46Z","2016-06-29T13:51Z","OSBS.2016.26.CULERR.F.T","OSBS.2016.26.CULERR.F.T.29",39,
"8ce3d97d-c7da-441c-b8fe-ea9cb03ac218","OSBS","D03","OSBS","2016-06-27T20:46Z","2016-06-29T13:51Z","OSBS.2016.26.CULERR.F.T","OSBS.2016.26.CULERR.F.T.24",39,
"ea90d805-02df-4afe-ad38-0ec528e21b86","OSBS","D03","OSBS","2016-06-27T20:46Z","2016-06-29T13:51Z","OSBS.2016.26.CULERR.F.T","OSBS.2016.26.CULERR.F.T.25",39,
"e74a0f78-1841-4d2a-a55e-45dadaa3a989","OSBS","D03","OSBS","2016-06-27T20:46Z","2016-06-29T13:51Z","OSBS.2016.26.CULERR.F.T","OSBS.2016.26.CULERR.F.T.26",39,
"45384a0b-434c-4316-bc9e-b3435a23ae2a","OSBS","D03","OSBS","2016-06-27T20:46Z","2016-06-29T13:51Z","OSBS.2016.26.CULERR.F.T","OSBS.2016.26.CULERR.F.T.33",39,
"76245930-3152-4409-8991-be98e688693b","OSBS","D03","OSBS","2016-06-27T20:46Z","2016-06-29T13:51Z","OSBS.2016.26.CULERR.F.T","OSBS.2016.26.CULERR.F.T.23",39,
"6e992926-4f82-4c2d-a150-2e237b3f16d3","OSBS","D03","OSBS","2016-06-27T20:46Z","2016-06-29T13:51Z","OSBS.2016.26.CULERR.F.T","OSBS.2016.26.CULERR.F.T.30",39,
"d20a4ff8-1015-414e-91af-136fac44f7aa","OSBS","D03","OSBS","2016-06-27T20:46Z","2016-06-29T13:51Z","OSBS.2016.26.CULERR.F.T","OSBS.2016.26.CULERR.F.T.31",39,
"5a4ba753-2733-470c-9e4d-93ef75774f56","OSBS","D03","OSBS","2016-06-27T20:46Z","2016-06-29T13:51Z","OSBS.2016.26.CULERR.F.T","OSBS.2016.26.CULERR.F.T.28",39,
"26796ff5-917e-40f5-af3d-443e9df005a5","OSBS","D03","OSBS","2016-06-27T20:46Z","2016-06-29T13:51Z","OSBS.2016.26.CULERR.F.T","OSBS.2016.26.CULERR.F.T.32",39,
"31c1aabd-2772-4cae-85ce-e4a28445a9af","OSBS","D03","OSBS","2016-06-27T20:46Z","2016-06-29T13:51Z","OSBS.2016.26.CULERR.F.T","OSBS.2016.26.CULERR.F.T.02",40,
"27f8203b-215c-4459-9157-01d586af347c","OSBS","D03","OSBS","2016-06-27T20:46Z","2016-06-29T13:51Z","OSBS.2016.26.CULERR.F.T","OSBS.2016.26.CULERR.F.T.19",39,
"9d7fd374-4dac-40a4-b56e-889818b7df2c","OSBS","D03","OSBS","2016-06-27T20:46Z","2016-06-29T13:51Z","OSBS.2016.26.CULERR.F.T","OSBS.2016.26.CULERR.F.T.17",40,
"054ca1ab-f51a-430f-98a1-6b2957ebeb0e","OSBS","D03","OSBS","2016-06-27T20:46Z","2016-06-29T13:51Z","OSBS.2016.26.CULERR.F.T","OSBS.2016.26.CULERR.F.T.20",39,
"1236044a-1cac-465d-bef6-d722f494aec2","OSBS","D03","OSBS","2016-06-27T20:46Z","2016-06-29T13:51Z","OSBS.2016.26.CULERR.F.T","OSBS.2016.26.CULERR.F.T.04",40,
"e5a7a16f-aedf-4a02-bf16-97872dafcbcd","OSBS","D03","OSBS","2016-06-27T20:46Z","2016-06-29T13:51Z","OSBS.2016.26.CULERR.F.T","OSBS.2016.26.CULERR.F.T.12",40,
"99845ad0-094f-400e-9f4f-a3bfcb8b2122","OSBS","D03","OSBS","2016-06-27T20:46Z","2016-06-29T13:51Z","OSBS.2016.26.CULERR.F.T","OSBS.2016.26.CULERR.F.T.14",40,
"8a3d8735-dd4b-4a83-8ea1-bba6242bf37b","OSBS","D03","OSBS","2016-06-27T20:46Z","2016-06-29T13:51Z","OSBS.2016.26.CULERR.F.T","OSBS.2016.26.CULERR.F.T.22",39,
"bdc1b3ad-3dd5-43db-be03-dd3e38bac6bb","OSBS","D03","OSBS","2016-06-27T20:46Z","2016-06-29T13:51Z","OSBS.2016.26.CULERR.F.T","OSBS.2016.26.CULERR.F.T.09",40,
"3cf7271a-9735-43d5-b8d6-c252d8a1e7e1","OSBS","D03","OSBS","2016-06-27T20:46Z","2016-06-29T13:51Z","OSBS.2016.26.CULERR.F.T","OSBS.2016.26.CULERR.F.T.11",40,
"8aa0982e-68b3-4c6e-b322-00e450d94546","OSBS","D03","OSBS","2016-06-27T20:46Z","2016-06-29T13:51Z","OSBS.2016.26.CULERR.F.T","OSBS.2016.26.CULERR.F.T.06",40,
"18fdd4b5-02e4-4157-8242-00dc8542b534","OSBS","D03","OSBS","2016-06-27T20:46Z","2016-06-29T13:51Z","OSBS.2016.26.CULERR.F.T","OSBS.2016.26.CULERR.F.T.10",40,
"d2d51852-f90f-4ca6-b897-f80151d5d1d3","OSBS","D03","OSBS","2016-06-27T20:46Z","2016-06-29T13:51Z","OSBS.2016.26.CULERR.F.T","OSBS.2016.26.CULERR.F.T.13",40,
"71a46133-8995-4f0f-9f97-ab55093b8f6d","OSBS","D03","OSBS","2016-06-27T20:46Z","2016-06-29T13:51Z","OSBS.2016.26.CULERR.F.T","OSBS.2016.26.CULERR.F.T.08",40,
"fe87004a-a3fb-4076-8348-43978873624a","OSBS","D03","OSBS","2016-06-27T20:46Z","2016-06-29T13:51Z","OSBS.2016.26.CULERR.F.T","OSBS.2016.26.CULERR.F.T.15",40,
"328d109b-3514-4f98-bd7d-94d7595b6430","OSBS","D03","OSBS","2016-06-27T20:46Z","2016-06-29T13:51Z","OSBS.2016.26.CULERR.F.T","OSBS.2016.26.CULERR.F.T.01",40,
"6d279219-16be-4425-b607-a527226850b7","OSBS","D03","OSBS","2016-06-27T20:46Z","2016-06-29T13:51Z","OSBS.2016.26.CULERR.F.T","OSBS.2016.26.CULERR.F.T.18",39,
"2374d115-85b9-49fd-ad4a-3676362becaf","OSBS","D03","OSBS","2016-06-27T20:46Z","2016-06-29T13:51Z","OSBS.2016.26.CULERR.F.T","OSBS.2016.26.CULERR.F.T.07",40,
"39efaffb-1821-4580-af2a-34330ff9f40c","OSBS","D03","OSBS","2016-06-27T20:46Z","2016-06-29T13:51Z","OSBS.2016.26.CULERR.F.T","OSBS.2016.26.CULERR.F.T.05",40,
"554f7fbc-3574-4532-9469-20c24a9d71a9","OSBS","D03","OSBS","2016-06-27T20:46Z","2016-06-29T13:51Z","OSBS.2016.26.CULERR.F.T","OSBS.2016.26.CULERR.F.T.16",40,
"cde2e8f1-8ef8-4690-b438-38c78cb892c5","OSBS","D03","OSBS","2016-06-27T20:46Z","2016-06-29T13:51Z","OSBS.2016.26.CULERR.F.T","OSBS.2016.26.CULERR.F.T.03",40,
"34e46535-5ad8-46df-b1e2-59d7f45e043c","OSBS","D03","OSBS","2016-06-27T20:46Z","2016-06-29T13:51Z","OSBS.2016.26.CULERR.F.T","OSBS.2016.26.CULERR.F.T.21",39,
"b74592ab-0ff2-41aa-b69b-a29232c301be","OSBS","D03","OSBS","2016-06-27T20:46Z","2016-06-29T13:51Z","OSBS.2016.26.CULNIG.F.T","OSBS.2016.26.CULNIG.F.T.01",33,
"199a2d5f-eb36-4bfe-a6d2-19b89ac2e7c9","OSBS","D03","OSBS","2016-06-27T20:46Z","2016-06-29T13:51Z","OSBS.2016.26.CULNIG.F.T","OSBS.2016.26.CULNIG.F.T.03",33,
"0e90a610-d1ad-48cf-a094-18087601f601","OSBS","D03","OSBS","2016-06-27T20:46Z","2016-06-29T13:51Z","OSBS.2016.26.CULNIG.F.T","OSBS.2016.26.CULNIG.F.T.05",32,
