uid,namedLocation,domainID,siteID,startCollectDate,endCollectDate,testingID,testingVialID,poolSize,dataQF
"d8d4e674-cd21-411a-b865-8300dfd44960","OSBS","D03","OSBS","2016-07-11T21:06Z","2016-07-13T14:11Z","OSBS.2016.28.CULNIG.F.T","OSBS.2016.28.CULNIG.F.T.03",34,
"55efa7f9-2f83-4311-a39e-9995d4eea12f","OSBS","D03","OSBS","2016-07-11T21:06Z","2016-07-13T14:11Z","OSBS.2016.28.CULERR.F.T","OSBS.2016.28.CULERR.F.T.35",39,
"9870ddd6-5bdf-43b1-ac5d-2d3f56dc84c2","OSBS","D03","OSBS","2016-07-11T21:06Z","2016-07-13T14:11Z","OSBS.2016.28.CULNIG.F.T","OSBS.2016.28.CULNIG.F.T.01",35,
"9e3ff775-f22a-4f54-a87a-4d8889ac583a","OSBS","D03","OSBS","2016-07-11T21:06Z","2016-07-13T14:11Z","OSBS.2016.28.CULERR.F.T","OSBS.2016.28.CULERR.F.T.13",39,
"89fba83b-bdfc-4a78-9b05-5ca068bc01ef","OSBS","D03","OSBS","2016-07-11T21:06Z","2016-07-13T14:11Z","OSBS.2016.28.CULERR.F.T","OSBS.2016.28.CULERR.F.T.20",39,
"23ba9a41-86fd-48af-9a74-ee9091478cd4","OSBS","D03","OSBS","2016-07-11T21:06Z","2016-07-13T14:11Z","OSBS.2016.28.CULERR.F.T","OSBS.2016.28.CULERR.F.T.26",39,
"9bc3875e-5718-416c-9a1a-f35749b0629b","OSBS","D03","OSBS","2016-07-11T21:06Z","2016-07-13T14:11Z","OSBS.2016.28.CULERR.F.T","OSBS.2016.28.CULERR.F.T.25",39,
"e0a4b16e-e2d4-4d1d-82eb-caa5d2dba93b","OSBS","D03","OSBS","2016-07-11T21:06Z","2016-07-13T14:11Z","OSBS.2016.28.CULERR.F.T","OSBS.2016.28.CULERR.F.T.34",39,
"6ee2b7da-d50c-4879-baa7-065ae2fffd0b","OSBS","D03","OSBS","2016-07-11T21:06Z","2016-07-13T14:11Z","OSBS.2016.28.CULERR.F.T","OSBS.2016.28.CULERR.F.T.23",39,
"eaff5636-f435-4744-8ef5-0f5238d33590","OSBS","D03","OSBS","2016-07-11T21:06Z","2016-07-13T14:11Z","OSBS.2016.28.CULERR.F.T","OSBS.2016.28.CULERR.F.T.18",39,
"d3e4d13e-05aa-4948-9983-2c1ce0aa885d","OSBS","D03","OSBS","2016-07-11T21:06Z","2016-07-13T14:11Z","OSBS.2016.28.CULERR.F.T","OSBS.2016.28.CULERR.F.T.14",39,
"c2902cc2-b67c-4cd3-b594-5d077bb746da","OSBS","D03","OSBS","2016-07-11T21:06Z","2016-07-13T14:11Z","OSBS.2016.28.CULERR.F.T","OSBS.2016.28.CULERR.F.T.09",39,
"f2f8028d-0f94-4121-bfa3-4ba4a1ac6219","OSBS","D03","OSBS","2016-07-11T21:06Z","2016-07-13T14:11Z","OSBS.2016.28.CULERR.F.T","OSBS.2016.28.CULERR.F.T.33",39,
"4298c8c7-3b63-45da-bd61-f4bd192b082d","OSBS","D03","OSBS","2016-07-11T21:06Z","2016-07-13T14:11Z","OSBS.2016.28.CULERR.F.T","OSBS.2016.28.CULERR.F.T.03",40,
"df02d5ea-c2ca-45b9-828f-cd7adc39d4a1","OSBS","D03","OSBS","2016-07-11T21:06Z","2016-07-13T14:11Z","OSBS.2016.28.CULERR.F.T","OSBS.2016.28.CULERR.F.T.21",39,
"cab3f849-022e-4f76-a9fa-6d644265805a","OSBS","D03","OSBS","2016-07-11T21:06Z","2016-07-13T14:11Z","OSBS.2016.28.CULERR.F.T","OSBS.2016.28.CULERR.F.T.12",39,
"7d0f0a8e-19ab-42af-8d24-d24f7dfcc49a","OSBS","D03","OSBS","2016-07-11T21:06Z","2016-07-13T14:11Z","OSBS.2016.28.CULERR.F.T","OSBS.2016.28.CULERR.F.T.29",39,
"14ffea73-650f-4dfc-816f-d8280d419716","OSBS","D03","OSBS","2016-07-11T21:06Z","2016-07-13T14:11Z","OSBS.2016.28.CULERR.F.T","OSBS.2016.28.CULERR.F.T.28",39,
"2fc3b00b-3f88-4df8-aa52-e76dc7dbfe02","OSBS","D03","OSBS","2016-07-11T21:06Z","2016-07-13T14:11Z","OSBS.2016.28.CULERR.F.T","OSBS.2016.28.CULERR.F.T.32",39,
"823ae3a2-ef2e-4c01-be3f-7ec5f166b90b","OSBS","D03","OSBS","2016-07-11T21:06Z","2016-07-13T14:11Z","OSBS.2016.28.CULERR.F.T","OSBS.2016.28.CULERR.F.T.36",39,
"287e709f-46fd-4320-a051-334a1c91380e","OSBS","D03","OSBS","2016-07-11T21:06Z","2016-07-13T14:11Z","OSBS.2016.28.CULERR.F.T","OSBS.2016.28.CULERR.F.T.02",40,
"8661803c-3aaf-4ba9-be15-99a63e561ff9","OSBS","D03","OSBS","2016-07-11T21:06Z","2016-07-13T14:11Z","OSBS.2016.28.CULERR.F.T","OSBS.2016.28.CULERR.F.T.01",40,
"1e4ffcdb-777d-4aca-948e-3035c4b35d46","OSBS","D03","OSBS","2016-07-11T21:06Z","2016-07-13T14:11Z","OSBS.2016.28.CULERR.F.T","OSBS.2016.28.CULERR.F.T.07",40,
"6c33bf60-f4c5-483e-b502-3d5534ab5a89","OSBS","D03","OSBS","2016-07-11T21:06Z","2016-07-13T14:11Z","OSBS.2016.28.CULERR.F.T","OSBS.2016.28.CULERR.F.T.15",39,
"d1f7e520-604d-464a-9b69-88549ff02c1d","OSBS","D03","OSBS","2016-07-11T21:06Z","2016-07-13T14:11Z","OSBS.2016.28.CULERR.F.T","OSBS.2016.28.CULERR.F.T.06",40,
"de23d34d-8920-4b98-9075-c08e53a5e9d7","OSBS","D03","OSBS","2016-07-11T21:06Z","2016-07-13T14:11Z","OSBS.2016.28.CULERR.F.T","OSBS.2016.28.CULERR.F.T.37",39,
"12e70210-58d0-470b-9ca4-e434ad2e6bb1","OSBS","D03","OSBS","2016-07-11T21:06Z","2016-07-13T14:11Z","OSBS.2016.28.CULERR.F.T","OSBS.2016.28.CULERR.F.T.05",40,
"31eb1c5b-7385-43a6-a72a-e7462ee5ed52","OSBS","D03","OSBS","2016-07-11T21:06Z","2016-07-13T14:11Z","OSBS.2016.28.CULERR.F.T","OSBS.2016.28.CULERR.F.T.17",39,
"bfce2314-b38c-4233-b38c-308c2ae82dbf","OSBS","D03","OSBS","2016-07-11T21:06Z","2016-07-13T14:11Z","OSBS.2016.28.CULERR.F.T","OSBS.2016.28.CULERR.F.T.38",39,
"9871ceae-3892-4a86-9466-9a69dd2955e6","OSBS","D03","OSBS","2016-07-11T21:06Z","2016-07-13T14:11Z","OSBS.2016.28.CULERR.F.T","OSBS.2016.28.CULERR.F.T.16",39,
"d30c6c55-b000-49e8-8df0-58a8491b12e6","OSBS","D03","OSBS","2016-07-11T21:06Z","2016-07-13T14:11Z","OSBS.2016.28.CULERR.F.T","OSBS.2016.28.CULERR.F.T.22",39,
"50d1095f-103e-4564-a875-3938211474ba","OSBS","D03","OSBS","2016-07-11T21:06Z","2016-07-13T14:11Z","OSBS.2016.28.CULERR.F.T","OSBS.2016.28.CULERR.F.T.27",39,
"2fff8f8b-568b-46be-b596-114d014c57cf","OSBS","D03","OSBS","2016-07-11T21:06Z","2016-07-13T14:11Z","OSBS.2016.28.CULERR.F.T","OSBS.2016.28.CULERR.F.T.08",39,
"83f962cd-1f4f-4288-9e01-9cfd441661af","OSBS","D03","OSBS","2016-07-11T21:06Z","2016-07-13T14:11Z","OSBS.2016.28.CULERR.F.T","OSBS.2016.28.CULERR.F.T.31",39,
"ed0d03bb-6447-4719-8657-e15a630ae978","OSBS","D03","OSBS","2016-07-11T21:06Z","2016-07-13T14:11Z","OSBS.2016.28.CULERR.F.T","OSBS.2016.28.CULERR.F.T.11",39,
"be476c8a-a4bf-46ca-a7bd-1f33b0746eaa","OSBS","D03","OSBS","2016-07-11T21:06Z","2016-07-13T14:11Z","OSBS.2016.28.CULERR.F.T","OSBS.2016.28.CULERR.F.T.24",39,
"af90f69e-edda-4d31-aadc-ddb32b50f5a3","OSBS","D03","OSBS","2016-07-11T21:06Z","2016-07-13T14:11Z","OSBS.2016.28.CULERR.F.T","OSBS.2016.28.CULERR.F.T.04",40,
"3c2147cd-ac80-4678-be34-d113ea67c500","OSBS","D03","OSBS","2016-07-11T21:06Z","2016-07-13T14:11Z","OSBS.2016.28.CULERR.F.T","OSBS.2016.28.CULERR.F.T.19",39,
"e64580c1-eaef-4d74-b47d-6e7587706b76","OSBS","D03","OSBS","2016-07-11T21:06Z","2016-07-13T14:11Z","OSBS.2016.28.CULERR.F.T","OSBS.2016.28.CULERR.F.T.10",39,
"617823b6-801a-4fd4-915e-6d3b5ce31024","OSBS","D03","OSBS","2016-07-11T21:06Z","2016-07-13T14:11Z","OSBS.2016.28.CULERR.F.T","OSBS.2016.28.CULERR.F.T.30",39,
"6bbf167b-d50b-4806-a518-edfbf4f4a9bf","OSBS","D03","OSBS","2016-07-11T21:06Z","2016-07-13T14:11Z","OSBS.2016.28.CULNIG.F.T","OSBS.2016.28.CULNIG.F.T.02",34,
"753ddf68-3038-4789-8884-5777b0aeb158","OSBS","D03","OSBS","2016-07-25T20:52Z","2016-07-27T14:07Z","OSBS.2016.30.CULERR.F.T","OSBS.2016.30.CULERR.F.T.53",39,
"0487d577-06d0-4b1e-bda0-5da1c1a68748","OSBS","D03","OSBS","2016-07-25T20:52Z","2016-07-27T14:07Z","OSBS.2016.30.CULERR.F.T","OSBS.2016.30.CULERR.F.T.56",39,
"ca8ef6db-a75a-4ce8-a581-dd21900dc1a4","OSBS","D03","OSBS","2016-07-25T20:52Z","2016-07-27T14:07Z","OSBS.2016.30.CULERR.F.T","OSBS.2016.30.CULERR.F.T.52",39,
"360b2552-7f29-4395-b9a0-b787ff8f5313","OSBS","D03","OSBS","2016-07-25T20:52Z","2016-07-27T14:07Z","OSBS.2016.30.CULERR.F.T","OSBS.2016.30.CULERR.F.T.54",39,
"ed20052b-18d4-47f7-a114-e083cf90d968","OSBS","D03","OSBS","2016-07-25T20:52Z","2016-07-27T14:07Z","OSBS.2016.30.CULERR.F.T","OSBS.2016.30.CULERR.F.T.57",39,
"ff70bc9d-1c1c-46c6-bb25-4ea3daf891c4","OSBS","D03","OSBS","2016-07-25T20:52Z","2016-07-27T14:07Z","OSBS.2016.30.CULERR.F.T","OSBS.2016.30.CULERR.F.T.55",39,
"fd73923c-978c-4199-a751-4cb0c2ea6a71","OSBS","D03","OSBS","2016-07-25T20:52Z","2016-07-27T14:07Z","OSBS.2016.30.CULERR.F.T","OSBS.2016.30.CULERR.F.T.43",39,
"83d0fb41-6c2a-4921-873d-46904641699a","OSBS","D03","OSBS","2016-07-25T20:52Z","2016-07-27T14:07Z","OSBS.2016.30.CULERR.F.T","OSBS.2016.30.CULERR.F.T.28",40,
"046fab46-c1a1-4421-b13a-a4fd33aac4cd","OSBS","D03","OSBS","2016-07-25T20:52Z","2016-07-27T14:07Z","OSBS.2016.30.CULERR.F.T","OSBS.2016.30.CULERR.F.T.48",39,
"e1788a1d-89c4-4558-ba18-19394b8dbbd2","OSBS","D03","OSBS","2016-07-25T20:52Z","2016-07-27T14:07Z","OSBS.2016.30.CULERR.F.T","OSBS.2016.30.CULERR.F.T.21",40,
"675fe0c0-454a-4e1a-bf3f-b9a400553b91","OSBS","D03","OSBS","2016-07-25T20:52Z","2016-07-27T14:07Z","OSBS.2016.30.CULERR.F.T","OSBS.2016.30.CULERR.F.T.38",40,
"f00b417e-6fd2-4b96-963f-561815a12206","OSBS","D03","OSBS","2016-07-25T20:52Z","2016-07-27T14:07Z","OSBS.2016.30.CULERR.F.T","OSBS.2016.30.CULERR.F.T.24",40,
"9291c099-b910-4019-96da-b004620e3f92","OSBS","D03","OSBS","2016-07-25T20:52Z","2016-07-27T14:07Z","OSBS.2016.30.CULERR.F.T","OSBS.2016.30.CULERR.F.T.16",40,
"134ebc12-c684-4316-8743-967535390a75","OSBS","D03","OSBS","2016-07-25T20:52Z","2016-07-27T14:07Z","OSBS.2016.30.CULERR.F.T","OSBS.2016.30.CULERR.F.T.09",40,
"ed532bca-5143-4c5f-8cc3-00aaf399b9bf","OSBS","D03","OSBS","2016-07-25T20:52Z","2016-07-27T14:07Z","OSBS.2016.30.CULERR.F.T","OSBS.2016.30.CULERR.F.T.14",40,
"5d8f7f07-fc02-4214-a31e-94df653badc4","OSBS","D03","OSBS","2016-07-25T20:52Z","2016-07-27T14:07Z","OSBS.2016.30.CULERR.F.T","OSBS.2016.30.CULERR.F.T.19",40,
"1580c511-cf30-4a2e-9587-a19cc1dca073","OSBS","D03","OSBS","2016-07-25T20:52Z","2016-07-27T14:07Z","OSBS.2016.30.CULERR.F.T","OSBS.2016.30.CULERR.F.T.17",40,
"3f149ed0-d330-4a51-801b-3d0eb95ba44f","OSBS","D03","OSBS","2016-07-25T20:52Z","2016-07-27T14:07Z","OSBS.2016.30.CULERR.F.T","OSBS.2016.30.CULERR.F.T.06",40,
"30a8ede3-1f10-41ed-8c95-df1f5a1fecf0","OSBS","D03","OSBS","2016-07-25T20:52Z","2016-07-27T14:07Z","OSBS.2016.30.CULERR.F.T","OSBS.2016.30.CULERR.F.T.29",40,
"4c0b4ac8-aae8-4e3a-9f85-a821f755ab58","OSBS","D03","OSBS","2016-07-25T20:52Z","2016-07-27T14:07Z","OSBS.2016.30.CULERR.F.T","OSBS.2016.30.CULERR.F.T.44",39,
"185507c1-bfb0-413e-8e5d-b77cece7e920","OSBS","D03","OSBS","2016-07-25T20:52Z","2016-07-27T14:07Z","OSBS.2016.30.CULERR.F.T","OSBS.2016.30.CULERR.F.T.42",39,
"5bb7c774-37e0-440f-b856-f5f8f968662e","OSBS","D03","OSBS","2016-07-25T20:52Z","2016-07-27T14:07Z","OSBS.2016.30.CULERR.F.T","OSBS.2016.30.CULERR.F.T.40",40,
"f2ba7aaa-d301-4d04-bcb4-988d13134ca5","OSBS","D03","OSBS","2016-07-25T20:52Z","2016-07-27T14:07Z","OSBS.2016.30.CULERR.F.T","OSBS.2016.30.CULERR.F.T.31",40,
"564cc6ca-52dd-4030-b14e-0cbcfb6c71ef","OSBS","D03","OSBS","2016-07-25T20:52Z","2016-07-27T14:07Z","OSBS.2016.30.CULERR.F.T","OSBS.2016.30.CULERR.F.T.35",40,
"99bb6132-fca4-4adc-b234-ada4e182bd49","OSBS","D03","OSBS","2016-07-25T20:52Z","2016-07-27T14:07Z","OSBS.2016.30.CULERR.F.T","OSBS.2016.30.CULERR.F.T.25",40,
"4be4d09e-55bd-40d4-808d-bd8bafa65588","OSBS","D03","OSBS","2016-07-25T20:52Z","2016-07-27T14:07Z","OSBS.2016.30.CULERR.F.T","OSBS.2016.30.CULERR.F.T.41",39,
"2699c66d-c8b4-4f78-aaa0-7f9d5b6d7ccd","OSBS","D03","OSBS","2016-07-25T20:52Z","2016-07-27T14:07Z","OSBS.2016.30.CULERR.F.T","OSBS.2016.30.CULERR.F.T.20",40,
"f32526b5-1783-47eb-8e1c-abbfd2df68d6","OSBS","D03","OSBS","2016-07-25T20:52Z","2016-07-27T14:07Z","OSBS.2016.30.CULERR.F.T","OSBS.2016.30.CULERR.F.T.11",40,
"bac39f3e-101c-49f2-be19-9418d2cdefc2","OSBS","D03","OSBS","2016-07-25T20:52Z","2016-07-27T14:07Z","OSBS.2016.30.CULERR.F.T","OSBS.2016.30.CULERR.F.T.18",40,
"6cc62242-1b7b-43ca-b368-19670a9fb4a3","OSBS","D03","OSBS","2016-07-25T20:52Z","2016-07-27T14:07Z","OSBS.2016.30.CULERR.F.T","OSBS.2016.30.CULERR.F.T.45",39,
"6a708015-0765-4631-be03-490de204409a","OSBS","D03","OSBS","2016-07-25T20:52Z","2016-07-27T14:07Z","OSBS.2016.30.CULERR.F.T","OSBS.2016.30.CULERR.F.T.51",39,
"f6d8ddac-6bae-42e6-8109-0386b6be9e03","OSBS","D03","OSBS","2016-07-25T20:52Z","2016-07-27T14:07Z","OSBS.2016.30.CULERR.F.T","OSBS.2016.30.CULERR.F.T.05",40,
"331555e3-d4b4-4f73-a742-d099bc6889d6","OSBS","D03","OSBS","2016-07-25T20:52Z","2016-07-27T14:07Z","OSBS.2016.30.CULERR.F.T","OSBS.2016.30.CULERR.F.T.36",40,
"d4f7a275-84fc-49ad-b647-db19722b2ffc","OSBS","D03","OSBS","2016-07-25T20:52Z","2016-07-27T14:07Z","OSBS.2016.30.CULERR.F.T","OSBS.2016.30.CULERR.F.T.37",40,
"ffb13b8e-ddfb-42f3-99ae-55b0e984e7aa","OSBS","D03","OSBS","2016-07-25T20:52Z","2016-07-27T14:07Z","OSBS.2016.30.CULERR.F.T","OSBS.2016.30.CULERR.F.T.46",39,
"58266dc0-470a-48e8-b30e-596340294c2a","OSBS","D03","OSBS","2016-07-25T20:52Z","2016-07-27T14:07Z","OSBS.2016.30.CULERR.F.T","OSBS.2016.30.CULERR.F.T.32",40,
"c32cc72a-b2d9-44c3-875c-14e900abab70","OSBS","D03","OSBS","2016-07-25T20:52Z","2016-07-27T14:07Z","OSBS.2016.30.CULERR.F.T","OSBS.2016.30.CULERR.F.T.23",40,
"ad5bdfee-addd-4341-9291-fecf5c567db1","OSBS","D03","OSBS","2016-07-25T20:52Z","2016-07-27T14:07Z","OSBS.2016.30.CULERR.F.T","OSBS.2016.30.CULERR.F.T.07",40,
"2ecf695f-9b56-4b1d-a09b-bc273e9ee279","OSBS","D03","OSBS","2016-07-25T20:52Z","2016-07-27T14:07Z","OSBS.2016.30.CULERR.F.T","OSBS.2016.30.CULERR.F.T.12",40,
"b0624796-7b6a-47b4-91fc-685d2c6056bd","OSBS","D03","OSBS","2016-07-25T20:52Z","2016-07-27T14:07Z","OSBS.2016.30.CULERR.F.T","OSBS.2016.30.CULERR.F.T.10",40,
"e9295783-6773-4129-a14e-88cbf8d73b39","OSBS","D03","OSBS","2016-07-25T20:52Z","2016-07-27T14:07Z","OSBS.2016.30.CULERR.F.T","OSBS.2016.30.CULERR.F.T.22",40,
"c2b4ea0f-d0a3-4645-8896-e07bfe1a51c9","OSBS","D03","OSBS","2016-07-25T20:52Z","2016-07-27T14:07Z","OSBS.2016.30.CULERR.F.T","OSBS.2016.30.CULERR.F.T.03",40,
"fe19e8b4-6b6b-40ca-96ed-f79dfadb6b31","OSBS","D03","OSBS","2016-07-25T20:52Z","2016-07-27T14:07Z","OSBS.2016.30.CULERR.F.T","OSBS.2016.30.CULERR.F.T.34",40,
"adc82a75-17ff-4f81-ab19-2fb4cf7d08bf","OSBS","D03","OSBS","2016-07-25T20:52Z","2016-07-27T14:07Z","OSBS.2016.30.CULERR.F.T","OSBS.2016.30.CULERR.F.T.39",40,
"e87dab36-2e52-4b97-95f9-f6fb69cdb89d","OSBS","D03","OSBS","2016-07-25T20:52Z","2016-07-27T14:07Z","OSBS.2016.30.CULERR.F.T","OSBS.2016.30.CULERR.F.T.27",40,
"8ee5eb16-b15c-4630-a548-66f0efc55086","OSBS","D03","OSBS","2016-07-25T20:52Z","2016-07-27T14:07Z","OSBS.2016.30.CULERR.F.T","OSBS.2016.30.CULERR.F.T.26",40,
"442741ae-0445-4343-9f57-0dee484a5c1d","OSBS","D03","OSBS","2016-07-25T20:52Z","2016-07-27T14:07Z","OSBS.2016.30.CULERR.F.T","OSBS.2016.30.CULERR.F.T.50",39,
"66e31314-5772-4966-a84c-cb04ebe5a15a","OSBS","D03","OSBS","2016-07-25T20:52Z","2016-07-27T14:07Z","OSBS.2016.30.CULERR.F.T","OSBS.2016.30.CULERR.F.T.02",40,
"4ad5cee8-6252-4665-be92-8e643f8775b4","OSBS","D03","OSBS","2016-07-25T20:52Z","2016-07-27T14:07Z","OSBS.2016.30.CULERR.F.T","OSBS.2016.30.CULERR.F.T.13",40,
"86da2bac-ca01-4ea9-8f23-829752c4689c","OSBS","D03","OSBS","2016-07-25T20:52Z","2016-07-27T14:07Z","OSBS.2016.30.CULERR.F.T","OSBS.2016.30.CULERR.F.T.15",40,
"4bd05523-8c0e-4979-8688-594bf93646d7","OSBS","D03","OSBS","2016-07-25T20:52Z","2016-07-27T14:07Z","OSBS.2016.30.CULERR.F.T","OSBS.2016.30.CULERR.F.T.04",40,
"db68841b-6875-48fc-83d9-e3e58ef64ae2","OSBS","D03","OSBS","2016-07-25T20:52Z","2016-07-27T14:07Z","OSBS.2016.30.CULERR.F.T","OSBS.2016.30.CULERR.F.T.49",39,
"59579373-02e0-435e-ad82-9da030148348","OSBS","D03","OSBS","2016-07-25T20:52Z","2016-07-27T14:07Z","OSBS.2016.30.CULERR.F.T","OSBS.2016.30.CULERR.F.T.08",40,
"b4e22565-f9be-4803-9551-ee695fb281e8","OSBS","D03","OSBS","2016-07-25T20:52Z","2016-07-27T14:07Z","OSBS.2016.30.CULERR.F.T","OSBS.2016.30.CULERR.F.T.33",40,
"f3726c58-0a20-4c78-beaa-bade702d89d2","OSBS","D03","OSBS","2016-07-25T20:52Z","2016-07-27T14:07Z","OSBS.2016.30.CULERR.F.T","OSBS.2016.30.CULERR.F.T.47",39,
"7643ddda-e373-42da-91c3-ad5b83a5951d","OSBS","D03","OSBS","2016-07-25T20:52Z","2016-07-27T14:07Z","OSBS.2016.30.CULERR.F.T","OSBS.2016.30.CULERR.F.T.30",40,
"fb90374b-3a49-40f0-a9e8-4ac2a14f6653","OSBS","D03","OSBS","2016-07-25T20:52Z","2016-07-27T14:07Z","OSBS.2016.30.CULERR.F.T","OSBS.2016.30.CULERR.F.T.01",40,
"732da351-93b6-4f15-adb5-930e6c33fd44","OSBS","D03","OSBS","2016-07-25T21:03Z","2016-07-27T14:07Z","OSBS.2016.30.CULNIG.F.T","OSBS.2016.30.CULNIG.F.T.01",35,
"9aa5b4f1-b518-4701-b6db-21a016ab25d6","OSBS","D03","OSBS","2016-07-25T21:03Z","2016-07-27T14:07Z","OSBS.2016.30.CULNIG.F.T","OSBS.2016.30.CULNIG.F.T.02",35,
