uid,namedLocation,domainID,siteID,nlcdClass,decimalLatitude,decimalLongitude,geodeticDatum,coordinateUncertainty,elevation,elevationUncertainty,startCollectDate,endCollectDate,receivedDate,testedDate,testingVialID,deprecatedVialID,sampleCondition,testProtocolVersion,testMethod,testResult,testPathogenName,testNumber,finalResult,locus,percentIdentity,sequenceDatabase,sequenceDatabaseID,extractDepleted,remarks,testedBy,laboratoryName
"cbb25cc0-6c20-4699-a454-07856df76379","CPER","D10","CPER",,40.815536,-104.745591,"WGS84",,1654.0,,"2014-09-08T22:22Z","2014-09-10T16:12Z","2015-01-06T12:00Z","2015-01-07T12:00Z","CPER.2014.36.AEDDOR.F.T.01","CPER.2014.9.Aedes dorsalis.Female.T1","No known compromise","Other","PCR","Negative","BUNV",2,"N",,,,,"Y","testedDate may be inaccurate|sampleCompromised is unknown|testedBy may be inaccurate","Wp94RvOv+/IH+klBJiHvM/3a2EhfesxK","University of Illinois"
"e663f54f-9498-489d-9ab1-45ff91e55e42","CPER","D10","CPER",,40.815536,-104.745591,"WGS84",,1654.0,,"2014-09-08T22:22Z","2014-09-10T16:12Z","2015-01-06T12:00Z","2015-01-07T12:00Z","CPER.2014.36.AEDDOR.F.T.02","CPER.2014.9.Aedes dorsalis.Female.T2","No known compromise","Other","PCR","Negative","BUNV",2,"N",,,,,"Y","testedDate may be inaccurate|sampleCompromised is unknown|testedBy may be inaccurate","Wp94RvOv+/IH+klBJiHvM/3a2EhfesxK","University of Illinois"
"3c1a9735-d094-46be-8a00-92f0d4749287","CPER","D10","CPER",,40.815536,-104.745591,"WGS84",,1654.0,,"2014-09-08T22:22Z","2014-09-10T16:12Z","2015-01-06T12:00Z","2015-01-07T12:00Z","CPER.2014.36.AEDDOR.F.T.01","CPER.2014.9.Aedes dorsalis.Female.T1","No known compromise","Other","PCR","Negative","TOGV",1,"N",,,,,"Y","testedDate may be inaccurate|sampleCompromised is unknown|testedBy may be inaccurate","Wp94RvOv+/IH+klBJiHvM/3a2EhfesxK","University of Illinois"
"82813e65-cd8a-493d-b8ae-2d1d3c7db983","CPER","D10","CPER",,40.815536,-104.745591,"WGS84",,1654.0,,"2014-09-08T22:22Z","2014-09-10T16:12Z","2015-01-06T12:00Z","2015-01-07T12:00Z","CPER.2014.36.AEDDOR.F.T.01","CPER.2014.9.Aedes dorsalis.Female.T1","No known compromise","Other","PCR","Negative","FLAV",3,"Y",,,,,"Y","testedDate may be inaccurate|sampleCompromised is unknown|testedBy may be inaccurate","Wp94RvOv+/IH+klBJiHvM/3a2EhfesxK","University of Illinois"
"5de330ab-4f7f-4b99-a41d-bc1d0c01c8f5","CPER","D10","CPER",,40.815536,-104.745591,"WGS84",,1654.0,,"2014-09-08T22:22Z","2014-09-10T16:12Z","2015-01-06T12:00Z","2015-01-07T12:00Z","CPER.2014.36.AEDDOR.F.T.02","CPER.2014.9.Aedes dorsalis.Female.T2","No known compromise","Other","PCR","Negative","FLAV",3,"Y",,,,,"Y","testedDate may be inaccurate|sampleCompromised is unknown|testedBy may be inaccurate","Wp94RvOv+/IH+klBJiHvM/3a2EhfesxK","University of Illinois"
"c10a6edf-6aca-4441-a56b-cb35708ec8a2","CPER","D10","CPER",,40.815536,-104.745591,"WGS84",,1654.0,,"2014-09-08T22:22Z","2014-09-10T16:12Z","2015-01-06T12:00Z","2015-01-07T12:00Z","CPER.2014.36.AEDDOR.F.T.02","CPER.2014.9.Aedes dorsalis.Female.T2","No known compromise","Other","PCR","Negative","TOGV",1,"N",,,,,"Y","testedDate may be inaccurate|sampleCompromised is unknown|testedBy may be inaccurate","Wp94RvOv+/IH+klBJiHvM/3a2EhfesxK","University of Illinois"
"47722199-f426-4dee-833b-b5d485006764","CPER","D10","CPER",,40.815536,-104.745591,"WGS84",,1654.0,,"2014-09-08T22:38Z","2014-09-09T15:39Z","2015-01-06T12:00Z","2015-01-07T12:00Z","CPER.2014.36.CULTAR.F.T.01","CPER.2014.8.Culex tarsalis.Female.T1","No known compromise","Other","PCR","Negative","BUNV",2,"N",,,,,"Y","testedDate may be inaccurate|sampleCompromised is unknown|testedBy may be inaccurate","Wp94RvOv+/IH+klBJiHvM/3a2EhfesxK","University of Illinois"
"7c397fda-627e-4bbc-b070-383141b39053","CPER","D10","CPER",,40.815536,-104.745591,"WGS84",,1654.0,,"2014-09-08T22:38Z","2014-09-09T15:39Z","2015-01-06T12:00Z","2015-01-07T12:00Z","CPER.2014.36.CULTAR.F.T.01","CPER.2014.8.Culex tarsalis.Female.T1","No known compromise","Other","PCR","Negative","TOGV",1,"N",,,,,"Y","testedDate may be inaccurate|sampleCompromised is unknown|testedBy may be inaccurate","Wp94RvOv+/IH+klBJiHvM/3a2EhfesxK","University of Illinois"
"1b4ea31a-e267-4706-a072-dfe4ad4ae631","CPER","D10","CPER",,40.815536,-104.745591,"WGS84",,1654.0,,"2014-09-08T22:38Z","2014-09-09T15:39Z","2015-01-06T12:00Z","2015-01-07T12:00Z","CPER.2014.36.CULTAR.F.T.01","CPER.2014.8.Culex tarsalis.Female.T1","No known compromise","Other","PCR","Negative","FLAV",3,"Y",,,,,"Y","testedDate may be inaccurate|sampleCompromised is unknown|testedBy may be inaccurate","Wp94RvOv+/IH+klBJiHvM/3a2EhfesxK","University of Illinois"
