uid,namedLocation,domainID,siteID,nlcdClass,decimalLatitude,decimalLongitude,geodeticDatum,coordinateUncertainty,elevation,elevationUncertainty,startCollectDate,endCollectDate,receivedDate,testedDate,testingVialID,deprecatedVialID,sampleCondition,testProtocolVersion,testMethod,testResult,testPathogenName,testNumber,finalResult,locus,percentIdentity,sequenceDatabase,sequenceDatabaseID,extractDepleted,remarks,testedBy,laboratoryName
"908a0215-87c6-4152-89c4-914b90b941de","STER","D10","STER",,40.461894,-103.029290,"WGS84",,1364.0,,"2014-07-07T23:32Z","2014-07-09T14:37Z","2015-01-06T12:00Z","2015-01-07T12:00Z","STER.2014.27.AEDDOR.F.T.01","STER.2014.2.Aedes dorsalis.Female.T1","No known compromise","Other","PCR","Negative","TOGV",1,"N",,,,,"Y","testedDate may be inaccurate|sampleCompromised is unknown|testedBy may be inaccurate","Wp94RvOv+/IH+klBJiHvM/3a2EhfesxK","University of Illinois"
"7a8beb70-06f2-4587-a4bd-e75992d9f8a6","STER","D10","STER",,40.461894,-103.029290,"WGS84",,1364.0,,"2014-07-07T23:32Z","2014-07-09T14:37Z","2015-01-06T12:00Z","2015-01-07T12:00Z","STER.2014.27.AEDDOR.F.T.03","STER.2014.2.Aedes dorsalis.Female.T3","No known compromise","Other","PCR","Negative","TOGV",1,"N",,,,,"Y","testedDate may be inaccurate|sampleCompromised is unknown|testedBy may be inaccurate","Wp94RvOv+/IH+klBJiHvM/3a2EhfesxK","University of Illinois"
"db681ec4-67fe-4c92-b068-c5388d2fc130","STER","D10","STER",,40.461894,-103.029290,"WGS84",,1364.0,,"2014-07-07T23:32Z","2014-07-09T14:37Z","2015-01-06T12:00Z","2015-01-07T12:00Z","STER.2014.27.AEDDOR.F.T.02","STER.2014.2.Aedes dorsalis.Female.T2","No known compromise","Other","PCR","Negative","TOGV",1,"N",,,,,"Y","testedDate may be inaccurate|sampleCompromised is unknown|testedBy may be inaccurate","Wp94RvOv+/IH+klBJiHvM/3a2EhfesxK","University of Illinois"
"8cb4e951-f826-4527-bc02-36e2f43e4a23","STER","D10","STER",,40.461894,-103.029290,"WGS84",,1364.0,,"2014-07-07T23:32Z","2014-07-09T14:37Z","2015-01-06T12:00Z","2015-01-07T12:00Z","STER.2014.27.AEDDOR.F.T.01","STER.2014.2.Aedes dorsalis.Female.T1","No known compromise","Other","PCR","Negative","FLAV",3,"Y",,,,,"Y","testedDate may be inaccurate|sampleCompromised is unknown|testedBy may be inaccurate","Wp94RvOv+/IH+klBJiHvM/3a2EhfesxK","University of Illinois"
"6a755ca5-f550-457c-b76c-60377ba92570","STER","D10","STER",,40.461894,-103.029290,"WGS84",,1364.0,,"2014-07-07T23:32Z","2014-07-09T14:37Z","2015-01-06T12:00Z","2015-01-07T12:00Z","STER.2014.27.AEDDOR.F.T.03","STER.2014.2.Aedes dorsalis.Female.T3","No known compromise","Other","PCR","Negative","FLAV",3,"Y",,,,,"Y","testedDate may be inaccurate|sampleCompromised is unknown|testedBy may be inaccurate","Wp94RvOv+/IH+klBJiHvM/3a2EhfesxK","University of Illinois"
"b7c41891-cf91-43ab-8d69-86e28372291a","STER","D10","STER",,40.461894,-103.029290,"WGS84",,1364.0,,"2014-07-07T23:32Z","2014-07-09T14:37Z","2015-01-06T12:00Z","2015-01-07T12:00Z","STER.2014.27.AEDDOR.F.T.02","STER.2014.2.Aedes dorsalis.Female.T2","No known compromise","Other","PCR","Negative","FLAV",3,"Y",,,,,"Y","testedDate may be inaccurate|sampleCompromised is unknown|testedBy may be inaccurate","Wp94RvOv+/IH+klBJiHvM/3a2EhfesxK","University of Illinois"
"ba3a449c-e6bd-417b-a773-f945e8bde013","STER","D10","STER",,40.461894,-103.029290,"WGS84",,1364.0,,"2014-07-07T23:32Z","2014-07-09T14:37Z","2015-01-06T12:00Z","2015-01-07T12:00Z","STER.2014.27.AEDDOR.F.T.02","STER.2014.2.Aedes dorsalis.Female.T2","No known compromise","Other","PCR","Negative","BUNV",2,"N",,,,,"Y","testedDate may be inaccurate|sampleCompromised is unknown|testedBy may be inaccurate","Wp94RvOv+/IH+klBJiHvM/3a2EhfesxK","University of Illinois"
"4cab005b-ed3a-419d-b978-acbc93bafb0d","STER","D10","STER",,40.461894,-103.029290,"WGS84",,1364.0,,"2014-07-07T23:32Z","2014-07-09T14:37Z","2015-01-06T12:00Z","2015-01-07T12:00Z","STER.2014.27.AEDDOR.F.T.03","STER.2014.2.Aedes dorsalis.Female.T3","No known compromise","Other","PCR","Negative","BUNV",2,"N",,,,,"Y","testedDate may be inaccurate|sampleCompromised is unknown|testedBy may be inaccurate","Wp94RvOv+/IH+klBJiHvM/3a2EhfesxK","University of Illinois"
"1ef19774-fdf5-4295-b357-86721ecb6626","STER","D10","STER",,40.461894,-103.029290,"WGS84",,1364.0,,"2014-07-07T23:32Z","2014-07-09T14:37Z","2015-01-06T12:00Z","2015-01-07T12:00Z","STER.2014.27.AEDDOR.F.T.01","STER.2014.2.Aedes dorsalis.Female.T1","No known compromise","Other","PCR","Negative","BUNV",2,"N",,,,,"Y","testedDate may be inaccurate|sampleCompromised is unknown|testedBy may be inaccurate","Wp94RvOv+/IH+klBJiHvM/3a2EhfesxK","University of Illinois"
