uid,namedLocation,domainID,siteID,startCollectDate,endCollectDate,testingID,testingVialID,poolSize,dataQF
"218712d0-dec3-48b9-8456-73f5bc44a4ca","STEI","D05","STEI","2016-08-31T22:24Z","2016-09-02T12:35Z","STEI.2016.35.AEDVEX.F.T","STEI.2016.35.AEDVEX.F.T.02",35,
"d3a5f5a1-523e-45c0-993e-d9e589dc342c","STEI","D05","STEI","2016-08-31T22:24Z","2016-09-02T12:35Z","STEI.2016.35.AEDCIN.F.T","STEI.2016.35.AEDCIN.F.T.01",30,
"b917d570-bd28-453e-ab2f-c53a76389e21","STEI","D05","STEI","2016-08-31T22:24Z","2016-09-02T12:35Z","STEI.2016.35.AEDCIN.F.T","STEI.2016.35.AEDCIN.F.T.03",29,
"3b6446ce-2dd7-43ce-b7db-1e6f42e6e046","STEI","D05","STEI","2016-08-31T22:24Z","2016-09-02T12:35Z","STEI.2016.35.AEDCIN.F.T","STEI.2016.35.AEDCIN.F.T.02",29,
"6fc17261-974a-468c-a5f7-ec8221f5e6d4","STEI","D05","STEI","2016-08-31T22:24Z","2016-09-02T12:35Z","STEI.2016.35.AEDVEX.F.T","STEI.2016.35.AEDVEX.F.T.05",34,
"ae08384a-e0e0-4f89-9045-d85776626af9","STEI","D05","STEI","2016-08-31T22:24Z","2016-09-02T12:35Z","STEI.2016.35.AEDVEX.F.T","STEI.2016.35.AEDVEX.F.T.06",34,
"17ffe0e8-345b-42d8-93fa-28da14c9140f","STEI","D05","STEI","2016-08-31T22:24Z","2016-09-02T12:35Z","STEI.2016.35.AEDVEX.F.T","STEI.2016.35.AEDVEX.F.T.01",35,
"2628fe0b-1a4a-44e5-a49e-14d4a500efa8","STEI","D05","STEI","2016-08-31T22:24Z","2016-09-02T12:35Z","STEI.2016.35.AEDVEX.F.T","STEI.2016.35.AEDVEX.F.T.03",35,
"fde500f3-c4cf-4482-85d7-50a958269cee","STEI","D05","STEI","2016-08-31T22:24Z","2016-09-02T12:35Z","STEI.2016.35.AEDVEX.F.T","STEI.2016.35.AEDVEX.F.T.04",35,
"487e6d0b-0e60-4e4e-91d3-94f29b470e40","STEI","D05","STEI","2016-08-31T22:24Z","2016-09-02T12:35Z","STEI.2016.35.AEDVEX.F.T","STEI.2016.35.AEDVEX.F.T.07",34,
"f1f7bda8-1f05-4ea1-a2f1-6c05b848a25d","STEI","D05","STEI","2016-08-31T22:43Z","2016-09-02T01:18Z","STEI.2016.35.AEDSTI.F.T","STEI.2016.35.AEDSTI.F.T.01",25,
"e74a5b97-0a49-4bb6-97c1-2d682eecc8c6","STEI","D05","STEI","2016-08-31T22:43Z","2016-09-02T11:50Z","STEI.2016.35.AEDCAN2.F.T","STEI.2016.35.AEDCAN2.F.T.09",37,
"54151ddd-6560-4f93-b8a1-e8aec23b6ebf","STEI","D05","STEI","2016-08-31T22:43Z","2016-09-02T11:50Z","STEI.2016.35.AEDCAN2.F.T","STEI.2016.35.AEDCAN2.F.T.06",38,
"e35ae9f3-d710-4652-8dbb-373309a80709","STEI","D05","STEI","2016-08-31T22:43Z","2016-09-02T11:50Z","STEI.2016.35.AEDCAN2.F.T","STEI.2016.35.AEDCAN2.F.T.05",38,
"88802da2-13f3-41bc-ae83-f719dbd61ded","STEI","D05","STEI","2016-08-31T22:43Z","2016-09-02T11:50Z","STEI.2016.35.AEDCAN2.F.T","STEI.2016.35.AEDCAN2.F.T.08",37,
"0c6d4116-1fa0-412a-bc67-7902a748a9c7","STEI","D05","STEI","2016-08-31T22:43Z","2016-09-02T11:50Z","STEI.2016.35.AEDCAN2.F.T","STEI.2016.35.AEDCAN2.F.T.03",38,
"6b08fa8a-09bc-4916-81dc-7e2428d8d817","STEI","D05","STEI","2016-08-31T22:43Z","2016-09-02T11:50Z","STEI.2016.35.AEDCAN2.F.T","STEI.2016.35.AEDCAN2.F.T.10",37,
"448e8099-b6b5-4bd5-bd1b-4e37b0069fa4","STEI","D05","STEI","2016-08-31T22:43Z","2016-09-02T11:50Z","STEI.2016.35.AEDCAN2.F.T","STEI.2016.35.AEDCAN2.F.T.07",38,
"09428426-8015-4442-a1f0-c30cbc4619b0","STEI","D05","STEI","2016-08-31T22:43Z","2016-09-02T11:50Z","STEI.2016.35.AEDCAN2.F.T","STEI.2016.35.AEDCAN2.F.T.04",38,
"dbeec0be-5ee4-4360-9318-fc45004e644b","STEI","D05","STEI","2016-08-31T22:43Z","2016-09-02T11:50Z","STEI.2016.35.AEDCAN2.F.T","STEI.2016.35.AEDCAN2.F.T.01",38,
"5d6c7cbf-7b48-4f84-afd1-4a4d74c4b865","STEI","D05","STEI","2016-08-31T22:43Z","2016-09-02T11:50Z","STEI.2016.35.AEDCAN2.F.T","STEI.2016.35.AEDCAN2.F.T.02",38,
"74a68a41-7623-4bbe-8d51-932ec23e2546","STEI","D05","STEI","2016-08-31T22:56Z","2016-09-02T12:14Z","STEI.2016.35.AEDEXC.F.T","STEI.2016.35.AEDEXC.F.T.01",13,
"6abf9fdd-1e3a-45d1-80a0-9cc60ce3e5b1","STEI","D05","STEI","2016-09-28T22:30Z","2016-09-30T13:00Z","STEI.2016.39.AEDVEX.F.T","STEI.2016.39.AEDVEX.F.T.05",35,
"7e1ff424-a8f9-4620-984f-60e62e0cd287","STEI","D05","STEI","2016-09-28T22:30Z","2016-09-30T13:00Z","STEI.2016.39.AEDVEX.F.T","STEI.2016.39.AEDVEX.F.T.08",35,
"a126c4a9-174d-45ef-acbc-a2f38c794b8a","STEI","D05","STEI","2016-09-28T22:30Z","2016-09-30T13:00Z","STEI.2016.39.AEDVEX.F.T","STEI.2016.39.AEDVEX.F.T.07",35,
"a3473fe4-d023-4d7b-a677-8bb62248eee9","STEI","D05","STEI","2016-09-28T22:30Z","2016-09-30T13:00Z","STEI.2016.39.AEDVEX.F.T","STEI.2016.39.AEDVEX.F.T.04",35,
"3b7d56e9-7ea6-4a62-9331-5261440fbf0e","STEI","D05","STEI","2016-09-28T22:30Z","2016-09-30T13:00Z","STEI.2016.39.AEDVEX.F.T","STEI.2016.39.AEDVEX.F.T.02",36,
"ed118f12-807b-4417-bb0a-10b8a44da18e","STEI","D05","STEI","2016-09-28T22:30Z","2016-09-30T13:00Z","STEI.2016.39.AEDVEX.F.T","STEI.2016.39.AEDVEX.F.T.01",36,
"41317ab9-c556-45cd-a488-94a57ffbbe22","STEI","D05","STEI","2016-09-28T22:30Z","2016-09-30T13:00Z","STEI.2016.39.AEDVEX.F.T","STEI.2016.39.AEDVEX.F.T.06",35,
"03df29ef-1908-43dc-a6c9-3e5fdfe32c05","STEI","D05","STEI","2016-09-28T22:30Z","2016-09-30T13:00Z","STEI.2016.39.AEDVEX.F.T","STEI.2016.39.AEDVEX.F.T.03",36,
"fd27b2ac-3095-4bb9-bed8-7f1b5c2bb958","STEI","D05","STEI","2016-09-28T22:43Z","2016-09-30T12:50Z","STEI.2016.39.AEDCAN2.F.T","STEI.2016.39.AEDCAN2.F.T.01",10,
