uid,namedLocation,domainID,siteID,startCollectDate,endCollectDate,testingID,testingVialID,poolSize,dataQF
"b7531ba2-890c-44bc-b23b-37336f51fecd","KONZ","D06","KONZ","2016-10-05T20:41Z","2016-10-06T13:55Z","KONZ.2016.40.CULTAR.F.T","KONZ.2016.40.CULTAR.F.T.01",26,
"5314b6cc-c6db-4ec7-ac28-fb3f4bb0dee1","KONZ","D06","KONZ","2016-10-05T20:41Z","2016-10-06T21:58Z","KONZ.2016.40.AEDVEX.F.T","KONZ.2016.40.AEDVEX.F.T.04",39,
"bd545011-49ca-4a48-8c8a-ef3e53959e5d","KONZ","D06","KONZ","2016-10-05T20:41Z","2016-10-06T21:58Z","KONZ.2016.40.AEDVEX.F.T","KONZ.2016.40.AEDVEX.F.T.01",39,
"3ef2db47-6a7a-4208-852e-b4d2a345d448","KONZ","D06","KONZ","2016-10-05T20:41Z","2016-10-06T21:58Z","KONZ.2016.40.AEDVEX.F.T","KONZ.2016.40.AEDVEX.F.T.03",39,
"bb0b0fa0-ecc1-4dfc-a3e2-31c1674d2c39","KONZ","D06","KONZ","2016-10-05T20:41Z","2016-10-06T21:58Z","KONZ.2016.40.AEDVEX.F.T","KONZ.2016.40.AEDVEX.F.T.02",39,
"5f1f35a5-a589-4c75-b27e-6c02a962281f","KONZ","D06","KONZ","2016-10-19T19:43Z","2016-10-21T13:58Z","KONZ.2016.42.AEDVEX.F.T","KONZ.2016.42.AEDVEX.F.T.01",16,
