uid,namedLocation,domainID,siteID,startCollectDate,endCollectDate,testingID,testingVialID,poolSize,dataQF
"c4847280-0879-4097-8119-e79991d32caf","LAJA","D04","LAJA","2016-08-31T21:27Z","2016-09-02T11:26Z","LAJA.2016.35.CULNIG.F.T","LAJA.2016.35.CULNIG.F.T.07",39,
"df0a7e47-60a0-4ba4-826d-7c777e30a973","LAJA","D04","LAJA","2016-08-31T21:27Z","2016-09-02T11:26Z","LAJA.2016.35.CULNIG.F.T","LAJA.2016.35.CULNIG.F.T.14",39,
"afd242aa-e829-4fa7-88fd-3a3086465502","LAJA","D04","LAJA","2016-08-31T21:27Z","2016-09-02T11:26Z","LAJA.2016.35.CULNIG.F.T","LAJA.2016.35.CULNIG.F.T.22",38,
"1b31dc68-3155-4dbb-b382-e4d40f8402a4","LAJA","D04","LAJA","2016-08-31T21:27Z","2016-09-02T11:26Z","LAJA.2016.35.CULNIG.F.T","LAJA.2016.35.CULNIG.F.T.16",39,
"e0e34039-bcb1-4703-a9cc-c6893232e8dc","LAJA","D04","LAJA","2016-08-31T21:27Z","2016-09-02T11:26Z","LAJA.2016.35.CULNIG.F.T","LAJA.2016.35.CULNIG.F.T.27",38,
"8c7e10ec-f7b1-4452-aa69-0f27d0603b01","LAJA","D04","LAJA","2016-08-31T21:27Z","2016-09-02T11:26Z","LAJA.2016.35.CULNIG.F.T","LAJA.2016.35.CULNIG.F.T.17",39,
"22ae913a-7cc1-4298-828c-2dc61dfac55a","LAJA","D04","LAJA","2016-08-31T21:27Z","2016-09-02T11:26Z","LAJA.2016.35.CULNIG.F.T","LAJA.2016.35.CULNIG.F.T.04",39,
"7fa93eb7-c353-4099-bdc4-d2afe0471665","LAJA","D04","LAJA","2016-08-31T21:27Z","2016-09-02T11:26Z","LAJA.2016.35.CULNIG.F.T","LAJA.2016.35.CULNIG.F.T.10",39,
"9c43b0e1-2ce0-4f92-9ed4-292c25b49981","LAJA","D04","LAJA","2016-08-31T21:27Z","2016-09-02T11:26Z","LAJA.2016.35.AEDTOR1.F.T","LAJA.2016.35.AEDTOR1.F.T.01",14,
"9c3b47bb-297f-4c0d-8200-88e0ce69532e","LAJA","D04","LAJA","2016-08-31T21:27Z","2016-09-02T11:26Z","LAJA.2016.35.CULNIG.F.T","LAJA.2016.35.CULNIG.F.T.21",39,
"8e6f0bd9-0aad-4dbc-bac9-553b529fc1dc","LAJA","D04","LAJA","2016-08-31T21:27Z","2016-09-02T11:26Z","LAJA.2016.35.CULNIG.F.T","LAJA.2016.35.CULNIG.F.T.24",38,
"55e6386e-3b96-43b4-a0b6-5b5d0ac09e59","LAJA","D04","LAJA","2016-08-31T21:27Z","2016-09-02T11:26Z","LAJA.2016.35.CULNIG.F.T","LAJA.2016.35.CULNIG.F.T.19",39,
"c0068ac2-c729-4a9c-88fd-b6a2438ccb80","LAJA","D04","LAJA","2016-08-31T21:27Z","2016-09-02T11:26Z","LAJA.2016.35.CULNIG.F.T","LAJA.2016.35.CULNIG.F.T.20",39,
"17ab246c-2465-42dd-9682-6b95a604b1b0","LAJA","D04","LAJA","2016-08-31T21:27Z","2016-09-02T11:26Z","LAJA.2016.35.CULNIG.F.T","LAJA.2016.35.CULNIG.F.T.05",39,
"b5c33c0d-e732-4679-a013-281309bcb776","LAJA","D04","LAJA","2016-08-31T21:27Z","2016-09-02T11:26Z","LAJA.2016.35.CULNIG.F.T","LAJA.2016.35.CULNIG.F.T.18",39,
"c493c22a-a28d-4274-8865-83bf7654ad99","LAJA","D04","LAJA","2016-08-31T21:27Z","2016-09-02T11:26Z","LAJA.2016.35.CULNIG.F.T","LAJA.2016.35.CULNIG.F.T.01",39,
"5023cb9e-02a7-41b4-a5eb-f481511bf4c7","LAJA","D04","LAJA","2016-08-31T21:27Z","2016-09-02T11:26Z","LAJA.2016.35.CULNIG.F.T","LAJA.2016.35.CULNIG.F.T.08",39,
"61d32e88-5052-4b7d-ab43-dedbb0446f9a","LAJA","D04","LAJA","2016-08-31T21:27Z","2016-09-02T11:26Z","LAJA.2016.35.CULNIG.F.T","LAJA.2016.35.CULNIG.F.T.26",38,
"96bc1e05-2aa7-41a9-bf70-521a4a1f4900","LAJA","D04","LAJA","2016-08-31T21:27Z","2016-09-02T11:26Z","LAJA.2016.35.CULNIG.F.T","LAJA.2016.35.CULNIG.F.T.02",39,
"fda1b9ec-effa-41d9-8a28-8119f6832ed4","LAJA","D04","LAJA","2016-08-31T21:27Z","2016-09-02T11:26Z","LAJA.2016.35.CULNIG.F.T","LAJA.2016.35.CULNIG.F.T.23",38,
"268a48af-1fde-4767-9738-992d18c2fc7f","LAJA","D04","LAJA","2016-08-31T21:27Z","2016-09-02T11:26Z","LAJA.2016.35.CULNIG.F.T","LAJA.2016.35.CULNIG.F.T.15",39,
"fe8293a8-bf3d-41a7-bbb2-01c834f2a6cb","LAJA","D04","LAJA","2016-08-31T21:27Z","2016-09-02T11:26Z","LAJA.2016.35.CULNIG.F.T","LAJA.2016.35.CULNIG.F.T.09",39,
"69710ab3-67d7-44f9-854a-7dd1882b825e","LAJA","D04","LAJA","2016-08-31T21:27Z","2016-09-02T11:26Z","LAJA.2016.35.CULNIG.F.T","LAJA.2016.35.CULNIG.F.T.11",39,
"b7375023-524a-480f-afcd-716ec28f15e4","LAJA","D04","LAJA","2016-08-31T21:27Z","2016-09-02T11:26Z","LAJA.2016.35.CULNIG.F.T","LAJA.2016.35.CULNIG.F.T.06",39,
"0bdc89fa-5281-4acf-ae52-3207c674ae54","LAJA","D04","LAJA","2016-08-31T21:27Z","2016-09-02T11:26Z","LAJA.2016.35.CULNIG.F.T","LAJA.2016.35.CULNIG.F.T.03",39,
"9d9b2c5b-4c6b-4980-b741-aa54020a4e00","LAJA","D04","LAJA","2016-08-31T21:27Z","2016-09-02T11:26Z","LAJA.2016.35.CULNIG.F.T","LAJA.2016.35.CULNIG.F.T.25",38,
"52c3d291-57b8-4edc-a1fd-a36c520c5ef2","LAJA","D04","LAJA","2016-08-31T21:27Z","2016-09-02T11:26Z","LAJA.2016.35.CULNIG.F.T","LAJA.2016.35.CULNIG.F.T.12",39,
"179d6c66-6ac4-4c3f-b905-6d96a301ea89","LAJA","D04","LAJA","2016-08-31T21:27Z","2016-09-02T11:26Z","LAJA.2016.35.CULNIG.F.T","LAJA.2016.35.CULNIG.F.T.13",39,
"4f7d3ded-2eba-4333-9acc-bed85c3209f1","LAJA","D04","LAJA","2016-09-28T19:13Z","2016-09-30T11:09Z","LAJA.2016.39.AEDTOR1.F.T","LAJA.2016.39.AEDTOR1.F.T.01",21,
"c0e0420a-e210-4aac-9d46-b3d9710fcb06","LAJA","D04","LAJA","2016-09-28T19:13Z","2016-09-30T11:09Z","LAJA.2016.39.AEDTOR1.F.T","LAJA.2016.39.AEDTOR1.F.T.02",20,
"f4e3ec2f-5db8-489d-bb0b-be6f5b1173a9","LAJA","D04","LAJA","2016-09-28T19:13Z","2016-09-30T11:19Z","LAJA.2016.39.CULNIG.F.T","LAJA.2016.39.CULNIG.F.T.13",39,
"da55e436-048f-4e8f-b8e9-a8e4e844fe56","LAJA","D04","LAJA","2016-09-28T19:13Z","2016-09-30T11:19Z","LAJA.2016.39.CULNIG.F.T","LAJA.2016.39.CULNIG.F.T.03",39,
"2f319e24-8a2e-4dee-84c2-717498a13740","LAJA","D04","LAJA","2016-09-28T19:13Z","2016-09-30T11:19Z","LAJA.2016.39.CULNIG.F.T","LAJA.2016.39.CULNIG.F.T.32",39,
"27ca4772-dfeb-4dab-a5be-c1db5a6efecb","LAJA","D04","LAJA","2016-09-28T19:13Z","2016-09-30T11:19Z","LAJA.2016.39.CULNIG.F.T","LAJA.2016.39.CULNIG.F.T.18",39,
"02bfc1de-01fa-4808-9945-1f86d52e65dc","LAJA","D04","LAJA","2016-09-28T19:13Z","2016-09-30T11:19Z","LAJA.2016.39.CULNIG.F.T","LAJA.2016.39.CULNIG.F.T.26",39,
"3e86f15c-e632-4713-84b2-fc7fd64e088c","LAJA","D04","LAJA","2016-09-28T19:13Z","2016-09-30T11:19Z","LAJA.2016.39.CULNIG.F.T","LAJA.2016.39.CULNIG.F.T.27",39,
"65014687-f8fd-446d-bf4a-f256a033b10f","LAJA","D04","LAJA","2016-09-28T19:13Z","2016-09-30T11:19Z","LAJA.2016.39.CULNIG.F.T","LAJA.2016.39.CULNIG.F.T.04",39,
"229bd9bd-db5d-48dd-a1cb-49f8e586f1a6","LAJA","D04","LAJA","2016-09-28T19:13Z","2016-09-30T11:19Z","LAJA.2016.39.CULNIG.F.T","LAJA.2016.39.CULNIG.F.T.19",39,
"c15e1053-4f51-4a01-ae29-ad0ba8111d43","LAJA","D04","LAJA","2016-09-28T19:13Z","2016-09-30T11:19Z","LAJA.2016.39.CULNIG.F.T","LAJA.2016.39.CULNIG.F.T.25",39,
"69ff6421-4e7d-4f27-a84e-0dd9dc53e0f9","LAJA","D04","LAJA","2016-09-28T19:13Z","2016-09-30T11:19Z","LAJA.2016.39.CULNIG.F.T","LAJA.2016.39.CULNIG.F.T.24",39,
"4a1f0587-db97-4915-a991-1080abcdb958","LAJA","D04","LAJA","2016-09-28T19:13Z","2016-09-30T11:19Z","LAJA.2016.39.CULNIG.F.T","LAJA.2016.39.CULNIG.F.T.16",39,
"ea6ac79b-7cd8-4174-b102-efb4ff6f7a66","LAJA","D04","LAJA","2016-09-28T19:13Z","2016-09-30T11:19Z","LAJA.2016.39.CULNIG.F.T","LAJA.2016.39.CULNIG.F.T.22",39,
"8a5ab92b-f3f9-4196-b8b6-87543dd3cfed","LAJA","D04","LAJA","2016-09-28T19:13Z","2016-09-30T11:19Z","LAJA.2016.39.CULNIG.F.T","LAJA.2016.39.CULNIG.F.T.08",39,
"8b80b102-e03a-4afc-858d-288294df65c8","LAJA","D04","LAJA","2016-09-28T19:13Z","2016-09-30T11:19Z","LAJA.2016.39.CULNIG.F.T","LAJA.2016.39.CULNIG.F.T.31",39,
"9e9e9b26-72b6-4f21-b1b6-38e25394da81","LAJA","D04","LAJA","2016-09-28T19:13Z","2016-09-30T11:19Z","LAJA.2016.39.CULNIG.F.T","LAJA.2016.39.CULNIG.F.T.06",39,
"10521aea-978f-4496-af2a-24b00c22441d","LAJA","D04","LAJA","2016-09-28T19:13Z","2016-09-30T11:19Z","LAJA.2016.39.CULNIG.F.T","LAJA.2016.39.CULNIG.F.T.07",39,
"58762001-378e-41c1-942c-8fa05be7cb78","LAJA","D04","LAJA","2016-09-28T19:13Z","2016-09-30T11:19Z","LAJA.2016.39.CULNIG.F.T","LAJA.2016.39.CULNIG.F.T.30",39,
"d1628210-aedd-468a-b0d2-b4da67914f0d","LAJA","D04","LAJA","2016-09-28T19:13Z","2016-09-30T11:19Z","LAJA.2016.39.CULNIG.F.T","LAJA.2016.39.CULNIG.F.T.02",40,
"7c90336d-88eb-4998-ae68-9b07a22ea66a","LAJA","D04","LAJA","2016-09-28T19:13Z","2016-09-30T11:19Z","LAJA.2016.39.CULNIG.F.T","LAJA.2016.39.CULNIG.F.T.05",39,
"bc7622ed-4872-4247-8742-f542e30bc62e","LAJA","D04","LAJA","2016-09-28T19:13Z","2016-09-30T11:19Z","LAJA.2016.39.CULNIG.F.T","LAJA.2016.39.CULNIG.F.T.01",40,
"99c2e904-1c15-439c-b1a1-cce07d5b851d","LAJA","D04","LAJA","2016-09-28T19:13Z","2016-09-30T11:19Z","LAJA.2016.39.CULNIG.F.T","LAJA.2016.39.CULNIG.F.T.11",39,
"16741de4-32d5-4b92-8c02-340e4d7576fe","LAJA","D04","LAJA","2016-09-28T19:13Z","2016-09-30T11:19Z","LAJA.2016.39.CULNIG.F.T","LAJA.2016.39.CULNIG.F.T.10",39,
"4797ada2-e01f-492e-bef4-dd3ff1301458","LAJA","D04","LAJA","2016-09-28T19:13Z","2016-09-30T11:19Z","LAJA.2016.39.CULNIG.F.T","LAJA.2016.39.CULNIG.F.T.09",39,
"3d1f2c97-9473-4817-91c9-8170259ce847","LAJA","D04","LAJA","2016-09-28T19:13Z","2016-09-30T11:19Z","LAJA.2016.39.CULNIG.F.T","LAJA.2016.39.CULNIG.F.T.23",39,
"771803b3-714d-479f-bb67-175056eae65c","LAJA","D04","LAJA","2016-09-28T19:13Z","2016-09-30T11:19Z","LAJA.2016.39.CULNIG.F.T","LAJA.2016.39.CULNIG.F.T.15",39,
"69d219e8-706b-4c21-8c23-fbf32d83b3f4","LAJA","D04","LAJA","2016-09-28T19:13Z","2016-09-30T11:19Z","LAJA.2016.39.CULNIG.F.T","LAJA.2016.39.CULNIG.F.T.28",39,
"0739728f-ba36-4f8f-9dc0-8d56d7a4afab","LAJA","D04","LAJA","2016-09-28T19:13Z","2016-09-30T11:19Z","LAJA.2016.39.CULNIG.F.T","LAJA.2016.39.CULNIG.F.T.17",39,
"d54e640e-e9db-447e-ad3b-35f8c4a87a6a","LAJA","D04","LAJA","2016-09-28T19:13Z","2016-09-30T11:19Z","LAJA.2016.39.CULNIG.F.T","LAJA.2016.39.CULNIG.F.T.14",39,
"46764b25-ae30-4590-9a48-b22852c4e361","LAJA","D04","LAJA","2016-09-28T19:13Z","2016-09-30T11:19Z","LAJA.2016.39.CULNIG.F.T","LAJA.2016.39.CULNIG.F.T.12",39,
"91316374-50bb-4aad-a780-157a8eeed936","LAJA","D04","LAJA","2016-09-28T19:13Z","2016-09-30T11:19Z","LAJA.2016.39.CULNIG.F.T","LAJA.2016.39.CULNIG.F.T.29",39,
"81efbc76-4451-485c-8ba1-d6cbfadb7da0","LAJA","D04","LAJA","2016-09-28T19:13Z","2016-09-30T11:19Z","LAJA.2016.39.CULNIG.F.T","LAJA.2016.39.CULNIG.F.T.20",39,
"c8ef1586-d046-4d71-9732-57e75dabb337","LAJA","D04","LAJA","2016-09-28T19:13Z","2016-09-30T11:19Z","LAJA.2016.39.CULNIG.F.T","LAJA.2016.39.CULNIG.F.T.21",39,
