uid,namedLocation,domainID,siteID,startCollectDate,endCollectDate,testingID,testingVialID,poolSize,dataQF
"8e6595b4-e2b6-4972-91dc-ed8563bcce36","OAES","D11","OAES","2016-06-14T00:10Z","2016-06-15T12:25Z","OAES.2016.24.AEDVEX.F.T","OAES.2016.24.AEDVEX.F.T.01",38,
"e77c8f99-ef88-425f-bfab-ce7440b5e148","OAES","D11","OAES","2016-06-14T00:10Z","2016-06-15T12:25Z","OAES.2016.24.CULTAR.F.T","OAES.2016.24.CULTAR.F.T.05",35,
"d01b0429-d9ab-4f21-860f-8213d630b323","OAES","D11","OAES","2016-06-14T00:10Z","2016-06-15T12:25Z","OAES.2016.24.AEDVEX.F.T","OAES.2016.24.AEDVEX.F.T.02",38,
"9f7ecbe4-bb64-4a45-8904-ec1041ecf310","OAES","D11","OAES","2016-06-14T00:10Z","2016-06-15T12:25Z","OAES.2016.24.AEDNIG.F.T","OAES.2016.24.AEDNIG.F.T.01",36,
"087847fa-8329-40a9-85bc-17995c38226d","OAES","D11","OAES","2016-06-14T00:10Z","2016-06-15T12:25Z","OAES.2016.24.AEDNIG.F.T","OAES.2016.24.AEDNIG.F.T.05",35,
"b1a8d79f-fa37-4485-8404-f1d8369c8fd4","OAES","D11","OAES","2016-06-14T00:10Z","2016-06-15T12:25Z","OAES.2016.24.AEDNIG.F.T","OAES.2016.24.AEDNIG.F.T.06",35,
"203e9e54-2e59-455e-a2a3-ac042389a810","OAES","D11","OAES","2016-06-14T00:10Z","2016-06-15T12:25Z","OAES.2016.24.AEDNIG.F.T","OAES.2016.24.AEDNIG.F.T.03",35,
"b59159cc-957d-48ee-9701-c73e67cfefa6","OAES","D11","OAES","2016-06-14T00:10Z","2016-06-15T12:25Z","OAES.2016.24.AEDNIG.F.T","OAES.2016.24.AEDNIG.F.T.04",35,
"47a062ba-f2e7-4077-8186-41a5b65bddd5","OAES","D11","OAES","2016-06-14T00:10Z","2016-06-15T12:25Z","OAES.2016.24.AEDNIG.F.T","OAES.2016.24.AEDNIG.F.T.02",36,
"4a9c3287-0668-4334-8b79-94579c253c9c","OAES","D11","OAES","2016-06-14T00:10Z","2016-06-15T12:25Z","OAES.2016.24.AEDNIG.F.T","OAES.2016.24.AEDNIG.F.T.07",35,
"fbead2eb-b6c6-46c7-a8ba-6f00147c1453","OAES","D11","OAES","2016-06-14T00:10Z","2016-06-15T12:25Z","OAES.2016.24.CULTAR.F.T","OAES.2016.24.CULTAR.F.T.02",36,
"c7fb6147-13be-4949-9fa1-f5d0ec202c21","OAES","D11","OAES","2016-06-14T00:10Z","2016-06-15T12:25Z","OAES.2016.24.CULTAR.F.T","OAES.2016.24.CULTAR.F.T.06",35,
"fea85c5c-dcc1-422f-96c9-f603c2b9716f","OAES","D11","OAES","2016-06-14T00:10Z","2016-06-15T12:25Z","OAES.2016.24.CULTAR.F.T","OAES.2016.24.CULTAR.F.T.01",36,
"367b165f-e6d9-4d25-95d2-b31be9ac599d","OAES","D11","OAES","2016-06-14T00:10Z","2016-06-15T12:25Z","OAES.2016.24.CULTAR.F.T","OAES.2016.24.CULTAR.F.T.03",36,
"55422981-6e02-447b-91ee-cbd49311e801","OAES","D11","OAES","2016-06-14T00:10Z","2016-06-15T12:25Z","OAES.2016.24.CULTAR.F.T","OAES.2016.24.CULTAR.F.T.04",36,
"3d8e5ab6-cce6-492f-bd03-64ba208bbf25","OAES","D11","OAES","2016-06-14T00:48Z","2016-06-15T12:25Z","OAES.2016.24.CULSAL.F.T","OAES.2016.24.CULSAL.F.T.01",28,
