uid,namedLocation,domainID,siteID,startCollectDate,endCollectDate,testingID,testingVialID,poolSize,dataQF
"7a44b3cc-51c2-4992-8ca7-e2c97833ddfb","CLBJ","D11","CLBJ","2016-10-10T22:02Z","2016-10-12T14:29Z","CLBJ.2016.41.CULERR.F.T","CLBJ.2016.41.CULERR.F.T.01",33,
"68be3c1b-a5bc-4727-904d-1f9106b29d15","CLBJ","D11","CLBJ","2016-10-10T22:02Z","2016-10-12T14:29Z","CLBJ.2016.41.CULTAR.F.T","CLBJ.2016.41.CULTAR.F.T.02",37,
"b1be9256-af25-4eea-a637-d7c510ae1e74","CLBJ","D11","CLBJ","2016-10-10T22:02Z","2016-10-12T14:29Z","CLBJ.2016.41.CULTAR.F.T","CLBJ.2016.41.CULTAR.F.T.03",36,
"146dd6e5-9e80-42db-b659-632da59ac16f","CLBJ","D11","CLBJ","2016-10-10T22:02Z","2016-10-12T14:29Z","CLBJ.2016.41.CULTAR.F.T","CLBJ.2016.41.CULTAR.F.T.01",37,
"30e27919-5be9-4269-8d38-b287bea9f5f5","CLBJ","D11","CLBJ","2016-10-10T22:02Z","2016-10-12T14:29Z","CLBJ.2016.41.CULTAR.F.T","CLBJ.2016.41.CULTAR.F.T.04",36,
"1c2f3721-3518-4243-9506-80129045f90f","CLBJ","D11","CLBJ","2016-10-10T22:02Z","2016-10-12T14:29Z","CLBJ.2016.41.AEDVEX.F.T","CLBJ.2016.41.AEDVEX.F.T.02",40,
"2ea7d6ef-cff0-4a05-846f-410b59f2518a","CLBJ","D11","CLBJ","2016-10-10T22:02Z","2016-10-12T14:29Z","CLBJ.2016.41.AEDVEX.F.T","CLBJ.2016.41.AEDVEX.F.T.01",40,
"1e578f06-a016-4049-b695-90a438a8dd13","CLBJ","D11","CLBJ","2016-10-10T22:02Z","2016-10-12T14:29Z","CLBJ.2016.41.CULCOR.F.T","CLBJ.2016.41.CULCOR.F.T.06",38,
"ff0ec400-7774-41ec-89fa-58b9bede5ef1","CLBJ","D11","CLBJ","2016-10-10T22:02Z","2016-10-12T14:29Z","CLBJ.2016.41.CULCOR.F.T","CLBJ.2016.41.CULCOR.F.T.04",38,
"76d85829-5f6a-4980-9c3d-f564b3d0fb9c","CLBJ","D11","CLBJ","2016-10-10T22:02Z","2016-10-12T14:29Z","CLBJ.2016.41.CULCOR.F.T","CLBJ.2016.41.CULCOR.F.T.02",38,
"215f43f1-0b9e-43e2-b33c-8ae1c747c4c1","CLBJ","D11","CLBJ","2016-10-10T22:02Z","2016-10-12T14:29Z","CLBJ.2016.41.CULCOR.F.T","CLBJ.2016.41.CULCOR.F.T.03",38,
"c607ced2-916d-4483-8a65-b637191fe88d","CLBJ","D11","CLBJ","2016-10-10T22:02Z","2016-10-12T14:29Z","CLBJ.2016.41.CULCOR.F.T","CLBJ.2016.41.CULCOR.F.T.05",38,
"ea454e0d-392d-46ad-96cd-7e330340df0e","CLBJ","D11","CLBJ","2016-10-10T22:02Z","2016-10-12T14:29Z","CLBJ.2016.41.CULCOR.F.T","CLBJ.2016.41.CULCOR.F.T.07",38,
"84ee6e6d-72b0-4b24-ae8e-f6419aba4f63","CLBJ","D11","CLBJ","2016-10-10T22:02Z","2016-10-12T14:29Z","CLBJ.2016.41.CULCOR.F.T","CLBJ.2016.41.CULCOR.F.T.01",38,
"41960403-6e65-4f9e-90ca-db4dcf4cf21e","CLBJ","D11","CLBJ","2016-10-10T22:02Z","2016-10-12T14:29Z","CLBJ.2016.41.CULCOR.F.T","CLBJ.2016.41.CULCOR.F.T.08",37,
"636c8688-fd48-4cc4-87b5-171eba3f0760","CLBJ","D11","CLBJ","2016-10-10T22:02Z","2016-10-12T14:29Z","CLBJ.2016.41.CULERR.F.T","CLBJ.2016.41.CULERR.F.T.02",32,
"8d3c72fc-8954-4959-9adc-2710ea1c92b1","CLBJ","D11","CLBJ","2016-10-10T22:41Z","2016-10-12T13:56Z","CLBJ.2016.41.CULNIG.F.T","CLBJ.2016.41.CULNIG.F.T.01",10,
"6ad61d05-638d-49d6-b87e-3e2d03873f90","CLBJ","D11","CLBJ","2016-10-24T20:59Z","2016-10-26T14:32Z","CLBJ.2016.43.CULTAR.F.T","CLBJ.2016.43.CULTAR.F.T.01",21,
"ac0d33e6-3cde-454c-ab2c-3eb389e34b59","CLBJ","D11","CLBJ","2016-10-24T20:59Z","2016-10-26T14:51Z","CLBJ.2016.43.AEDVEX.F.T","CLBJ.2016.43.AEDVEX.F.T.01",40,
"e50d813f-10c5-404b-9782-56a4f86eb5bb","CLBJ","D11","CLBJ","2016-10-24T20:59Z","2016-10-26T14:51Z","CLBJ.2016.43.AEDVEX.F.T","CLBJ.2016.43.AEDVEX.F.T.06",39,
"89d002a8-050f-42ef-877b-7900e82c33f7","CLBJ","D11","CLBJ","2016-10-24T20:59Z","2016-10-26T14:51Z","CLBJ.2016.43.AEDVEX.F.T","CLBJ.2016.43.AEDVEX.F.T.02",40,
"e1f99153-8421-4775-a947-fd3e64ee68f9","CLBJ","D11","CLBJ","2016-10-24T20:59Z","2016-10-26T14:51Z","CLBJ.2016.43.AEDVEX.F.T","CLBJ.2016.43.AEDVEX.F.T.04",39,
"91338263-fa51-4a75-bfdc-6119581e9c06","CLBJ","D11","CLBJ","2016-10-24T20:59Z","2016-10-26T14:51Z","CLBJ.2016.43.AEDVEX.F.T","CLBJ.2016.43.AEDVEX.F.T.05",39,
"38d4048e-65db-4f8e-b925-3955135920f8","CLBJ","D11","CLBJ","2016-10-24T20:59Z","2016-10-26T14:51Z","CLBJ.2016.43.AEDVEX.F.T","CLBJ.2016.43.AEDVEX.F.T.03",40,
"ebd7da43-faba-4fd6-8c0d-6520cd911a86","CLBJ","D11","CLBJ","2016-10-24T20:59Z","2016-10-26T14:57Z","CLBJ.2016.43.CULCOR.F.T","CLBJ.2016.43.CULCOR.F.T.03",37,
"d0a7fbaf-dd3a-4ac2-bd63-cc603ec4bf40","CLBJ","D11","CLBJ","2016-10-24T20:59Z","2016-10-26T14:57Z","CLBJ.2016.43.CULCOR.F.T","CLBJ.2016.43.CULCOR.F.T.02",37,
"ee585eb7-7bc8-44a9-a3eb-64436e6ce2da","CLBJ","D11","CLBJ","2016-10-24T20:59Z","2016-10-26T14:57Z","CLBJ.2016.43.CULCOR.F.T","CLBJ.2016.43.CULCOR.F.T.05",37,
"28ea5e9a-f367-4060-8343-bcf10719b573","CLBJ","D11","CLBJ","2016-10-24T20:59Z","2016-10-26T14:57Z","CLBJ.2016.43.CULCOR.F.T","CLBJ.2016.43.CULCOR.F.T.06",36,
"bc36b52b-92f1-48a4-b378-2b10b96441fc","CLBJ","D11","CLBJ","2016-10-24T20:59Z","2016-10-26T14:57Z","CLBJ.2016.43.CULCOR.F.T","CLBJ.2016.43.CULCOR.F.T.01",37,
"312ec177-02f3-486f-97e2-e919c02918c7","CLBJ","D11","CLBJ","2016-10-24T20:59Z","2016-10-26T14:57Z","CLBJ.2016.43.CULCOR.F.T","CLBJ.2016.43.CULCOR.F.T.04",37,
"4becc78d-3673-4c14-88de-e2fb43c61ccc","CLBJ","D11","CLBJ","2016-10-24T20:59Z","2016-10-26T14:57Z","CLBJ.2016.43.CULERR.F.T","CLBJ.2016.43.CULERR.F.T.01",26,
"614e8e56-935a-492d-8112-3209305a536e","CLBJ","D11","CLBJ","2016-10-24T20:59Z","2016-10-26T14:57Z","CLBJ.2016.43.CULSAL.F.T","CLBJ.2016.43.CULSAL.F.T.01",23,
