uid,namedLocation,domainID,siteID,startCollectDate,endCollectDate,testingID,testingVialID,poolSize,dataQF
"d9516bce-65eb-4df3-ae1e-2007766e4e14","TALL","D08","TALL","2016-07-06T21:23Z","2016-07-08T14:57Z","TALL.2016.27.AEDATL.F.T","TALL.2016.27.AEDATL.F.T.01",24,
"ded507c5-0f44-4c3b-be2c-9c3dbfe117f2","TALL","D08","TALL","2016-07-06T21:23Z","2016-07-08T14:57Z","TALL.2016.27.AEDATL.F.T","TALL.2016.27.AEDATL.F.T.02",24,
"c420280c-7e2b-47d1-b45d-0242bb69669e","TALL","D08","TALL","2016-07-19T21:50Z","2016-07-21T13:43Z","TALL.2016.29.CULERR.F.T","TALL.2016.29.CULERR.F.T.01",19,
"df8b2122-6ac6-4396-b678-ffc9b9c7b19d","TALL","D08","TALL","2016-07-19T22:52Z","2016-07-21T12:54Z","TALL.2016.29.AEDATL.F.T","TALL.2016.29.AEDATL.F.T.01",17,
