uid,namedLocation,domainID,siteID,startCollectDate,endCollectDate,testingID,testingVialID,poolSize,dataQF
"5f2a7602-1d09-4ede-b0f8-599411396b81","KONZ","D06","KONZ","2016-09-07T21:05Z","2016-09-09T13:58Z","KONZ.2016.36.AEDVEX.F.T","KONZ.2016.36.AEDVEX.F.T.02",38,
"c0f59060-1379-484b-bb86-76a847cefcd8","KONZ","D06","KONZ","2016-09-07T21:05Z","2016-09-09T13:58Z","KONZ.2016.36.AEDVEX.F.T","KONZ.2016.36.AEDVEX.F.T.01",38,
"d30feee9-4974-41f7-ac93-9c097bf266e6","KONZ","D06","KONZ","2016-09-07T21:05Z","2016-09-09T13:58Z","KONZ.2016.36.CULTAR.F.T","KONZ.2016.36.CULTAR.F.T.01",33,
"b40a8070-7f45-4629-8af4-773fd9ed5cd9","KONZ","D06","KONZ","2016-09-07T21:05Z","2016-09-09T13:58Z","KONZ.2016.36.AEDVEX.F.T","KONZ.2016.36.AEDVEX.F.T.03",37,
"e5a27aad-e002-45a6-a022-68251a466788","KONZ","D06","KONZ","2016-09-07T21:05Z","2016-09-09T13:58Z","KONZ.2016.36.AEDVEX.F.T","KONZ.2016.36.AEDVEX.F.T.04",37,
"06773f69-7c2d-48fd-b6c1-1cb5a3a2507e","KONZ","D06","KONZ","2016-09-07T21:24Z","2016-09-09T13:58Z","KONZ.2016.36.CULERR.F.T","KONZ.2016.36.CULERR.F.T.01",28,
"1b8cf816-021e-44ba-90dd-2e94dd31f3e0","KONZ","D06","KONZ","2016-09-07T21:24Z","2016-09-09T13:58Z","KONZ.2016.36.CULERR.F.T","KONZ.2016.36.CULERR.F.T.02",28,
"13c5728f-e195-44bf-8db3-31fcb8c4c3b7","KONZ","D06","KONZ","2016-09-21T20:52Z","2016-09-23T14:33Z","KONZ.2016.38.AEDVEX.F.T","KONZ.2016.38.AEDVEX.F.T.05",37,
"3b483bea-7348-4c2b-b23f-fb0db83bda7a","KONZ","D06","KONZ","2016-09-21T20:52Z","2016-09-23T14:33Z","KONZ.2016.38.AEDVEX.F.T","KONZ.2016.38.AEDVEX.F.T.03",38,
"2dd19988-7be9-4965-a619-377ebee55454","KONZ","D06","KONZ","2016-09-21T20:52Z","2016-09-23T14:33Z","KONZ.2016.38.AEDVEX.F.T","KONZ.2016.38.AEDVEX.F.T.04",37,
"97c3ef32-12b9-478e-a6c3-f085d5ad1f1b","KONZ","D06","KONZ","2016-09-21T20:52Z","2016-09-23T14:33Z","KONZ.2016.38.AEDVEX.F.T","KONZ.2016.38.AEDVEX.F.T.01",38,
"91c70ee8-d522-4cd2-8c27-ca74377bd752","KONZ","D06","KONZ","2016-09-21T20:52Z","2016-09-23T14:33Z","KONZ.2016.38.AEDVEX.F.T","KONZ.2016.38.AEDVEX.F.T.02",38,
"e3245dc4-6c55-4ba9-9412-98d4a3f75cae","KONZ","D06","KONZ","2016-09-21T20:52Z","2016-09-23T14:33Z","KONZ.2016.38.CULERR.F.T","KONZ.2016.38.CULERR.F.T.01",12,
"8958bc34-e88e-4929-a3e4-ebff7e87b817","KONZ","D06","KONZ","2016-09-21T20:52Z","2016-09-23T14:57Z","KONZ.2016.38.CULTAR.F.T","KONZ.2016.38.CULTAR.F.T.04",37,
"bd92b285-b5a9-47c3-98ce-671e00d56dff","KONZ","D06","KONZ","2016-09-21T20:52Z","2016-09-23T14:57Z","KONZ.2016.38.CULTAR.F.T","KONZ.2016.38.CULTAR.F.T.05",37,
"d0070f85-fa3c-425b-8724-2cc2545be94e","KONZ","D06","KONZ","2016-09-21T20:52Z","2016-09-23T14:57Z","KONZ.2016.38.CULTAR.F.T","KONZ.2016.38.CULTAR.F.T.02",37,
"73ccd13d-8f28-476f-9b3a-30290e0359ef","KONZ","D06","KONZ","2016-09-21T20:52Z","2016-09-23T14:57Z","KONZ.2016.38.CULTAR.F.T","KONZ.2016.38.CULTAR.F.T.01",38,
"c0af93ec-20f1-4c8c-9467-6e561bdd43ff","KONZ","D06","KONZ","2016-09-21T20:52Z","2016-09-23T14:57Z","KONZ.2016.38.CULTAR.F.T","KONZ.2016.38.CULTAR.F.T.03",37,
