uid,namedLocation,domainID,siteID,startCollectDate,endCollectDate,testingID,testingVialID,poolSize,dataQF
"38d83aae-2aca-4ebe-a17c-288f6e76da64","SERC","D02","SERC","2015-05-18T21:12Z","2015-05-20T13:25Z","SERC.2015.20.AEDCAN2.F.T","SERC.2015.20.AEDCAN2.F.T.10",39,
"c71ac340-adee-4cd6-8ba9-2fa869a88941","SERC","D02","SERC","2015-05-18T21:12Z","2015-05-20T13:25Z","SERC.2015.20.AEDCAN2.F.T","SERC.2015.20.AEDCAN2.F.T.03",39,
"5b46e687-c20e-4fd3-b848-fcee5af61b0c","SERC","D02","SERC","2015-05-18T21:12Z","2015-05-20T13:25Z","SERC.2015.20.AEDCAN2.F.T","SERC.2015.20.AEDCAN2.F.T.04",39,
"c57612be-b7d8-4c89-b515-f4d626e84c8a","SERC","D02","SERC","2015-05-18T21:12Z","2015-05-20T13:25Z","SERC.2015.20.AEDCAN2.F.T","SERC.2015.20.AEDCAN2.F.T.02",39,
"ddf560dd-9cca-4585-abaf-9357f3aa0137","SERC","D02","SERC","2015-05-18T21:12Z","2015-05-20T13:25Z","SERC.2015.20.AEDCAN2.F.T","SERC.2015.20.AEDCAN2.F.T.09",39,
"3aef8c68-d36f-455f-8d72-68f420a2b4d4","SERC","D02","SERC","2015-05-18T21:12Z","2015-05-20T13:25Z","SERC.2015.20.AEDCAN2.F.T","SERC.2015.20.AEDCAN2.F.T.11",39,
"73d306fa-8fa8-47ab-872b-ea7debc042ef","SERC","D02","SERC","2015-05-18T21:12Z","2015-05-20T13:25Z","SERC.2015.20.AEDCAN2.F.T","SERC.2015.20.AEDCAN2.F.T.14",38,
"6dddfed5-e57f-4df5-a489-199bdbb56afe","SERC","D02","SERC","2015-05-18T21:12Z","2015-05-20T13:25Z","SERC.2015.20.AEDCAN2.F.T","SERC.2015.20.AEDCAN2.F.T.05",39,
"5e49475f-0430-4392-a64a-8d73b507b619","SERC","D02","SERC","2015-05-18T21:12Z","2015-05-20T13:25Z","SERC.2015.20.AEDCAN2.F.T","SERC.2015.20.AEDCAN2.F.T.15",38,
"dbe395a3-57b3-4ad8-9054-2b467c75eeaf","SERC","D02","SERC","2015-05-18T21:12Z","2015-05-20T13:25Z","SERC.2015.20.AEDCAN2.F.T","SERC.2015.20.AEDCAN2.F.T.07",39,
"c89685f9-c76f-432a-bfbc-a98199edf07e","SERC","D02","SERC","2015-05-18T21:12Z","2015-05-20T13:25Z","SERC.2015.20.AEDCAN2.F.T","SERC.2015.20.AEDCAN2.F.T.16",38,
"db65316a-293d-4547-be88-e6443b1ac13b","SERC","D02","SERC","2015-05-18T21:12Z","2015-05-20T13:25Z","SERC.2015.20.AEDCAN2.F.T","SERC.2015.20.AEDCAN2.F.T.13",39,
"08bf4ad0-09e1-4920-9b3d-fa71b1d80f88","SERC","D02","SERC","2015-05-18T21:12Z","2015-05-20T13:25Z","SERC.2015.20.AEDCAN2.F.T","SERC.2015.20.AEDCAN2.F.T.08",39,
"cc2b3a1e-63f1-44cf-8dc2-e82296e60c49","SERC","D02","SERC","2015-05-18T21:12Z","2015-05-20T13:25Z","SERC.2015.20.AEDCAN2.F.T","SERC.2015.20.AEDCAN2.F.T.12",39,
"2a65ef58-8327-4a16-8e3d-d69b39235921","SERC","D02","SERC","2015-05-18T21:12Z","2015-05-20T13:25Z","SERC.2015.20.AEDCAN2.F.T","SERC.2015.20.AEDCAN2.F.T.06",39,
"e3f69e41-1fea-4281-9647-08c59f0577cf","SERC","D02","SERC","2015-05-18T21:12Z","2015-05-20T13:25Z","SERC.2015.20.AEDCAN2.F.T","SERC.2015.20.AEDCAN2.F.T.01",39,
"b854e34f-c56d-4e89-8d10-9120043360ef","SERC","D02","SERC","2015-05-18T21:12Z","2015-05-20T13:29Z","SERC.2015.20.AEDVEX.F.T","SERC.2015.20.AEDVEX.F.T.01",37,
"1bbedee7-ea46-455a-a115-1dd409ff4b02","SERC","D02","SERC","2015-05-18T21:12Z","2015-05-20T13:29Z","SERC.2015.20.CULSAL.F.T","SERC.2015.20.CULSAL.F.T.10",38,
"17ff2f57-2f0c-438a-bb45-86ae7c73024c","SERC","D02","SERC","2015-05-18T21:12Z","2015-05-20T13:29Z","SERC.2015.20.CULSAL.F.T","SERC.2015.20.CULSAL.F.T.09",38,
"d4c76e66-64c9-4fc9-9f19-280f0e24c09a","SERC","D02","SERC","2015-05-18T21:12Z","2015-05-20T13:29Z","SERC.2015.20.CULSAL.F.T","SERC.2015.20.CULSAL.F.T.04",39,
"9ec972e4-0e69-40f0-a26f-89717e38194f","SERC","D02","SERC","2015-05-18T21:12Z","2015-05-20T13:29Z","SERC.2015.20.AEDVEX.F.T","SERC.2015.20.AEDVEX.F.T.02",37,
"2c7dda04-41e5-4319-904f-4cfe63194d95","SERC","D02","SERC","2015-05-18T21:12Z","2015-05-20T13:29Z","SERC.2015.20.AEDVEX.F.T","SERC.2015.20.AEDVEX.F.T.03",37,
"93d3c534-6e8a-4eec-ac2e-305b2cd5f81e","SERC","D02","SERC","2015-05-18T21:12Z","2015-05-20T13:29Z","SERC.2015.20.CULSAL.F.T","SERC.2015.20.CULSAL.F.T.08",38,
"8fb04db0-d272-497b-8cb1-0a0f0cbb0fca","SERC","D02","SERC","2015-05-18T21:12Z","2015-05-20T13:29Z","SERC.2015.20.AEDVEX.F.T","SERC.2015.20.AEDVEX.F.T.05",37,
"240adc8e-34f6-46b5-91cb-1f7127e6e638","SERC","D02","SERC","2015-05-18T21:12Z","2015-05-20T13:29Z","SERC.2015.20.CULSAL.F.T","SERC.2015.20.CULSAL.F.T.05",39,
"9e62a041-473c-4658-ad91-bda14ad7f732","SERC","D02","SERC","2015-05-18T21:12Z","2015-05-20T13:29Z","SERC.2015.20.CULSAL.F.T","SERC.2015.20.CULSAL.F.T.06",39,
"9b0679cc-1b7f-4a60-b4d1-c1d869ef2c72","SERC","D02","SERC","2015-05-18T21:12Z","2015-05-20T13:29Z","SERC.2015.20.AEDVEX.F.T","SERC.2015.20.AEDVEX.F.T.04",37,
"ba41dfe9-c559-4936-85ff-59eeb8526000","SERC","D02","SERC","2015-05-18T21:12Z","2015-05-20T13:29Z","SERC.2015.20.CULSAL.F.T","SERC.2015.20.CULSAL.F.T.07",39,
"53e711b7-fd0c-4220-80a6-384179dc2a64","SERC","D02","SERC","2015-05-18T21:12Z","2015-05-20T13:29Z","SERC.2015.20.CULSAL.F.T","SERC.2015.20.CULSAL.F.T.02",39,
"f95e4af6-2c10-4790-b9f7-6615e0f79fa4","SERC","D02","SERC","2015-05-18T21:12Z","2015-05-20T13:29Z","SERC.2015.20.CULSAL.F.T","SERC.2015.20.CULSAL.F.T.01",39,
"08c03587-d3b8-4d53-a33c-ce1aaf6a5172","SERC","D02","SERC","2015-05-18T21:12Z","2015-05-20T13:29Z","SERC.2015.20.CULSAL.F.T","SERC.2015.20.CULSAL.F.T.03",39,
