uid,namedLocation,domainID,siteID,startCollectDate,endCollectDate,testingID,testingVialID,poolSize,dataQF
"74ddc9c6-ec4f-412e-9256-c7007d8819ba","OAES","D11","OAES","2016-08-09T22:46Z","2016-08-11T13:04Z","OAES.2016.32.CULERR.F.T","OAES.2016.32.CULERR.F.T.03",40,
"6be578d7-ae3d-4bbf-9342-5e876bafcaf9","OAES","D11","OAES","2016-08-09T22:46Z","2016-08-11T13:04Z","OAES.2016.32.CULERR.F.T","OAES.2016.32.CULERR.F.T.12",39,
"1302b29c-d2eb-48ea-995b-13ee3e91de98","OAES","D11","OAES","2016-08-09T22:46Z","2016-08-11T13:04Z","OAES.2016.32.CULERR.F.T","OAES.2016.32.CULERR.F.T.08",39,
"8ca2c19f-85c8-4b6c-8f07-6d56819fe154","OAES","D11","OAES","2016-08-09T22:46Z","2016-08-11T13:04Z","OAES.2016.32.CULERR.F.T","OAES.2016.32.CULERR.F.T.05",40,
"1c97ee3a-8e14-4d16-9f55-1ef63054a02a","OAES","D11","OAES","2016-08-09T22:46Z","2016-08-11T13:04Z","OAES.2016.32.CULERR.F.T","OAES.2016.32.CULERR.F.T.11",39,
"7e098657-d84a-4394-8876-45611c7c0174","OAES","D11","OAES","2016-08-09T22:46Z","2016-08-11T13:04Z","OAES.2016.32.CULERR.F.T","OAES.2016.32.CULERR.F.T.04",40,
"6de8caa2-bf0c-4233-980c-2617d3bca88c","OAES","D11","OAES","2016-08-09T22:46Z","2016-08-11T13:04Z","OAES.2016.32.CULERR.F.T","OAES.2016.32.CULERR.F.T.01",40,
"bbe32944-0398-4da9-9d1d-1359c59f8c39","OAES","D11","OAES","2016-08-09T22:46Z","2016-08-11T13:04Z","OAES.2016.32.CULERR.F.T","OAES.2016.32.CULERR.F.T.09",39,
"a2bcb389-c782-4179-bdb2-c04077d7e07e","OAES","D11","OAES","2016-08-09T22:46Z","2016-08-11T13:04Z","OAES.2016.32.CULERR.F.T","OAES.2016.32.CULERR.F.T.07",39,
"ce1e46b7-6621-498d-9d21-b79beecd4cde","OAES","D11","OAES","2016-08-09T22:46Z","2016-08-11T13:04Z","OAES.2016.32.CULERR.F.T","OAES.2016.32.CULERR.F.T.06",40,
"7451eeab-5dd2-4733-8a4d-64a173eb4646","OAES","D11","OAES","2016-08-09T22:46Z","2016-08-11T13:04Z","OAES.2016.32.CULERR.F.T","OAES.2016.32.CULERR.F.T.02",40,
"778969ff-ae74-450a-9a99-f36d54e3a440","OAES","D11","OAES","2016-08-09T22:46Z","2016-08-11T13:04Z","OAES.2016.32.CULERR.F.T","OAES.2016.32.CULERR.F.T.10",39,
"6a5c7e0c-bd46-4601-ab6d-a12723f1fee7","OAES","D11","OAES","2016-08-09T23:20Z","2016-08-11T13:04Z","OAES.2016.32.CULSAL.F.T","OAES.2016.32.CULSAL.F.T.01",12,
