uid,namedLocation,domainID,siteID,startCollectDate,endCollectDate,testingID,testingVialID,poolSize,dataQF
"58e7d151-ef32-4645-b5ad-7f2e04b01314","CLBJ","D11","CLBJ","2016-07-05T22:43Z","2016-07-07T13:54Z","CLBJ.2016.27.CULSAL.F.T","CLBJ.2016.27.CULSAL.F.T.01",28,
"f1acf4dc-e426-4246-9745-642003aae53b","CLBJ","D11","CLBJ","2016-07-05T22:43Z","2016-07-07T13:54Z","CLBJ.2016.27.CULERR.F.T","CLBJ.2016.27.CULERR.F.T.03",40,
"6b3ad78c-e3c4-4d45-a10f-28e200345d13","CLBJ","D11","CLBJ","2016-07-05T22:43Z","2016-07-07T13:54Z","CLBJ.2016.27.CULERR.F.T","CLBJ.2016.27.CULERR.F.T.24",39,
"13b97de0-1b94-4048-854a-cd0e830c8f03","CLBJ","D11","CLBJ","2016-07-05T22:43Z","2016-07-07T13:54Z","CLBJ.2016.27.CULERR.F.T","CLBJ.2016.27.CULERR.F.T.20",39,
"f2580ea3-a6af-4001-9a75-ad10ed233959","CLBJ","D11","CLBJ","2016-07-05T22:43Z","2016-07-07T13:54Z","CLBJ.2016.27.CULERR.F.T","CLBJ.2016.27.CULERR.F.T.16",40,
"f9a313aa-8074-4627-aeaa-1d8118ea1a09","CLBJ","D11","CLBJ","2016-07-05T22:43Z","2016-07-07T13:54Z","CLBJ.2016.27.CULERR.F.T","CLBJ.2016.27.CULERR.F.T.27",39,
"8f68c503-2f2f-46a3-83e1-c36d0c00aa09","CLBJ","D11","CLBJ","2016-07-05T22:43Z","2016-07-07T13:54Z","CLBJ.2016.27.CULERR.F.T","CLBJ.2016.27.CULERR.F.T.18",39,
"ce55d0d5-5e6e-4580-a728-f707de7720f0","CLBJ","D11","CLBJ","2016-07-05T22:43Z","2016-07-07T13:54Z","CLBJ.2016.27.CULERR.F.T","CLBJ.2016.27.CULERR.F.T.21",39,
"9ec4e364-fc26-4000-b973-ea3d474c8d0f","CLBJ","D11","CLBJ","2016-07-05T22:43Z","2016-07-07T13:54Z","CLBJ.2016.27.CULERR.F.T","CLBJ.2016.27.CULERR.F.T.28",39,
"d6436825-69f9-4b6c-92f4-e387fff1d7de","CLBJ","D11","CLBJ","2016-07-05T22:43Z","2016-07-07T13:54Z","CLBJ.2016.27.CULERR.F.T","CLBJ.2016.27.CULERR.F.T.13",40,
"ac318e55-aa6f-410d-914b-cff1aa41443b","CLBJ","D11","CLBJ","2016-07-05T22:43Z","2016-07-07T13:54Z","CLBJ.2016.27.CULERR.F.T","CLBJ.2016.27.CULERR.F.T.12",40,
"c1ec667e-cc77-44f1-b1a2-360fcaae82f0","CLBJ","D11","CLBJ","2016-07-05T22:43Z","2016-07-07T13:54Z","CLBJ.2016.27.CULERR.F.T","CLBJ.2016.27.CULERR.F.T.19",39,
"5050a886-f980-4a88-98a9-6d4a776bf7c4","CLBJ","D11","CLBJ","2016-07-05T22:43Z","2016-07-07T13:54Z","CLBJ.2016.27.CULERR.F.T","CLBJ.2016.27.CULERR.F.T.14",40,
"20adde18-b501-4867-afa3-c9e8dca04ac3","CLBJ","D11","CLBJ","2016-07-05T22:43Z","2016-07-07T13:54Z","CLBJ.2016.27.CULERR.F.T","CLBJ.2016.27.CULERR.F.T.26",39,
"697ca7ad-5c15-43de-b3db-fe3df36de591","CLBJ","D11","CLBJ","2016-07-05T22:43Z","2016-07-07T13:54Z","CLBJ.2016.27.CULERR.F.T","CLBJ.2016.27.CULERR.F.T.17",40,
"e32e6301-ba82-4574-9ac4-1a1bfda411cb","CLBJ","D11","CLBJ","2016-07-05T22:43Z","2016-07-07T13:54Z","CLBJ.2016.27.CULERR.F.T","CLBJ.2016.27.CULERR.F.T.25",39,
"a61d45b7-7b95-40ce-bf64-178bf697d919","CLBJ","D11","CLBJ","2016-07-05T22:43Z","2016-07-07T13:54Z","CLBJ.2016.27.CULERR.F.T","CLBJ.2016.27.CULERR.F.T.15",40,
"efbd2ca2-a50f-4455-bd4a-1ff9dd7ceb7b","CLBJ","D11","CLBJ","2016-07-05T22:43Z","2016-07-07T13:54Z","CLBJ.2016.27.CULERR.F.T","CLBJ.2016.27.CULERR.F.T.23",39,
"21ae3744-d778-4d59-b0b1-76f8f46588da","CLBJ","D11","CLBJ","2016-07-05T22:43Z","2016-07-07T13:54Z","CLBJ.2016.27.CULERR.F.T","CLBJ.2016.27.CULERR.F.T.22",39,
"b43724b8-8bdb-459b-aeed-5836fd037a7c","CLBJ","D11","CLBJ","2016-07-05T22:43Z","2016-07-07T13:54Z","CLBJ.2016.27.CULERR.F.T","CLBJ.2016.27.CULERR.F.T.11",40,
"de9430d7-8dda-4751-82b9-c1b13948c529","CLBJ","D11","CLBJ","2016-07-05T22:43Z","2016-07-07T13:54Z","CLBJ.2016.27.CULERR.F.T","CLBJ.2016.27.CULERR.F.T.06",40,
"1287c7a7-307f-492b-bf40-a41c9b4cd67a","CLBJ","D11","CLBJ","2016-07-05T22:43Z","2016-07-07T13:54Z","CLBJ.2016.27.CULERR.F.T","CLBJ.2016.27.CULERR.F.T.09",40,
"44e47e06-757d-4d76-8b65-b164b288aa31","CLBJ","D11","CLBJ","2016-07-05T22:43Z","2016-07-07T13:54Z","CLBJ.2016.27.CULERR.F.T","CLBJ.2016.27.CULERR.F.T.08",40,
"4a9a67e6-a276-47d5-a8bf-055cfe1a6d1c","CLBJ","D11","CLBJ","2016-07-05T22:43Z","2016-07-07T13:54Z","CLBJ.2016.27.CULERR.F.T","CLBJ.2016.27.CULERR.F.T.05",40,
"e5b4c9e5-6cfc-4374-ba80-efafb4d9b3aa","CLBJ","D11","CLBJ","2016-07-05T22:43Z","2016-07-07T13:54Z","CLBJ.2016.27.CULERR.F.T","CLBJ.2016.27.CULERR.F.T.04",40,
"165c9ad2-4714-4290-bc91-644a0984481b","CLBJ","D11","CLBJ","2016-07-05T22:43Z","2016-07-07T13:54Z","CLBJ.2016.27.CULERR.F.T","CLBJ.2016.27.CULERR.F.T.10",40,
"7e97cd94-dd0e-463f-971a-213db6a0f7ba","CLBJ","D11","CLBJ","2016-07-05T22:43Z","2016-07-07T13:54Z","CLBJ.2016.27.CULERR.F.T","CLBJ.2016.27.CULERR.F.T.02",40,
"c3e46521-9d31-471f-85f2-8485326c43ca","CLBJ","D11","CLBJ","2016-07-05T22:43Z","2016-07-07T13:54Z","CLBJ.2016.27.CULERR.F.T","CLBJ.2016.27.CULERR.F.T.07",40,
"57cb1504-e8e5-49d0-bf28-2d2c6505205f","CLBJ","D11","CLBJ","2016-07-05T22:43Z","2016-07-07T13:54Z","CLBJ.2016.27.CULERR.F.T","CLBJ.2016.27.CULERR.F.T.01",40,
"c4f0bb9f-8123-4f4e-b065-e941ff6bec4c","CLBJ","D11","CLBJ","2016-07-05T22:43Z","2016-07-07T13:54Z","CLBJ.2016.27.CULSAL.F.T","CLBJ.2016.27.CULSAL.F.T.02",27,
"07457419-c521-442d-9614-2b05e1844c77","CLBJ","D11","CLBJ","2016-07-05T22:59Z","2016-07-07T13:05Z","CLBJ.2016.27.AEDVEX.F.T","CLBJ.2016.27.AEDVEX.F.T.01",20,
"8def28dc-9a38-498e-bc08-023958968d51","CLBJ","D11","CLBJ","2016-07-05T23:49Z","2016-07-07T13:05Z","CLBJ.2016.27.AEDTRI.F.T","CLBJ.2016.27.AEDTRI.F.T.06",38,
"6abb15db-2e58-495c-9561-0b4f00101f00","CLBJ","D11","CLBJ","2016-07-05T23:49Z","2016-07-07T13:05Z","CLBJ.2016.27.AEDTRI.F.T","CLBJ.2016.27.AEDTRI.F.T.01",39,
"b0651929-6a54-419e-853d-e894c4a0cc9f","CLBJ","D11","CLBJ","2016-07-05T23:49Z","2016-07-07T13:05Z","CLBJ.2016.27.AEDTRI.F.T","CLBJ.2016.27.AEDTRI.F.T.02",39,
"d722dfb0-3d39-4d37-b0d0-ccbc25708f47","CLBJ","D11","CLBJ","2016-07-05T23:49Z","2016-07-07T13:05Z","CLBJ.2016.27.AEDTRI.F.T","CLBJ.2016.27.AEDTRI.F.T.05",38,
"499aaf8b-4220-425e-afa0-63c30306a888","CLBJ","D11","CLBJ","2016-07-05T23:49Z","2016-07-07T13:05Z","CLBJ.2016.27.AEDTRI.F.T","CLBJ.2016.27.AEDTRI.F.T.03",39,
"6c631e44-b1d0-483f-b496-dd04e9e05b31","CLBJ","D11","CLBJ","2016-07-05T23:49Z","2016-07-07T13:05Z","CLBJ.2016.27.AEDTRI.F.T","CLBJ.2016.27.AEDTRI.F.T.04",38,
"fe6edbe1-6d45-4f63-9345-788d74b730d6","CLBJ","D11","CLBJ","2016-07-19T22:28Z","2016-07-21T14:05Z","CLBJ.2016.29.CULERR.F.T","CLBJ.2016.29.CULERR.F.T.22",39,
"d2928937-f2a6-42ae-853d-0282fe32cd4c","CLBJ","D11","CLBJ","2016-07-19T22:28Z","2016-07-21T14:05Z","CLBJ.2016.29.CULERR.F.T","CLBJ.2016.29.CULERR.F.T.25",39,
"0be965eb-4967-4cf2-9641-f216b2886bb0","CLBJ","D11","CLBJ","2016-07-19T22:28Z","2016-07-21T14:05Z","CLBJ.2016.29.CULERR.F.T","CLBJ.2016.29.CULERR.F.T.26",39,
"3c590e16-6c7c-49c1-a8da-260f387b0fcc","CLBJ","D11","CLBJ","2016-07-19T22:28Z","2016-07-21T14:05Z","CLBJ.2016.29.CULERR.F.T","CLBJ.2016.29.CULERR.F.T.24",39,
"2301177b-0f23-4121-8d9a-64de74f6b740","CLBJ","D11","CLBJ","2016-07-19T22:28Z","2016-07-21T14:05Z","CLBJ.2016.29.CULERR.F.T","CLBJ.2016.29.CULERR.F.T.17",40,
"c1186c01-03a4-43e2-853f-db97f5a38c0d","CLBJ","D11","CLBJ","2016-07-19T22:28Z","2016-07-21T14:05Z","CLBJ.2016.29.CULERR.F.T","CLBJ.2016.29.CULERR.F.T.04",40,
"18a5aae8-9adf-410a-9fdb-cff38d8ee9d3","CLBJ","D11","CLBJ","2016-07-19T22:28Z","2016-07-21T14:05Z","CLBJ.2016.29.CULERR.F.T","CLBJ.2016.29.CULERR.F.T.21",39,
"5694eb4f-4bda-4ab3-a589-4d941bd9243d","CLBJ","D11","CLBJ","2016-07-19T22:28Z","2016-07-21T14:05Z","CLBJ.2016.29.CULERR.F.T","CLBJ.2016.29.CULERR.F.T.03",40,
"be9eded2-6398-40d2-aff6-844dc2ea1c27","CLBJ","D11","CLBJ","2016-07-19T22:28Z","2016-07-21T14:05Z","CLBJ.2016.29.CULERR.F.T","CLBJ.2016.29.CULERR.F.T.01",40,
"4c8be705-a37f-4a9b-88b1-b394bfee790e","CLBJ","D11","CLBJ","2016-07-19T22:28Z","2016-07-21T14:05Z","CLBJ.2016.29.CULERR.F.T","CLBJ.2016.29.CULERR.F.T.27",39,
"ec2d2e78-7003-434e-a0e1-702b200b8f82","CLBJ","D11","CLBJ","2016-07-19T22:28Z","2016-07-21T14:05Z","CLBJ.2016.29.CULERR.F.T","CLBJ.2016.29.CULERR.F.T.05",40,
"9313aac8-e88a-48a9-9d8f-1063f355a513","CLBJ","D11","CLBJ","2016-07-19T22:28Z","2016-07-21T14:05Z","CLBJ.2016.29.CULERR.F.T","CLBJ.2016.29.CULERR.F.T.11",40,
"63ff4758-0f1a-499e-b9c6-78b7079fd874","CLBJ","D11","CLBJ","2016-07-19T22:28Z","2016-07-21T14:05Z","CLBJ.2016.29.CULERR.F.T","CLBJ.2016.29.CULERR.F.T.08",40,
"c850a7d5-7292-43a3-9f71-b0deb3c80ed8","CLBJ","D11","CLBJ","2016-07-19T22:28Z","2016-07-21T14:05Z","CLBJ.2016.29.CULERR.F.T","CLBJ.2016.29.CULERR.F.T.15",40,
"e2ae08b6-ec9b-4083-883a-0930ccd5ee28","CLBJ","D11","CLBJ","2016-07-19T22:28Z","2016-07-21T14:05Z","CLBJ.2016.29.CULERR.F.T","CLBJ.2016.29.CULERR.F.T.10",40,
"f4edd8a8-2f8b-4d70-a632-d17177a3a50b","CLBJ","D11","CLBJ","2016-07-19T22:28Z","2016-07-21T14:05Z","CLBJ.2016.29.CULERR.F.T","CLBJ.2016.29.CULERR.F.T.12",40,
"69fc918d-1799-4947-a6fc-047f31983b68","CLBJ","D11","CLBJ","2016-07-19T22:28Z","2016-07-21T14:05Z","CLBJ.2016.29.CULERR.F.T","CLBJ.2016.29.CULERR.F.T.02",40,
"aa047e0d-a3d6-44df-9d7f-08622ea15410","CLBJ","D11","CLBJ","2016-07-19T22:28Z","2016-07-21T14:05Z","CLBJ.2016.29.CULERR.F.T","CLBJ.2016.29.CULERR.F.T.07",40,
"6e8df990-1089-43dc-8c74-3e73a247717a","CLBJ","D11","CLBJ","2016-07-19T22:28Z","2016-07-21T14:05Z","CLBJ.2016.29.CULERR.F.T","CLBJ.2016.29.CULERR.F.T.29",39,
"3c821e70-ba53-45c2-bb05-c19b9f3ad92e","CLBJ","D11","CLBJ","2016-07-19T22:28Z","2016-07-21T14:05Z","CLBJ.2016.29.CULERR.F.T","CLBJ.2016.29.CULERR.F.T.09",40,
"132c9e70-4293-4fa7-9e35-d9e20bbb2586","CLBJ","D11","CLBJ","2016-07-19T22:28Z","2016-07-21T14:05Z","CLBJ.2016.29.CULERR.F.T","CLBJ.2016.29.CULERR.F.T.20",40,
"0b4cc7f1-2339-4aa7-9199-69ad228c7783","CLBJ","D11","CLBJ","2016-07-19T22:28Z","2016-07-21T14:05Z","CLBJ.2016.29.CULERR.F.T","CLBJ.2016.29.CULERR.F.T.13",40,
"d5ff5183-ff0b-40ec-999f-d05d8ed365d0","CLBJ","D11","CLBJ","2016-07-19T22:28Z","2016-07-21T14:05Z","CLBJ.2016.29.CULERR.F.T","CLBJ.2016.29.CULERR.F.T.23",39,
"d557c261-08f3-4fe0-beb1-25c7c3bda85c","CLBJ","D11","CLBJ","2016-07-19T22:28Z","2016-07-21T14:05Z","CLBJ.2016.29.CULERR.F.T","CLBJ.2016.29.CULERR.F.T.06",40,
"6b24fa2c-f1e3-484c-a28a-d6216e69b465","CLBJ","D11","CLBJ","2016-07-19T22:28Z","2016-07-21T14:05Z","CLBJ.2016.29.CULERR.F.T","CLBJ.2016.29.CULERR.F.T.14",40,
"4e5f5d4e-51ea-43d1-b7a4-ea27207d02a0","CLBJ","D11","CLBJ","2016-07-19T22:28Z","2016-07-21T14:05Z","CLBJ.2016.29.CULERR.F.T","CLBJ.2016.29.CULERR.F.T.19",40,
"aa97f0b8-a9f6-46e8-921e-c869d6b114c5","CLBJ","D11","CLBJ","2016-07-19T22:28Z","2016-07-21T14:05Z","CLBJ.2016.29.CULERR.F.T","CLBJ.2016.29.CULERR.F.T.28",39,
"521d47b6-b787-44e5-b5d7-74610e74323f","CLBJ","D11","CLBJ","2016-07-19T22:28Z","2016-07-21T14:05Z","CLBJ.2016.29.CULERR.F.T","CLBJ.2016.29.CULERR.F.T.18",40,
"56df105a-4be5-4298-b53d-a5d58b6260f2","CLBJ","D11","CLBJ","2016-07-19T22:28Z","2016-07-21T14:05Z","CLBJ.2016.29.CULERR.F.T","CLBJ.2016.29.CULERR.F.T.16",40,
"1124972b-ca61-4541-b4eb-cb17b2921d68","CLBJ","D11","CLBJ","2016-07-20T00:23Z","2016-07-21T13:17Z","CLBJ.2016.29.AEDTRI.F.T","CLBJ.2016.29.AEDTRI.F.T.01",21,
"3ac9ad9d-c84c-46f2-8bae-46f4df18f985","CLBJ","D11","CLBJ","2016-07-20T00:23Z","2016-07-21T13:17Z","CLBJ.2016.29.AEDTRI.F.T","CLBJ.2016.29.AEDTRI.F.T.02",20,
