uid,namedLocation,domainID,siteID,startCollectDate,endCollectDate,testingID,testingVialID,poolSize,dataQF
"7630ddfd-1338-4464-b0a8-350992987fef","LENO","D08","LENO","2016-10-04T20:29Z","2016-10-06T13:56Z","LENO.2016.40.CULERR.F.T","LENO.2016.40.CULERR.F.T.07",34,
"78e4f38f-6452-402f-84b9-5002a995af5c","LENO","D08","LENO","2016-10-04T20:29Z","2016-10-06T13:56Z","LENO.2016.40.CULERR.F.T","LENO.2016.40.CULERR.F.T.05",35,
"7d29b66d-203f-4c81-bb43-94f697f69657","LENO","D08","LENO","2016-10-04T20:29Z","2016-10-06T13:56Z","LENO.2016.40.CULERR.F.T","LENO.2016.40.CULERR.F.T.04",35,
"b0b40402-7e25-4680-acf6-fd092296e985","LENO","D08","LENO","2016-10-04T20:29Z","2016-10-06T13:56Z","LENO.2016.40.CULERR.F.T","LENO.2016.40.CULERR.F.T.02",35,
"ed383404-88ab-4a4d-a25b-db65c1147ba0","LENO","D08","LENO","2016-10-04T20:29Z","2016-10-06T13:56Z","LENO.2016.40.CULERR.F.T","LENO.2016.40.CULERR.F.T.03",35,
"4ec78841-c6ee-48e5-8d38-be70c6968a31","LENO","D08","LENO","2016-10-04T20:29Z","2016-10-06T13:56Z","LENO.2016.40.CULERR.F.T","LENO.2016.40.CULERR.F.T.06",34,
"0c9c7c3c-19f6-43c3-9812-3d2ee2ceaff2","LENO","D08","LENO","2016-10-04T20:29Z","2016-10-06T13:56Z","LENO.2016.40.CULERR.F.T","LENO.2016.40.CULERR.F.T.01",35,
"443928c4-7360-4eff-9d8d-58d3aa396c72","LENO","D08","LENO","2016-10-04T20:39Z","2016-10-06T13:49Z","LENO.2016.40.AEDVEX.F.T","LENO.2016.40.AEDVEX.F.T.01",37,
"afd9d0ce-3b7c-4b96-a72c-305025a9c4a5","LENO","D08","LENO","2016-10-04T20:39Z","2016-10-06T13:56Z","LENO.2016.40.CULNIG.F.T","LENO.2016.40.CULNIG.F.T.01",38,
