uid,namedLocation,domainID,siteID,startCollectDate,endCollectDate,testingID,testingVialID,poolSize,dataQF
"d77a86b3-c0e7-4eb2-8a8b-eaeee5a89303","UNDE","D05","UNDE","2016-09-07T22:56Z","2016-09-09T13:02Z","UNDE.2016.36.AEDEXC.F.T","UNDE.2016.36.AEDEXC.F.T.01",36,
"fef5a094-30d9-4fd5-ab65-286f0ec70f8b","UNDE","D05","UNDE","2016-09-07T22:56Z","2016-09-09T13:02Z","UNDE.2016.36.AEDEXC.F.T","UNDE.2016.36.AEDEXC.F.T.04",36,
"162b5928-d75f-42b2-8951-11f26fd6ac06","UNDE","D05","UNDE","2016-09-07T22:56Z","2016-09-09T13:02Z","UNDE.2016.36.AEDEXC.F.T","UNDE.2016.36.AEDEXC.F.T.02",36,
"525f2469-afc2-49d4-98af-1e415dec61fe","UNDE","D05","UNDE","2016-09-07T22:56Z","2016-09-09T13:02Z","UNDE.2016.36.AEDEXC.F.T","UNDE.2016.36.AEDEXC.F.T.03",36,
"c73c12c4-6d19-4a88-9601-ebe613c76644","UNDE","D05","UNDE","2016-09-07T22:56Z","2016-09-09T13:29Z","UNDE.2016.36.AEDCAN2.F.T","UNDE.2016.36.AEDCAN2.F.T.03",35,
"e4b704de-5e88-4233-842e-e6a928f2db98","UNDE","D05","UNDE","2016-09-07T22:56Z","2016-09-09T13:29Z","UNDE.2016.36.AEDCAN2.F.T","UNDE.2016.36.AEDCAN2.F.T.02",36,
"a68eed28-cf53-4998-9f6d-22725a507b05","UNDE","D05","UNDE","2016-09-07T22:56Z","2016-09-09T13:29Z","UNDE.2016.36.AEDCAN2.F.T","UNDE.2016.36.AEDCAN2.F.T.04",35,
"987e3fc1-94f4-4798-b971-0347d1f04ec5","UNDE","D05","UNDE","2016-09-07T22:56Z","2016-09-09T13:29Z","UNDE.2016.36.AEDCAN2.F.T","UNDE.2016.36.AEDCAN2.F.T.01",36,
"dc9647db-07c2-4da7-8e29-dce343529bbf","UNDE","D05","UNDE","2016-09-07T22:56Z","2016-09-09T13:34Z","UNDE.2016.36.AEDVEX.F.T","UNDE.2016.36.AEDVEX.F.T.44",40,
"e1f258ef-30e2-4071-92d9-70c848a1d650","UNDE","D05","UNDE","2016-09-07T22:56Z","2016-09-09T13:34Z","UNDE.2016.36.AEDCIN.F.T","UNDE.2016.36.AEDCIN.F.T.05",38,
"55532980-c875-40e9-86df-778dd9172310","UNDE","D05","UNDE","2016-09-07T22:56Z","2016-09-09T13:34Z","UNDE.2016.36.AEDCIN.F.T","UNDE.2016.36.AEDCIN.F.T.08",38,
"fa203a3d-793d-42b3-a827-2d539d9ca243","UNDE","D05","UNDE","2016-09-07T22:56Z","2016-09-09T13:34Z","UNDE.2016.36.AEDCIN.F.T","UNDE.2016.36.AEDCIN.F.T.03",38,
"d300322e-b15c-43ef-bb1c-eb17ed2e9743","UNDE","D05","UNDE","2016-09-07T22:56Z","2016-09-09T13:34Z","UNDE.2016.36.AEDCIN.F.T","UNDE.2016.36.AEDCIN.F.T.01",39,
"1650de7e-8f33-4a1e-8b4b-d91edde8c117","UNDE","D05","UNDE","2016-09-07T22:56Z","2016-09-09T13:34Z","UNDE.2016.36.AEDCIN.F.T","UNDE.2016.36.AEDCIN.F.T.02",39,
"40c541c1-059e-41a9-ae80-cf44e59c0fc5","UNDE","D05","UNDE","2016-09-07T22:56Z","2016-09-09T13:34Z","UNDE.2016.36.AEDCIN.F.T","UNDE.2016.36.AEDCIN.F.T.07",38,
"604ef495-640b-455f-87d9-e89ac0dc0caf","UNDE","D05","UNDE","2016-09-07T22:56Z","2016-09-09T13:34Z","UNDE.2016.36.AEDCIN.F.T","UNDE.2016.36.AEDCIN.F.T.06",38,
"7f48916e-63c4-46c4-8c06-30295ec73990","UNDE","D05","UNDE","2016-09-07T22:56Z","2016-09-09T13:34Z","UNDE.2016.36.AEDCIN.F.T","UNDE.2016.36.AEDCIN.F.T.04",38,
"1964170a-e42e-44ca-bb08-c5bb7b68b96e","UNDE","D05","UNDE","2016-09-07T22:56Z","2016-09-09T13:34Z","UNDE.2016.36.AEDVEX.F.T","UNDE.2016.36.AEDVEX.F.T.61",39,
"59504562-321a-43f5-95f4-5c3c89910764","UNDE","D05","UNDE","2016-09-07T22:56Z","2016-09-09T13:34Z","UNDE.2016.36.AEDVEX.F.T","UNDE.2016.36.AEDVEX.F.T.63",39,
"254af3b9-89a1-4117-8136-b27393a56798","UNDE","D05","UNDE","2016-09-07T22:56Z","2016-09-09T13:34Z","UNDE.2016.36.AEDVEX.F.T","UNDE.2016.36.AEDVEX.F.T.64",39,
"825ab313-80e4-4550-bdd5-e488c0a8c33d","UNDE","D05","UNDE","2016-09-07T22:56Z","2016-09-09T13:34Z","UNDE.2016.36.AEDVEX.F.T","UNDE.2016.36.AEDVEX.F.T.59",39,
"f5e7941e-5829-4af8-bd79-4b5532c0a811","UNDE","D05","UNDE","2016-09-07T22:56Z","2016-09-09T13:34Z","UNDE.2016.36.AEDVEX.F.T","UNDE.2016.36.AEDVEX.F.T.62",39,
"9bf3484e-aa50-4243-903e-99274938f800","UNDE","D05","UNDE","2016-09-07T22:56Z","2016-09-09T13:34Z","UNDE.2016.36.AEDVEX.F.T","UNDE.2016.36.AEDVEX.F.T.56",39,
"560327b0-7cb8-4b50-ad56-5f14995ecb46","UNDE","D05","UNDE","2016-09-07T22:56Z","2016-09-09T13:34Z","UNDE.2016.36.AEDVEX.F.T","UNDE.2016.36.AEDVEX.F.T.65",39,
"52738810-f3b2-43ca-bcf5-9be6f95daf49","UNDE","D05","UNDE","2016-09-07T22:56Z","2016-09-09T13:34Z","UNDE.2016.36.AEDVEX.F.T","UNDE.2016.36.AEDVEX.F.T.60",39,
"438672ea-76ba-454e-b56f-256c444f7c51","UNDE","D05","UNDE","2016-09-07T22:56Z","2016-09-09T13:34Z","UNDE.2016.36.AEDVEX.F.T","UNDE.2016.36.AEDVEX.F.T.57",39,
"9d027e5b-bc9a-4a93-8ff2-85f1eac61bce","UNDE","D05","UNDE","2016-09-07T22:56Z","2016-09-09T13:34Z","UNDE.2016.36.AEDVEX.F.T","UNDE.2016.36.AEDVEX.F.T.58",39,
"075a16eb-7fba-4c02-ab87-96aaaab6e8d8","UNDE","D05","UNDE","2016-09-07T22:56Z","2016-09-09T13:34Z","UNDE.2016.36.AEDVEX.F.T","UNDE.2016.36.AEDVEX.F.T.49",39,
"ccf7ff11-dadb-4868-8b49-35306990c2f5","UNDE","D05","UNDE","2016-09-07T22:56Z","2016-09-09T13:34Z","UNDE.2016.36.AEDVEX.F.T","UNDE.2016.36.AEDVEX.F.T.50",39,
"f9773ed9-708c-410f-aca4-9001c5d8c5b3","UNDE","D05","UNDE","2016-09-07T22:56Z","2016-09-09T13:34Z","UNDE.2016.36.AEDVEX.F.T","UNDE.2016.36.AEDVEX.F.T.55",39,
"6b1ddf26-729b-4e4d-997f-8f06763a3b14","UNDE","D05","UNDE","2016-09-07T22:56Z","2016-09-09T13:34Z","UNDE.2016.36.AEDVEX.F.T","UNDE.2016.36.AEDVEX.F.T.53",39,
"bd796cfc-1644-4b33-8615-e4183d698742","UNDE","D05","UNDE","2016-09-07T22:56Z","2016-09-09T13:34Z","UNDE.2016.36.AEDVEX.F.T","UNDE.2016.36.AEDVEX.F.T.52",39,
"3d337966-37fa-494f-bc9d-fc3adab0c29b","UNDE","D05","UNDE","2016-09-07T22:56Z","2016-09-09T13:34Z","UNDE.2016.36.AEDVEX.F.T","UNDE.2016.36.AEDVEX.F.T.51",39,
"4ac60ebe-5172-44e9-bd85-05c458a820e3","UNDE","D05","UNDE","2016-09-07T22:56Z","2016-09-09T13:34Z","UNDE.2016.36.AEDVEX.F.T","UNDE.2016.36.AEDVEX.F.T.54",39,
"b3da19ed-92b2-4949-ad42-10201b134b58","UNDE","D05","UNDE","2016-09-07T22:56Z","2016-09-09T13:34Z","UNDE.2016.36.AEDVEX.F.T","UNDE.2016.36.AEDVEX.F.T.45",40,
"03f85e1b-f199-462e-87f9-9fefc2606063","UNDE","D05","UNDE","2016-09-07T22:56Z","2016-09-09T13:34Z","UNDE.2016.36.AEDVEX.F.T","UNDE.2016.36.AEDVEX.F.T.46",39,
"898752a5-005c-4a44-afd3-dda9f5f27ff8","UNDE","D05","UNDE","2016-09-07T22:56Z","2016-09-09T13:34Z","UNDE.2016.36.AEDVEX.F.T","UNDE.2016.36.AEDVEX.F.T.47",39,
"d25576a1-5f41-4241-bb3e-e08f5035ff7f","UNDE","D05","UNDE","2016-09-07T22:56Z","2016-09-09T13:34Z","UNDE.2016.36.AEDVEX.F.T","UNDE.2016.36.AEDVEX.F.T.48",39,
"6978bbcb-72b3-451e-8caa-198db2bf3b42","UNDE","D05","UNDE","2016-09-07T22:56Z","2016-09-09T13:34Z","UNDE.2016.36.AEDVEX.F.T","UNDE.2016.36.AEDVEX.F.T.34",40,
"ba09b8b2-2523-4491-b3ec-86c6d6c90130","UNDE","D05","UNDE","2016-09-07T22:56Z","2016-09-09T13:34Z","UNDE.2016.36.AEDVEX.F.T","UNDE.2016.36.AEDVEX.F.T.09",40,
"69ef3e1c-4d10-4491-8159-a4bceaddb089","UNDE","D05","UNDE","2016-09-07T22:56Z","2016-09-09T13:34Z","UNDE.2016.36.AEDVEX.F.T","UNDE.2016.36.AEDVEX.F.T.11",40,
"cee4ca0f-b060-4620-90b2-9b94e8884b12","UNDE","D05","UNDE","2016-09-07T22:56Z","2016-09-09T13:34Z","UNDE.2016.36.AEDVEX.F.T","UNDE.2016.36.AEDVEX.F.T.43",40,
"8d8a94f6-a10f-4b6e-b2fa-b76508ef3718","UNDE","D05","UNDE","2016-09-07T22:56Z","2016-09-09T13:34Z","UNDE.2016.36.AEDVEX.F.T","UNDE.2016.36.AEDVEX.F.T.25",40,
"e73b4445-a3a9-449b-8165-eb35e076a3ab","UNDE","D05","UNDE","2016-09-07T22:56Z","2016-09-09T13:34Z","UNDE.2016.36.AEDVEX.F.T","UNDE.2016.36.AEDVEX.F.T.13",40,
"bea64d7d-fc2c-4099-af47-6ba8a19ae317","UNDE","D05","UNDE","2016-09-07T22:56Z","2016-09-09T13:34Z","UNDE.2016.36.AEDVEX.F.T","UNDE.2016.36.AEDVEX.F.T.05",40,
"f4606fae-7c95-45f7-b8fb-cf8c2f56d567","UNDE","D05","UNDE","2016-09-07T22:56Z","2016-09-09T13:34Z","UNDE.2016.36.AEDVEX.F.T","UNDE.2016.36.AEDVEX.F.T.20",40,
"13b119bd-65aa-455f-9978-b9500355ad59","UNDE","D05","UNDE","2016-09-07T22:56Z","2016-09-09T13:34Z","UNDE.2016.36.AEDVEX.F.T","UNDE.2016.36.AEDVEX.F.T.42",40,
"f261e540-c454-43f0-97fe-73a88daceb03","UNDE","D05","UNDE","2016-09-07T22:56Z","2016-09-09T13:34Z","UNDE.2016.36.AEDVEX.F.T","UNDE.2016.36.AEDVEX.F.T.19",40,
"a24c5573-8f0d-4774-8ae6-97e4721b7cf0","UNDE","D05","UNDE","2016-09-07T22:56Z","2016-09-09T13:34Z","UNDE.2016.36.AEDVEX.F.T","UNDE.2016.36.AEDVEX.F.T.38",40,
"56bc5a5b-78e7-451c-ba41-98350f747d5d","UNDE","D05","UNDE","2016-09-07T22:56Z","2016-09-09T13:34Z","UNDE.2016.36.AEDVEX.F.T","UNDE.2016.36.AEDVEX.F.T.17",40,
"63546ee1-f93d-48a8-b374-c1e0ba1c71f4","UNDE","D05","UNDE","2016-09-07T22:56Z","2016-09-09T13:34Z","UNDE.2016.36.AEDVEX.F.T","UNDE.2016.36.AEDVEX.F.T.36",40,
"b5259cad-070c-422f-8660-32ca19fdeb07","UNDE","D05","UNDE","2016-09-07T22:56Z","2016-09-09T13:34Z","UNDE.2016.36.AEDVEX.F.T","UNDE.2016.36.AEDVEX.F.T.29",40,
"fe8c062d-2d1b-4eec-9632-8a5f93c72629","UNDE","D05","UNDE","2016-09-07T22:56Z","2016-09-09T13:34Z","UNDE.2016.36.AEDVEX.F.T","UNDE.2016.36.AEDVEX.F.T.24",40,
"ce8afd2d-a813-43ea-ba6d-ccc1da1b5984","UNDE","D05","UNDE","2016-09-07T22:56Z","2016-09-09T13:34Z","UNDE.2016.36.AEDVEX.F.T","UNDE.2016.36.AEDVEX.F.T.22",40,
"426ab4d6-e96b-4c8c-b42c-fa8549b9e956","UNDE","D05","UNDE","2016-09-07T22:56Z","2016-09-09T13:34Z","UNDE.2016.36.AEDVEX.F.T","UNDE.2016.36.AEDVEX.F.T.07",40,
"84496239-9050-4b6b-ad30-230d92844146","UNDE","D05","UNDE","2016-09-07T22:56Z","2016-09-09T13:34Z","UNDE.2016.36.AEDVEX.F.T","UNDE.2016.36.AEDVEX.F.T.33",40,
"f6717720-7803-4ac9-badd-7fb66852ab53","UNDE","D05","UNDE","2016-09-07T22:56Z","2016-09-09T13:34Z","UNDE.2016.36.AEDVEX.F.T","UNDE.2016.36.AEDVEX.F.T.08",40,
"606df9aa-36b5-4a2c-8732-8cc23a09ed90","UNDE","D05","UNDE","2016-09-07T22:56Z","2016-09-09T13:34Z","UNDE.2016.36.AEDVEX.F.T","UNDE.2016.36.AEDVEX.F.T.04",40,
"43d60da5-bea5-4d50-b593-512290f61781","UNDE","D05","UNDE","2016-09-07T22:56Z","2016-09-09T13:34Z","UNDE.2016.36.AEDVEX.F.T","UNDE.2016.36.AEDVEX.F.T.40",40,
"1e002ab9-4ad2-4e9b-94d6-65cc801853e6","UNDE","D05","UNDE","2016-09-07T22:56Z","2016-09-09T13:34Z","UNDE.2016.36.AEDVEX.F.T","UNDE.2016.36.AEDVEX.F.T.30",40,
"781aa03c-eca1-4045-91b5-98e8472929c0","UNDE","D05","UNDE","2016-09-07T22:56Z","2016-09-09T13:34Z","UNDE.2016.36.AEDVEX.F.T","UNDE.2016.36.AEDVEX.F.T.01",40,
"a9bdb499-a767-4a5e-a22c-1205ee4e5024","UNDE","D05","UNDE","2016-09-07T22:56Z","2016-09-09T13:34Z","UNDE.2016.36.AEDVEX.F.T","UNDE.2016.36.AEDVEX.F.T.12",40,
"2f651ae6-f78a-4385-b4c7-df3e6775a13f","UNDE","D05","UNDE","2016-09-07T22:56Z","2016-09-09T13:34Z","UNDE.2016.36.AEDVEX.F.T","UNDE.2016.36.AEDVEX.F.T.26",40,
"99b6cae5-70ae-4b2f-8108-2d466c43ef61","UNDE","D05","UNDE","2016-09-07T22:56Z","2016-09-09T13:34Z","UNDE.2016.36.AEDVEX.F.T","UNDE.2016.36.AEDVEX.F.T.23",40,
"cd34da87-3d83-4e1b-8b13-051c690f8b4e","UNDE","D05","UNDE","2016-09-07T22:56Z","2016-09-09T13:34Z","UNDE.2016.36.AEDVEX.F.T","UNDE.2016.36.AEDVEX.F.T.32",40,
"f554e275-80c3-4717-9272-0151a6ad21be","UNDE","D05","UNDE","2016-09-07T22:56Z","2016-09-09T13:34Z","UNDE.2016.36.AEDVEX.F.T","UNDE.2016.36.AEDVEX.F.T.41",40,
"946d4df4-ce84-4bd7-9e91-823e8fa655bf","UNDE","D05","UNDE","2016-09-07T22:56Z","2016-09-09T13:34Z","UNDE.2016.36.AEDVEX.F.T","UNDE.2016.36.AEDVEX.F.T.03",40,
"73c74184-8905-42f3-9e38-e65a7f3097d7","UNDE","D05","UNDE","2016-09-07T22:56Z","2016-09-09T13:34Z","UNDE.2016.36.AEDVEX.F.T","UNDE.2016.36.AEDVEX.F.T.18",40,
"1ed60f57-65bf-4887-925d-b9fc36fedcea","UNDE","D05","UNDE","2016-09-07T22:56Z","2016-09-09T13:34Z","UNDE.2016.36.AEDVEX.F.T","UNDE.2016.36.AEDVEX.F.T.28",40,
"7688f610-197b-4ba0-bc53-435d24967476","UNDE","D05","UNDE","2016-09-07T22:56Z","2016-09-09T13:34Z","UNDE.2016.36.AEDVEX.F.T","UNDE.2016.36.AEDVEX.F.T.27",40,
"f52463f4-ce6c-415d-8801-6a3310c509ab","UNDE","D05","UNDE","2016-09-07T22:56Z","2016-09-09T13:34Z","UNDE.2016.36.AEDVEX.F.T","UNDE.2016.36.AEDVEX.F.T.31",40,
"2ec205dd-00c2-4b79-8dad-f15ebc70ea98","UNDE","D05","UNDE","2016-09-07T22:56Z","2016-09-09T13:34Z","UNDE.2016.36.AEDVEX.F.T","UNDE.2016.36.AEDVEX.F.T.14",40,
"b1a44fe0-e327-4abf-b133-0b914a636f1d","UNDE","D05","UNDE","2016-09-07T22:56Z","2016-09-09T13:34Z","UNDE.2016.36.AEDVEX.F.T","UNDE.2016.36.AEDVEX.F.T.15",40,
"5c13bb48-463b-473d-8622-c7a0c1c1306c","UNDE","D05","UNDE","2016-09-07T22:56Z","2016-09-09T13:34Z","UNDE.2016.36.AEDVEX.F.T","UNDE.2016.36.AEDVEX.F.T.21",40,
"28e2a09a-174c-4b4b-b5da-6fb67f199a3c","UNDE","D05","UNDE","2016-09-07T22:56Z","2016-09-09T13:34Z","UNDE.2016.36.AEDVEX.F.T","UNDE.2016.36.AEDVEX.F.T.35",40,
"88a04843-7da1-47d4-9ba3-cd71ea8d2944","UNDE","D05","UNDE","2016-09-07T22:56Z","2016-09-09T13:34Z","UNDE.2016.36.AEDVEX.F.T","UNDE.2016.36.AEDVEX.F.T.37",40,
"3b545d13-3a77-4dbb-b103-fc69ad7d17c3","UNDE","D05","UNDE","2016-09-07T22:56Z","2016-09-09T13:34Z","UNDE.2016.36.AEDVEX.F.T","UNDE.2016.36.AEDVEX.F.T.10",40,
"f8c811f1-9fa1-4b95-b176-02b8712b24ac","UNDE","D05","UNDE","2016-09-07T22:56Z","2016-09-09T13:34Z","UNDE.2016.36.AEDVEX.F.T","UNDE.2016.36.AEDVEX.F.T.39",40,
"beb33069-ea6f-4d54-9a50-c9a52bafa839","UNDE","D05","UNDE","2016-09-07T22:56Z","2016-09-09T13:34Z","UNDE.2016.36.AEDVEX.F.T","UNDE.2016.36.AEDVEX.F.T.16",40,
"7430873a-7aaf-428d-b9d8-d7edca7080ee","UNDE","D05","UNDE","2016-09-07T22:56Z","2016-09-09T13:34Z","UNDE.2016.36.AEDVEX.F.T","UNDE.2016.36.AEDVEX.F.T.06",40,
"5955ab92-93ca-4140-ac5d-d5838366500d","UNDE","D05","UNDE","2016-09-07T22:56Z","2016-09-09T13:34Z","UNDE.2016.36.AEDVEX.F.T","UNDE.2016.36.AEDVEX.F.T.02",40,
"1eeb7242-7ab6-4f56-8c3d-cdd11ed50c66","UNDE","D05","UNDE","2016-09-08T00:23Z","2016-09-09T13:34Z","UNDE.2016.36.AEDSTI.F.T","UNDE.2016.36.AEDSTI.F.T.01",19,
"459fa45c-1cd4-4e3c-b00e-afbd862fb131","UNDE","D05","UNDE","2016-09-21T22:26Z","2016-09-23T14:01Z","UNDE.2016.38.AEDVEX.F.T","UNDE.2016.38.AEDVEX.F.T.37",40,
"98dc65f3-2c15-4f27-ae50-9a3ea167ab93","UNDE","D05","UNDE","2016-09-21T22:26Z","2016-09-23T14:01Z","UNDE.2016.38.AEDVEX.F.T","UNDE.2016.38.AEDVEX.F.T.45",40,
"189e9f9c-2986-4608-8b3d-db44af23a751","UNDE","D05","UNDE","2016-09-21T22:26Z","2016-09-23T14:01Z","UNDE.2016.38.AEDVEX.F.T","UNDE.2016.38.AEDVEX.F.T.50",39,
"ec037c22-73ba-4cd9-b13a-f1f3a2c616ed","UNDE","D05","UNDE","2016-09-21T22:26Z","2016-09-23T14:01Z","UNDE.2016.38.AEDVEX.F.T","UNDE.2016.38.AEDVEX.F.T.38",40,
"71219c01-b91a-4859-8877-5d69f3ac2b95","UNDE","D05","UNDE","2016-09-21T22:26Z","2016-09-23T14:01Z","UNDE.2016.38.AEDVEX.F.T","UNDE.2016.38.AEDVEX.F.T.41",40,
"a0b9c29f-a343-4101-bec3-36dd4496bcd7","UNDE","D05","UNDE","2016-09-21T22:26Z","2016-09-23T14:01Z","UNDE.2016.38.AEDVEX.F.T","UNDE.2016.38.AEDVEX.F.T.42",40,
"8b12c8b7-89fc-4f8f-83b4-ed4eebad9d9a","UNDE","D05","UNDE","2016-09-21T22:26Z","2016-09-23T14:01Z","UNDE.2016.38.AEDVEX.F.T","UNDE.2016.38.AEDVEX.F.T.24",40,
"10ef8ff4-9f4d-4a01-b6da-1558cdaae32f","UNDE","D05","UNDE","2016-09-21T22:26Z","2016-09-23T14:01Z","UNDE.2016.38.AEDVEX.F.T","UNDE.2016.38.AEDVEX.F.T.03",40,
"f3da7544-4e90-4522-99fa-e50624c7dac4","UNDE","D05","UNDE","2016-09-21T22:26Z","2016-09-23T14:01Z","UNDE.2016.38.AEDVEX.F.T","UNDE.2016.38.AEDVEX.F.T.08",40,
"801b6616-aeee-40f3-adcf-aef444df9656","UNDE","D05","UNDE","2016-09-21T22:26Z","2016-09-23T14:01Z","UNDE.2016.38.AEDVEX.F.T","UNDE.2016.38.AEDVEX.F.T.33",40,
"0bce0757-661f-45e8-b4e0-722153b4a043","UNDE","D05","UNDE","2016-09-21T22:26Z","2016-09-23T14:01Z","UNDE.2016.38.AEDVEX.F.T","UNDE.2016.38.AEDVEX.F.T.17",40,
"182bce10-d541-4771-a554-b8eb3fa732ee","UNDE","D05","UNDE","2016-09-21T22:26Z","2016-09-23T14:01Z","UNDE.2016.38.AEDVEX.F.T","UNDE.2016.38.AEDVEX.F.T.21",40,
"30e97886-4074-4447-9a81-8eb5b4787f1f","UNDE","D05","UNDE","2016-09-21T22:26Z","2016-09-23T14:01Z","UNDE.2016.38.AEDVEX.F.T","UNDE.2016.38.AEDVEX.F.T.26",40,
"21d01185-bc0b-4621-a0cb-df64faa6531f","UNDE","D05","UNDE","2016-09-21T22:26Z","2016-09-23T14:01Z","UNDE.2016.38.AEDVEX.F.T","UNDE.2016.38.AEDVEX.F.T.28",40,
"d5452ae9-568b-4de3-808a-5a1c464155e8","UNDE","D05","UNDE","2016-09-21T22:26Z","2016-09-23T14:01Z","UNDE.2016.38.AEDVEX.F.T","UNDE.2016.38.AEDVEX.F.T.16",40,
"3ab36351-6531-476d-96b7-f9d132314067","UNDE","D05","UNDE","2016-09-21T22:26Z","2016-09-23T14:01Z","UNDE.2016.38.AEDVEX.F.T","UNDE.2016.38.AEDVEX.F.T.30",40,
"7c62ec1f-0be8-4be4-8a0b-6b048701ebaa","UNDE","D05","UNDE","2016-09-21T22:26Z","2016-09-23T14:01Z","UNDE.2016.38.AEDVEX.F.T","UNDE.2016.38.AEDVEX.F.T.12",40,
"d1f966b2-4db1-4e3e-b26b-7f29581dc68b","UNDE","D05","UNDE","2016-09-21T22:26Z","2016-09-23T14:01Z","UNDE.2016.38.AEDVEX.F.T","UNDE.2016.38.AEDVEX.F.T.02",40,
"ec5b33b4-3c8a-4f04-a350-1cc5d337761a","UNDE","D05","UNDE","2016-09-21T22:26Z","2016-09-23T14:01Z","UNDE.2016.38.AEDVEX.F.T","UNDE.2016.38.AEDVEX.F.T.32",40,
"78bb5954-88e2-482b-b5af-fbbb5ef2f94c","UNDE","D05","UNDE","2016-09-21T22:26Z","2016-09-23T14:01Z","UNDE.2016.38.AEDVEX.F.T","UNDE.2016.38.AEDVEX.F.T.07",40,
"7b2580b4-c85e-4a5f-9b80-9d8ff8cf1b0c","UNDE","D05","UNDE","2016-09-21T22:26Z","2016-09-23T14:01Z","UNDE.2016.38.AEDVEX.F.T","UNDE.2016.38.AEDVEX.F.T.31",40,
"1c896dc2-43dd-4af9-a6e7-3cf879db4800","UNDE","D05","UNDE","2016-09-21T22:26Z","2016-09-23T14:01Z","UNDE.2016.38.AEDVEX.F.T","UNDE.2016.38.AEDVEX.F.T.18",40,
"cf1c0114-90e3-4745-9cf2-f11c1dd69d27","UNDE","D05","UNDE","2016-09-21T22:26Z","2016-09-23T14:01Z","UNDE.2016.38.AEDVEX.F.T","UNDE.2016.38.AEDVEX.F.T.27",40,
"a91de8f7-853c-4e14-9881-eac09b4341c9","UNDE","D05","UNDE","2016-09-21T22:26Z","2016-09-23T14:01Z","UNDE.2016.38.AEDVEX.F.T","UNDE.2016.38.AEDVEX.F.T.14",40,
"6ab2fc90-4a5c-4ca8-9a78-9b26193eec60","UNDE","D05","UNDE","2016-09-21T22:26Z","2016-09-23T14:01Z","UNDE.2016.38.AEDVEX.F.T","UNDE.2016.38.AEDVEX.F.T.09",40,
"ec7b5b20-35c3-468c-93be-dc9d4ed12c6d","UNDE","D05","UNDE","2016-09-21T22:26Z","2016-09-23T14:01Z","UNDE.2016.38.AEDVEX.F.T","UNDE.2016.38.AEDVEX.F.T.10",40,
"7785e979-abfd-40f8-b828-78e21e571a46","UNDE","D05","UNDE","2016-09-21T22:26Z","2016-09-23T14:01Z","UNDE.2016.38.AEDVEX.F.T","UNDE.2016.38.AEDVEX.F.T.04",40,
"fc4df192-52c9-47b5-a2a4-44f288e0d5c6","UNDE","D05","UNDE","2016-09-21T22:26Z","2016-09-23T14:01Z","UNDE.2016.38.AEDVEX.F.T","UNDE.2016.38.AEDVEX.F.T.29",40,
"b24ee044-44e0-4856-9430-a25628719157","UNDE","D05","UNDE","2016-09-21T22:26Z","2016-09-23T14:01Z","UNDE.2016.38.AEDVEX.F.T","UNDE.2016.38.AEDVEX.F.T.15",40,
"4de17de8-ea39-4da5-ae1b-05a29e1eb07b","UNDE","D05","UNDE","2016-09-21T22:26Z","2016-09-23T14:01Z","UNDE.2016.38.AEDVEX.F.T","UNDE.2016.38.AEDVEX.F.T.06",40,
"c043025a-879b-460c-a2c2-51b0a53c082b","UNDE","D05","UNDE","2016-09-21T22:26Z","2016-09-23T14:01Z","UNDE.2016.38.AEDVEX.F.T","UNDE.2016.38.AEDVEX.F.T.01",40,
"0e46ad47-1dfd-4799-9e78-1ff1f1aa4332","UNDE","D05","UNDE","2016-09-21T22:26Z","2016-09-23T14:01Z","UNDE.2016.38.AEDVEX.F.T","UNDE.2016.38.AEDVEX.F.T.25",40,
"cb025b5d-0ae6-4ecc-9968-396c3e738beb","UNDE","D05","UNDE","2016-09-21T22:26Z","2016-09-23T14:01Z","UNDE.2016.38.AEDVEX.F.T","UNDE.2016.38.AEDVEX.F.T.20",40,
"41b0782d-7c33-44d1-aaff-87e1350a71ec","UNDE","D05","UNDE","2016-09-21T22:26Z","2016-09-23T14:01Z","UNDE.2016.38.AEDVEX.F.T","UNDE.2016.38.AEDVEX.F.T.05",40,
"8866544c-5234-4cab-a5c3-06df3bc7315e","UNDE","D05","UNDE","2016-09-21T22:26Z","2016-09-23T14:01Z","UNDE.2016.38.AEDVEX.F.T","UNDE.2016.38.AEDVEX.F.T.19",40,
"cd9e807a-a11a-4bef-ae32-34e8c22930f8","UNDE","D05","UNDE","2016-09-21T22:26Z","2016-09-23T14:01Z","UNDE.2016.38.AEDVEX.F.T","UNDE.2016.38.AEDVEX.F.T.22",40,
"af7a06dc-0fb9-4aae-8dbe-58fb6b25e09e","UNDE","D05","UNDE","2016-09-21T22:26Z","2016-09-23T14:01Z","UNDE.2016.38.AEDVEX.F.T","UNDE.2016.38.AEDVEX.F.T.13",40,
"f3a5dc1b-a24f-49f1-8203-f432d1d8cd01","UNDE","D05","UNDE","2016-09-21T22:26Z","2016-09-23T14:01Z","UNDE.2016.38.AEDVEX.F.T","UNDE.2016.38.AEDVEX.F.T.11",40,
"017a02a0-e411-4991-8fb6-62920c42bbe3","UNDE","D05","UNDE","2016-09-21T22:26Z","2016-09-23T14:01Z","UNDE.2016.38.AEDVEX.F.T","UNDE.2016.38.AEDVEX.F.T.23",40,
"fcc7c2f4-f13b-4e7e-b032-e9ca3233e8de","UNDE","D05","UNDE","2016-09-21T22:26Z","2016-09-23T14:01Z","UNDE.2016.38.AEDSTI.F.T","UNDE.2016.38.AEDSTI.F.T.01",19,
"5a8aa927-f874-4a7c-bf03-4a4393af17db","UNDE","D05","UNDE","2016-09-21T22:26Z","2016-09-23T14:01Z","UNDE.2016.38.AEDCIN.F.T","UNDE.2016.38.AEDCIN.F.T.06",36,
"378d9dab-51cb-4b72-9f72-5eec2e5a176f","UNDE","D05","UNDE","2016-09-21T22:26Z","2016-09-23T14:01Z","UNDE.2016.38.AEDCIN.F.T","UNDE.2016.38.AEDCIN.F.T.02",37,
"e9dff0fe-22b0-4736-b302-790ca4f40985","UNDE","D05","UNDE","2016-09-21T22:26Z","2016-09-23T14:01Z","UNDE.2016.38.AEDCIN.F.T","UNDE.2016.38.AEDCIN.F.T.07",36,
"6d30ad2d-98e3-4474-9d73-c351d475adbe","UNDE","D05","UNDE","2016-09-21T22:26Z","2016-09-23T14:01Z","UNDE.2016.38.AEDCIN.F.T","UNDE.2016.38.AEDCIN.F.T.03",37,
"dc73f86a-f139-4cb7-a5d8-d7b2af2bbe69","UNDE","D05","UNDE","2016-09-21T22:26Z","2016-09-23T14:01Z","UNDE.2016.38.AEDCIN.F.T","UNDE.2016.38.AEDCIN.F.T.04",37,
"18240fb5-6065-4e43-9654-39efc0d548f4","UNDE","D05","UNDE","2016-09-21T22:26Z","2016-09-23T14:01Z","UNDE.2016.38.AEDCIN.F.T","UNDE.2016.38.AEDCIN.F.T.05",37,
"6e812a03-96cb-4272-a1ce-67e174b396f6","UNDE","D05","UNDE","2016-09-21T22:26Z","2016-09-23T14:01Z","UNDE.2016.38.AEDCIN.F.T","UNDE.2016.38.AEDCIN.F.T.01",37,
"5922e6fb-f8b5-47bb-a018-503f827ad6ed","UNDE","D05","UNDE","2016-09-21T22:26Z","2016-09-23T14:01Z","UNDE.2016.38.AEDCAN2.F.T","UNDE.2016.38.AEDCAN2.F.T.01",39,
"7f32e8ad-6eda-4fec-892d-e1cc11d3b7bf","UNDE","D05","UNDE","2016-09-21T22:26Z","2016-09-23T14:01Z","UNDE.2016.38.AEDCAN2.F.T","UNDE.2016.38.AEDCAN2.F.T.02",39,
"e61f208a-a1e0-46cc-98da-3f72c05dab91","UNDE","D05","UNDE","2016-09-21T22:26Z","2016-09-23T14:01Z","UNDE.2016.38.AEDCAN2.F.T","UNDE.2016.38.AEDCAN2.F.T.04",38,
"2da63e67-2b75-459e-94d6-b7d2ea6012ff","UNDE","D05","UNDE","2016-09-21T22:26Z","2016-09-23T14:01Z","UNDE.2016.38.AEDCAN2.F.T","UNDE.2016.38.AEDCAN2.F.T.03",39,
"57983592-b6f4-4dca-aca7-352c44652802","UNDE","D05","UNDE","2016-09-21T22:26Z","2016-09-23T14:01Z","UNDE.2016.38.AEDVEX.F.T","UNDE.2016.38.AEDVEX.F.T.36",40,
"13c179d2-e3ec-4cae-99ca-f7de6c20a723","UNDE","D05","UNDE","2016-09-21T22:26Z","2016-09-23T14:01Z","UNDE.2016.38.AEDVEX.F.T","UNDE.2016.38.AEDVEX.F.T.54",39,
"853cecf1-0cdb-496d-8272-475c4138daee","UNDE","D05","UNDE","2016-09-21T22:26Z","2016-09-23T14:01Z","UNDE.2016.38.AEDVEX.F.T","UNDE.2016.38.AEDVEX.F.T.49",39,
"b0165e39-984a-46eb-809f-b326c9fdf94e","UNDE","D05","UNDE","2016-09-21T22:26Z","2016-09-23T14:01Z","UNDE.2016.38.AEDVEX.F.T","UNDE.2016.38.AEDVEX.F.T.44",40,
"a134b9ce-b12b-4fa0-b858-adc512d59ac4","UNDE","D05","UNDE","2016-09-21T22:26Z","2016-09-23T14:01Z","UNDE.2016.38.AEDVEX.F.T","UNDE.2016.38.AEDVEX.F.T.52",39,
"e764727c-6627-4925-b9ef-a36803cd14fa","UNDE","D05","UNDE","2016-09-21T22:26Z","2016-09-23T14:01Z","UNDE.2016.38.AEDVEX.F.T","UNDE.2016.38.AEDVEX.F.T.40",40,
"e33d1fa6-6e5e-46ca-aaab-7c0c5f955a58","UNDE","D05","UNDE","2016-09-21T22:26Z","2016-09-23T14:01Z","UNDE.2016.38.AEDVEX.F.T","UNDE.2016.38.AEDVEX.F.T.35",40,
"f831e789-f5d1-4169-a303-0965214d8b8d","UNDE","D05","UNDE","2016-09-21T22:26Z","2016-09-23T14:01Z","UNDE.2016.38.AEDVEX.F.T","UNDE.2016.38.AEDVEX.F.T.46",40,
"5bcb923c-8a63-4861-89a6-ada2fd5c34db","UNDE","D05","UNDE","2016-09-21T22:26Z","2016-09-23T14:01Z","UNDE.2016.38.AEDVEX.F.T","UNDE.2016.38.AEDVEX.F.T.53",39,
"1bf3c6f9-b3bf-4eb1-af07-ae3d033cd06f","UNDE","D05","UNDE","2016-09-21T22:26Z","2016-09-23T14:01Z","UNDE.2016.38.AEDVEX.F.T","UNDE.2016.38.AEDVEX.F.T.34",40,
"bdcb3fd9-bcc3-4c95-bb47-a55ea7927b14","UNDE","D05","UNDE","2016-09-21T22:26Z","2016-09-23T14:01Z","UNDE.2016.38.AEDVEX.F.T","UNDE.2016.38.AEDVEX.F.T.39",40,
"07c8aff9-9c14-43cd-8a3c-a0f53784d166","UNDE","D05","UNDE","2016-09-21T22:26Z","2016-09-23T14:01Z","UNDE.2016.38.AEDVEX.F.T","UNDE.2016.38.AEDVEX.F.T.48",39,
"5caf2b5c-37d3-403f-9ed9-d810303935e8","UNDE","D05","UNDE","2016-09-21T22:26Z","2016-09-23T14:01Z","UNDE.2016.38.AEDVEX.F.T","UNDE.2016.38.AEDVEX.F.T.51",39,
"53a83f3e-dc2a-4d03-99ab-8649e50440fa","UNDE","D05","UNDE","2016-09-21T22:26Z","2016-09-23T14:01Z","UNDE.2016.38.AEDVEX.F.T","UNDE.2016.38.AEDVEX.F.T.55",39,
"72974d30-8395-49f2-aa4c-4adfe7a37797","UNDE","D05","UNDE","2016-09-21T22:26Z","2016-09-23T14:01Z","UNDE.2016.38.AEDVEX.F.T","UNDE.2016.38.AEDVEX.F.T.47",40,
"87ab0261-53fb-488f-b4e6-f7e813bdaadf","UNDE","D05","UNDE","2016-09-21T22:26Z","2016-09-23T14:01Z","UNDE.2016.38.AEDVEX.F.T","UNDE.2016.38.AEDVEX.F.T.43",40,
