uid,namedLocation,domainID,siteID,startCollectDate,endCollectDate,testingID,testingVialID,poolSize,dataQF
"44de82f7-9983-4d73-855d-633874721b77","STER","D10","STER","2014-08-04T23:55Z","2014-08-06T14:53Z","STER.2014.31.CULTAR.F.T","STER.2014.31.CULTAR.F.T.02",30,
"fe46d905-2cab-497e-8304-6691d5ee2d0e","STER","D10","STER","2014-08-04T23:55Z","2014-08-06T14:53Z","STER.2014.31.CULTAR.F.T","STER.2014.31.CULTAR.F.T.04",30,
"521e3fbc-86c6-4e5e-9178-f706d2428cfc","STER","D10","STER","2014-08-04T23:55Z","2014-08-06T14:53Z","STER.2014.31.CULTAR.F.T","STER.2014.31.CULTAR.F.T.03",30,
"d689a75f-61e6-4888-a17c-d12ed6c99954","STER","D10","STER","2014-08-04T23:55Z","2014-08-06T14:53Z","STER.2014.31.AEDDOR.F.T","STER.2014.31.AEDDOR.F.T.01",20,
"fc2c1856-b02a-47cd-850e-3e3798201928","STER","D10","STER","2014-08-04T23:55Z","2014-08-06T14:53Z","STER.2014.31.CULTAR.F.T","STER.2014.31.CULTAR.F.T.01",30,
"c97d5615-5aec-462c-825d-8adf499906cc","STER","D10","STER","2014-08-04T23:55Z","2014-08-06T14:53Z","STER.2014.31.AEDDOR.F.T","STER.2014.31.AEDDOR.F.T.02",20,
"e0c7582c-5a9b-42eb-8cad-5b76ece6d25b","STER","D10","STER","2014-08-04T23:55Z","2014-08-06T14:53Z","STER.2014.31.AEDDOR.F.T","STER.2014.31.AEDDOR.F.T.03",20,
"9655be75-148a-49d2-a2c8-4d704fb2cb70","STER","D10","STER","2014-08-04T23:55Z","2014-08-06T14:53Z","STER.2014.31.CULTAR.F.T","STER.2014.31.CULTAR.F.T.05",30,
"870c49e8-3e78-44b5-8b4f-018e5141c45e","STER","D10","STER","2014-08-04T23:55Z","2014-08-06T14:53Z","STER.2014.31.AEDDOR.F.T","STER.2014.31.AEDDOR.F.T.04",20,
