uid,namedLocation,domainID,siteID,nlcdClass,decimalLatitude,decimalLongitude,geodeticDatum,coordinateUncertainty,elevation,elevationUncertainty,startCollectDate,endCollectDate,receivedDate,testedDate,testingVialID,deprecatedVialID,sampleCondition,testProtocolVersion,testMethod,testResult,testPathogenName,testNumber,finalResult,locus,percentIdentity,sequenceDatabase,sequenceDatabaseID,extractDepleted,remarks,testedBy,laboratoryName
"a05637a6-267d-4ecd-83fb-1c3f82470293","STER","D10","STER",,40.461894,-103.029290,"WGS84",,1364.0,,"2014-08-04T23:55Z","2014-08-06T14:53Z","2015-01-06T12:00Z","2015-01-07T12:00Z","STER.2014.31.CULTAR.F.T.01","STER.2014.3.Culex tarsalis.Female.T1","No known compromise","Other","PCR","Negative","TOGV",1,"N",,,,,"Y","testedDate may be inaccurate|sampleCompromised is unknown|testedBy may be inaccurate","Wp94RvOv+/IH+klBJiHvM/3a2EhfesxK","University of Illinois"
"25582fee-1d09-4d22-ac1e-7e567313911e","STER","D10","STER",,40.461894,-103.029290,"WGS84",,1364.0,,"2014-08-04T23:55Z","2014-08-06T14:53Z","2015-01-06T12:00Z","2015-01-07T12:00Z","STER.2014.31.AEDDOR.F.T.04","STER.2014.3.Aedes dorsalis.Female.T4","No known compromise","Other","PCR","Negative","TOGV",1,"N",,,,,"Y","testedDate may be inaccurate|sampleCompromised is unknown|testedBy may be inaccurate","Wp94RvOv+/IH+klBJiHvM/3a2EhfesxK","University of Illinois"
"9eb42734-5302-412a-b4c8-e45fef02307b","STER","D10","STER",,40.461894,-103.029290,"WGS84",,1364.0,,"2014-08-04T23:55Z","2014-08-06T14:53Z","2015-01-06T12:00Z","2015-01-07T12:00Z","STER.2014.31.AEDDOR.F.T.03","STER.2014.3.Aedes dorsalis.Female.T3","No known compromise","Other","PCR","Negative","TOGV",1,"N",,,,,"Y","testedDate may be inaccurate|sampleCompromised is unknown|testedBy may be inaccurate","Wp94RvOv+/IH+klBJiHvM/3a2EhfesxK","University of Illinois"
"1b4d0927-9bee-40a6-83aa-174ac8adf7aa","STER","D10","STER",,40.461894,-103.029290,"WGS84",,1364.0,,"2014-08-04T23:55Z","2014-08-06T14:53Z","2015-01-06T12:00Z","2015-01-07T12:00Z","STER.2014.31.CULTAR.F.T.03","STER.2014.3.Culex tarsalis.Female.T3","No known compromise","Other","PCR","Negative","TOGV",1,"N",,,,,"Y","testedDate may be inaccurate|sampleCompromised is unknown|testedBy may be inaccurate","Wp94RvOv+/IH+klBJiHvM/3a2EhfesxK","University of Illinois"
"b109ed4d-4e7d-46ce-8435-8edd092926ae","STER","D10","STER",,40.461894,-103.029290,"WGS84",,1364.0,,"2014-08-04T23:55Z","2014-08-06T14:53Z","2015-01-06T12:00Z","2015-01-07T12:00Z","STER.2014.31.AEDDOR.F.T.01","STER.2014.3.Aedes dorsalis.Female.T1","No known compromise","Other","PCR","Negative","TOGV",1,"N",,,,,"Y","testedDate may be inaccurate|sampleCompromised is unknown|testedBy may be inaccurate","Wp94RvOv+/IH+klBJiHvM/3a2EhfesxK","University of Illinois"
"0e1459f1-2cc1-406e-9583-1727356e1512","STER","D10","STER",,40.461894,-103.029290,"WGS84",,1364.0,,"2014-08-04T23:55Z","2014-08-06T14:53Z","2015-01-06T12:00Z","2015-01-07T12:00Z","STER.2014.31.CULTAR.F.T.04","STER.2014.3.Culex tarsalis.Female.T4","No known compromise","Other","PCR","Negative","TOGV",1,"N",,,,,"Y","testedDate may be inaccurate|sampleCompromised is unknown|testedBy may be inaccurate","Wp94RvOv+/IH+klBJiHvM/3a2EhfesxK","University of Illinois"
"3c933ad4-4fab-48db-93d9-0114d86802f2","STER","D10","STER",,40.461894,-103.029290,"WGS84",,1364.0,,"2014-08-04T23:55Z","2014-08-06T14:53Z","2015-01-06T12:00Z","2015-01-07T12:00Z","STER.2014.31.CULTAR.F.T.02","STER.2014.3.Culex tarsalis.Female.T2","No known compromise","Other","PCR","Negative","TOGV",1,"N",,,,,"Y","testedDate may be inaccurate|sampleCompromised is unknown|testedBy may be inaccurate","Wp94RvOv+/IH+klBJiHvM/3a2EhfesxK","University of Illinois"
"2ac5c7e3-fec4-4491-b619-4721a0916041","STER","D10","STER",,40.461894,-103.029290,"WGS84",,1364.0,,"2014-08-04T23:55Z","2014-08-06T14:53Z","2015-01-06T12:00Z","2015-01-07T12:00Z","STER.2014.31.CULTAR.F.T.05","STER.2014.3.Culex tarsalis.Female.T5","No known compromise","Other","PCR","Negative","TOGV",1,"N",,,,,"Y","testedDate may be inaccurate|sampleCompromised is unknown|testedBy may be inaccurate","Wp94RvOv+/IH+klBJiHvM/3a2EhfesxK","University of Illinois"
"247a8eae-5021-4fa1-a604-07f26440f15a","STER","D10","STER",,40.461894,-103.029290,"WGS84",,1364.0,,"2014-08-04T23:55Z","2014-08-06T14:53Z","2015-01-06T12:00Z","2015-01-07T12:00Z","STER.2014.31.AEDDOR.F.T.02","STER.2014.3.Aedes dorsalis.Female.T2","No known compromise","Other","PCR","Negative","TOGV",1,"N",,,,,"Y","testedDate may be inaccurate|sampleCompromised is unknown|testedBy may be inaccurate","Wp94RvOv+/IH+klBJiHvM/3a2EhfesxK","University of Illinois"
"ba452bb5-fd9a-4356-a071-78227802ccdc","STER","D10","STER",,40.461894,-103.029290,"WGS84",,1364.0,,"2014-08-04T23:55Z","2014-08-06T14:53Z","2015-01-06T12:00Z","2015-01-07T12:00Z","STER.2014.31.CULTAR.F.T.01","STER.2014.3.Culex tarsalis.Female.T1","No known compromise","Other","PCR","Negative","FLAV",3,"Y",,,,,"Y","testedDate may be inaccurate|sampleCompromised is unknown|testedBy may be inaccurate","Wp94RvOv+/IH+klBJiHvM/3a2EhfesxK","University of Illinois"
"5479c6c4-d389-4563-a675-30273da5b66c","STER","D10","STER",,40.461894,-103.029290,"WGS84",,1364.0,,"2014-08-04T23:55Z","2014-08-06T14:53Z","2015-01-06T12:00Z","2015-01-07T12:00Z","STER.2014.31.AEDDOR.F.T.04","STER.2014.3.Aedes dorsalis.Female.T4","No known compromise","Other","PCR","Negative","FLAV",3,"Y",,,,,"Y","testedDate may be inaccurate|sampleCompromised is unknown|testedBy may be inaccurate","Wp94RvOv+/IH+klBJiHvM/3a2EhfesxK","University of Illinois"
"3ddbcf03-7a27-42ef-a87a-546494445f02","STER","D10","STER",,40.461894,-103.029290,"WGS84",,1364.0,,"2014-08-04T23:55Z","2014-08-06T14:53Z","2015-01-06T12:00Z","2015-01-07T12:00Z","STER.2014.31.AEDDOR.F.T.01","STER.2014.3.Aedes dorsalis.Female.T1","No known compromise","Other","PCR","Negative","FLAV",3,"Y",,,,,"Y","testedDate may be inaccurate|sampleCompromised is unknown|testedBy may be inaccurate","Wp94RvOv+/IH+klBJiHvM/3a2EhfesxK","University of Illinois"
"b1892035-ce3a-4eb3-9b72-9c7617026246","STER","D10","STER",,40.461894,-103.029290,"WGS84",,1364.0,,"2014-08-04T23:55Z","2014-08-06T14:53Z","2015-01-06T12:00Z","2015-01-07T12:00Z","STER.2014.31.CULTAR.F.T.05","STER.2014.3.Culex tarsalis.Female.T5","No known compromise","Other","PCR","Negative","FLAV",3,"Y",,,,,"Y","testedDate may be inaccurate|sampleCompromised is unknown|testedBy may be inaccurate","Wp94RvOv+/IH+klBJiHvM/3a2EhfesxK","University of Illinois"
"5c82925c-d032-4220-8b00-aa66c69a9130","STER","D10","STER",,40.461894,-103.029290,"WGS84",,1364.0,,"2014-08-04T23:55Z","2014-08-06T14:53Z","2015-01-06T12:00Z","2015-01-07T12:00Z","STER.2014.31.CULTAR.F.T.03","STER.2014.3.Culex tarsalis.Female.T3","No known compromise","Other","PCR","Negative","FLAV",3,"Y",,,,,"Y","testedDate may be inaccurate|sampleCompromised is unknown|testedBy may be inaccurate","Wp94RvOv+/IH+klBJiHvM/3a2EhfesxK","University of Illinois"
"b28c29e8-2110-4032-9d9b-079355ba5cc3","STER","D10","STER",,40.461894,-103.029290,"WGS84",,1364.0,,"2014-08-04T23:55Z","2014-08-06T14:53Z","2015-01-06T12:00Z","2015-01-07T12:00Z","STER.2014.31.AEDDOR.F.T.03","STER.2014.3.Aedes dorsalis.Female.T3","No known compromise","Other","PCR","Negative","FLAV",3,"Y",,,,,"Y","testedDate may be inaccurate|sampleCompromised is unknown|testedBy may be inaccurate","Wp94RvOv+/IH+klBJiHvM/3a2EhfesxK","University of Illinois"
"ed711fb2-ce0c-4c34-a245-bf75d338a645","STER","D10","STER",,40.461894,-103.029290,"WGS84",,1364.0,,"2014-08-04T23:55Z","2014-08-06T14:53Z","2015-01-06T12:00Z","2015-01-07T12:00Z","STER.2014.31.CULTAR.F.T.02","STER.2014.3.Culex tarsalis.Female.T2","No known compromise","Other","PCR","Negative","FLAV",3,"Y",,,,,"Y","testedDate may be inaccurate|sampleCompromised is unknown|testedBy may be inaccurate","Wp94RvOv+/IH+klBJiHvM/3a2EhfesxK","University of Illinois"
"076c6893-de26-481d-9f2f-236dbc12b8ab","STER","D10","STER",,40.461894,-103.029290,"WGS84",,1364.0,,"2014-08-04T23:55Z","2014-08-06T14:53Z","2015-01-06T12:00Z","2015-01-07T12:00Z","STER.2014.31.CULTAR.F.T.04","STER.2014.3.Culex tarsalis.Female.T4","No known compromise","Other","PCR","Negative","FLAV",3,"Y",,,,,"Y","testedDate may be inaccurate|sampleCompromised is unknown|testedBy may be inaccurate","Wp94RvOv+/IH+klBJiHvM/3a2EhfesxK","University of Illinois"
"ac58a495-d10d-447d-9aef-6f0035dd5e6a","STER","D10","STER",,40.461894,-103.029290,"WGS84",,1364.0,,"2014-08-04T23:55Z","2014-08-06T14:53Z","2015-01-06T12:00Z","2015-01-07T12:00Z","STER.2014.31.AEDDOR.F.T.02","STER.2014.3.Aedes dorsalis.Female.T2","No known compromise","Other","PCR","Negative","FLAV",3,"Y",,,,,"Y","testedDate may be inaccurate|sampleCompromised is unknown|testedBy may be inaccurate","Wp94RvOv+/IH+klBJiHvM/3a2EhfesxK","University of Illinois"
"c71657ed-bef8-4132-b283-0c13d80e2422","STER","D10","STER",,40.461894,-103.029290,"WGS84",,1364.0,,"2014-08-04T23:55Z","2014-08-06T14:53Z","2015-01-06T12:00Z","2015-01-07T12:00Z","STER.2014.31.AEDDOR.F.T.04","STER.2014.3.Aedes dorsalis.Female.T4","No known compromise","Other","PCR","Negative","BUNV",2,"N",,,,,"Y","testedDate may be inaccurate|sampleCompromised is unknown|testedBy may be inaccurate","Wp94RvOv+/IH+klBJiHvM/3a2EhfesxK","University of Illinois"
"2bf29dbb-9403-4986-9c87-9d6dff96a737","STER","D10","STER",,40.461894,-103.029290,"WGS84",,1364.0,,"2014-08-04T23:55Z","2014-08-06T14:53Z","2015-01-06T12:00Z","2015-01-07T12:00Z","STER.2014.31.CULTAR.F.T.03","STER.2014.3.Culex tarsalis.Female.T3","No known compromise","Other","PCR","Negative","BUNV",2,"N",,,,,"Y","testedDate may be inaccurate|sampleCompromised is unknown|testedBy may be inaccurate","Wp94RvOv+/IH+klBJiHvM/3a2EhfesxK","University of Illinois"
"db0b4c43-c318-4e2b-8fc4-87cd133f0784","STER","D10","STER",,40.461894,-103.029290,"WGS84",,1364.0,,"2014-08-04T23:55Z","2014-08-06T14:53Z","2015-01-06T12:00Z","2015-01-07T12:00Z","STER.2014.31.AEDDOR.F.T.01","STER.2014.3.Aedes dorsalis.Female.T1","No known compromise","Other","PCR","Negative","BUNV",2,"N",,,,,"Y","testedDate may be inaccurate|sampleCompromised is unknown|testedBy may be inaccurate","Wp94RvOv+/IH+klBJiHvM/3a2EhfesxK","University of Illinois"
"766e53f0-fc42-4e55-aa37-d41fdfda43b6","STER","D10","STER",,40.461894,-103.029290,"WGS84",,1364.0,,"2014-08-04T23:55Z","2014-08-06T14:53Z","2015-01-06T12:00Z","2015-01-07T12:00Z","STER.2014.31.CULTAR.F.T.01","STER.2014.3.Culex tarsalis.Female.T1","No known compromise","Other","PCR","Negative","BUNV",2,"N",,,,,"Y","testedDate may be inaccurate|sampleCompromised is unknown|testedBy may be inaccurate","Wp94RvOv+/IH+klBJiHvM/3a2EhfesxK","University of Illinois"
"461139a8-7085-4387-b78f-6ff67e7d6438","STER","D10","STER",,40.461894,-103.029290,"WGS84",,1364.0,,"2014-08-04T23:55Z","2014-08-06T14:53Z","2015-01-06T12:00Z","2015-01-07T12:00Z","STER.2014.31.CULTAR.F.T.02","STER.2014.3.Culex tarsalis.Female.T2","No known compromise","Other","PCR","Negative","BUNV",2,"N",,,,,"Y","testedDate may be inaccurate|sampleCompromised is unknown|testedBy may be inaccurate","Wp94RvOv+/IH+klBJiHvM/3a2EhfesxK","University of Illinois"
"5fcf0d71-ef1b-4c2d-a02f-0adaf5e8810e","STER","D10","STER",,40.461894,-103.029290,"WGS84",,1364.0,,"2014-08-04T23:55Z","2014-08-06T14:53Z","2015-01-06T12:00Z","2015-01-07T12:00Z","STER.2014.31.AEDDOR.F.T.03","STER.2014.3.Aedes dorsalis.Female.T3","No known compromise","Other","PCR","Negative","BUNV",2,"N",,,,,"Y","testedDate may be inaccurate|sampleCompromised is unknown|testedBy may be inaccurate","Wp94RvOv+/IH+klBJiHvM/3a2EhfesxK","University of Illinois"
"487fa864-b192-4e06-bc28-4781155b0c8c","STER","D10","STER",,40.461894,-103.029290,"WGS84",,1364.0,,"2014-08-04T23:55Z","2014-08-06T14:53Z","2015-01-06T12:00Z","2015-01-07T12:00Z","STER.2014.31.CULTAR.F.T.04","STER.2014.3.Culex tarsalis.Female.T4","No known compromise","Other","PCR","Negative","BUNV",2,"N",,,,,"Y","testedDate may be inaccurate|sampleCompromised is unknown|testedBy may be inaccurate","Wp94RvOv+/IH+klBJiHvM/3a2EhfesxK","University of Illinois"
"96a7a88f-6ef9-4a0c-a32c-0eb950f36d7e","STER","D10","STER",,40.461894,-103.029290,"WGS84",,1364.0,,"2014-08-04T23:55Z","2014-08-06T14:53Z","2015-01-06T12:00Z","2015-01-07T12:00Z","STER.2014.31.CULTAR.F.T.05","STER.2014.3.Culex tarsalis.Female.T5","No known compromise","Other","PCR","Negative","BUNV",2,"N",,,,,"Y","testedDate may be inaccurate|sampleCompromised is unknown|testedBy may be inaccurate","Wp94RvOv+/IH+klBJiHvM/3a2EhfesxK","University of Illinois"
"58c15ace-0668-4aa6-ad15-d8aa198fb27c","STER","D10","STER",,40.461894,-103.029290,"WGS84",,1364.0,,"2014-08-04T23:55Z","2014-08-06T14:53Z","2015-01-06T12:00Z","2015-01-07T12:00Z","STER.2014.31.AEDDOR.F.T.02","STER.2014.3.Aedes dorsalis.Female.T2","No known compromise","Other","PCR","Negative","BUNV",2,"N",,,,,"Y","testedDate may be inaccurate|sampleCompromised is unknown|testedBy may be inaccurate","Wp94RvOv+/IH+klBJiHvM/3a2EhfesxK","University of Illinois"
