uid,namedLocation,domainID,siteID,startCollectDate,endCollectDate,testingID,testingVialID,poolSize,dataQF
"f00f8490-d434-4a94-8a4e-1e6ef8aa3aa2","NOGP","D09","NOGP","2016-07-19T00:18Z","2016-07-20T13:54Z","NOGP.2016.29.AEDDOR.F.T","NOGP.2016.29.AEDDOR.F.T.19",40,
"f955f0e3-b5f0-4a45-bcb6-823dc18a2614","NOGP","D09","NOGP","2016-07-19T00:18Z","2016-07-20T13:54Z","NOGP.2016.29.AEDDOR.F.T","NOGP.2016.29.AEDDOR.F.T.21",40,
"92d6227b-8832-4c57-a030-dfd607ae926b","NOGP","D09","NOGP","2016-07-19T00:18Z","2016-07-20T13:54Z","NOGP.2016.29.AEDDOR.F.T","NOGP.2016.29.AEDDOR.F.T.06",40,
"21613314-ba7a-4d95-b232-2c524bc15989","NOGP","D09","NOGP","2016-07-19T00:18Z","2016-07-20T13:54Z","NOGP.2016.29.AEDDOR.F.T","NOGP.2016.29.AEDDOR.F.T.25",40,
"cb8da4c8-ec84-48fc-a952-33fa052a943b","NOGP","D09","NOGP","2016-07-19T00:18Z","2016-07-20T13:54Z","NOGP.2016.29.AEDDOR.F.T","NOGP.2016.29.AEDDOR.F.T.12",40,
"eed3c7cc-0f5e-492c-9833-7ce2cf9a94d6","NOGP","D09","NOGP","2016-07-19T00:18Z","2016-07-20T13:54Z","NOGP.2016.29.AEDDOR.F.T","NOGP.2016.29.AEDDOR.F.T.24",40,
"3ca69b38-998b-45de-aa2a-d4d7c483c1ae","NOGP","D09","NOGP","2016-07-19T00:18Z","2016-07-20T13:54Z","NOGP.2016.29.AEDDOR.F.T","NOGP.2016.29.AEDDOR.F.T.23",40,
"5f8ebab5-aaa9-42f3-bd49-33ecb2821c71","NOGP","D09","NOGP","2016-07-19T00:18Z","2016-07-20T13:54Z","NOGP.2016.29.AEDDOR.F.T","NOGP.2016.29.AEDDOR.F.T.18",40,
"0bfdfcf6-0365-45c8-8a13-089077a977ae","NOGP","D09","NOGP","2016-07-19T00:18Z","2016-07-20T13:54Z","NOGP.2016.29.AEDDOR.F.T","NOGP.2016.29.AEDDOR.F.T.07",40,
"15f18a5e-cc0c-4680-a6aa-9cc4c904089b","NOGP","D09","NOGP","2016-07-19T00:18Z","2016-07-20T13:54Z","NOGP.2016.29.AEDDOR.F.T","NOGP.2016.29.AEDDOR.F.T.26",40,
"a7d37702-fc75-4b1f-8d47-f1d8446aa2f4","NOGP","D09","NOGP","2016-07-19T00:18Z","2016-07-20T13:54Z","NOGP.2016.29.AEDDOR.F.T","NOGP.2016.29.AEDDOR.F.T.20",40,
"fd7dca40-02e7-4d92-98db-382a046cdd25","NOGP","D09","NOGP","2016-07-19T00:18Z","2016-07-20T13:54Z","NOGP.2016.29.AEDDOR.F.T","NOGP.2016.29.AEDDOR.F.T.05",40,
"2b5bfc63-3c5f-4b25-b990-72884d730a70","NOGP","D09","NOGP","2016-07-19T00:18Z","2016-07-20T13:54Z","NOGP.2016.29.AEDDOR.F.T","NOGP.2016.29.AEDDOR.F.T.13",40,
"aa34df49-e50b-4c59-ad4e-0aac88131081","NOGP","D09","NOGP","2016-07-19T00:18Z","2016-07-20T13:54Z","NOGP.2016.29.AEDDOR.F.T","NOGP.2016.29.AEDDOR.F.T.17",40,
"fb13993a-da54-4953-8fd7-3c8071db7600","NOGP","D09","NOGP","2016-07-19T00:18Z","2016-07-20T13:54Z","NOGP.2016.29.AEDDOR.F.T","NOGP.2016.29.AEDDOR.F.T.03",40,
"94b01df9-a03a-4234-a13c-cde1ee3c6924","NOGP","D09","NOGP","2016-07-19T00:18Z","2016-07-20T13:54Z","NOGP.2016.29.AEDDOR.F.T","NOGP.2016.29.AEDDOR.F.T.14",40,
"f58871ca-174f-4658-a163-6ea375f6f0b8","NOGP","D09","NOGP","2016-07-19T00:18Z","2016-07-20T13:54Z","NOGP.2016.29.AEDDOR.F.T","NOGP.2016.29.AEDDOR.F.T.10",40,
"b209482a-80ca-4fc4-ad26-e591e795c2c3","NOGP","D09","NOGP","2016-07-19T00:18Z","2016-07-20T13:54Z","NOGP.2016.29.AEDDOR.F.T","NOGP.2016.29.AEDDOR.F.T.16",40,
"35dc9887-99e7-408d-bbd4-6b6ab4843c9c","NOGP","D09","NOGP","2016-07-19T00:18Z","2016-07-20T13:54Z","NOGP.2016.29.AEDDOR.F.T","NOGP.2016.29.AEDDOR.F.T.02",40,
"27a1b45e-9d79-4e8d-8e90-3d444ca78cbf","NOGP","D09","NOGP","2016-07-19T00:18Z","2016-07-20T13:54Z","NOGP.2016.29.AEDDOR.F.T","NOGP.2016.29.AEDDOR.F.T.08",40,
"f3971ee9-eba1-48dd-873b-72ec153ea6d6","NOGP","D09","NOGP","2016-07-19T00:18Z","2016-07-20T13:54Z","NOGP.2016.29.AEDDOR.F.T","NOGP.2016.29.AEDDOR.F.T.11",40,
"bde2288c-bf7b-4dc6-b7eb-92454a2d1cfd","NOGP","D09","NOGP","2016-07-19T00:18Z","2016-07-20T13:54Z","NOGP.2016.29.CULTAR.F.T","NOGP.2016.29.CULTAR.F.T.01",36,
"9075322f-2efd-49b8-b19a-da946c02462f","NOGP","D09","NOGP","2016-07-19T00:18Z","2016-07-20T13:54Z","NOGP.2016.29.CULTAR.F.T","NOGP.2016.29.CULTAR.F.T.03",35,
"6e63efc7-1381-4255-9f8d-afeac364c9e1","NOGP","D09","NOGP","2016-07-19T00:18Z","2016-07-20T13:54Z","NOGP.2016.29.CULTAR.F.T","NOGP.2016.29.CULTAR.F.T.04",35,
"28b1ef85-d763-48b7-bc53-e327f1ef358d","NOGP","D09","NOGP","2016-07-19T00:18Z","2016-07-20T13:54Z","NOGP.2016.29.CULTAR.F.T","NOGP.2016.29.CULTAR.F.T.02",35,
"a825a1ac-5159-4015-a286-c285494322d8","NOGP","D09","NOGP","2016-07-19T00:18Z","2016-07-20T13:54Z","NOGP.2016.29.CULTAR.F.T","NOGP.2016.29.CULTAR.F.T.06",35,
"774cf9a8-c8da-4440-b973-781335487bb4","NOGP","D09","NOGP","2016-07-19T00:18Z","2016-07-20T13:54Z","NOGP.2016.29.CULTAR.F.T","NOGP.2016.29.CULTAR.F.T.05",35,
"69c5f966-dee6-4a81-8d73-c459fe3b3eaf","NOGP","D09","NOGP","2016-07-19T00:18Z","2016-07-20T13:54Z","NOGP.2016.29.AEDVEX.F.T","NOGP.2016.29.AEDVEX.F.T.11",37,
"c120ff08-8fd6-4400-8391-bf19e39e0402","NOGP","D09","NOGP","2016-07-19T00:18Z","2016-07-20T13:54Z","NOGP.2016.29.AEDVEX.F.T","NOGP.2016.29.AEDVEX.F.T.04",38,
"8c44058b-68c2-4cbd-9f35-61a23356feb5","NOGP","D09","NOGP","2016-07-19T00:18Z","2016-07-20T13:54Z","NOGP.2016.29.AEDVEX.F.T","NOGP.2016.29.AEDVEX.F.T.09",37,
"ba50442a-46a2-4c1a-a74b-b817776dfb52","NOGP","D09","NOGP","2016-07-19T00:18Z","2016-07-20T13:54Z","NOGP.2016.29.AEDVEX.F.T","NOGP.2016.29.AEDVEX.F.T.06",38,
"f1201a3e-4ca7-4814-887b-16922bea3ea8","NOGP","D09","NOGP","2016-07-19T00:18Z","2016-07-20T13:54Z","NOGP.2016.29.AEDVEX.F.T","NOGP.2016.29.AEDVEX.F.T.10",37,
"50e4625c-f177-4f96-a4e8-5963595ba9b2","NOGP","D09","NOGP","2016-07-19T00:18Z","2016-07-20T13:54Z","NOGP.2016.29.AEDVEX.F.T","NOGP.2016.29.AEDVEX.F.T.07",38,
"ded83dfc-d422-4f3d-8454-a7beb9ae79d8","NOGP","D09","NOGP","2016-07-19T00:18Z","2016-07-20T13:54Z","NOGP.2016.29.AEDVEX.F.T","NOGP.2016.29.AEDVEX.F.T.01",38,
"89430f69-72e0-4837-b6a2-3ca9c6f6d623","NOGP","D09","NOGP","2016-07-19T00:18Z","2016-07-20T13:54Z","NOGP.2016.29.AEDVEX.F.T","NOGP.2016.29.AEDVEX.F.T.03",38,
"fb181b91-dc47-4090-9233-c60ad28c1086","NOGP","D09","NOGP","2016-07-19T00:18Z","2016-07-20T13:54Z","NOGP.2016.29.AEDVEX.F.T","NOGP.2016.29.AEDVEX.F.T.05",38,
"13ac1f35-e70f-49f4-81de-12b7d069d04b","NOGP","D09","NOGP","2016-07-19T00:18Z","2016-07-20T13:54Z","NOGP.2016.29.AEDVEX.F.T","NOGP.2016.29.AEDVEX.F.T.12",37,
"da6f8b42-6a4d-4dbf-b938-f3c9c266eaac","NOGP","D09","NOGP","2016-07-19T00:18Z","2016-07-20T13:54Z","NOGP.2016.29.AEDVEX.F.T","NOGP.2016.29.AEDVEX.F.T.02",38,
"7239139c-a9ab-48aa-822e-2de30e0e0012","NOGP","D09","NOGP","2016-07-19T00:18Z","2016-07-20T13:54Z","NOGP.2016.29.AEDVEX.F.T","NOGP.2016.29.AEDVEX.F.T.08",38,
"993adeb0-deda-4a63-82b0-c1fd61649eea","NOGP","D09","NOGP","2016-07-19T00:18Z","2016-07-20T13:54Z","NOGP.2016.29.AEDDOR.F.T","NOGP.2016.29.AEDDOR.F.T.59",39,
"86ef6062-eab2-47f2-b74a-11d1f2d9c234","NOGP","D09","NOGP","2016-07-19T00:18Z","2016-07-20T13:54Z","NOGP.2016.29.AEDDOR.F.T","NOGP.2016.29.AEDDOR.F.T.53",39,
"7795a0c6-78e4-4f22-a83d-2edce774bdfd","NOGP","D09","NOGP","2016-07-19T00:18Z","2016-07-20T13:54Z","NOGP.2016.29.AEDDOR.F.T","NOGP.2016.29.AEDDOR.F.T.27",40,
"b1ebc718-b552-4a66-a457-f0e73acdb77a","NOGP","D09","NOGP","2016-07-19T00:18Z","2016-07-20T13:54Z","NOGP.2016.29.AEDDOR.F.T","NOGP.2016.29.AEDDOR.F.T.51",39,
"2bfa8502-aae5-4336-a76b-bb14131b66f8","NOGP","D09","NOGP","2016-07-19T00:18Z","2016-07-20T13:54Z","NOGP.2016.29.AEDDOR.F.T","NOGP.2016.29.AEDDOR.F.T.41",39,
"e948bc4b-5b05-4f34-826d-05317d11e487","NOGP","D09","NOGP","2016-07-19T00:18Z","2016-07-20T13:54Z","NOGP.2016.29.AEDDOR.F.T","NOGP.2016.29.AEDDOR.F.T.61",39,
"c0f75f12-1fbe-4c5b-85ff-c556eb7b812a","NOGP","D09","NOGP","2016-07-19T00:18Z","2016-07-20T13:54Z","NOGP.2016.29.AEDDOR.F.T","NOGP.2016.29.AEDDOR.F.T.46",39,
"cba25b3c-8843-413a-a409-a9007e7d7896","NOGP","D09","NOGP","2016-07-19T00:18Z","2016-07-20T13:54Z","NOGP.2016.29.AEDDOR.F.T","NOGP.2016.29.AEDDOR.F.T.52",39,
"a71c9f46-4111-45b6-90c2-95653198e731","NOGP","D09","NOGP","2016-07-19T00:18Z","2016-07-20T13:54Z","NOGP.2016.29.AEDDOR.F.T","NOGP.2016.29.AEDDOR.F.T.63",39,
"9d3eeb79-f802-4057-932e-f39c0837cfb0","NOGP","D09","NOGP","2016-07-19T00:18Z","2016-07-20T13:54Z","NOGP.2016.29.AEDDOR.F.T","NOGP.2016.29.AEDDOR.F.T.62",39,
"1a9164e1-2d22-4dc8-958a-7d30b51c793c","NOGP","D09","NOGP","2016-07-19T00:18Z","2016-07-20T13:54Z","NOGP.2016.29.AEDDOR.F.T","NOGP.2016.29.AEDDOR.F.T.55",39,
"cbad2d69-674f-4dc6-a693-a5d7a56549a7","NOGP","D09","NOGP","2016-07-19T00:18Z","2016-07-20T13:54Z","NOGP.2016.29.AEDDOR.F.T","NOGP.2016.29.AEDDOR.F.T.39",39,
"182dfe31-c5d9-436d-ab7e-132b10ea57f7","NOGP","D09","NOGP","2016-07-19T00:18Z","2016-07-20T13:54Z","NOGP.2016.29.AEDDOR.F.T","NOGP.2016.29.AEDDOR.F.T.33",39,
"09cf84c1-d1e4-4272-bf7a-d92699248d2f","NOGP","D09","NOGP","2016-07-19T00:18Z","2016-07-20T13:54Z","NOGP.2016.29.AEDDOR.F.T","NOGP.2016.29.AEDDOR.F.T.50",39,
"928cb787-271f-4ede-ab6e-6cdb1b00108d","NOGP","D09","NOGP","2016-07-19T00:18Z","2016-07-20T13:54Z","NOGP.2016.29.AEDDOR.F.T","NOGP.2016.29.AEDDOR.F.T.49",39,
"27f6559c-3018-4b82-b18b-e0f27ea4efcd","NOGP","D09","NOGP","2016-07-19T00:18Z","2016-07-20T13:54Z","NOGP.2016.29.AEDDOR.F.T","NOGP.2016.29.AEDDOR.F.T.32",39,
"cc63f0fb-244a-4efc-8539-93b646db1cdd","NOGP","D09","NOGP","2016-07-19T00:18Z","2016-07-20T13:54Z","NOGP.2016.29.AEDDOR.F.T","NOGP.2016.29.AEDDOR.F.T.60",39,
"15b6c7b3-4301-480e-8439-0ef6e3e81cc8","NOGP","D09","NOGP","2016-07-19T00:18Z","2016-07-20T13:54Z","NOGP.2016.29.AEDDOR.F.T","NOGP.2016.29.AEDDOR.F.T.37",39,
"cc6bd74c-75af-4c80-9b39-8f5cd583d500","NOGP","D09","NOGP","2016-07-19T00:18Z","2016-07-20T13:54Z","NOGP.2016.29.AEDDOR.F.T","NOGP.2016.29.AEDDOR.F.T.54",39,
"7ee5396f-4cca-48dd-8ba5-fbbe09428a4b","NOGP","D09","NOGP","2016-07-19T00:18Z","2016-07-20T13:54Z","NOGP.2016.29.AEDDOR.F.T","NOGP.2016.29.AEDDOR.F.T.47",39,
"6cc7cecd-8da6-4117-b922-ec86838b62ab","NOGP","D09","NOGP","2016-07-19T00:18Z","2016-07-20T13:54Z","NOGP.2016.29.AEDDOR.F.T","NOGP.2016.29.AEDDOR.F.T.29",40,
"6c6762c2-fc05-47d9-9793-641a744220db","NOGP","D09","NOGP","2016-07-19T00:18Z","2016-07-20T13:54Z","NOGP.2016.29.AEDDOR.F.T","NOGP.2016.29.AEDDOR.F.T.28",40,
"45b01995-39ec-4a11-a62a-2189251a9d67","NOGP","D09","NOGP","2016-07-19T00:18Z","2016-07-20T13:54Z","NOGP.2016.29.AEDDOR.F.T","NOGP.2016.29.AEDDOR.F.T.34",39,
"d72ba4ff-b2ce-4cbd-bbda-49c6b8661e28","NOGP","D09","NOGP","2016-07-19T00:18Z","2016-07-20T13:54Z","NOGP.2016.29.AEDDOR.F.T","NOGP.2016.29.AEDDOR.F.T.30",40,
"b5c002e3-955c-4d52-9f25-d8687ed5aaf0","NOGP","D09","NOGP","2016-07-19T00:18Z","2016-07-20T13:54Z","NOGP.2016.29.AEDDOR.F.T","NOGP.2016.29.AEDDOR.F.T.31",40,
"d64ecfcc-3df9-4191-893b-947ee0485d40","NOGP","D09","NOGP","2016-07-19T00:18Z","2016-07-20T13:54Z","NOGP.2016.29.AEDDOR.F.T","NOGP.2016.29.AEDDOR.F.T.45",39,
"3b474026-cead-43fd-b7ce-232332e907de","NOGP","D09","NOGP","2016-07-19T00:18Z","2016-07-20T13:54Z","NOGP.2016.29.AEDDOR.F.T","NOGP.2016.29.AEDDOR.F.T.43",39,
"fec322fe-3eb2-4953-9da0-4e3b6338bfa8","NOGP","D09","NOGP","2016-07-19T00:18Z","2016-07-20T13:54Z","NOGP.2016.29.AEDDOR.F.T","NOGP.2016.29.AEDDOR.F.T.44",39,
"f1bcb331-fffa-490e-b68b-adcf2d239e45","NOGP","D09","NOGP","2016-07-19T00:18Z","2016-07-20T13:54Z","NOGP.2016.29.AEDDOR.F.T","NOGP.2016.29.AEDDOR.F.T.56",39,
"66fc98c7-7872-4db8-8e12-deb45197796a","NOGP","D09","NOGP","2016-07-19T00:18Z","2016-07-20T13:54Z","NOGP.2016.29.AEDDOR.F.T","NOGP.2016.29.AEDDOR.F.T.64",39,
"30b85be6-9721-4003-ae03-12c8d0877dbe","NOGP","D09","NOGP","2016-07-19T00:18Z","2016-07-20T13:54Z","NOGP.2016.29.AEDDOR.F.T","NOGP.2016.29.AEDDOR.F.T.48",39,
"0cf0debc-ede7-4f4a-938c-fc2c157cf327","NOGP","D09","NOGP","2016-07-19T00:18Z","2016-07-20T13:54Z","NOGP.2016.29.AEDDOR.F.T","NOGP.2016.29.AEDDOR.F.T.35",39,
"3e48eb7a-95ab-444f-bd5b-fbfd48b89009","NOGP","D09","NOGP","2016-07-19T00:18Z","2016-07-20T13:54Z","NOGP.2016.29.AEDDOR.F.T","NOGP.2016.29.AEDDOR.F.T.38",39,
"8d22aeed-bc59-487e-9788-a848c4dab744","NOGP","D09","NOGP","2016-07-19T00:18Z","2016-07-20T13:54Z","NOGP.2016.29.AEDDOR.F.T","NOGP.2016.29.AEDDOR.F.T.36",39,
"9ee3781c-9e6d-4a9c-b4ff-a67bf786df80","NOGP","D09","NOGP","2016-07-19T00:18Z","2016-07-20T13:54Z","NOGP.2016.29.AEDDOR.F.T","NOGP.2016.29.AEDDOR.F.T.58",39,
"2ccb2c8c-ef0d-410c-bf9d-a1af4ddb0f45","NOGP","D09","NOGP","2016-07-19T00:18Z","2016-07-20T13:54Z","NOGP.2016.29.AEDDOR.F.T","NOGP.2016.29.AEDDOR.F.T.42",39,
"c78f6718-6b9e-4b20-aae1-f8c773848185","NOGP","D09","NOGP","2016-07-19T00:18Z","2016-07-20T13:54Z","NOGP.2016.29.AEDDOR.F.T","NOGP.2016.29.AEDDOR.F.T.57",39,
"d2d4b0ae-e354-42af-80c4-329437c43716","NOGP","D09","NOGP","2016-07-19T00:18Z","2016-07-20T13:54Z","NOGP.2016.29.AEDDOR.F.T","NOGP.2016.29.AEDDOR.F.T.40",39,
"59f8655a-4819-417a-b718-3e1af7aa55ab","NOGP","D09","NOGP","2016-07-19T00:18Z","2016-07-20T13:54Z","NOGP.2016.29.AEDDOR.F.T","NOGP.2016.29.AEDDOR.F.T.04",40,
"9fbad6bd-74f3-4ca8-a5e1-5caff3565fc1","NOGP","D09","NOGP","2016-07-19T00:18Z","2016-07-20T13:54Z","NOGP.2016.29.AEDDOR.F.T","NOGP.2016.29.AEDDOR.F.T.22",40,
"ba89baa2-6a56-4c1c-bff3-684e814b17da","NOGP","D09","NOGP","2016-07-19T00:18Z","2016-07-20T13:54Z","NOGP.2016.29.AEDDOR.F.T","NOGP.2016.29.AEDDOR.F.T.09",40,
"4203e92f-e1a6-4fc4-a717-715a72b8a613","NOGP","D09","NOGP","2016-07-19T00:18Z","2016-07-20T13:54Z","NOGP.2016.29.AEDDOR.F.T","NOGP.2016.29.AEDDOR.F.T.15",40,
"e74f49ce-0078-4e9a-b72b-0a6289fe19b6","NOGP","D09","NOGP","2016-07-19T00:18Z","2016-07-20T13:54Z","NOGP.2016.29.AEDDOR.F.T","NOGP.2016.29.AEDDOR.F.T.01",40,
