uid,namedLocation,domainID,siteID,startCollectDate,endCollectDate,testingID,testingVialID,poolSize,dataQF
"10d4b38c-0e0b-4c24-b2b6-f5475b21c593","HEAL","D19","HEAL","2016-06-15T00:46Z","2016-06-16T02:27Z","HEAL.2016.24.AEDHEX.F.T","HEAL.2016.24.AEDHEX.F.T.01",31,
"0184a8f6-f049-47f1-bd2c-fe4c33c3c68d","HEAL","D19","HEAL","2016-06-15T00:46Z","2016-06-16T02:27Z","HEAL.2016.24.AEDCOM.F.T","HEAL.2016.24.AEDCOM.F.T.11",40,
"bfa0c4da-5b2d-455d-b9e2-deaec2f4e773","HEAL","D19","HEAL","2016-06-15T00:46Z","2016-06-16T02:27Z","HEAL.2016.24.AEDHEX.F.T","HEAL.2016.24.AEDHEX.F.T.02",31,
"6abddc87-b3de-45c4-85b4-478a0cea46a7","HEAL","D19","HEAL","2016-06-15T00:46Z","2016-06-16T02:27Z","HEAL.2016.24.AEDHEX.F.T","HEAL.2016.24.AEDHEX.F.T.04",30,
"559b18b6-5a87-4874-a11b-c368d9bf0d88","HEAL","D19","HEAL","2016-06-15T00:46Z","2016-06-16T02:27Z","HEAL.2016.24.AEDCOM.F.T","HEAL.2016.24.AEDCOM.F.T.07",40,
"414bd904-70b5-4cd1-83e4-6c9eae5f1ff2","HEAL","D19","HEAL","2016-06-15T00:46Z","2016-06-16T02:27Z","HEAL.2016.24.AEDCOM.F.T","HEAL.2016.24.AEDCOM.F.T.05",40,
"c0fe6de9-b0f8-4fc6-aab3-f4249e3ca1a5","HEAL","D19","HEAL","2016-06-15T00:46Z","2016-06-16T02:27Z","HEAL.2016.24.AEDCOM.F.T","HEAL.2016.24.AEDCOM.F.T.08",40,
"1c96b5ea-4233-40d4-83a5-bdd890b7878f","HEAL","D19","HEAL","2016-06-15T00:46Z","2016-06-16T02:27Z","HEAL.2016.24.AEDCOM.F.T","HEAL.2016.24.AEDCOM.F.T.33",39,
"844edd78-b5a3-4709-a306-6bb7939f0140","HEAL","D19","HEAL","2016-06-15T00:46Z","2016-06-16T02:27Z","HEAL.2016.24.AEDCOM.F.T","HEAL.2016.24.AEDCOM.F.T.34",39,
"cc57a4f1-b487-401a-a2ae-b335fcc868c9","HEAL","D19","HEAL","2016-06-15T00:46Z","2016-06-16T02:27Z","HEAL.2016.24.AEDCOM.F.T","HEAL.2016.24.AEDCOM.F.T.22",40,
"f4635630-5f3a-4c80-a864-09f2723266e7","HEAL","D19","HEAL","2016-06-15T00:46Z","2016-06-16T02:27Z","HEAL.2016.24.AEDCOM.F.T","HEAL.2016.24.AEDCOM.F.T.03",40,
"88479cbf-2558-4325-b4f8-ed16642fadc1","HEAL","D19","HEAL","2016-06-15T00:46Z","2016-06-16T02:27Z","HEAL.2016.24.AEDCOM.F.T","HEAL.2016.24.AEDCOM.F.T.01",40,
"b1954a9f-4d72-4c8a-96c9-351f01c5eb53","HEAL","D19","HEAL","2016-06-15T00:46Z","2016-06-16T02:27Z","HEAL.2016.24.AEDCOM.F.T","HEAL.2016.24.AEDCOM.F.T.17",40,
"d617f610-9c3b-4720-96c0-9a3e7c3c26cc","HEAL","D19","HEAL","2016-06-15T00:46Z","2016-06-16T02:27Z","HEAL.2016.24.AEDCOM.F.T","HEAL.2016.24.AEDCOM.F.T.25",40,
"0fb9dc51-c931-4e1e-9839-7bea94a1f1a1","HEAL","D19","HEAL","2016-06-15T00:46Z","2016-06-16T02:27Z","HEAL.2016.24.AEDCOM.F.T","HEAL.2016.24.AEDCOM.F.T.20",40,
"ac2e73cc-f03f-4368-b512-9e612f76a759","HEAL","D19","HEAL","2016-06-15T00:46Z","2016-06-16T02:27Z","HEAL.2016.24.AEDCOM.F.T","HEAL.2016.24.AEDCOM.F.T.15",40,
"421e1d0f-9d8b-4c86-b761-013824368768","HEAL","D19","HEAL","2016-06-15T00:46Z","2016-06-16T02:27Z","HEAL.2016.24.AEDCOM.F.T","HEAL.2016.24.AEDCOM.F.T.18",40,
"147beb77-5de5-43c6-8208-4ad9c352f327","HEAL","D19","HEAL","2016-06-15T00:46Z","2016-06-16T02:27Z","HEAL.2016.24.AEDCOM.F.T","HEAL.2016.24.AEDCOM.F.T.09",40,
"06f0d93d-2a20-429c-8e41-127e2537f142","HEAL","D19","HEAL","2016-06-15T00:46Z","2016-06-16T02:27Z","HEAL.2016.24.AEDCOM.F.T","HEAL.2016.24.AEDCOM.F.T.27",40,
"dc1445a4-6791-4a25-bfd4-8eeab88f7d49","HEAL","D19","HEAL","2016-06-15T00:46Z","2016-06-16T02:27Z","HEAL.2016.24.AEDCOM.F.T","HEAL.2016.24.AEDCOM.F.T.21",40,
"9cf1e907-cb63-4972-b90a-857d0b34a172","HEAL","D19","HEAL","2016-06-15T00:46Z","2016-06-16T02:27Z","HEAL.2016.24.AEDCOM.F.T","HEAL.2016.24.AEDCOM.F.T.14",40,
"ee23327e-5e88-492a-b648-d01551e415a3","HEAL","D19","HEAL","2016-06-15T00:46Z","2016-06-16T02:27Z","HEAL.2016.24.AEDCOM.F.T","HEAL.2016.24.AEDCOM.F.T.32",39,
"328bdf47-9bd8-4cf6-bfd7-f065916eb899","HEAL","D19","HEAL","2016-06-15T00:46Z","2016-06-16T02:27Z","HEAL.2016.24.AEDCOM.F.T","HEAL.2016.24.AEDCOM.F.T.04",40,
"e9bbaef9-f683-4207-9804-089f2a462743","HEAL","D19","HEAL","2016-06-15T00:46Z","2016-06-16T02:27Z","HEAL.2016.24.AEDCOM.F.T","HEAL.2016.24.AEDCOM.F.T.24",40,
"d4cebf67-6273-4121-bc62-9a811472f955","HEAL","D19","HEAL","2016-06-15T00:46Z","2016-06-16T02:27Z","HEAL.2016.24.AEDCOM.F.T","HEAL.2016.24.AEDCOM.F.T.23",40,
"9b071986-0668-4c47-afbd-5d9c7cc75f5f","HEAL","D19","HEAL","2016-06-15T00:46Z","2016-06-16T02:27Z","HEAL.2016.24.AEDCOM.F.T","HEAL.2016.24.AEDCOM.F.T.28",40,
"867f4a97-8f00-41ea-af8a-489c8eefdf3b","HEAL","D19","HEAL","2016-06-15T00:46Z","2016-06-16T02:27Z","HEAL.2016.24.AEDCOM.F.T","HEAL.2016.24.AEDCOM.F.T.02",40,
"0cbe8c3b-f3d8-47cd-9b99-ab83660249c5","HEAL","D19","HEAL","2016-06-15T00:46Z","2016-06-16T02:27Z","HEAL.2016.24.AEDCOM.F.T","HEAL.2016.24.AEDCOM.F.T.13",40,
"27bccd2c-6a65-4bdd-b5d7-8ef058e183f9","HEAL","D19","HEAL","2016-06-15T00:46Z","2016-06-16T02:27Z","HEAL.2016.24.AEDCOM.F.T","HEAL.2016.24.AEDCOM.F.T.31",39,
"69de1c5d-89e0-408a-9665-dd2716690247","HEAL","D19","HEAL","2016-06-15T00:46Z","2016-06-16T02:27Z","HEAL.2016.24.AEDCOM.F.T","HEAL.2016.24.AEDCOM.F.T.12",40,
"3ca2b0b3-362b-4140-a100-ea409c3336dc","HEAL","D19","HEAL","2016-06-15T00:46Z","2016-06-16T02:27Z","HEAL.2016.24.AEDCOM.F.T","HEAL.2016.24.AEDCOM.F.T.10",40,
"698185bb-4137-43af-af9f-b82b7e291cd3","HEAL","D19","HEAL","2016-06-15T00:46Z","2016-06-16T02:27Z","HEAL.2016.24.AEDCOM.F.T","HEAL.2016.24.AEDCOM.F.T.29",39,
"2a04287e-0c1f-42a0-82b5-ab487987e24a","HEAL","D19","HEAL","2016-06-15T00:46Z","2016-06-16T02:27Z","HEAL.2016.24.AEDCOM.F.T","HEAL.2016.24.AEDCOM.F.T.26",40,
"b0d228fb-e8e3-44d3-a0c0-353cf6034852","HEAL","D19","HEAL","2016-06-15T00:46Z","2016-06-16T02:27Z","HEAL.2016.24.AEDCOM.F.T","HEAL.2016.24.AEDCOM.F.T.06",40,
"5b851932-3327-40a7-b6ae-25c0d939e1d6","HEAL","D19","HEAL","2016-06-15T00:46Z","2016-06-16T02:27Z","HEAL.2016.24.AEDCOM.F.T","HEAL.2016.24.AEDCOM.F.T.19",40,
"b98b375c-0783-40b2-92af-873c3f30c0a1","HEAL","D19","HEAL","2016-06-15T00:46Z","2016-06-16T02:27Z","HEAL.2016.24.AEDCOM.F.T","HEAL.2016.24.AEDCOM.F.T.30",39,
"abfd98f1-16b8-4680-aa08-a48e0ee40939","HEAL","D19","HEAL","2016-06-15T00:46Z","2016-06-16T02:27Z","HEAL.2016.24.AEDCOM.F.T","HEAL.2016.24.AEDCOM.F.T.16",40,
"f2faf6ee-4c79-430f-ae49-cfc47873b9d0","HEAL","D19","HEAL","2016-06-15T00:46Z","2016-06-16T02:27Z","HEAL.2016.24.AEDHEX.F.T","HEAL.2016.24.AEDHEX.F.T.03",30,
"82b96472-281d-494f-bfd7-39949eaa6021","HEAL","D19","HEAL","2016-06-29T01:08Z","2016-06-30T16:53Z","HEAL.2016.26.AEDPUN.F.T","HEAL.2016.26.AEDPUN.F.T.05",34,
"06e20b83-3057-47d1-b85e-e991006279d0","HEAL","D19","HEAL","2016-06-29T01:08Z","2016-06-30T16:53Z","HEAL.2016.26.AEDPUN.F.T","HEAL.2016.26.AEDPUN.F.T.06",34,
"ef767671-1d40-4c86-ac55-545dc132dade","HEAL","D19","HEAL","2016-06-29T01:08Z","2016-06-30T16:53Z","HEAL.2016.26.AEDPUN.F.T","HEAL.2016.26.AEDPUN.F.T.03",35,
"093b65e5-0a2e-43f7-a0fd-82d194362f0e","HEAL","D19","HEAL","2016-06-29T01:08Z","2016-06-30T16:53Z","HEAL.2016.26.AEDPUN.F.T","HEAL.2016.26.AEDPUN.F.T.01",35,
"0ef49a11-c9dd-4a34-b5e8-156776ce6d85","HEAL","D19","HEAL","2016-06-29T01:08Z","2016-06-30T16:53Z","HEAL.2016.26.AEDPUN.F.T","HEAL.2016.26.AEDPUN.F.T.04",35,
"dcd0cfda-0411-41d0-be06-ff60b077d8e1","HEAL","D19","HEAL","2016-06-29T01:08Z","2016-06-30T16:53Z","HEAL.2016.26.AEDPUN.F.T","HEAL.2016.26.AEDPUN.F.T.02",35,
"50d5075a-ba2e-43e1-a963-de3fdc5a6a3e","HEAL","D19","HEAL","2016-06-29T01:08Z","2016-06-30T16:53Z","HEAL.2016.26.AEDHEX.F.T","HEAL.2016.26.AEDHEX.F.T.03",38,
"1060846a-8ef2-4b69-9db0-00b60ee6a8d4","HEAL","D19","HEAL","2016-06-29T01:08Z","2016-06-30T16:53Z","HEAL.2016.26.AEDHEX.F.T","HEAL.2016.26.AEDHEX.F.T.04",37,
"d863f4d4-2900-4a52-a253-6ba4e1884c85","HEAL","D19","HEAL","2016-06-29T01:08Z","2016-06-30T16:53Z","HEAL.2016.26.AEDHEX.F.T","HEAL.2016.26.AEDHEX.F.T.02",38,
"782f4a3b-19a1-43af-9872-3c5340af99ff","HEAL","D19","HEAL","2016-06-29T01:08Z","2016-06-30T16:53Z","HEAL.2016.26.AEDHEX.F.T","HEAL.2016.26.AEDHEX.F.T.01",38,
"280addb4-5eb4-4ef3-83a5-9de67ad47329","HEAL","D19","HEAL","2016-06-29T01:08Z","2016-06-30T16:53Z","HEAL.2016.26.AEDCOM.F.T","HEAL.2016.26.AEDCOM.F.T.34",39,
"f7781074-10a2-441c-bf85-1bdff2443962","HEAL","D19","HEAL","2016-06-29T01:08Z","2016-06-30T16:53Z","HEAL.2016.26.AEDCOM.F.T","HEAL.2016.26.AEDCOM.F.T.29",39,
"ec623dd3-7eb7-46f4-a02e-51d2059ae66d","HEAL","D19","HEAL","2016-06-29T01:08Z","2016-06-30T16:53Z","HEAL.2016.26.AEDCOM.F.T","HEAL.2016.26.AEDCOM.F.T.17",39,
"be029c05-3839-4b52-9807-15be76bd582c","HEAL","D19","HEAL","2016-06-29T01:08Z","2016-06-30T16:53Z","HEAL.2016.26.AEDCOM.F.T","HEAL.2016.26.AEDCOM.F.T.24",39,
"ef5cce06-3cf1-4016-9a84-968e81522fb2","HEAL","D19","HEAL","2016-06-29T01:08Z","2016-06-30T16:53Z","HEAL.2016.26.AEDCOM.F.T","HEAL.2016.26.AEDCOM.F.T.20",39,
"4fea9c2a-39a3-466d-9172-a864be073e11","HEAL","D19","HEAL","2016-06-29T01:08Z","2016-06-30T16:53Z","HEAL.2016.26.AEDCOM.F.T","HEAL.2016.26.AEDCOM.F.T.25",39,
"f2fab486-7343-4a76-a9e9-e35e3459ad06","HEAL","D19","HEAL","2016-06-29T01:08Z","2016-06-30T16:53Z","HEAL.2016.26.AEDCOM.F.T","HEAL.2016.26.AEDCOM.F.T.27",39,
"feda8051-9d6c-4569-84e9-a551031ed3c2","HEAL","D19","HEAL","2016-06-29T01:08Z","2016-06-30T16:53Z","HEAL.2016.26.AEDCOM.F.T","HEAL.2016.26.AEDCOM.F.T.36",39,
"4ad68739-f6e9-4a1c-a48a-eb7ebf4d551d","HEAL","D19","HEAL","2016-06-29T01:08Z","2016-06-30T16:53Z","HEAL.2016.26.AEDCOM.F.T","HEAL.2016.26.AEDCOM.F.T.28",39,
"a3984ca9-b460-476c-a061-3c5256ef248c","HEAL","D19","HEAL","2016-06-29T01:08Z","2016-06-30T16:53Z","HEAL.2016.26.AEDCOM.F.T","HEAL.2016.26.AEDCOM.F.T.30",39,
"4d6b9bab-13c8-4aee-88d9-f7be376f864e","HEAL","D19","HEAL","2016-06-29T01:08Z","2016-06-30T16:53Z","HEAL.2016.26.AEDCOM.F.T","HEAL.2016.26.AEDCOM.F.T.37",39,
"c807c540-007d-49a1-96c7-7f5a9029eaca","HEAL","D19","HEAL","2016-06-29T01:08Z","2016-06-30T16:53Z","HEAL.2016.26.AEDCOM.F.T","HEAL.2016.26.AEDCOM.F.T.23",39,
"48f21911-08dd-4f79-ba8b-93b6da5e456a","HEAL","D19","HEAL","2016-06-29T01:08Z","2016-06-30T16:53Z","HEAL.2016.26.AEDCOM.F.T","HEAL.2016.26.AEDCOM.F.T.22",39,
"1bf483f0-d0b9-42a7-9168-d815f0e15160","HEAL","D19","HEAL","2016-06-29T01:08Z","2016-06-30T16:53Z","HEAL.2016.26.AEDCOM.F.T","HEAL.2016.26.AEDCOM.F.T.35",39,
"a37b5746-32f7-46ff-82bb-26cd89f5a5a4","HEAL","D19","HEAL","2016-06-29T01:08Z","2016-06-30T16:53Z","HEAL.2016.26.AEDCOM.F.T","HEAL.2016.26.AEDCOM.F.T.21",39,
"f6542e0a-4b68-4900-a063-a782c5ce0c44","HEAL","D19","HEAL","2016-06-29T01:08Z","2016-06-30T16:53Z","HEAL.2016.26.AEDCOM.F.T","HEAL.2016.26.AEDCOM.F.T.19",39,
"4ae5525c-5673-4b18-9d06-5b9469741542","HEAL","D19","HEAL","2016-06-29T01:08Z","2016-06-30T16:53Z","HEAL.2016.26.AEDCOM.F.T","HEAL.2016.26.AEDCOM.F.T.33",39,
"77507dd8-a3a3-4fb0-8a66-543a62cd0da9","HEAL","D19","HEAL","2016-06-29T01:08Z","2016-06-30T16:53Z","HEAL.2016.26.AEDCOM.F.T","HEAL.2016.26.AEDCOM.F.T.38",39,
"caa52de0-2645-415e-a65f-556f646b5b89","HEAL","D19","HEAL","2016-06-29T01:08Z","2016-06-30T16:53Z","HEAL.2016.26.AEDCOM.F.T","HEAL.2016.26.AEDCOM.F.T.26",39,
"1b9df32b-14ef-423c-9915-d46206e40688","HEAL","D19","HEAL","2016-06-29T01:08Z","2016-06-30T16:53Z","HEAL.2016.26.AEDCOM.F.T","HEAL.2016.26.AEDCOM.F.T.18",39,
"e22da6ce-f63a-4613-b006-69d5fe4a29e5","HEAL","D19","HEAL","2016-06-29T01:08Z","2016-06-30T16:53Z","HEAL.2016.26.AEDCOM.F.T","HEAL.2016.26.AEDCOM.F.T.31",39,
"75777cd4-c050-4fa7-bfc4-4907d5fe158c","HEAL","D19","HEAL","2016-06-29T01:08Z","2016-06-30T16:53Z","HEAL.2016.26.AEDCOM.F.T","HEAL.2016.26.AEDCOM.F.T.32",39,
"d632ba05-722c-41b1-a3e1-b576c28192ee","HEAL","D19","HEAL","2016-06-29T01:08Z","2016-06-30T16:53Z","HEAL.2016.26.AEDCOM.F.T","HEAL.2016.26.AEDCOM.F.T.13",39,
"b0958990-8abe-4f5f-b30e-4769c0ada32e","HEAL","D19","HEAL","2016-06-29T01:08Z","2016-06-30T16:53Z","HEAL.2016.26.AEDCOM.F.T","HEAL.2016.26.AEDCOM.F.T.15",39,
"40099dae-3dcf-48c7-bb27-0c52997b2852","HEAL","D19","HEAL","2016-06-29T01:08Z","2016-06-30T16:53Z","HEAL.2016.26.AEDCOM.F.T","HEAL.2016.26.AEDCOM.F.T.04",40,
"c963bc6d-189f-4958-93c6-2d8ed4fe37ab","HEAL","D19","HEAL","2016-06-29T01:08Z","2016-06-30T16:53Z","HEAL.2016.26.AEDCOM.F.T","HEAL.2016.26.AEDCOM.F.T.10",40,
"198e61d2-ed6c-4f4a-bda0-f0ae54d8ea52","HEAL","D19","HEAL","2016-06-29T01:08Z","2016-06-30T16:53Z","HEAL.2016.26.AEDCOM.F.T","HEAL.2016.26.AEDCOM.F.T.08",40,
"e8632072-af45-440c-94f5-2ad534932014","HEAL","D19","HEAL","2016-06-29T01:08Z","2016-06-30T16:53Z","HEAL.2016.26.AEDCOM.F.T","HEAL.2016.26.AEDCOM.F.T.16",39,
"7dadfb83-0c92-4dc6-a4c1-1ecdb73a5d86","HEAL","D19","HEAL","2016-06-29T01:08Z","2016-06-30T16:53Z","HEAL.2016.26.AEDCOM.F.T","HEAL.2016.26.AEDCOM.F.T.09",40,
"b2355710-9eba-41a6-a4e6-a278e1124f8a","HEAL","D19","HEAL","2016-06-29T01:08Z","2016-06-30T16:53Z","HEAL.2016.26.AEDCOM.F.T","HEAL.2016.26.AEDCOM.F.T.11",40,
"52957886-7e15-4836-8c5d-aa7b8d3c2e55","HEAL","D19","HEAL","2016-06-29T01:08Z","2016-06-30T16:53Z","HEAL.2016.26.AEDCOM.F.T","HEAL.2016.26.AEDCOM.F.T.02",40,
"c2aea39f-c913-4652-89ea-c097c165dc79","HEAL","D19","HEAL","2016-06-29T01:08Z","2016-06-30T16:53Z","HEAL.2016.26.AEDCOM.F.T","HEAL.2016.26.AEDCOM.F.T.01",40,
"a98fa8b7-c63a-42b7-ac6e-46bcc04bfdf6","HEAL","D19","HEAL","2016-06-29T01:08Z","2016-06-30T16:53Z","HEAL.2016.26.AEDCOM.F.T","HEAL.2016.26.AEDCOM.F.T.05",40,
"03eb0004-61de-459c-b53b-26147f7b8a5a","HEAL","D19","HEAL","2016-06-29T01:08Z","2016-06-30T16:53Z","HEAL.2016.26.AEDCOM.F.T","HEAL.2016.26.AEDCOM.F.T.03",40,
"01500a94-06c5-4878-9cc8-f6f4d2d563e3","HEAL","D19","HEAL","2016-06-29T01:08Z","2016-06-30T16:53Z","HEAL.2016.26.AEDCOM.F.T","HEAL.2016.26.AEDCOM.F.T.07",40,
"1b83cc87-3e6e-4eda-9a61-884e95ca1a3b","HEAL","D19","HEAL","2016-06-29T01:08Z","2016-06-30T16:53Z","HEAL.2016.26.AEDCOM.F.T","HEAL.2016.26.AEDCOM.F.T.12",40,
"5168b401-fb2d-4119-ae94-b479480e8a9c","HEAL","D19","HEAL","2016-06-29T01:08Z","2016-06-30T16:53Z","HEAL.2016.26.AEDCOM.F.T","HEAL.2016.26.AEDCOM.F.T.06",40,
"01f03d44-40d9-498d-94cb-17a013881b5a","HEAL","D19","HEAL","2016-06-29T01:08Z","2016-06-30T16:53Z","HEAL.2016.26.AEDCOM.F.T","HEAL.2016.26.AEDCOM.F.T.14",39,
"a61e3102-824a-46c5-9fe2-08432f30b0cc","HEAL","D19","HEAL","2016-06-29T01:14Z","2016-06-30T16:53Z","HEAL.2016.26.AEDIMP.F.T","HEAL.2016.26.AEDIMP.F.T.01",34,
"ee0b0618-4e0c-4982-9f91-73d35f019965","HEAL","D19","HEAL","2016-06-29T01:14Z","2016-06-30T16:53Z","HEAL.2016.26.AEDIMP.F.T","HEAL.2016.26.AEDIMP.F.T.02",34,
"a8dc5769-55a0-41f0-8830-c6b18c396b97","HEAL","D19","HEAL","2016-06-29T01:14Z","2016-06-30T16:53Z","HEAL.2016.26.AEDIMP.F.T","HEAL.2016.26.AEDIMP.F.T.03",34,
"5e33e2f8-7ff4-4312-9b27-b8f0368f17d0","HEAL","D19","HEAL","2016-06-29T01:14Z","2016-06-30T16:53Z","HEAL.2016.26.AEDIMP.F.T","HEAL.2016.26.AEDIMP.F.T.05",34,
"75f64e0b-b9c8-4b56-8a7d-08666c344c23","HEAL","D19","HEAL","2016-06-29T01:14Z","2016-06-30T16:53Z","HEAL.2016.26.AEDIMP.F.T","HEAL.2016.26.AEDIMP.F.T.04",34,
"0547dc69-0af6-4e2c-b04f-10ce9a264567","HEAL","D19","HEAL","2016-06-29T01:14Z","2016-06-30T16:53Z","HEAL.2016.26.AEDIMP.F.T","HEAL.2016.26.AEDIMP.F.T.06",34,
