uid,namedLocation,domainID,siteID,nlcdClass,decimalLatitude,decimalLongitude,geodeticDatum,coordinateUncertainty,elevation,elevationUncertainty,startCollectDate,endCollectDate,receivedDate,testedDate,testingVialID,deprecatedVialID,sampleCondition,testProtocolVersion,testMethod,testResult,testPathogenName,testNumber,finalResult,locus,percentIdentity,sequenceDatabase,sequenceDatabaseID,extractDepleted,remarks,testedBy,laboratoryName
"90eca165-decb-4657-bdbc-508080982529","OSBS","D03","OSBS",,29.689282,-81.993431,"WGS84",,46.0,,"2014-06-02T20:00Z","2014-06-04T13:58Z","2015-01-06T12:00Z","2015-01-08T12:00Z","OSBS.2014.22.CULERR.F.T.09","OSBS.2014.5.Culex erraticus.Female.T9","No known compromise","CAES_Pathogen_testing_SOP_2014-05-06","Culture","Negative","UNKV",1,"Y",,,,,"Y",,"r4iH4e2lsYW4kI6RhiJwwMegvyzkVSXT","Connecticut Agricultural Experiment Station"
"ab2b623b-b7ea-43ae-a18c-509fd32a008b","OSBS","D03","OSBS",,29.689282,-81.993431,"WGS84",,46.0,,"2014-06-02T20:00Z","2014-06-04T13:58Z","2015-01-06T12:00Z","2015-01-08T12:00Z","OSBS.2014.22.CULSAL.F.T.01","OSBS.2014.5.Culex salinarius.Female.T1","No known compromise","CAES_Pathogen_testing_SOP_2014-05-06","Culture","Negative","UNKV",1,"Y",,,,,"Y",,"r4iH4e2lsYW4kI6RhiJwwMegvyzkVSXT","Connecticut Agricultural Experiment Station"
"25dcebad-d131-4867-995e-62d2a5ccc4e5","OSBS","D03","OSBS",,29.689282,-81.993431,"WGS84",,46.0,,"2014-06-02T20:00Z","2014-06-04T13:58Z","2015-01-06T12:00Z","2015-01-08T12:00Z","OSBS.2014.22.CULERR.F.T.10","OSBS.2014.5.Culex erraticus.Female.T10","No known compromise","CAES_Pathogen_testing_SOP_2014-05-06","Culture","Negative","UNKV",1,"Y",,,,,"Y",,"r4iH4e2lsYW4kI6RhiJwwMegvyzkVSXT","Connecticut Agricultural Experiment Station"
"6a712865-1f23-42d8-b3b5-bfa6c8b1d62e","OSBS","D03","OSBS",,29.689282,-81.993431,"WGS84",,46.0,,"2014-06-02T20:00Z","2014-06-04T13:58Z","2015-01-06T12:00Z","2015-01-08T12:00Z","OSBS.2014.22.CULSAL.F.T.02","OSBS.2014.5.Culex salinarius.Female.T2","No known compromise","CAES_Pathogen_testing_SOP_2014-05-06","Culture","Negative","UNKV",1,"Y",,,,,"Y",,"r4iH4e2lsYW4kI6RhiJwwMegvyzkVSXT","Connecticut Agricultural Experiment Station"
"9cc0677f-a07c-41da-88f2-e9cb746b12ad","OSBS","D03","OSBS",,29.689282,-81.993431,"WGS84",,46.0,,"2014-06-02T20:00Z","2014-06-04T13:58Z","2015-01-06T12:00Z","2015-01-08T12:00Z","OSBS.2014.22.CULERR.F.T.07","OSBS.2014.5.Culex erraticus.Female.T7","No known compromise","CAES_Pathogen_testing_SOP_2014-05-06","Culture","Negative","UNKV",1,"Y",,,,,"Y",,"r4iH4e2lsYW4kI6RhiJwwMegvyzkVSXT","Connecticut Agricultural Experiment Station"
"430824d9-03dd-42c0-8ac5-0d1adfcf0042","OSBS","D03","OSBS",,29.689282,-81.993431,"WGS84",,46.0,,"2014-06-02T20:00Z","2014-06-04T13:58Z","2015-01-06T12:00Z","2015-01-08T12:00Z","OSBS.2014.22.CULERR.F.T.08","OSBS.2014.5.Culex erraticus.Female.T8","No known compromise","CAES_Pathogen_testing_SOP_2014-05-06","Culture","Negative","UNKV",1,"Y",,,,,"Y",,"r4iH4e2lsYW4kI6RhiJwwMegvyzkVSXT","Connecticut Agricultural Experiment Station"
"46e54d73-02ef-4549-a69e-50c14c653529","OSBS","D03","OSBS",,29.689282,-81.993431,"WGS84",,46.0,,"2014-06-02T20:00Z","2014-06-04T13:58Z","2015-01-06T12:00Z","2015-01-08T12:00Z","OSBS.2014.22.CULERR.F.T.05","OSBS.2014.5.Culex erraticus.Female.T5","No known compromise","CAES_Pathogen_testing_SOP_2014-05-06","Culture","Negative","UNKV",1,"Y",,,,,"Y",,"r4iH4e2lsYW4kI6RhiJwwMegvyzkVSXT","Connecticut Agricultural Experiment Station"
"9b803055-df72-4966-bafb-6aa132245743","OSBS","D03","OSBS",,29.689282,-81.993431,"WGS84",,46.0,,"2014-06-02T20:00Z","2014-06-04T13:58Z","2015-01-06T12:00Z","2015-01-08T12:00Z","OSBS.2014.22.CULERR.F.T.01","OSBS.2014.5.Culex erraticus.Female.T1","No known compromise","CAES_Pathogen_testing_SOP_2014-05-06","Culture","Negative","UNKV",1,"Y",,,,,"Y",,"r4iH4e2lsYW4kI6RhiJwwMegvyzkVSXT","Connecticut Agricultural Experiment Station"
"925d3104-57c0-4051-9faf-ccf8fbf0e4b1","OSBS","D03","OSBS",,29.689282,-81.993431,"WGS84",,46.0,,"2014-06-02T20:00Z","2014-06-04T13:58Z","2015-01-06T12:00Z","2015-01-08T12:00Z","OSBS.2014.22.CULERR.F.T.04","OSBS.2014.5.Culex erraticus.Female.T4","No known compromise","CAES_Pathogen_testing_SOP_2014-05-06","Culture","Negative","UNKV",1,"Y",,,,,"Y",,"r4iH4e2lsYW4kI6RhiJwwMegvyzkVSXT","Connecticut Agricultural Experiment Station"
"e0d39c91-553f-412a-b6be-ba7cfc34d5ed","OSBS","D03","OSBS",,29.689282,-81.993431,"WGS84",,46.0,,"2014-06-02T20:00Z","2014-06-04T13:58Z","2015-01-06T12:00Z","2015-01-08T12:00Z","OSBS.2014.22.CULERR.F.T.03","OSBS.2014.5.Culex erraticus.Female.T3","No known compromise","CAES_Pathogen_testing_SOP_2014-05-06","Culture","Negative","UNKV",1,"Y",,,,,"Y",,"r4iH4e2lsYW4kI6RhiJwwMegvyzkVSXT","Connecticut Agricultural Experiment Station"
"f2807a7b-9c1c-4259-909f-6e2034bdaa84","OSBS","D03","OSBS",,29.689282,-81.993431,"WGS84",,46.0,,"2014-06-02T20:00Z","2014-06-04T13:58Z","2015-01-06T12:00Z","2015-01-08T12:00Z","OSBS.2014.22.CULERR.F.T.06","OSBS.2014.5.Culex erraticus.Female.T6","No known compromise","CAES_Pathogen_testing_SOP_2014-05-06","Culture","Negative","UNKV",1,"Y",,,,,"Y",,"r4iH4e2lsYW4kI6RhiJwwMegvyzkVSXT","Connecticut Agricultural Experiment Station"
"25afcfc8-0b12-4798-ba79-03e143f657a9","OSBS","D03","OSBS",,29.689282,-81.993431,"WGS84",,46.0,,"2014-06-02T20:00Z","2014-06-04T13:58Z","2015-01-06T12:00Z","2015-01-08T12:00Z","OSBS.2014.22.CULERR.F.T.02","OSBS.2014.5.Culex erraticus.Female.T2","No known compromise","CAES_Pathogen_testing_SOP_2014-05-06","Culture","Negative","UNKV",1,"Y",,,,,"Y",,"r4iH4e2lsYW4kI6RhiJwwMegvyzkVSXT","Connecticut Agricultural Experiment Station"
"ff102211-4681-487e-b3c6-131ccf67f566","OSBS","D03","OSBS",,29.689282,-81.993431,"WGS84",,46.0,,"2014-06-16T21:00Z","2014-06-18T14:24Z","2015-01-06T12:00Z","2015-01-08T12:00Z","OSBS.2014.24.CULNIG.F.T.01","OSBS.2014.6.Culex nigripalpus.Female.T1","No known compromise","CAES_Pathogen_testing_SOP_2014-05-06","Culture","Negative","UNKV",1,"Y",,,,,"Y",,"r4iH4e2lsYW4kI6RhiJwwMegvyzkVSXT","Connecticut Agricultural Experiment Station"
"1466fd94-e4bd-4e57-9b3e-31f466aba8b1","OSBS","D03","OSBS",,29.689282,-81.993431,"WGS84",,46.0,,"2014-06-16T21:00Z","2014-06-18T14:24Z","2015-01-06T12:00Z","2015-01-08T12:00Z","OSBS.2014.24.CULERR.F.T.09","OSBS.2014.6.Culex erraticus.Female.T9","No known compromise","CAES_Pathogen_testing_SOP_2014-05-06","Culture","Negative","UNKV",1,"Y",,,,,"Y",,"r4iH4e2lsYW4kI6RhiJwwMegvyzkVSXT","Connecticut Agricultural Experiment Station"
"20846484-3e00-4067-b894-1dff11d5871a","OSBS","D03","OSBS",,29.689282,-81.993431,"WGS84",,46.0,,"2014-06-16T21:00Z","2014-06-18T14:24Z","2015-01-06T12:00Z","2015-01-08T12:00Z","OSBS.2014.24.CULERR.F.T.01","OSBS.2014.6.Culex erraticus.Female.T1","No known compromise","CAES_Pathogen_testing_SOP_2014-05-06","Culture","Negative","UNKV",1,"Y",,,,,"Y",,"r4iH4e2lsYW4kI6RhiJwwMegvyzkVSXT","Connecticut Agricultural Experiment Station"
"d9110480-65fd-4a91-b738-caab2950d6ce","OSBS","D03","OSBS",,29.689282,-81.993431,"WGS84",,46.0,,"2014-06-16T21:00Z","2014-06-18T14:24Z","2015-01-06T12:00Z","2015-01-08T12:00Z","OSBS.2014.24.COQPER.F.T.08","OSBS.2014.6.Coquillettidia perturbans.Female.T8","No known compromise","CAES_Pathogen_testing_SOP_2014-05-06","Culture","Negative","UNKV",1,"Y",,,,,"Y",,"r4iH4e2lsYW4kI6RhiJwwMegvyzkVSXT","Connecticut Agricultural Experiment Station"
"2890e9e0-5d65-43a4-ab93-b0589ae12776","OSBS","D03","OSBS",,29.689282,-81.993431,"WGS84",,46.0,,"2014-06-16T21:00Z","2014-06-18T14:24Z","2015-01-06T12:00Z","2015-01-08T12:00Z","OSBS.2014.24.CULERR.F.T.05","OSBS.2014.6.Culex erraticus.Female.T5","No known compromise","CAES_Pathogen_testing_SOP_2014-05-06","Culture","Negative","UNKV",1,"Y",,,,,"Y",,"r4iH4e2lsYW4kI6RhiJwwMegvyzkVSXT","Connecticut Agricultural Experiment Station"
"d6fd5c05-46ea-42aa-832a-a6c4c7438023","OSBS","D03","OSBS",,29.689282,-81.993431,"WGS84",,46.0,,"2014-06-16T21:00Z","2014-06-18T14:24Z","2015-01-06T12:00Z","2015-01-08T12:00Z","OSBS.2014.24.CULERR.F.T.02","OSBS.2014.6.Culex erraticus.Female.T2","No known compromise","CAES_Pathogen_testing_SOP_2014-05-06","Culture","Negative","UNKV",1,"Y",,,,,"Y",,"r4iH4e2lsYW4kI6RhiJwwMegvyzkVSXT","Connecticut Agricultural Experiment Station"
"4ce46978-6030-469d-82fb-578a1d41182a","OSBS","D03","OSBS",,29.689282,-81.993431,"WGS84",,46.0,,"2014-06-16T21:00Z","2014-06-18T14:24Z","2015-01-06T12:00Z","2015-01-08T12:00Z","OSBS.2014.24.COQPER.F.T.05","OSBS.2014.6.Coquillettidia perturbans.Female.T5","No known compromise","CAES_Pathogen_testing_SOP_2014-05-06","Culture","Negative","UNKV",1,"Y",,,,,"Y",,"r4iH4e2lsYW4kI6RhiJwwMegvyzkVSXT","Connecticut Agricultural Experiment Station"
"2ad9633f-e694-4d32-a745-6ef7632c9bb8","OSBS","D03","OSBS",,29.689282,-81.993431,"WGS84",,46.0,,"2014-06-16T21:00Z","2014-06-18T14:24Z","2015-01-06T12:00Z","2015-01-08T12:00Z","OSBS.2014.24.COQPER.F.T.13","OSBS.2014.6.Coquillettidia perturbans.Female.T13","No known compromise","CAES_Pathogen_testing_SOP_2014-05-06","Culture","Negative","UNKV",1,"Y",,,,,"Y",,"r4iH4e2lsYW4kI6RhiJwwMegvyzkVSXT","Connecticut Agricultural Experiment Station"
"18eee727-e498-47e1-8ba1-1f7d2eda3283","OSBS","D03","OSBS",,29.689282,-81.993431,"WGS84",,46.0,,"2014-06-16T21:00Z","2014-06-18T14:24Z","2015-01-06T12:00Z","2015-01-08T12:00Z","OSBS.2014.24.COQPER.F.T.11","OSBS.2014.6.Coquillettidia perturbans.Female.T11","No known compromise","CAES_Pathogen_testing_SOP_2014-05-06","Culture","Negative","UNKV",1,"Y",,,,,"Y",,"r4iH4e2lsYW4kI6RhiJwwMegvyzkVSXT","Connecticut Agricultural Experiment Station"
"c8ed748c-c20a-4dd9-9c0c-3c228a961571","OSBS","D03","OSBS",,29.689282,-81.993431,"WGS84",,46.0,,"2014-06-16T21:00Z","2014-06-18T14:24Z","2015-01-06T12:00Z","2015-01-08T12:00Z","OSBS.2014.24.CULERR.F.T.04","OSBS.2014.6.Culex erraticus.Female.T4","No known compromise","CAES_Pathogen_testing_SOP_2014-05-06","Culture","Negative","UNKV",1,"Y",,,,,"Y",,"r4iH4e2lsYW4kI6RhiJwwMegvyzkVSXT","Connecticut Agricultural Experiment Station"
"07812ba1-585a-49fa-b21f-159d0b834370","OSBS","D03","OSBS",,29.689282,-81.993431,"WGS84",,46.0,,"2014-06-16T21:00Z","2014-06-18T14:24Z","2015-01-06T12:00Z","2015-01-08T12:00Z","OSBS.2014.24.COQPER.F.T.03","OSBS.2014.6.Coquillettidia perturbans.Female.T3","No known compromise","CAES_Pathogen_testing_SOP_2014-05-06","Culture","Negative","UNKV",1,"Y",,,,,"Y",,"r4iH4e2lsYW4kI6RhiJwwMegvyzkVSXT","Connecticut Agricultural Experiment Station"
"0c7b5d04-d5fa-48b1-a1d4-9376c7f756b2","OSBS","D03","OSBS",,29.689282,-81.993431,"WGS84",,46.0,,"2014-06-16T21:00Z","2014-06-18T14:24Z","2015-01-06T12:00Z","2015-01-08T12:00Z","OSBS.2014.24.COQPER.F.T.15","OSBS.2014.6.Coquillettidia perturbans.Female.T15","No known compromise","CAES_Pathogen_testing_SOP_2014-05-06","Culture","Negative","UNKV",1,"Y",,,,,"Y",,"r4iH4e2lsYW4kI6RhiJwwMegvyzkVSXT","Connecticut Agricultural Experiment Station"
"29411fb9-9d21-4936-96b3-f3426d3be544","OSBS","D03","OSBS",,29.689282,-81.993431,"WGS84",,46.0,,"2014-06-16T21:00Z","2014-06-18T14:24Z","2015-01-06T12:00Z","2015-01-08T12:00Z","OSBS.2014.24.CULERR.F.T.08","OSBS.2014.6.Culex erraticus.Female.T8","No known compromise","CAES_Pathogen_testing_SOP_2014-05-06","Culture","Negative","UNKV",1,"Y",,,,,"Y",,"r4iH4e2lsYW4kI6RhiJwwMegvyzkVSXT","Connecticut Agricultural Experiment Station"
"9b3e963b-3dd6-45c5-be28-d426c4fae4d5","OSBS","D03","OSBS",,29.689282,-81.993431,"WGS84",,46.0,,"2014-06-16T21:00Z","2014-06-18T14:24Z","2015-01-06T12:00Z","2015-01-08T12:00Z","OSBS.2014.24.COQPER.F.T.10","OSBS.2014.6.Coquillettidia perturbans.Female.T10","No known compromise","CAES_Pathogen_testing_SOP_2014-05-06","Culture","Negative","UNKV",1,"Y",,,,,"Y",,"r4iH4e2lsYW4kI6RhiJwwMegvyzkVSXT","Connecticut Agricultural Experiment Station"
"c5383fdc-8d7b-4f9e-9c45-cd67c283b2cc","OSBS","D03","OSBS",,29.689282,-81.993431,"WGS84",,46.0,,"2014-06-16T21:00Z","2014-06-18T14:24Z","2015-01-06T12:00Z","2015-01-08T12:00Z","OSBS.2014.24.COQPER.F.T.02","OSBS.2014.6.Coquillettidia perturbans.Female.T2","No known compromise","CAES_Pathogen_testing_SOP_2014-05-06","Culture","Negative","UNKV",1,"Y",,,,,"Y",,"r4iH4e2lsYW4kI6RhiJwwMegvyzkVSXT","Connecticut Agricultural Experiment Station"
"7da3beee-2f01-417f-a901-8e1baf22c02b","OSBS","D03","OSBS",,29.689282,-81.993431,"WGS84",,46.0,,"2014-06-16T21:00Z","2014-06-18T14:24Z","2015-01-06T12:00Z","2015-01-08T12:00Z","OSBS.2014.24.COQPER.F.T.01","OSBS.2014.6.Coquillettidia perturbans.Female.T1","No known compromise","CAES_Pathogen_testing_SOP_2014-05-06","Culture","Negative","UNKV",1,"Y",,,,,"Y",,"r4iH4e2lsYW4kI6RhiJwwMegvyzkVSXT","Connecticut Agricultural Experiment Station"
"35b68b89-ee24-484f-8e8b-1393bc76cdf1","OSBS","D03","OSBS",,29.689282,-81.993431,"WGS84",,46.0,,"2014-06-16T21:00Z","2014-06-18T14:24Z","2015-01-06T12:00Z","2015-01-08T12:00Z","OSBS.2014.24.CULNIG.F.T.03","OSBS.2014.6.Culex nigripalpus.Female.T3","No known compromise","CAES_Pathogen_testing_SOP_2014-05-06","Culture","Negative","UNKV",1,"Y",,,,,"Y",,"r4iH4e2lsYW4kI6RhiJwwMegvyzkVSXT","Connecticut Agricultural Experiment Station"
"37f1029b-b0bc-41de-b801-ce2a3a5bea26","OSBS","D03","OSBS",,29.689282,-81.993431,"WGS84",,46.0,,"2014-06-16T21:00Z","2014-06-18T14:24Z","2015-01-06T12:00Z","2015-01-08T12:00Z","OSBS.2014.24.COQPER.F.T.04","OSBS.2014.6.Coquillettidia perturbans.Female.T4","No known compromise","CAES_Pathogen_testing_SOP_2014-05-06","Culture","Negative","UNKV",1,"Y",,,,,"Y",,"r4iH4e2lsYW4kI6RhiJwwMegvyzkVSXT","Connecticut Agricultural Experiment Station"
"bc6fa927-1512-4ef7-a6b0-a03d5c21ecb3","OSBS","D03","OSBS",,29.689282,-81.993431,"WGS84",,46.0,,"2014-06-16T21:00Z","2014-06-18T14:24Z","2015-01-06T12:00Z","2015-01-08T12:00Z","OSBS.2014.24.COQPER.F.T.14","OSBS.2014.6.Coquillettidia perturbans.Female.T14","No known compromise","CAES_Pathogen_testing_SOP_2014-05-06","Culture","Negative","UNKV",1,"Y",,,,,"Y",,"r4iH4e2lsYW4kI6RhiJwwMegvyzkVSXT","Connecticut Agricultural Experiment Station"
"e3eb652a-8d63-41a8-9ea7-0f5eb804c8c9","OSBS","D03","OSBS",,29.689282,-81.993431,"WGS84",,46.0,,"2014-06-16T21:00Z","2014-06-18T14:24Z","2015-01-06T12:00Z","2015-01-08T12:00Z","OSBS.2014.24.CULERR.F.T.06","OSBS.2014.6.Culex erraticus.Female.T6","No known compromise","CAES_Pathogen_testing_SOP_2014-05-06","Culture","Negative","UNKV",1,"Y",,,,,"Y",,"r4iH4e2lsYW4kI6RhiJwwMegvyzkVSXT","Connecticut Agricultural Experiment Station"
"38e7b6b4-fe8f-443c-9801-fdd8421f7401","OSBS","D03","OSBS",,29.689282,-81.993431,"WGS84",,46.0,,"2014-06-16T21:00Z","2014-06-18T14:24Z","2015-01-06T12:00Z","2015-01-08T12:00Z","OSBS.2014.24.CULERR.F.T.07","OSBS.2014.6.Culex erraticus.Female.T7","No known compromise","CAES_Pathogen_testing_SOP_2014-05-06","Culture","Negative","UNKV",1,"Y",,,,,"Y",,"r4iH4e2lsYW4kI6RhiJwwMegvyzkVSXT","Connecticut Agricultural Experiment Station"
"2ad81887-13a9-47d0-99e5-1f8ee6f74393","OSBS","D03","OSBS",,29.689282,-81.993431,"WGS84",,46.0,,"2014-06-16T21:00Z","2014-06-18T14:24Z","2015-01-06T12:00Z","2015-01-08T12:00Z","OSBS.2014.24.COQPER.F.T.07","OSBS.2014.6.Coquillettidia perturbans.Female.T7","No known compromise","CAES_Pathogen_testing_SOP_2014-05-06","Culture","Negative","UNKV",1,"Y",,,,,"Y",,"r4iH4e2lsYW4kI6RhiJwwMegvyzkVSXT","Connecticut Agricultural Experiment Station"
"bf65254d-6a83-4640-963f-f0a8e81aa207","OSBS","D03","OSBS",,29.689282,-81.993431,"WGS84",,46.0,,"2014-06-16T21:00Z","2014-06-18T14:24Z","2015-01-06T12:00Z","2015-01-08T12:00Z","OSBS.2014.24.COQPER.F.T.12","OSBS.2014.6.Coquillettidia perturbans.Female.T12","No known compromise","CAES_Pathogen_testing_SOP_2014-05-06","Culture","Negative","UNKV",1,"Y",,,,,"Y",,"r4iH4e2lsYW4kI6RhiJwwMegvyzkVSXT","Connecticut Agricultural Experiment Station"
"ce0d144f-df01-4596-ae4e-1d066d8a1996","OSBS","D03","OSBS",,29.689282,-81.993431,"WGS84",,46.0,,"2014-06-16T21:00Z","2014-06-18T14:24Z","2015-01-06T12:00Z","2015-01-08T12:00Z","OSBS.2014.24.CULERR.F.T.10","OSBS.2014.6.Culex erraticus.Female.T10","No known compromise","CAES_Pathogen_testing_SOP_2014-05-06","Culture","Negative","UNKV",1,"Y",,,,,"Y",,"r4iH4e2lsYW4kI6RhiJwwMegvyzkVSXT","Connecticut Agricultural Experiment Station"
"7599bb6c-931d-4f9e-83b6-66f7d05906d2","OSBS","D03","OSBS",,29.689282,-81.993431,"WGS84",,46.0,,"2014-06-16T21:00Z","2014-06-18T14:24Z","2015-01-06T12:00Z","2015-01-08T12:00Z","OSBS.2014.24.CULNIG.F.T.02","OSBS.2014.6.Culex nigripalpus.Female.T2","No known compromise","CAES_Pathogen_testing_SOP_2014-05-06","Culture","Negative","UNKV",1,"Y",,,,,"Y",,"r4iH4e2lsYW4kI6RhiJwwMegvyzkVSXT","Connecticut Agricultural Experiment Station"
"bc15bc2f-a670-4ab1-8141-f90faa5dc0c6","OSBS","D03","OSBS",,29.689282,-81.993431,"WGS84",,46.0,,"2014-06-16T21:00Z","2014-06-18T14:24Z","2015-01-06T12:00Z","2015-01-08T12:00Z","OSBS.2014.24.COQPER.F.T.06","OSBS.2014.6.Coquillettidia perturbans.Female.T6","No known compromise","CAES_Pathogen_testing_SOP_2014-05-06","Culture","Negative","UNKV",1,"Y",,,,,"Y",,"r4iH4e2lsYW4kI6RhiJwwMegvyzkVSXT","Connecticut Agricultural Experiment Station"
"e45d5142-cef0-4635-9b03-8ca025a8b74c","OSBS","D03","OSBS",,29.689282,-81.993431,"WGS84",,46.0,,"2014-06-16T21:00Z","2014-06-18T14:24Z","2015-01-06T12:00Z","2015-01-08T12:00Z","OSBS.2014.24.COQPER.F.T.09","OSBS.2014.6.Coquillettidia perturbans.Female.T9","No known compromise","CAES_Pathogen_testing_SOP_2014-05-06","Culture","Negative","UNKV",1,"Y",,,,,"Y",,"r4iH4e2lsYW4kI6RhiJwwMegvyzkVSXT","Connecticut Agricultural Experiment Station"
"97ceb7e9-6127-47c4-bab7-4c322d07c7d2","OSBS","D03","OSBS",,29.689282,-81.993431,"WGS84",,46.0,,"2014-06-16T21:00Z","2014-06-18T14:24Z","2015-01-06T12:00Z","2015-01-08T12:00Z","OSBS.2014.24.CULERR.F.T.03","OSBS.2014.6.Culex erraticus.Female.T3","No known compromise","CAES_Pathogen_testing_SOP_2014-05-06","Culture","Negative","UNKV",1,"Y",,,,,"Y",,"r4iH4e2lsYW4kI6RhiJwwMegvyzkVSXT","Connecticut Agricultural Experiment Station"
"2659abf7-b3d2-420e-ae9e-c3caf445c529","OSBS","D03","OSBS",,29.689282,-81.993431,"WGS84",,46.0,,"2014-06-16T21:19Z","2014-06-18T14:24Z","2015-01-06T12:00Z","2015-01-08T12:00Z","OSBS.2014.24.CULSAL.F.T.01","OSBS.2014.6.Culex salinarius.Female.T1","No known compromise","CAES_Pathogen_testing_SOP_2014-05-06","Culture","Negative","UNKV",1,"Y",,,,,"Y",,"r4iH4e2lsYW4kI6RhiJwwMegvyzkVSXT","Connecticut Agricultural Experiment Station"
"74b8b789-fefa-4e0a-9fd3-c369d3e598f1","OSBS","D03","OSBS",,29.689282,-81.993431,"WGS84",,46.0,,"2014-06-16T21:19Z","2014-06-18T14:24Z","2015-01-06T12:00Z","2015-01-08T12:00Z","OSBS.2014.24.CULSAL.F.T.02","OSBS.2014.6.Culex salinarius.Female.T2","No known compromise","CAES_Pathogen_testing_SOP_2014-05-06","Culture","Negative","UNKV",1,"Y",,,,,"Y",,"r4iH4e2lsYW4kI6RhiJwwMegvyzkVSXT","Connecticut Agricultural Experiment Station"
