uid,namedLocation,domainID,siteID,startCollectDate,endCollectDate,testingID,testingVialID,poolSize,dataQF
"2755effc-3c08-4b74-9b49-7fec24a18bc2","OSBS","D03","OSBS","2014-06-02T20:00Z","2014-06-04T13:58Z","OSBS.2014.22.CULSAL.F.T","OSBS.2014.22.CULSAL.F.T.02",40,
"3b2b4ccd-5d73-4299-bb29-d7e9a98ea492","OSBS","D03","OSBS","2014-06-02T20:00Z","2014-06-04T13:58Z","OSBS.2014.22.CULSAL.F.T","OSBS.2014.22.CULSAL.F.T.01",40,
"9d807ff2-98b9-4e24-a150-f614d89e7be4","OSBS","D03","OSBS","2014-06-02T20:00Z","2014-06-04T13:58Z","OSBS.2014.22.CULERR.F.T","OSBS.2014.22.CULERR.F.T.09",50,
"d88d6d0a-cee6-4c07-8fa1-dc21b86235f3","OSBS","D03","OSBS","2014-06-02T20:00Z","2014-06-04T13:58Z","OSBS.2014.22.CULERR.F.T","OSBS.2014.22.CULERR.F.T.07",50,
"85ce0de2-53d7-4f26-8ad8-8c745ea74399","OSBS","D03","OSBS","2014-06-02T20:00Z","2014-06-04T13:58Z","OSBS.2014.22.CULERR.F.T","OSBS.2014.22.CULERR.F.T.10",50,
"7a96a4c3-3899-4cfc-a127-1e7ea3267e90","OSBS","D03","OSBS","2014-06-02T20:00Z","2014-06-04T13:58Z","OSBS.2014.22.CULERR.F.T","OSBS.2014.22.CULERR.F.T.01",50,
"2334df3f-e8bc-476e-8c53-1b8d8155ef51","OSBS","D03","OSBS","2014-06-02T20:00Z","2014-06-04T13:58Z","OSBS.2014.22.CULERR.F.T","OSBS.2014.22.CULERR.F.T.04",50,
"991d806a-b689-4b97-a643-2f456670ae37","OSBS","D03","OSBS","2014-06-02T20:00Z","2014-06-04T13:58Z","OSBS.2014.22.CULERR.F.T","OSBS.2014.22.CULERR.F.T.05",50,
"3b564bb4-e0b2-43d9-9511-3a215de29b87","OSBS","D03","OSBS","2014-06-02T20:00Z","2014-06-04T13:58Z","OSBS.2014.22.CULERR.F.T","OSBS.2014.22.CULERR.F.T.03",50,
"5e85bc3a-24cb-47eb-be22-5b1a2a8589aa","OSBS","D03","OSBS","2014-06-02T20:00Z","2014-06-04T13:58Z","OSBS.2014.22.CULERR.F.T","OSBS.2014.22.CULERR.F.T.06",50,
"8ae86c36-b602-483c-a350-a71c8dec23e3","OSBS","D03","OSBS","2014-06-02T20:00Z","2014-06-04T13:58Z","OSBS.2014.22.CULERR.F.T","OSBS.2014.22.CULERR.F.T.02",50,
"26ae1cf2-bdae-4169-9e7e-de0b8ce7edff","OSBS","D03","OSBS","2014-06-02T20:00Z","2014-06-04T13:58Z","OSBS.2014.22.CULERR.F.T","OSBS.2014.22.CULERR.F.T.08",50,
"c1b774fe-d145-4957-b82d-e4fa773e3f95","OSBS","D03","OSBS","2014-06-16T21:00Z","2014-06-18T14:24Z","OSBS.2014.24.CULERR.F.T","OSBS.2014.24.CULERR.F.T.10",50,
"846c55ba-e035-45b4-9013-39fca76514dd","OSBS","D03","OSBS","2014-06-16T21:00Z","2014-06-18T14:24Z","OSBS.2014.24.COQPER.F.T","OSBS.2014.24.COQPER.F.T.06",50,
"c25e6535-d7ea-48f6-8e59-ec374f38ac64","OSBS","D03","OSBS","2014-06-16T21:00Z","2014-06-18T14:24Z","OSBS.2014.24.COQPER.F.T","OSBS.2014.24.COQPER.F.T.11",50,
"9b2cb7ba-9fbf-4031-9a0c-4bf3a128f7f0","OSBS","D03","OSBS","2014-06-16T21:00Z","2014-06-18T14:24Z","OSBS.2014.24.COQPER.F.T","OSBS.2014.24.COQPER.F.T.02",50,
"faa2a61d-e9c3-45ea-a258-2f3683614236","OSBS","D03","OSBS","2014-06-16T21:00Z","2014-06-18T14:24Z","OSBS.2014.24.CULERR.F.T","OSBS.2014.24.CULERR.F.T.03",50,
"cedf43fd-8ffd-4966-be04-265ae3ff9faa","OSBS","D03","OSBS","2014-06-16T21:00Z","2014-06-18T14:24Z","OSBS.2014.24.COQPER.F.T","OSBS.2014.24.COQPER.F.T.05",50,
"2425c9b9-8de4-48a9-9374-3f2ab6296f8c","OSBS","D03","OSBS","2014-06-16T21:00Z","2014-06-18T14:24Z","OSBS.2014.24.COQPER.F.T","OSBS.2014.24.COQPER.F.T.13",50,
"57c1f1c4-8c14-402b-8024-b30cf6186083","OSBS","D03","OSBS","2014-06-16T21:00Z","2014-06-18T14:24Z","OSBS.2014.24.COQPER.F.T","OSBS.2014.24.COQPER.F.T.07",50,
"cef3c35c-fa15-45de-8729-4a4d1e739fd1","OSBS","D03","OSBS","2014-06-16T21:00Z","2014-06-18T14:24Z","OSBS.2014.24.CULERR.F.T","OSBS.2014.24.CULERR.F.T.09",50,
"959e3b44-4a86-42f9-9c85-01c0dfcd41d3","OSBS","D03","OSBS","2014-06-16T21:00Z","2014-06-18T14:24Z","OSBS.2014.24.CULERR.F.T","OSBS.2014.24.CULERR.F.T.05",50,
"a453c53f-61a5-4b95-af0c-34a5d366dcd4","OSBS","D03","OSBS","2014-06-16T21:00Z","2014-06-18T14:24Z","OSBS.2014.24.CULNIG.F.T","OSBS.2014.24.CULNIG.F.T.02",50,
"80e69179-ad72-488c-96db-7be103bf7726","OSBS","D03","OSBS","2014-06-16T21:00Z","2014-06-18T14:24Z","OSBS.2014.24.COQPER.F.T","OSBS.2014.24.COQPER.F.T.09",50,
"eaeec617-3438-4d3e-95a0-8c9a13f31240","OSBS","D03","OSBS","2014-06-16T21:00Z","2014-06-18T14:24Z","OSBS.2014.24.CULERR.F.T","OSBS.2014.24.CULERR.F.T.04",50,
"ca028845-c868-4da8-9c7e-cb09acae5b6e","OSBS","D03","OSBS","2014-06-16T21:00Z","2014-06-18T14:24Z","OSBS.2014.24.CULERR.F.T","OSBS.2014.24.CULERR.F.T.01",50,
"752b173f-7464-4c11-a7a1-c521e54f00e8","OSBS","D03","OSBS","2014-06-16T21:00Z","2014-06-18T14:24Z","OSBS.2014.24.CULNIG.F.T","OSBS.2014.24.CULNIG.F.T.01",50,
"c480adbb-0bf7-4d68-93f9-7d2cc31102e0","OSBS","D03","OSBS","2014-06-16T21:00Z","2014-06-18T14:24Z","OSBS.2014.24.COQPER.F.T","OSBS.2014.24.COQPER.F.T.12",50,
"f498440f-ac53-4c64-9a2d-b57dcda92fd0","OSBS","D03","OSBS","2014-06-16T21:00Z","2014-06-18T14:24Z","OSBS.2014.24.CULERR.F.T","OSBS.2014.24.CULERR.F.T.08",50,
"bbf4890d-8650-4765-bd7f-93a78f8ffc2a","OSBS","D03","OSBS","2014-06-16T21:00Z","2014-06-18T14:24Z","OSBS.2014.24.CULERR.F.T","OSBS.2014.24.CULERR.F.T.02",50,
"6c589328-d268-4d32-b0c4-903790ceee60","OSBS","D03","OSBS","2014-06-16T21:00Z","2014-06-18T14:24Z","OSBS.2014.24.COQPER.F.T","OSBS.2014.24.COQPER.F.T.15",50,
"60cde64a-4a64-4564-913b-4446420067f1","OSBS","D03","OSBS","2014-06-16T21:00Z","2014-06-18T14:24Z","OSBS.2014.24.COQPER.F.T","OSBS.2014.24.COQPER.F.T.01",50,
"9285e36a-ac02-4b0a-9f50-f22a4b490e13","OSBS","D03","OSBS","2014-06-16T21:00Z","2014-06-18T14:24Z","OSBS.2014.24.COQPER.F.T","OSBS.2014.24.COQPER.F.T.04",50,
"c788f7ca-0894-4f7e-929b-9054b32b033e","OSBS","D03","OSBS","2014-06-16T21:00Z","2014-06-18T14:24Z","OSBS.2014.24.CULNIG.F.T","OSBS.2014.24.CULNIG.F.T.03",50,
"7475e19b-ff07-4d96-a992-685496536bc1","OSBS","D03","OSBS","2014-06-16T21:00Z","2014-06-18T14:24Z","OSBS.2014.24.CULERR.F.T","OSBS.2014.24.CULERR.F.T.06",50,
"40db05eb-bddc-410c-9713-91f37e2c8438","OSBS","D03","OSBS","2014-06-16T21:00Z","2014-06-18T14:24Z","OSBS.2014.24.COQPER.F.T","OSBS.2014.24.COQPER.F.T.14",50,
"c658513b-0430-4a73-8ffd-d186eec251ef","OSBS","D03","OSBS","2014-06-16T21:00Z","2014-06-18T14:24Z","OSBS.2014.24.COQPER.F.T","OSBS.2014.24.COQPER.F.T.10",50,
"1e3eedf7-230f-4623-babe-0e2dc0dc76ae","OSBS","D03","OSBS","2014-06-16T21:00Z","2014-06-18T14:24Z","OSBS.2014.24.COQPER.F.T","OSBS.2014.24.COQPER.F.T.03",50,
"997f3803-a3fb-411d-924b-7dfe8088496b","OSBS","D03","OSBS","2014-06-16T21:00Z","2014-06-18T14:24Z","OSBS.2014.24.CULERR.F.T","OSBS.2014.24.CULERR.F.T.07",50,
"1b7b92ec-c2e9-466f-ab96-90f440f1ab35","OSBS","D03","OSBS","2014-06-16T21:00Z","2014-06-18T14:24Z","OSBS.2014.24.COQPER.F.T","OSBS.2014.24.COQPER.F.T.08",50,
"4bbb34d8-fa2a-4bd7-9249-71853ebdea7e","OSBS","D03","OSBS","2014-06-16T21:19Z","2014-06-18T14:24Z","OSBS.2014.24.CULSAL.F.T","OSBS.2014.24.CULSAL.F.T.02",40,
"14b049f4-5a23-417a-bbab-bd8865a7a8a3","OSBS","D03","OSBS","2014-06-16T21:19Z","2014-06-18T14:24Z","OSBS.2014.24.CULSAL.F.T","OSBS.2014.24.CULSAL.F.T.01",40,
