uid,namedLocation,domainID,siteID,startCollectDate,endCollectDate,testingID,testingVialID,poolSize,dataQF
"2a9f821b-aa2a-44dc-a83f-21f524e3215d","OSBS","D03","OSBS","2014-08-11T21:00Z","2014-08-13T14:50Z","OSBS.2014.32.CULNIG.F.T","OSBS.2014.32.CULNIG.F.T.02",50,
"b6e960f3-8b3b-45fa-bf79-a921613a02e0","OSBS","D03","OSBS","2014-08-11T21:00Z","2014-08-13T14:50Z","OSBS.2014.32.COQPER.F.T","OSBS.2014.32.COQPER.F.T.05",50,
"7d0b7fbc-88cc-4059-a201-e54efd2bf1c2","OSBS","D03","OSBS","2014-08-11T21:00Z","2014-08-13T14:50Z","OSBS.2014.32.CULERR.F.T","OSBS.2014.32.CULERR.F.T.02",50,
"78029d47-6684-4ee1-b063-4408867bfe8b","OSBS","D03","OSBS","2014-08-11T21:00Z","2014-08-13T14:50Z","OSBS.2014.32.COQPER.F.T","OSBS.2014.32.COQPER.F.T.09",50,
"c4baed0b-83e5-4b24-9a91-3c240270b3b8","OSBS","D03","OSBS","2014-08-11T21:00Z","2014-08-13T14:50Z","OSBS.2014.32.CULERR.F.T","OSBS.2014.32.CULERR.F.T.04",50,
"00fdb748-6060-4da7-b7f6-dfbdd1643b3d","OSBS","D03","OSBS","2014-08-11T21:00Z","2014-08-13T14:50Z","OSBS.2014.32.COQPER.F.T","OSBS.2014.32.COQPER.F.T.02",50,
"2db15e27-987c-4c90-bd76-739c093854f4","OSBS","D03","OSBS","2014-08-11T21:00Z","2014-08-13T14:50Z","OSBS.2014.32.COQPER.F.T","OSBS.2014.32.COQPER.F.T.03",50,
"e00c2b60-a3db-43c8-a11c-13c1f8d33e42","OSBS","D03","OSBS","2014-08-11T21:00Z","2014-08-13T14:50Z","OSBS.2014.32.COQPER.F.T","OSBS.2014.32.COQPER.F.T.08",50,
"0a96f732-c26d-4305-9ce6-efe0d8c140d8","OSBS","D03","OSBS","2014-08-11T21:00Z","2014-08-13T14:50Z","OSBS.2014.32.COQPER.F.T","OSBS.2014.32.COQPER.F.T.04",50,
"8976018b-4f02-4c07-ba7f-c21db5b25e3e","OSBS","D03","OSBS","2014-08-11T21:00Z","2014-08-13T14:50Z","OSBS.2014.32.COQPER.F.T","OSBS.2014.32.COQPER.F.T.10",50,
"12674825-99a1-4f8a-bd4b-8d2115616ded","OSBS","D03","OSBS","2014-08-11T21:00Z","2014-08-13T14:50Z","OSBS.2014.32.COQPER.F.T","OSBS.2014.32.COQPER.F.T.01",50,
"e11a4580-2f1d-4559-bd07-b45f97babeeb","OSBS","D03","OSBS","2014-08-11T21:00Z","2014-08-13T14:50Z","OSBS.2014.32.CULERR.F.T","OSBS.2014.32.CULERR.F.T.07",50,
"27097bba-8cad-4264-93dd-3f16f3c735ca","OSBS","D03","OSBS","2014-08-11T21:00Z","2014-08-13T14:50Z","OSBS.2014.32.COQPER.F.T","OSBS.2014.32.COQPER.F.T.07",50,
"ebb948a3-8032-41ba-a424-28276216657e","OSBS","D03","OSBS","2014-08-11T21:00Z","2014-08-13T14:50Z","OSBS.2014.32.COQPER.F.T","OSBS.2014.32.COQPER.F.T.06",50,
"409c014f-a55b-449e-9cb4-d6e7415cbcb0","OSBS","D03","OSBS","2014-08-11T21:00Z","2014-08-13T14:50Z","OSBS.2014.32.CULERR.F.T","OSBS.2014.32.CULERR.F.T.05",50,
"5924accc-467a-4e9d-a784-f4a653d41ca8","OSBS","D03","OSBS","2014-08-11T21:00Z","2014-08-13T14:50Z","OSBS.2014.32.CULERR.F.T","OSBS.2014.32.CULERR.F.T.09",50,
"e2b400bd-b208-477f-b75e-b3a909179372","OSBS","D03","OSBS","2014-08-11T21:00Z","2014-08-13T14:50Z","OSBS.2014.32.CULERR.F.T","OSBS.2014.32.CULERR.F.T.03",50,
"e206815c-7255-4000-8c2d-995f0b74ca47","OSBS","D03","OSBS","2014-08-11T21:00Z","2014-08-13T14:50Z","OSBS.2014.32.CULERR.F.T","OSBS.2014.32.CULERR.F.T.06",50,
"99727bea-7bce-4f16-a830-340540b590ed","OSBS","D03","OSBS","2014-08-11T21:00Z","2014-08-13T14:50Z","OSBS.2014.32.CULERR.F.T","OSBS.2014.32.CULERR.F.T.01",50,
"fe7c027a-6776-494f-a69c-f0c90af61097","OSBS","D03","OSBS","2014-08-11T21:00Z","2014-08-13T14:50Z","OSBS.2014.32.CULNIG.F.T","OSBS.2014.32.CULNIG.F.T.06",50,
"47af82ba-fcb2-47f3-acb2-19bf7614a59a","OSBS","D03","OSBS","2014-08-11T21:00Z","2014-08-13T14:50Z","OSBS.2014.32.CULNIG.F.T","OSBS.2014.32.CULNIG.F.T.05",50,
"f3e793cb-7372-4c2d-9c97-dea40475033d","OSBS","D03","OSBS","2014-08-11T21:00Z","2014-08-13T14:50Z","OSBS.2014.32.CULNIG.F.T","OSBS.2014.32.CULNIG.F.T.03",50,
"cd5cb574-f9bb-47ca-88ee-f7cd29963677","OSBS","D03","OSBS","2014-08-11T21:00Z","2014-08-13T14:50Z","OSBS.2014.32.CULNIG.F.T","OSBS.2014.32.CULNIG.F.T.01",50,
"9cbdf6c9-d941-473c-9c25-a6aeef9bec75","OSBS","D03","OSBS","2014-08-11T21:00Z","2014-08-13T14:50Z","OSBS.2014.32.CULNIG.F.T","OSBS.2014.32.CULNIG.F.T.04",50,
"1bd840d9-723c-42b9-aef2-de1831ce6331","OSBS","D03","OSBS","2014-08-11T21:00Z","2014-08-13T14:50Z","OSBS.2014.32.CULERR.F.T","OSBS.2014.32.CULERR.F.T.10",50,
"52d01969-72a7-46c7-b622-1966b37a9b85","OSBS","D03","OSBS","2014-08-11T21:00Z","2014-08-13T14:50Z","OSBS.2014.32.CULERR.F.T","OSBS.2014.32.CULERR.F.T.08",50,
"d3958854-d42a-4298-a5ae-589a990af7c4","OSBS","D03","OSBS","2014-08-25T20:45Z","2014-08-27T13:33Z","OSBS.2014.34.COQPER.F.T","OSBS.2014.34.COQPER.F.T.01",50,
"b06f23d6-6a49-4940-951a-5e37d2313be5","OSBS","D03","OSBS","2014-08-25T20:45Z","2014-08-27T13:33Z","OSBS.2014.34.CULERR.F.T","OSBS.2014.34.CULERR.F.T.05",50,
"c7b1c235-7195-49e7-8428-3cfc2092de87","OSBS","D03","OSBS","2014-08-25T20:45Z","2014-08-27T13:33Z","OSBS.2014.34.CULERR.F.T","OSBS.2014.34.CULERR.F.T.02",50,
"f8e0fb66-e6c0-4a5d-9d92-c71d83fdfd4b","OSBS","D03","OSBS","2014-08-25T20:45Z","2014-08-27T13:33Z","OSBS.2014.34.CULERR.F.T","OSBS.2014.34.CULERR.F.T.10",50,
"20716f5b-80af-4c55-b897-a493f208d240","OSBS","D03","OSBS","2014-08-25T20:45Z","2014-08-27T13:33Z","OSBS.2014.34.COQPER.F.T","OSBS.2014.34.COQPER.F.T.06",50,
"298231e7-b479-48f0-812d-908bbba86b24","OSBS","D03","OSBS","2014-08-25T20:45Z","2014-08-27T13:33Z","OSBS.2014.34.CULERR.F.T","OSBS.2014.34.CULERR.F.T.07",50,
"e9eb5981-4d3f-466c-bb17-4302757d53f7","OSBS","D03","OSBS","2014-08-25T20:45Z","2014-08-27T13:33Z","OSBS.2014.34.CULNIG.F.T","OSBS.2014.34.CULNIG.F.T.02",50,
"60411cff-b252-42ae-a4b0-3404cc7346ba","OSBS","D03","OSBS","2014-08-25T20:45Z","2014-08-27T13:33Z","OSBS.2014.34.CULERR.F.T","OSBS.2014.34.CULERR.F.T.09",50,
"7b8e33e5-4ccf-407f-843c-68c62d05041f","OSBS","D03","OSBS","2014-08-25T20:45Z","2014-08-27T13:33Z","OSBS.2014.34.COQPER.F.T","OSBS.2014.34.COQPER.F.T.10",50,
"73d6fdd9-8837-4e44-8215-e766050978e3","OSBS","D03","OSBS","2014-08-25T20:45Z","2014-08-27T13:33Z","OSBS.2014.34.CULNIG.F.T","OSBS.2014.34.CULNIG.F.T.03",50,
"ba7cbf53-d3b2-4d2e-8268-0d30f7cbe890","OSBS","D03","OSBS","2014-08-25T20:45Z","2014-08-27T13:33Z","OSBS.2014.34.COQPER.F.T","OSBS.2014.34.COQPER.F.T.08",50,
"bea82d91-ac3f-49f9-8186-e29a9fa27384","OSBS","D03","OSBS","2014-08-25T20:45Z","2014-08-27T13:33Z","OSBS.2014.34.CULERR.F.T","OSBS.2014.34.CULERR.F.T.06",50,
"500c5dd5-8235-4f16-b8b4-414fb6bd169a","OSBS","D03","OSBS","2014-08-25T20:45Z","2014-08-27T13:33Z","OSBS.2014.34.CULERR.F.T","OSBS.2014.34.CULERR.F.T.01",50,
"0020af53-0eb8-4d01-a174-9f453ef77c96","OSBS","D03","OSBS","2014-08-25T20:45Z","2014-08-27T13:33Z","OSBS.2014.34.COQPER.F.T","OSBS.2014.34.COQPER.F.T.09",50,
"5c58bb59-41bf-4be3-8037-3b356870d05d","OSBS","D03","OSBS","2014-08-25T20:45Z","2014-08-27T13:33Z","OSBS.2014.34.CULERR.F.T","OSBS.2014.34.CULERR.F.T.03",50,
"bfd2ceeb-e7cd-47bf-b78b-d0a0adf0454b","OSBS","D03","OSBS","2014-08-25T20:45Z","2014-08-27T13:33Z","OSBS.2014.34.CULNIG.F.T","OSBS.2014.34.CULNIG.F.T.04",50,
"cec89f27-cc79-4154-8844-aca4e8d377ff","OSBS","D03","OSBS","2014-08-25T20:45Z","2014-08-27T13:33Z","OSBS.2014.34.COQPER.F.T","OSBS.2014.34.COQPER.F.T.02",50,
"00f09ada-7400-4fe5-98cb-33f7b67639d8","OSBS","D03","OSBS","2014-08-25T20:45Z","2014-08-27T13:33Z","OSBS.2014.34.COQPER.F.T","OSBS.2014.34.COQPER.F.T.04",50,
"e6ecc25b-6c01-4a84-9831-76041c9bb13a","OSBS","D03","OSBS","2014-08-25T20:45Z","2014-08-27T13:33Z","OSBS.2014.34.COQPER.F.T","OSBS.2014.34.COQPER.F.T.03",50,
"da302664-5f26-4fcc-ae75-24514945429e","OSBS","D03","OSBS","2014-08-25T20:45Z","2014-08-27T13:33Z","OSBS.2014.34.COQPER.F.T","OSBS.2014.34.COQPER.F.T.05",50,
"f29a9d2f-d67f-4789-ac30-b4370b032f16","OSBS","D03","OSBS","2014-08-25T20:45Z","2014-08-27T13:33Z","OSBS.2014.34.CULERR.F.T","OSBS.2014.34.CULERR.F.T.08",50,
"c17ffad6-9f88-45fd-a274-7d9522507eb6","OSBS","D03","OSBS","2014-08-25T20:45Z","2014-08-27T13:33Z","OSBS.2014.34.CULNIG.F.T","OSBS.2014.34.CULNIG.F.T.01",50,
"b4a3f555-f911-4ed8-8e0f-658645ff4e02","OSBS","D03","OSBS","2014-08-25T20:45Z","2014-08-27T13:33Z","OSBS.2014.34.CULERR.F.T","OSBS.2014.34.CULERR.F.T.04",50,
"5329d18a-8bf8-42b3-9a27-7196d9f23d4c","OSBS","D03","OSBS","2014-08-25T20:45Z","2014-08-27T13:33Z","OSBS.2014.34.CULNIG.F.T","OSBS.2014.34.CULNIG.F.T.05",50,
"7ac91a6a-d7d9-4f48-9742-0817f0939a0f","OSBS","D03","OSBS","2014-08-25T20:45Z","2014-08-27T13:33Z","OSBS.2014.34.COQPER.F.T","OSBS.2014.34.COQPER.F.T.07",50,
