uid,namedLocation,domainID,siteID,startCollectDate,endCollectDate,testingID,testingVialID,poolSize,dataQF
"622b6a60-35b2-4996-bf64-27f8532a91d8","TREE","D05","TREE","2016-08-17T22:36Z","2016-08-19T12:44Z","TREE.2016.33.AEDCIN.F.T","TREE.2016.33.AEDCIN.F.T.02",40,
"d8d384e5-32d9-4065-9a37-1e6a7019884e","TREE","D05","TREE","2016-08-17T22:36Z","2016-08-19T12:44Z","TREE.2016.33.AEDCIN.F.T","TREE.2016.33.AEDCIN.F.T.01",40,
"4c1f861c-c8c5-4bac-906b-00805afe78c6","TREE","D05","TREE","2016-08-17T22:36Z","2016-08-19T12:53Z","TREE.2016.33.AEDEXC.F.T","TREE.2016.33.AEDEXC.F.T.01",21,
"5a0c1ea2-5438-4339-af87-f4aac31dc972","TREE","D05","TREE","2016-08-17T22:36Z","2016-08-19T12:59Z","TREE.2016.33.AEDCAN2.F.T","TREE.2016.33.AEDCAN2.F.T.08",37,
"0d19041a-a841-4221-ac24-e24808105ab4","TREE","D05","TREE","2016-08-17T22:36Z","2016-08-19T12:59Z","TREE.2016.33.AEDCAN2.F.T","TREE.2016.33.AEDCAN2.F.T.11",37,
"72d7eb61-d8b6-47e5-83f5-ca60a1069f05","TREE","D05","TREE","2016-08-17T22:36Z","2016-08-19T12:59Z","TREE.2016.33.AEDCAN2.F.T","TREE.2016.33.AEDCAN2.F.T.07",37,
"096465da-0a8d-4c78-9762-ba4f491e2bf1","TREE","D05","TREE","2016-08-17T22:36Z","2016-08-19T12:59Z","TREE.2016.33.AEDCAN2.F.T","TREE.2016.33.AEDCAN2.F.T.10",37,
"ff260915-c59e-4356-bb39-691029dce98c","TREE","D05","TREE","2016-08-17T22:36Z","2016-08-19T12:59Z","TREE.2016.33.AEDCAN2.F.T","TREE.2016.33.AEDCAN2.F.T.04",38,
"706d776c-583b-49c3-ad8f-b4de6e5d9514","TREE","D05","TREE","2016-08-17T22:36Z","2016-08-19T12:59Z","TREE.2016.33.AEDCAN2.F.T","TREE.2016.33.AEDCAN2.F.T.02",38,
"689d3dc7-b7da-4301-a7be-03e7767aa5cb","TREE","D05","TREE","2016-08-17T22:36Z","2016-08-19T12:59Z","TREE.2016.33.AEDCAN2.F.T","TREE.2016.33.AEDCAN2.F.T.01",38,
"21270b8c-b2d7-4050-9132-a2d58d42aff1","TREE","D05","TREE","2016-08-17T22:36Z","2016-08-19T12:59Z","TREE.2016.33.AEDCAN2.F.T","TREE.2016.33.AEDCAN2.F.T.09",37,
"4368849a-0420-4851-898c-dacaaa4267a2","TREE","D05","TREE","2016-08-17T22:36Z","2016-08-19T12:59Z","TREE.2016.33.AEDCAN2.F.T","TREE.2016.33.AEDCAN2.F.T.14",37,
"81c727a5-ea36-4aa6-b74f-0a7b8e3ec266","TREE","D05","TREE","2016-08-17T22:36Z","2016-08-19T12:59Z","TREE.2016.33.AEDCAN2.F.T","TREE.2016.33.AEDCAN2.F.T.03",38,
"5c9081e2-de4b-48c4-a616-03c57fe774c9","TREE","D05","TREE","2016-08-17T22:36Z","2016-08-19T12:59Z","TREE.2016.33.AEDCAN2.F.T","TREE.2016.33.AEDCAN2.F.T.13",37,
"9a48a558-8526-4afa-8c8e-88275ba350e1","TREE","D05","TREE","2016-08-17T22:36Z","2016-08-19T12:59Z","TREE.2016.33.AEDCAN2.F.T","TREE.2016.33.AEDCAN2.F.T.12",37,
"d380e42f-826a-4ec3-a6d0-2c0fb00d20e2","TREE","D05","TREE","2016-08-17T22:36Z","2016-08-19T12:59Z","TREE.2016.33.AEDCAN2.F.T","TREE.2016.33.AEDCAN2.F.T.06",37,
"f138111f-c4e7-45cb-9ee8-24a3fc201b36","TREE","D05","TREE","2016-08-17T22:36Z","2016-08-19T12:59Z","TREE.2016.33.AEDCAN2.F.T","TREE.2016.33.AEDCAN2.F.T.05",37,
"f5227cf9-65cc-4527-b3f4-0246cfd40a92","TREE","D05","TREE","2016-08-17T23:19Z","2016-08-19T11:38Z","TREE.2016.33.AEDVEX.F.T","TREE.2016.33.AEDVEX.F.T.01",12,
