uid,namedLocation,domainID,siteID,startCollectDate,endCollectDate,testingID,testingVialID,poolSize,dataQF
"b947a85b-2437-4873-b22f-9c3d00690245","LENO","D08","LENO","2016-08-08T21:52Z","2016-08-10T14:07Z","LENO.2016.32.CULNIG.F.T","LENO.2016.32.CULNIG.F.T.03",35,
"ddca5343-0b15-45db-bba9-c5e2c7551f5c","LENO","D08","LENO","2016-08-08T21:52Z","2016-08-10T14:07Z","LENO.2016.32.CULNIG.F.T","LENO.2016.32.CULNIG.F.T.06",34,
"be60bf68-086a-468d-bd4d-2339bf81f4a9","LENO","D08","LENO","2016-08-08T21:52Z","2016-08-10T14:07Z","LENO.2016.32.CULNIG.F.T","LENO.2016.32.CULNIG.F.T.05",35,
"d4214829-fd4e-4a93-a14f-8275f7954240","LENO","D08","LENO","2016-08-08T21:52Z","2016-08-10T14:07Z","LENO.2016.32.CULNIG.F.T","LENO.2016.32.CULNIG.F.T.01",35,
"d9b32ca1-e405-48d4-8149-e9c6126ae55d","LENO","D08","LENO","2016-08-08T21:52Z","2016-08-10T14:07Z","LENO.2016.32.CULNIG.F.T","LENO.2016.32.CULNIG.F.T.02",35,
"0513c339-3c7b-4d08-9679-dc687bf198f0","LENO","D08","LENO","2016-08-08T21:52Z","2016-08-10T14:07Z","LENO.2016.32.CULNIG.F.T","LENO.2016.32.CULNIG.F.T.07",34,
"69d43b97-64d2-4e38-812c-92a49a53ffac","LENO","D08","LENO","2016-08-08T21:52Z","2016-08-10T14:07Z","LENO.2016.32.CULNIG.F.T","LENO.2016.32.CULNIG.F.T.04",35,
"92327966-05b1-4e0e-b1d8-378b2b583958","LENO","D08","LENO","2016-08-08T21:52Z","2016-08-10T14:07Z","LENO.2016.32.CULERR.F.T","LENO.2016.32.CULERR.F.T.44",40,
"33dc88c7-3438-4c9c-8e8a-19ca1e5edae6","LENO","D08","LENO","2016-08-08T21:52Z","2016-08-10T14:07Z","LENO.2016.32.CULERR.F.T","LENO.2016.32.CULERR.F.T.49",40,
"c7f6d990-8547-4e78-9a7d-89af8505d06f","LENO","D08","LENO","2016-08-08T21:52Z","2016-08-10T14:07Z","LENO.2016.32.CULERR.F.T","LENO.2016.32.CULERR.F.T.75",39,
"c316b993-f09b-424b-b85b-16a99b99d527","LENO","D08","LENO","2016-08-08T21:52Z","2016-08-10T14:07Z","LENO.2016.32.CULERR.F.T","LENO.2016.32.CULERR.F.T.58",39,
"112a82de-b80e-487f-b44f-fbd1593dd311","LENO","D08","LENO","2016-08-08T21:52Z","2016-08-10T14:07Z","LENO.2016.32.CULERR.F.T","LENO.2016.32.CULERR.F.T.67",39,
"7fad6abf-7076-453f-abf7-4da044407ae2","LENO","D08","LENO","2016-08-08T21:52Z","2016-08-10T14:07Z","LENO.2016.32.CULERR.F.T","LENO.2016.32.CULERR.F.T.83",39,
"e766f1fc-44e3-4ad1-bb1f-0cd43b47935b","LENO","D08","LENO","2016-08-08T21:52Z","2016-08-10T14:07Z","LENO.2016.32.CULERR.F.T","LENO.2016.32.CULERR.F.T.85",39,
"94bd034d-d7c7-4fb5-ae5c-c54532aeeb29","LENO","D08","LENO","2016-08-08T21:52Z","2016-08-10T14:07Z","LENO.2016.32.CULERR.F.T","LENO.2016.32.CULERR.F.T.59",39,
"5d425398-edc0-4a8c-b41b-3166675b146d","LENO","D08","LENO","2016-08-08T21:52Z","2016-08-10T14:07Z","LENO.2016.32.CULERR.F.T","LENO.2016.32.CULERR.F.T.88",39,
"fc155b10-9ed8-4d0c-9ac5-ce6123656db5","LENO","D08","LENO","2016-08-08T21:52Z","2016-08-10T14:07Z","LENO.2016.32.CULERR.F.T","LENO.2016.32.CULERR.F.T.77",39,
"d523f8af-9602-4af0-9bb0-e9d8d4cd39ef","LENO","D08","LENO","2016-08-08T21:52Z","2016-08-10T14:07Z","LENO.2016.32.CULERR.F.T","LENO.2016.32.CULERR.F.T.86",39,
"c3118dfa-1e16-401e-b3c0-4f1060e5f536","LENO","D08","LENO","2016-08-08T21:52Z","2016-08-10T14:07Z","LENO.2016.32.CULERR.F.T","LENO.2016.32.CULERR.F.T.74",39,
"1faaecff-fada-46c2-9d68-09bdb9d21528","LENO","D08","LENO","2016-08-08T21:52Z","2016-08-10T14:07Z","LENO.2016.32.CULERR.F.T","LENO.2016.32.CULERR.F.T.81",39,
"54d9cc6a-1b6c-44dc-86e8-19207d0398f8","LENO","D08","LENO","2016-08-08T21:52Z","2016-08-10T14:07Z","LENO.2016.32.CULERR.F.T","LENO.2016.32.CULERR.F.T.53",40,
"457a1b6a-d9a5-4b5b-bb74-c951a5b1345f","LENO","D08","LENO","2016-08-08T21:52Z","2016-08-10T14:07Z","LENO.2016.32.CULERR.F.T","LENO.2016.32.CULERR.F.T.76",39,
"7e4e9b1c-c19b-4058-9783-857927fe3e18","LENO","D08","LENO","2016-08-08T21:52Z","2016-08-10T14:07Z","LENO.2016.32.CULERR.F.T","LENO.2016.32.CULERR.F.T.46",40,
"6571c743-7db0-400e-be78-dffb3c4282ee","LENO","D08","LENO","2016-08-08T21:52Z","2016-08-10T14:07Z","LENO.2016.32.CULERR.F.T","LENO.2016.32.CULERR.F.T.62",39,
"a0786776-d1a0-467b-8080-aee90b5c0c8d","LENO","D08","LENO","2016-08-08T21:52Z","2016-08-10T14:07Z","LENO.2016.32.CULERR.F.T","LENO.2016.32.CULERR.F.T.80",39,
"ece264e5-0353-4d35-908b-544be5aa3bc5","LENO","D08","LENO","2016-08-08T21:52Z","2016-08-10T14:07Z","LENO.2016.32.CULERR.F.T","LENO.2016.32.CULERR.F.T.56",39,
"86837d38-e301-4493-8312-85de495dc86c","LENO","D08","LENO","2016-08-08T21:52Z","2016-08-10T14:07Z","LENO.2016.32.CULERR.F.T","LENO.2016.32.CULERR.F.T.61",39,
"52dcd430-4c80-43e3-8517-5103a34c63b9","LENO","D08","LENO","2016-08-08T21:52Z","2016-08-10T14:07Z","LENO.2016.32.CULERR.F.T","LENO.2016.32.CULERR.F.T.87",39,
"e106a7ff-2072-4b13-a828-38587c48851c","LENO","D08","LENO","2016-08-08T21:52Z","2016-08-10T14:07Z","LENO.2016.32.CULERR.F.T","LENO.2016.32.CULERR.F.T.55",39,
"58fb447d-8f05-4a11-9ad9-b42048425a5b","LENO","D08","LENO","2016-08-08T21:52Z","2016-08-10T14:07Z","LENO.2016.32.CULERR.F.T","LENO.2016.32.CULERR.F.T.50",40,
"d358d18f-f1e1-4756-89f4-4e6c928ebfe1","LENO","D08","LENO","2016-08-08T21:52Z","2016-08-10T14:07Z","LENO.2016.32.CULERR.F.T","LENO.2016.32.CULERR.F.T.54",40,
"122fd564-066b-48af-83f9-058f0a7bf099","LENO","D08","LENO","2016-08-08T21:52Z","2016-08-10T14:07Z","LENO.2016.32.CULERR.F.T","LENO.2016.32.CULERR.F.T.45",40,
"d885720a-4735-43cc-8ce5-3d3bd3e5ee6e","LENO","D08","LENO","2016-08-08T21:52Z","2016-08-10T14:07Z","LENO.2016.32.CULERR.F.T","LENO.2016.32.CULERR.F.T.63",39,
"b52e3aa6-4ac0-4d48-a475-38ddc352f6eb","LENO","D08","LENO","2016-08-08T21:52Z","2016-08-10T14:07Z","LENO.2016.32.CULERR.F.T","LENO.2016.32.CULERR.F.T.84",39,
"1bdb795a-c86b-4fb9-b0e7-462afb7f7f86","LENO","D08","LENO","2016-08-08T21:52Z","2016-08-10T14:07Z","LENO.2016.32.CULERR.F.T","LENO.2016.32.CULERR.F.T.52",40,
"04b879f7-cec6-4753-8e40-a055b3c1205f","LENO","D08","LENO","2016-08-08T21:52Z","2016-08-10T14:07Z","LENO.2016.32.CULERR.F.T","LENO.2016.32.CULERR.F.T.78",39,
"a14293cf-77c5-45f3-a05c-f5d34a143858","LENO","D08","LENO","2016-08-08T21:52Z","2016-08-10T14:07Z","LENO.2016.32.CULERR.F.T","LENO.2016.32.CULERR.F.T.57",39,
"0a79c9cb-48d4-4005-b4c0-3820b7c43bd5","LENO","D08","LENO","2016-08-08T21:52Z","2016-08-10T14:07Z","LENO.2016.32.CULERR.F.T","LENO.2016.32.CULERR.F.T.69",39,
"30bd1543-8fe5-4e33-8e26-f97d738c3f52","LENO","D08","LENO","2016-08-08T21:52Z","2016-08-10T14:07Z","LENO.2016.32.CULERR.F.T","LENO.2016.32.CULERR.F.T.65",39,
"935c7226-467f-4998-9378-0a3c64e4ce83","LENO","D08","LENO","2016-08-08T21:52Z","2016-08-10T14:07Z","LENO.2016.32.CULERR.F.T","LENO.2016.32.CULERR.F.T.72",39,
"c90963d9-77f1-4fd9-9a70-14d5cd175730","LENO","D08","LENO","2016-08-08T21:52Z","2016-08-10T14:07Z","LENO.2016.32.CULERR.F.T","LENO.2016.32.CULERR.F.T.47",40,
"014bb813-1bb4-44ef-8626-5fe31cff236a","LENO","D08","LENO","2016-08-08T21:52Z","2016-08-10T14:07Z","LENO.2016.32.CULERR.F.T","LENO.2016.32.CULERR.F.T.68",39,
"e81b01e3-e57e-42d4-864c-f4b8a0f7a7c8","LENO","D08","LENO","2016-08-08T21:52Z","2016-08-10T14:07Z","LENO.2016.32.CULERR.F.T","LENO.2016.32.CULERR.F.T.70",39,
"ab76a79d-5e6a-4af0-9f19-09a55ad9aac1","LENO","D08","LENO","2016-08-08T21:52Z","2016-08-10T14:07Z","LENO.2016.32.CULERR.F.T","LENO.2016.32.CULERR.F.T.79",39,
"db6ce5a4-561c-49d0-bd38-50779d3d5acd","LENO","D08","LENO","2016-08-08T21:52Z","2016-08-10T14:07Z","LENO.2016.32.CULERR.F.T","LENO.2016.32.CULERR.F.T.89",39,
"41e915e1-5c63-420b-9fa1-ce2b9c5f0022","LENO","D08","LENO","2016-08-08T21:52Z","2016-08-10T14:07Z","LENO.2016.32.CULERR.F.T","LENO.2016.32.CULERR.F.T.71",39,
"f2cac3fe-dd9c-44f6-b03c-bd496800a2ac","LENO","D08","LENO","2016-08-08T21:52Z","2016-08-10T14:07Z","LENO.2016.32.CULERR.F.T","LENO.2016.32.CULERR.F.T.73",39,
"4c10a2ff-edb8-45b7-93bb-4de2c1e858b1","LENO","D08","LENO","2016-08-08T21:52Z","2016-08-10T14:07Z","LENO.2016.32.CULERR.F.T","LENO.2016.32.CULERR.F.T.51",40,
"7830b8f5-6b7a-4416-9ba4-335b2ca63766","LENO","D08","LENO","2016-08-08T21:52Z","2016-08-10T14:07Z","LENO.2016.32.CULERR.F.T","LENO.2016.32.CULERR.F.T.64",39,
"8cda9e8a-eab5-43ba-bbd9-95592f654783","LENO","D08","LENO","2016-08-08T21:52Z","2016-08-10T14:07Z","LENO.2016.32.CULERR.F.T","LENO.2016.32.CULERR.F.T.60",39,
"6b0fd8db-40e2-46d0-a7d5-1d1b937e3817","LENO","D08","LENO","2016-08-08T21:52Z","2016-08-10T14:07Z","LENO.2016.32.CULERR.F.T","LENO.2016.32.CULERR.F.T.66",39,
"7a008575-0767-4640-9666-86c09dfa71ae","LENO","D08","LENO","2016-08-08T21:52Z","2016-08-10T14:07Z","LENO.2016.32.CULERR.F.T","LENO.2016.32.CULERR.F.T.82",39,
"7782f1f2-78f4-4ebe-953f-4761d6a95c8e","LENO","D08","LENO","2016-08-08T21:52Z","2016-08-10T14:07Z","LENO.2016.32.CULERR.F.T","LENO.2016.32.CULERR.F.T.48",40,
"b9af9a13-f1b7-442e-9042-bf1c72ef7729","LENO","D08","LENO","2016-08-08T21:52Z","2016-08-10T14:07Z","LENO.2016.32.CULERR.F.T","LENO.2016.32.CULERR.F.T.13",40,
"b6f2d0d4-8210-4e19-826d-465ba63e7067","LENO","D08","LENO","2016-08-08T21:52Z","2016-08-10T14:07Z","LENO.2016.32.CULERR.F.T","LENO.2016.32.CULERR.F.T.27",40,
"af88ec9a-f848-49d2-899f-2b0c2816205c","LENO","D08","LENO","2016-08-08T21:52Z","2016-08-10T14:07Z","LENO.2016.32.CULERR.F.T","LENO.2016.32.CULERR.F.T.02",40,
"c88980f6-6654-45bb-878b-18ca8eca4210","LENO","D08","LENO","2016-08-08T21:52Z","2016-08-10T14:07Z","LENO.2016.32.CULERR.F.T","LENO.2016.32.CULERR.F.T.12",40,
"4cc47889-7431-4d0f-9b67-bbc0df28ccb7","LENO","D08","LENO","2016-08-08T21:52Z","2016-08-10T14:07Z","LENO.2016.32.CULERR.F.T","LENO.2016.32.CULERR.F.T.08",40,
"742427d5-e11f-4c93-9d9e-f76c744d18c4","LENO","D08","LENO","2016-08-08T21:52Z","2016-08-10T14:07Z","LENO.2016.32.CULERR.F.T","LENO.2016.32.CULERR.F.T.36",40,
"4103283f-6460-4edc-ad7d-4873e969bff9","LENO","D08","LENO","2016-08-08T21:52Z","2016-08-10T14:07Z","LENO.2016.32.CULERR.F.T","LENO.2016.32.CULERR.F.T.41",40,
"0e671445-2dd4-4c8b-925b-a4d51444328c","LENO","D08","LENO","2016-08-08T21:52Z","2016-08-10T14:07Z","LENO.2016.32.CULERR.F.T","LENO.2016.32.CULERR.F.T.43",40,
"161eee0d-e22d-4810-95a9-1f6042eeeb0b","LENO","D08","LENO","2016-08-08T21:52Z","2016-08-10T14:07Z","LENO.2016.32.CULERR.F.T","LENO.2016.32.CULERR.F.T.01",40,
"204c26a9-6bab-4a44-a7e1-0dbf6b3a30a4","LENO","D08","LENO","2016-08-08T21:52Z","2016-08-10T14:07Z","LENO.2016.32.CULERR.F.T","LENO.2016.32.CULERR.F.T.31",40,
"6fe33811-7cd3-4e69-83db-896b00e15313","LENO","D08","LENO","2016-08-08T21:52Z","2016-08-10T14:07Z","LENO.2016.32.CULERR.F.T","LENO.2016.32.CULERR.F.T.05",40,
"491ed848-3b0e-4551-a37a-d6a2e1b7e795","LENO","D08","LENO","2016-08-08T21:52Z","2016-08-10T14:07Z","LENO.2016.32.CULERR.F.T","LENO.2016.32.CULERR.F.T.37",40,
"f62e7bf6-631e-48d6-8946-f2875b504c03","LENO","D08","LENO","2016-08-08T21:52Z","2016-08-10T14:07Z","LENO.2016.32.CULERR.F.T","LENO.2016.32.CULERR.F.T.25",40,
"ac2d4d9e-1dcc-4f8c-9daa-0471e0807a60","LENO","D08","LENO","2016-08-08T21:52Z","2016-08-10T14:07Z","LENO.2016.32.CULERR.F.T","LENO.2016.32.CULERR.F.T.04",40,
"0287056b-e03f-473d-881e-d4fbedd7c309","LENO","D08","LENO","2016-08-08T21:52Z","2016-08-10T14:07Z","LENO.2016.32.CULERR.F.T","LENO.2016.32.CULERR.F.T.09",40,
"93bc0c40-67d1-430e-a58c-fb9940ea0846","LENO","D08","LENO","2016-08-08T21:52Z","2016-08-10T14:07Z","LENO.2016.32.CULERR.F.T","LENO.2016.32.CULERR.F.T.35",40,
"83bc0a53-9859-41d0-b3ec-a4ff5547bab2","LENO","D08","LENO","2016-08-08T21:52Z","2016-08-10T14:07Z","LENO.2016.32.CULERR.F.T","LENO.2016.32.CULERR.F.T.03",40,
"f6e65966-4190-4e0c-9f9f-31f7d9d3465c","LENO","D08","LENO","2016-08-08T21:52Z","2016-08-10T14:07Z","LENO.2016.32.CULERR.F.T","LENO.2016.32.CULERR.F.T.07",40,
"689defb9-6e49-4314-9f60-2c9a3ae02496","LENO","D08","LENO","2016-08-08T21:52Z","2016-08-10T14:07Z","LENO.2016.32.CULERR.F.T","LENO.2016.32.CULERR.F.T.30",40,
"4d0e554a-b7c3-44d9-8dbd-2b7436c07a8a","LENO","D08","LENO","2016-08-08T21:52Z","2016-08-10T14:07Z","LENO.2016.32.CULERR.F.T","LENO.2016.32.CULERR.F.T.23",40,
"628de971-2602-442b-90f1-215f08840b7f","LENO","D08","LENO","2016-08-08T21:52Z","2016-08-10T14:07Z","LENO.2016.32.CULERR.F.T","LENO.2016.32.CULERR.F.T.42",40,
"9648ba9d-5ce6-4c4c-8e48-f83772dc39ee","LENO","D08","LENO","2016-08-08T21:52Z","2016-08-10T14:07Z","LENO.2016.32.CULERR.F.T","LENO.2016.32.CULERR.F.T.18",40,
"02b0fa95-d398-4933-ad8e-b403853d5d2e","LENO","D08","LENO","2016-08-08T21:52Z","2016-08-10T14:07Z","LENO.2016.32.CULERR.F.T","LENO.2016.32.CULERR.F.T.21",40,
"512834b1-b44c-4625-b003-0510dfa253ba","LENO","D08","LENO","2016-08-08T21:52Z","2016-08-10T14:07Z","LENO.2016.32.CULERR.F.T","LENO.2016.32.CULERR.F.T.26",40,
"e181942e-a77b-4a9b-9658-3f343d7e9866","LENO","D08","LENO","2016-08-08T21:52Z","2016-08-10T14:07Z","LENO.2016.32.CULERR.F.T","LENO.2016.32.CULERR.F.T.10",40,
"e460d458-bf27-4fff-84f4-29cf20dd7baa","LENO","D08","LENO","2016-08-08T21:52Z","2016-08-10T14:07Z","LENO.2016.32.CULERR.F.T","LENO.2016.32.CULERR.F.T.11",40,
"fe07a34a-36a8-43ae-9728-db2eb9f14dd6","LENO","D08","LENO","2016-08-08T21:52Z","2016-08-10T14:07Z","LENO.2016.32.CULERR.F.T","LENO.2016.32.CULERR.F.T.22",40,
"a5ccb3fb-b805-4403-a907-579dce75a8dd","LENO","D08","LENO","2016-08-08T21:52Z","2016-08-10T14:07Z","LENO.2016.32.CULERR.F.T","LENO.2016.32.CULERR.F.T.34",40,
"a79168b2-e2b0-4227-8132-cb92ad211023","LENO","D08","LENO","2016-08-08T21:52Z","2016-08-10T14:07Z","LENO.2016.32.CULERR.F.T","LENO.2016.32.CULERR.F.T.14",40,
"59ffb9de-e182-4438-a048-734dc60b3d01","LENO","D08","LENO","2016-08-08T21:52Z","2016-08-10T14:07Z","LENO.2016.32.CULERR.F.T","LENO.2016.32.CULERR.F.T.16",40,
"ad0add59-e94a-403a-8e65-e107f81cde16","LENO","D08","LENO","2016-08-08T21:52Z","2016-08-10T14:07Z","LENO.2016.32.CULERR.F.T","LENO.2016.32.CULERR.F.T.39",40,
"80733a79-adf0-46d6-bcb7-e9f684682491","LENO","D08","LENO","2016-08-08T21:52Z","2016-08-10T14:07Z","LENO.2016.32.CULERR.F.T","LENO.2016.32.CULERR.F.T.33",40,
"6bbfd4bf-671e-4d4f-a092-8461c7ea170d","LENO","D08","LENO","2016-08-08T21:52Z","2016-08-10T14:07Z","LENO.2016.32.CULERR.F.T","LENO.2016.32.CULERR.F.T.32",40,
"77598224-2b95-4cfd-8b00-c731f3c4e055","LENO","D08","LENO","2016-08-08T21:52Z","2016-08-10T14:07Z","LENO.2016.32.CULERR.F.T","LENO.2016.32.CULERR.F.T.40",40,
"27d1baf1-7cd1-4cc1-98e7-308e4e19536a","LENO","D08","LENO","2016-08-08T21:52Z","2016-08-10T14:07Z","LENO.2016.32.CULERR.F.T","LENO.2016.32.CULERR.F.T.19",40,
"83fbb6b8-98f7-4f49-9f8f-ede81beb04af","LENO","D08","LENO","2016-08-08T21:52Z","2016-08-10T14:07Z","LENO.2016.32.CULERR.F.T","LENO.2016.32.CULERR.F.T.17",40,
"32ea0c6b-b8e6-4e63-aabf-66e690114f2e","LENO","D08","LENO","2016-08-08T21:52Z","2016-08-10T14:07Z","LENO.2016.32.CULERR.F.T","LENO.2016.32.CULERR.F.T.24",40,
"e5c495f3-6669-4650-88f0-a764423a860e","LENO","D08","LENO","2016-08-08T21:52Z","2016-08-10T14:07Z","LENO.2016.32.CULERR.F.T","LENO.2016.32.CULERR.F.T.06",40,
"5c9e358b-21bd-43d7-b861-62b228e18e4a","LENO","D08","LENO","2016-08-08T21:52Z","2016-08-10T14:07Z","LENO.2016.32.CULERR.F.T","LENO.2016.32.CULERR.F.T.38",40,
"32cbf84f-28b4-409b-8b0c-d2dc254fd97f","LENO","D08","LENO","2016-08-08T21:52Z","2016-08-10T14:07Z","LENO.2016.32.CULERR.F.T","LENO.2016.32.CULERR.F.T.29",40,
"efc0cc23-e7c5-42d6-a776-c8285ba4fc35","LENO","D08","LENO","2016-08-08T21:52Z","2016-08-10T14:07Z","LENO.2016.32.CULERR.F.T","LENO.2016.32.CULERR.F.T.28",40,
"e3262567-6f75-4144-9d80-34a91d11fba0","LENO","D08","LENO","2016-08-08T21:52Z","2016-08-10T14:07Z","LENO.2016.32.CULERR.F.T","LENO.2016.32.CULERR.F.T.20",40,
"46e6f24a-81ca-488f-ac25-db42cd334447","LENO","D08","LENO","2016-08-08T21:52Z","2016-08-10T14:07Z","LENO.2016.32.CULERR.F.T","LENO.2016.32.CULERR.F.T.15",40,
