uid,namedLocation,domainID,siteID,startCollectDate,endCollectDate,testingID,testingVialID,poolSize,dataQF
"1992c5e3-c0f7-4702-a303-503a771f40cd","NOGP","D09","NOGP","2016-08-15T22:15Z","2016-08-17T15:11Z","NOGP.2016.33.AEDVEX.F.T","NOGP.2016.33.AEDVEX.F.T.05",37,
"4d095019-e1b3-4ac4-b5ba-6cc632faf475","NOGP","D09","NOGP","2016-08-15T22:15Z","2016-08-17T15:11Z","NOGP.2016.33.CULTAR.F.T","NOGP.2016.33.CULTAR.F.T.01",39,
"3a077a95-5e8a-4f64-8e13-77f4d6ff2182","NOGP","D09","NOGP","2016-08-15T22:15Z","2016-08-17T15:11Z","NOGP.2016.33.AEDVEX.F.T","NOGP.2016.33.AEDVEX.F.T.07",37,
"657b19c8-8f85-436e-8eeb-cf7c6ba7b4eb","NOGP","D09","NOGP","2016-08-15T22:15Z","2016-08-17T15:11Z","NOGP.2016.33.AEDVEX.F.T","NOGP.2016.33.AEDVEX.F.T.02",37,
"4606e619-c815-4997-8acb-928475091875","NOGP","D09","NOGP","2016-08-15T22:15Z","2016-08-17T15:11Z","NOGP.2016.33.AEDVEX.F.T","NOGP.2016.33.AEDVEX.F.T.06",37,
"1e765a34-b4fb-401f-84a4-0791cc4410db","NOGP","D09","NOGP","2016-08-15T22:15Z","2016-08-17T15:11Z","NOGP.2016.33.AEDVEX.F.T","NOGP.2016.33.AEDVEX.F.T.08",37,
"55ad7501-3d0d-4635-a583-82895a1059f8","NOGP","D09","NOGP","2016-08-15T22:15Z","2016-08-17T15:11Z","NOGP.2016.33.AEDVEX.F.T","NOGP.2016.33.AEDVEX.F.T.01",37,
"f1bf74ce-c9a5-460c-b191-2c34a7a78b35","NOGP","D09","NOGP","2016-08-15T22:15Z","2016-08-17T15:11Z","NOGP.2016.33.AEDVEX.F.T","NOGP.2016.33.AEDVEX.F.T.03",37,
"7eb781ae-f152-41a7-bd30-a3c1e27c42a2","NOGP","D09","NOGP","2016-08-15T22:15Z","2016-08-17T15:11Z","NOGP.2016.33.AEDVEX.F.T","NOGP.2016.33.AEDVEX.F.T.04",37,
"1028b52a-e5c3-428b-ab32-76332bfbd121","NOGP","D09","NOGP","2016-08-15T22:15Z","2016-08-17T15:11Z","NOGP.2016.33.AEDVEX.F.T","NOGP.2016.33.AEDVEX.F.T.09",37,
"ffb28f85-9891-4b30-b236-637206a0d087","NOGP","D09","NOGP","2016-08-15T22:15Z","2016-08-17T15:11Z","NOGP.2016.33.AEDDOR.F.T","NOGP.2016.33.AEDDOR.F.T.03",33,
"b27ce0ac-84b4-467a-ab62-da137128bbdc","NOGP","D09","NOGP","2016-08-15T22:15Z","2016-08-17T15:11Z","NOGP.2016.33.AEDDOR.F.T","NOGP.2016.33.AEDDOR.F.T.02",34,
"3351e62b-4cbc-4a86-86b0-7b2932bf2fd3","NOGP","D09","NOGP","2016-08-15T22:15Z","2016-08-17T15:11Z","NOGP.2016.33.AEDDOR.F.T","NOGP.2016.33.AEDDOR.F.T.01",34,
"dec5d44b-c07c-4a29-8075-80f43660a96e","NOGP","D09","NOGP","2016-08-15T22:15Z","2016-08-17T15:11Z","NOGP.2016.33.CULTAR.F.T","NOGP.2016.33.CULTAR.F.T.11",38,
"fcbc72e7-260b-4617-bc81-6481cf49fe09","NOGP","D09","NOGP","2016-08-15T22:15Z","2016-08-17T15:11Z","NOGP.2016.33.CULTAR.F.T","NOGP.2016.33.CULTAR.F.T.10",38,
"ca8f46cb-54af-4779-a1a7-830d0eeab97f","NOGP","D09","NOGP","2016-08-15T22:15Z","2016-08-17T15:11Z","NOGP.2016.33.CULTAR.F.T","NOGP.2016.33.CULTAR.F.T.08",38,
"9e597bb0-4dcd-4e95-91ba-36e5f765677c","NOGP","D09","NOGP","2016-08-15T22:15Z","2016-08-17T15:11Z","NOGP.2016.33.CULTAR.F.T","NOGP.2016.33.CULTAR.F.T.12",38,
"4e809ee6-b4df-4407-8fa0-c2a605305441","NOGP","D09","NOGP","2016-08-15T22:15Z","2016-08-17T15:11Z","NOGP.2016.33.CULTAR.F.T","NOGP.2016.33.CULTAR.F.T.13",38,
"a2db7827-9af2-460d-ad98-a98ca05c52da","NOGP","D09","NOGP","2016-08-15T22:15Z","2016-08-17T15:11Z","NOGP.2016.33.CULTAR.F.T","NOGP.2016.33.CULTAR.F.T.07",38,
"74be1f5e-3174-4af9-99b9-ceb02b5db1f7","NOGP","D09","NOGP","2016-08-15T22:15Z","2016-08-17T15:11Z","NOGP.2016.33.CULTAR.F.T","NOGP.2016.33.CULTAR.F.T.09",38,
"1f3902d9-e6e5-48e9-80f7-2c3e9c372b46","NOGP","D09","NOGP","2016-08-15T22:15Z","2016-08-17T15:11Z","NOGP.2016.33.CULTAR.F.T","NOGP.2016.33.CULTAR.F.T.05",39,
"d125df1a-3652-4aed-acff-27b14430c9e3","NOGP","D09","NOGP","2016-08-15T22:15Z","2016-08-17T15:11Z","NOGP.2016.33.CULTAR.F.T","NOGP.2016.33.CULTAR.F.T.06",38,
"d53a95d0-746a-47ff-a1da-d8f9aa414ea5","NOGP","D09","NOGP","2016-08-15T22:15Z","2016-08-17T15:11Z","NOGP.2016.33.CULTAR.F.T","NOGP.2016.33.CULTAR.F.T.03",39,
"726a2e61-7692-4a37-b58c-7cdb2d6caffd","NOGP","D09","NOGP","2016-08-15T22:15Z","2016-08-17T15:11Z","NOGP.2016.33.CULTAR.F.T","NOGP.2016.33.CULTAR.F.T.02",39,
"63ad7595-edc4-40f1-8c28-ac854be3c4da","NOGP","D09","NOGP","2016-08-15T22:15Z","2016-08-17T15:11Z","NOGP.2016.33.CULTAR.F.T","NOGP.2016.33.CULTAR.F.T.04",39,
"edcb8485-e9bf-435d-bacd-8c79734594a5","NOGP","D09","NOGP","2016-08-15T22:15Z","2016-08-17T15:11Z","NOGP.2016.33.AEDVEX.F.T","NOGP.2016.33.AEDVEX.F.T.10",37,
