uid,namedLocation,domainID,siteID,startCollectDate,endCollectDate,testingID,testingVialID,poolSize,dataQF
"9d16928e-5bea-4069-b07d-a25e60182654","TREE","D05","TREE","2016-06-23T00:20Z","2016-06-24T11:41Z","TREE.2016.25.AEDEXC.F.T","TREE.2016.25.AEDEXC.F.T.09",38,
"74e4fb24-8776-4eb4-aa77-59d490dceb71","TREE","D05","TREE","2016-06-23T00:20Z","2016-06-24T11:41Z","TREE.2016.25.AEDEXC.F.T","TREE.2016.25.AEDEXC.F.T.08",38,
"22a45ed7-9610-4621-a833-d1cb5ef2cc1b","TREE","D05","TREE","2016-06-23T00:20Z","2016-06-24T11:41Z","TREE.2016.25.AEDEXC.F.T","TREE.2016.25.AEDEXC.F.T.04",39,
"d8a64c4a-38d2-4f32-878a-a35b9ff902a2","TREE","D05","TREE","2016-06-23T00:20Z","2016-06-24T11:41Z","TREE.2016.25.AEDEXC.F.T","TREE.2016.25.AEDEXC.F.T.03",39,
"a1600c97-1e0a-4e91-9aed-124aed38a9bc","TREE","D05","TREE","2016-06-23T00:20Z","2016-06-24T11:41Z","TREE.2016.25.AEDEXC.F.T","TREE.2016.25.AEDEXC.F.T.05",39,
"83909aea-1eae-4fc3-9fed-64ca036a3daa","TREE","D05","TREE","2016-06-23T00:20Z","2016-06-24T11:41Z","TREE.2016.25.AEDEXC.F.T","TREE.2016.25.AEDEXC.F.T.01",39,
"4bf81a95-dfc9-41a7-83cf-612d2fbd85f0","TREE","D05","TREE","2016-06-23T00:20Z","2016-06-24T11:41Z","TREE.2016.25.AEDEXC.F.T","TREE.2016.25.AEDEXC.F.T.07",38,
"96663e56-483e-4497-8055-b4e4a35a4243","TREE","D05","TREE","2016-06-23T00:20Z","2016-06-24T11:41Z","TREE.2016.25.AEDEXC.F.T","TREE.2016.25.AEDEXC.F.T.06",39,
"4c3342ad-eeb0-4d0e-b439-4e9d0b5f99d0","TREE","D05","TREE","2016-06-23T00:20Z","2016-06-24T11:41Z","TREE.2016.25.AEDEXC.F.T","TREE.2016.25.AEDEXC.F.T.02",39,
"c76a717c-9467-46ce-8376-9d2558b72399","TREE","D05","TREE","2016-06-23T00:20Z","2016-06-24T11:55Z","TREE.2016.25.AEDVEX.F.T","TREE.2016.25.AEDVEX.F.T.01",39,
"70ad9f2d-7501-40fd-91f5-2fadec00ee7a","TREE","D05","TREE","2016-06-23T00:20Z","2016-06-24T12:01Z","TREE.2016.25.AEDPUN.F.T","TREE.2016.25.AEDPUN.F.T.09",37,
"b0b77849-35bf-47a5-a572-3c9d93423dd3","TREE","D05","TREE","2016-06-23T00:20Z","2016-06-24T12:01Z","TREE.2016.25.AEDPUN.F.T","TREE.2016.25.AEDPUN.F.T.04",37,
"6ab81dbd-7c67-455b-a83d-e411f7185e50","TREE","D05","TREE","2016-06-23T00:20Z","2016-06-24T12:01Z","TREE.2016.25.AEDPUN.F.T","TREE.2016.25.AEDPUN.F.T.06",37,
"2f071079-6cbd-4ed8-8136-55a63ece49c9","TREE","D05","TREE","2016-06-23T00:20Z","2016-06-24T12:01Z","TREE.2016.25.AEDPUN.F.T","TREE.2016.25.AEDPUN.F.T.07",37,
"76ccca4d-21cd-4645-8e83-dc475276140b","TREE","D05","TREE","2016-06-23T00:20Z","2016-06-24T12:01Z","TREE.2016.25.AEDPUN.F.T","TREE.2016.25.AEDPUN.F.T.08",37,
"3334866e-e2a1-48be-8b9e-e54803353076","TREE","D05","TREE","2016-06-23T00:20Z","2016-06-24T12:01Z","TREE.2016.25.AEDPUN.F.T","TREE.2016.25.AEDPUN.F.T.03",37,
"5c6e0f5f-aa26-493a-9f3b-5ac551d75106","TREE","D05","TREE","2016-06-23T00:20Z","2016-06-24T12:01Z","TREE.2016.25.AEDPUN.F.T","TREE.2016.25.AEDPUN.F.T.05",37,
"f092cc00-cf89-41bd-a27f-4fe27b01163f","TREE","D05","TREE","2016-06-23T00:20Z","2016-06-24T12:01Z","TREE.2016.25.AEDPUN.F.T","TREE.2016.25.AEDPUN.F.T.02",37,
"274761da-48cf-49c4-aa4c-8a784730362a","TREE","D05","TREE","2016-06-23T00:20Z","2016-06-24T12:01Z","TREE.2016.25.AEDPUN.F.T","TREE.2016.25.AEDPUN.F.T.01",38,
"12f5e608-749b-4d1e-9a6a-aff1a92f5023","TREE","D05","TREE","2016-06-23T00:20Z","2016-06-24T12:01Z","TREE.2016.25.AEDPRO.F.T","TREE.2016.25.AEDPRO.F.T.06",36,
"59cef53b-88b9-4548-a51e-89e8abc56d37","TREE","D05","TREE","2016-06-23T00:20Z","2016-06-24T12:01Z","TREE.2016.25.AEDPRO.F.T","TREE.2016.25.AEDPRO.F.T.05",36,
"832cae71-026c-4c69-a557-4d409de4dbd2","TREE","D05","TREE","2016-06-23T00:20Z","2016-06-24T12:01Z","TREE.2016.25.AEDPRO.F.T","TREE.2016.25.AEDPRO.F.T.04",36,
"d21b432e-0e7f-45de-8e01-cbcfa7b54a80","TREE","D05","TREE","2016-06-23T00:20Z","2016-06-24T12:01Z","TREE.2016.25.AEDPRO.F.T","TREE.2016.25.AEDPRO.F.T.03",36,
"a6096005-74ae-4f01-a6a6-86a45e8fdaed","TREE","D05","TREE","2016-06-23T00:20Z","2016-06-24T12:01Z","TREE.2016.25.AEDPRO.F.T","TREE.2016.25.AEDPRO.F.T.02",36,
"2036902f-ab25-4c5c-85a8-6c387015c424","TREE","D05","TREE","2016-06-23T00:20Z","2016-06-24T12:01Z","TREE.2016.25.AEDPRO.F.T","TREE.2016.25.AEDPRO.F.T.01",36,
"f1187634-9391-4223-848c-341d5127b853","TREE","D05","TREE","2016-06-23T00:20Z","2016-06-24T12:01Z","TREE.2016.25.AEDDIA.F.T","TREE.2016.25.AEDDIA.F.T.02",38,
"eca4e30e-2c66-4236-8069-90d23ec453a2","TREE","D05","TREE","2016-06-23T00:20Z","2016-06-24T12:01Z","TREE.2016.25.AEDDIA.F.T","TREE.2016.25.AEDDIA.F.T.01",38,
"639ed42e-8747-4b74-8597-3453ff0427b1","TREE","D05","TREE","2016-06-23T00:20Z","2016-06-24T12:01Z","TREE.2016.25.AEDDIA.F.T","TREE.2016.25.AEDDIA.F.T.09",37,
"023d848e-8a42-44f4-a1f2-b16ffb42a3ec","TREE","D05","TREE","2016-06-23T00:20Z","2016-06-24T12:01Z","TREE.2016.25.AEDDIA.F.T","TREE.2016.25.AEDDIA.F.T.13",37,
"9d171f9e-507b-42a9-97c3-8393a928865f","TREE","D05","TREE","2016-06-23T00:20Z","2016-06-24T12:01Z","TREE.2016.25.AEDDIA.F.T","TREE.2016.25.AEDDIA.F.T.06",37,
"f88e51d8-5e91-4cfa-afdc-bdcc88b68fd4","TREE","D05","TREE","2016-06-23T00:20Z","2016-06-24T12:01Z","TREE.2016.25.AEDDIA.F.T","TREE.2016.25.AEDDIA.F.T.03",38,
"1196961b-7177-4cb3-b85c-fc9c78893321","TREE","D05","TREE","2016-06-23T00:20Z","2016-06-24T12:01Z","TREE.2016.25.AEDDIA.F.T","TREE.2016.25.AEDDIA.F.T.11",37,
"a663d554-bcae-4337-bf82-229e1b97f88e","TREE","D05","TREE","2016-06-23T00:20Z","2016-06-24T12:01Z","TREE.2016.25.AEDDIA.F.T","TREE.2016.25.AEDDIA.F.T.08",37,
"0381c77d-f704-4ecd-ba60-f15eb8d05b02","TREE","D05","TREE","2016-06-23T00:20Z","2016-06-24T12:01Z","TREE.2016.25.AEDDIA.F.T","TREE.2016.25.AEDDIA.F.T.05",38,
"e4966067-1948-481f-94bf-e0061d0ab8e4","TREE","D05","TREE","2016-06-23T00:20Z","2016-06-24T12:01Z","TREE.2016.25.AEDDIA.F.T","TREE.2016.25.AEDDIA.F.T.07",37,
"cf54b49a-6ba8-4cae-a12f-58058605a0de","TREE","D05","TREE","2016-06-23T00:20Z","2016-06-24T12:01Z","TREE.2016.25.AEDDIA.F.T","TREE.2016.25.AEDDIA.F.T.14",37,
"8ed6dfd0-e99c-460f-b23b-e7e6dbf1890b","TREE","D05","TREE","2016-06-23T00:20Z","2016-06-24T12:01Z","TREE.2016.25.AEDDIA.F.T","TREE.2016.25.AEDDIA.F.T.12",37,
"52ae46d1-dcb6-43cd-b255-a98ae2227427","TREE","D05","TREE","2016-06-23T00:20Z","2016-06-24T12:01Z","TREE.2016.25.AEDDIA.F.T","TREE.2016.25.AEDDIA.F.T.04",38,
"0d785fad-d83b-4803-b466-46aa45aabebe","TREE","D05","TREE","2016-06-23T00:20Z","2016-06-24T12:01Z","TREE.2016.25.AEDDIA.F.T","TREE.2016.25.AEDDIA.F.T.10",37,
"e6457ab4-e9fd-4e9a-bd1d-ad7d47121af1","TREE","D05","TREE","2016-06-23T00:20Z","2016-06-24T12:01Z","TREE.2016.25.AEDCAN2.F.T","TREE.2016.25.AEDCAN2.F.T.38",39,
"d6cde5b6-7da3-410d-ac90-d8d2b7083343","TREE","D05","TREE","2016-06-23T00:20Z","2016-06-24T12:01Z","TREE.2016.25.AEDCAN2.F.T","TREE.2016.25.AEDCAN2.F.T.37",39,
"5c2a47de-bef7-4341-bbbb-cfa376f19a07","TREE","D05","TREE","2016-06-23T00:20Z","2016-06-24T12:01Z","TREE.2016.25.AEDCAN2.F.T","TREE.2016.25.AEDCAN2.F.T.39",39,
"8e68c56d-6172-4743-9c04-f08c4dfa75d3","TREE","D05","TREE","2016-06-23T00:20Z","2016-06-24T12:01Z","TREE.2016.25.AEDCAN2.F.T","TREE.2016.25.AEDCAN2.F.T.13",39,
"ddcc4702-31ff-4b0f-8537-6903b83576e2","TREE","D05","TREE","2016-06-23T00:20Z","2016-06-24T12:01Z","TREE.2016.25.AEDCAN2.F.T","TREE.2016.25.AEDCAN2.F.T.09",39,
"eb2ba53c-c7dc-46ca-9990-fe3db12bde23","TREE","D05","TREE","2016-06-23T00:20Z","2016-06-24T12:01Z","TREE.2016.25.AEDCAN2.F.T","TREE.2016.25.AEDCAN2.F.T.19",39,
"0d94da09-667b-419c-a580-907f4a3b1880","TREE","D05","TREE","2016-06-23T00:20Z","2016-06-24T12:01Z","TREE.2016.25.AEDCAN2.F.T","TREE.2016.25.AEDCAN2.F.T.33",39,
"3e474739-cbe8-43d4-9e01-212edbf7d49f","TREE","D05","TREE","2016-06-23T00:20Z","2016-06-24T12:01Z","TREE.2016.25.AEDCAN2.F.T","TREE.2016.25.AEDCAN2.F.T.14",39,
"054c0f53-1eb9-425e-90c3-df402d97f809","TREE","D05","TREE","2016-06-23T00:20Z","2016-06-24T12:01Z","TREE.2016.25.AEDCAN2.F.T","TREE.2016.25.AEDCAN2.F.T.28",39,
"c285a638-1508-453b-852b-a5d1fae9d43b","TREE","D05","TREE","2016-06-23T00:20Z","2016-06-24T12:01Z","TREE.2016.25.AEDCAN2.F.T","TREE.2016.25.AEDCAN2.F.T.15",39,
"5dd4b7c5-681a-4105-a6d5-10638b724b18","TREE","D05","TREE","2016-06-23T00:20Z","2016-06-24T12:01Z","TREE.2016.25.AEDCAN2.F.T","TREE.2016.25.AEDCAN2.F.T.34",39,
"333a9701-4549-4242-bc49-bda9dfa292f7","TREE","D05","TREE","2016-06-23T00:20Z","2016-06-24T12:01Z","TREE.2016.25.AEDCAN2.F.T","TREE.2016.25.AEDCAN2.F.T.30",39,
"63cc4317-32f6-4f79-b208-4e36d3e8a71d","TREE","D05","TREE","2016-06-23T00:20Z","2016-06-24T12:01Z","TREE.2016.25.AEDCAN2.F.T","TREE.2016.25.AEDCAN2.F.T.20",39,
"1c98bd7f-4775-43f4-87fc-6b954afef3f7","TREE","D05","TREE","2016-06-23T00:20Z","2016-06-24T12:01Z","TREE.2016.25.AEDCAN2.F.T","TREE.2016.25.AEDCAN2.F.T.31",39,
"aeea7b1c-d8c5-47fb-a971-8cbf160c8934","TREE","D05","TREE","2016-06-23T00:20Z","2016-06-24T12:01Z","TREE.2016.25.AEDCAN2.F.T","TREE.2016.25.AEDCAN2.F.T.29",39,
"6ab5b967-1556-4c68-a372-5aa0279657ba","TREE","D05","TREE","2016-06-23T00:20Z","2016-06-24T12:01Z","TREE.2016.25.AEDCAN2.F.T","TREE.2016.25.AEDCAN2.F.T.24",39,
"83a18415-f040-412d-bc66-6b509d65b98f","TREE","D05","TREE","2016-06-23T00:20Z","2016-06-24T12:01Z","TREE.2016.25.AEDCAN2.F.T","TREE.2016.25.AEDCAN2.F.T.25",39,
"816957eb-22af-4e85-894a-d25617ce6985","TREE","D05","TREE","2016-06-23T00:20Z","2016-06-24T12:01Z","TREE.2016.25.AEDCAN2.F.T","TREE.2016.25.AEDCAN2.F.T.27",39,
"11fc6a74-3639-46c1-9bd8-75a48606d946","TREE","D05","TREE","2016-06-23T00:20Z","2016-06-24T12:01Z","TREE.2016.25.AEDCAN2.F.T","TREE.2016.25.AEDCAN2.F.T.18",39,
"a363b14d-a26d-4d4f-a470-cd2ca78d084f","TREE","D05","TREE","2016-06-23T00:20Z","2016-06-24T12:01Z","TREE.2016.25.AEDCAN2.F.T","TREE.2016.25.AEDCAN2.F.T.36",39,
"3115a64b-13cf-4b1e-94d5-7d91dd23f160","TREE","D05","TREE","2016-06-23T00:20Z","2016-06-24T12:01Z","TREE.2016.25.AEDCAN2.F.T","TREE.2016.25.AEDCAN2.F.T.21",39,
"9e358d6d-28b8-46f0-9bae-a46c5ab34b5f","TREE","D05","TREE","2016-06-23T00:20Z","2016-06-24T12:01Z","TREE.2016.25.AEDCAN2.F.T","TREE.2016.25.AEDCAN2.F.T.32",39,
"115c26fd-2672-4b88-95e9-1d8a65243859","TREE","D05","TREE","2016-06-23T00:20Z","2016-06-24T12:01Z","TREE.2016.25.AEDCAN2.F.T","TREE.2016.25.AEDCAN2.F.T.26",39,
"59402dce-2e16-4732-ac35-021203ca2244","TREE","D05","TREE","2016-06-23T00:20Z","2016-06-24T12:01Z","TREE.2016.25.AEDCAN2.F.T","TREE.2016.25.AEDCAN2.F.T.12",39,
"40e1e5d7-61b5-4dd6-8ce0-f6703afb4960","TREE","D05","TREE","2016-06-23T00:20Z","2016-06-24T12:01Z","TREE.2016.25.AEDCAN2.F.T","TREE.2016.25.AEDCAN2.F.T.16",39,
"e5862a02-2b42-4e69-885e-f765418b5cb0","TREE","D05","TREE","2016-06-23T00:20Z","2016-06-24T12:01Z","TREE.2016.25.AEDCAN2.F.T","TREE.2016.25.AEDCAN2.F.T.10",39,
"d8668437-f071-4213-92af-79cff207a4a5","TREE","D05","TREE","2016-06-23T00:20Z","2016-06-24T12:01Z","TREE.2016.25.AEDCAN2.F.T","TREE.2016.25.AEDCAN2.F.T.11",39,
"a1c703e3-aa55-4a4e-a121-daf1346272d8","TREE","D05","TREE","2016-06-23T00:20Z","2016-06-24T12:01Z","TREE.2016.25.AEDCAN2.F.T","TREE.2016.25.AEDCAN2.F.T.22",39,
"c15196dd-5bda-48a6-b17d-9d8e8531c19b","TREE","D05","TREE","2016-06-23T00:20Z","2016-06-24T12:01Z","TREE.2016.25.AEDCAN2.F.T","TREE.2016.25.AEDCAN2.F.T.17",39,
"b838a8ac-4b1d-42e0-8d02-bbd8356a2940","TREE","D05","TREE","2016-06-23T00:20Z","2016-06-24T12:01Z","TREE.2016.25.AEDCAN2.F.T","TREE.2016.25.AEDCAN2.F.T.35",39,
"3d971eca-8862-4d46-a233-ada162f63fc8","TREE","D05","TREE","2016-06-23T00:20Z","2016-06-24T12:01Z","TREE.2016.25.AEDCAN2.F.T","TREE.2016.25.AEDCAN2.F.T.23",39,
"5dcea723-d671-421f-8f72-6602f06c02ce","TREE","D05","TREE","2016-06-23T00:20Z","2016-06-24T12:01Z","TREE.2016.25.AEDCAN2.F.T","TREE.2016.25.AEDCAN2.F.T.08",39,
"efc42870-ac9c-4471-8de6-192906bae570","TREE","D05","TREE","2016-06-23T00:20Z","2016-06-24T12:01Z","TREE.2016.25.AEDCAN2.F.T","TREE.2016.25.AEDCAN2.F.T.02",40,
"2bf214c4-3cf1-402d-b429-0e63d496c1a5","TREE","D05","TREE","2016-06-23T00:20Z","2016-06-24T12:01Z","TREE.2016.25.AEDCAN2.F.T","TREE.2016.25.AEDCAN2.F.T.06",39,
"5b094d92-53aa-4275-a8a3-ca04489421de","TREE","D05","TREE","2016-06-23T00:20Z","2016-06-24T12:01Z","TREE.2016.25.AEDCAN2.F.T","TREE.2016.25.AEDCAN2.F.T.05",39,
"1bbaeeab-4332-474f-870f-883e9f0c413c","TREE","D05","TREE","2016-06-23T00:20Z","2016-06-24T12:01Z","TREE.2016.25.AEDCAN2.F.T","TREE.2016.25.AEDCAN2.F.T.07",39,
"94ba805a-38a4-4789-b687-ed3c3eb1e4d8","TREE","D05","TREE","2016-06-23T00:20Z","2016-06-24T12:01Z","TREE.2016.25.AEDCAN2.F.T","TREE.2016.25.AEDCAN2.F.T.03",40,
"a48d347d-c2b3-42c8-8009-42c98185af66","TREE","D05","TREE","2016-06-23T00:20Z","2016-06-24T12:01Z","TREE.2016.25.AEDCAN2.F.T","TREE.2016.25.AEDCAN2.F.T.01",40,
"7779ddc3-c42e-4ef7-8b2c-791bbe8f297a","TREE","D05","TREE","2016-06-23T00:20Z","2016-06-24T12:01Z","TREE.2016.25.AEDCAN2.F.T","TREE.2016.25.AEDCAN2.F.T.04",40,
"b0ca1048-5713-493d-a4e4-40529ddf5c97","TREE","D05","TREE","2016-06-23T00:34Z","2016-06-24T11:55Z","TREE.2016.25.AEDCOM.F.T","TREE.2016.25.AEDCOM.F.T.01",31,
"dd1aa131-89da-42a3-8961-b62328d6373c","TREE","D05","TREE","2016-06-23T00:34Z","2016-06-24T11:55Z","TREE.2016.25.AEDCOM.F.T","TREE.2016.25.AEDCOM.F.T.03",31,
"f45fa23d-be1e-4c37-b03d-70657c344a1b","TREE","D05","TREE","2016-06-23T00:34Z","2016-06-24T11:55Z","TREE.2016.25.AEDCIN.F.T","TREE.2016.25.AEDCIN.F.T.01",36,
"a8cdfd63-5947-4acb-bc2c-bc9a3fc8c257","TREE","D05","TREE","2016-06-23T00:34Z","2016-06-24T11:55Z","TREE.2016.25.AEDCOM.F.T","TREE.2016.25.AEDCOM.F.T.04",30,
"4b7f2926-0038-4269-bc14-619fbbc0742a","TREE","D05","TREE","2016-06-23T00:34Z","2016-06-24T11:55Z","TREE.2016.25.AEDCOM.F.T","TREE.2016.25.AEDCOM.F.T.02",31,
