uid,namedLocation,domainID,siteID,startCollectDate,endCollectDate,testingID,testingVialID,poolSize,dataQF
"3fb4a1a8-b8bd-4f71-adac-ecc8a8b21ecd","WOOD","D09","WOOD","2016-06-13T23:07Z","2016-06-14T14:32Z","WOOD.2016.24.AEDFLA.F.T","WOOD.2016.24.AEDFLA.F.T.01",40,
"2d5b7d3b-205b-492e-8f7a-a03270c087ec","WOOD","D09","WOOD","2016-06-13T23:07Z","2016-06-14T14:32Z","WOOD.2016.24.AEDFLA.F.T","WOOD.2016.24.AEDFLA.F.T.02",40,
"ca78a4a5-86a0-4225-961e-aad794bf936e","WOOD","D09","WOOD","2016-06-13T23:07Z","2016-06-14T23:53Z","WOOD.2016.24.AEDDOR.F.T","WOOD.2016.24.AEDDOR.F.T.06",39,
"95d6e170-8eda-4d21-aa43-1c943c3a819d","WOOD","D09","WOOD","2016-06-13T23:07Z","2016-06-14T23:53Z","WOOD.2016.24.AEDDOR.F.T","WOOD.2016.24.AEDDOR.F.T.18",39,
"35e9c60f-521e-4d27-91d7-6127b8b1ac63","WOOD","D09","WOOD","2016-06-13T23:07Z","2016-06-14T23:53Z","WOOD.2016.24.AEDDOR.F.T","WOOD.2016.24.AEDDOR.F.T.02",39,
"848e5178-2c5d-4bc2-8f0b-f8d44509342f","WOOD","D09","WOOD","2016-06-13T23:07Z","2016-06-14T23:53Z","WOOD.2016.24.AEDDOR.F.T","WOOD.2016.24.AEDDOR.F.T.13",39,
"e2257dc4-ae05-4002-ad6a-af4dace2d6f5","WOOD","D09","WOOD","2016-06-13T23:07Z","2016-06-14T23:53Z","WOOD.2016.24.AEDDOR.F.T","WOOD.2016.24.AEDDOR.F.T.10",39,
"41246f0c-32f6-4fda-9ea3-9ab45b207fd8","WOOD","D09","WOOD","2016-06-13T23:07Z","2016-06-14T23:53Z","WOOD.2016.24.AEDDOR.F.T","WOOD.2016.24.AEDDOR.F.T.08",39,
"2ba5b0e9-ab10-4b84-9ebf-2195edbfd3e3","WOOD","D09","WOOD","2016-06-13T23:07Z","2016-06-14T23:53Z","WOOD.2016.24.AEDDOR.F.T","WOOD.2016.24.AEDDOR.F.T.14",39,
"0413c6ea-063d-4f7e-90f9-0159534c82cf","WOOD","D09","WOOD","2016-06-13T23:07Z","2016-06-14T23:53Z","WOOD.2016.24.AEDDOR.F.T","WOOD.2016.24.AEDDOR.F.T.09",39,
"17a74025-58c6-4899-b111-62ea1807d399","WOOD","D09","WOOD","2016-06-13T23:07Z","2016-06-14T23:53Z","WOOD.2016.24.AEDDOR.F.T","WOOD.2016.24.AEDDOR.F.T.16",39,
"d748fc72-f2c5-42f1-9847-ec1dd7998152","WOOD","D09","WOOD","2016-06-13T23:07Z","2016-06-14T23:53Z","WOOD.2016.24.AEDDOR.F.T","WOOD.2016.24.AEDDOR.F.T.01",40,
"78b1b374-fe9f-4840-af12-1a000ca17b30","WOOD","D09","WOOD","2016-06-13T23:07Z","2016-06-14T23:53Z","WOOD.2016.24.AEDDOR.F.T","WOOD.2016.24.AEDDOR.F.T.03",39,
"10cd9931-5da3-4446-ba90-40b5b8771571","WOOD","D09","WOOD","2016-06-13T23:07Z","2016-06-14T23:53Z","WOOD.2016.24.AEDDOR.F.T","WOOD.2016.24.AEDDOR.F.T.15",39,
"f8f393b8-57ca-4c96-85c1-f7bf7a8a924d","WOOD","D09","WOOD","2016-06-13T23:07Z","2016-06-14T23:53Z","WOOD.2016.24.AEDDOR.F.T","WOOD.2016.24.AEDDOR.F.T.05",39,
"53231e97-a0f0-492d-a706-65e8e623c185","WOOD","D09","WOOD","2016-06-13T23:07Z","2016-06-14T23:53Z","WOOD.2016.24.AEDDOR.F.T","WOOD.2016.24.AEDDOR.F.T.17",39,
"91c563ea-98ca-4f49-b7b3-fa2dcc019a40","WOOD","D09","WOOD","2016-06-13T23:07Z","2016-06-14T23:53Z","WOOD.2016.24.AEDDOR.F.T","WOOD.2016.24.AEDDOR.F.T.11",39,
"83779d0f-408f-4163-abf9-921d1b2b8ebd","WOOD","D09","WOOD","2016-06-13T23:07Z","2016-06-14T23:53Z","WOOD.2016.24.AEDDOR.F.T","WOOD.2016.24.AEDDOR.F.T.12",39,
"96220135-2bf1-447f-bea8-47dcab2ab0f9","WOOD","D09","WOOD","2016-06-13T23:07Z","2016-06-14T23:53Z","WOOD.2016.24.AEDDOR.F.T","WOOD.2016.24.AEDDOR.F.T.04",39,
"4f7c7328-865d-4837-bebc-ae65a22b5a04","WOOD","D09","WOOD","2016-06-13T23:07Z","2016-06-14T23:53Z","WOOD.2016.24.AEDDOR.F.T","WOOD.2016.24.AEDDOR.F.T.07",39,
"44937694-b879-45dd-ada3-4446b7d7a7df","WOOD","D09","WOOD","2016-06-13T23:07Z","2016-06-15T13:19Z","WOOD.2016.24.AEDVEX.F.T","WOOD.2016.24.AEDVEX.F.T.06",40,
"0126e39b-82c8-4e25-819e-f56f0c36d80b","WOOD","D09","WOOD","2016-06-13T23:07Z","2016-06-15T13:19Z","WOOD.2016.24.AEDVEX.F.T","WOOD.2016.24.AEDVEX.F.T.07",40,
"c784f59f-261d-4096-a5f8-ef95ca60e2b8","WOOD","D09","WOOD","2016-06-13T23:07Z","2016-06-15T13:19Z","WOOD.2016.24.AEDVEX.F.T","WOOD.2016.24.AEDVEX.F.T.09",40,
"223705c7-3c38-4091-9c48-8b4ebb981293","WOOD","D09","WOOD","2016-06-13T23:07Z","2016-06-15T13:19Z","WOOD.2016.24.AEDVEX.F.T","WOOD.2016.24.AEDVEX.F.T.27",39,
"7fa5d1c6-6039-4efc-b568-e8fb4dac0b90","WOOD","D09","WOOD","2016-06-13T23:07Z","2016-06-15T13:19Z","WOOD.2016.24.AEDVEX.F.T","WOOD.2016.24.AEDVEX.F.T.11",40,
"2f2caa47-bcc2-4a26-a2da-de314e9af243","WOOD","D09","WOOD","2016-06-13T23:07Z","2016-06-15T13:19Z","WOOD.2016.24.AEDVEX.F.T","WOOD.2016.24.AEDVEX.F.T.25",39,
"c75378eb-635e-45ef-8340-bb42ea41ef59","WOOD","D09","WOOD","2016-06-13T23:07Z","2016-06-15T13:19Z","WOOD.2016.24.AEDVEX.F.T","WOOD.2016.24.AEDVEX.F.T.18",39,
"334d3227-122f-4b86-a2e1-1d162812cc26","WOOD","D09","WOOD","2016-06-13T23:07Z","2016-06-15T13:19Z","WOOD.2016.24.AEDVEX.F.T","WOOD.2016.24.AEDVEX.F.T.29",39,
"32812693-5284-49a8-93f7-5ce4a70f4a2a","WOOD","D09","WOOD","2016-06-13T23:07Z","2016-06-15T13:19Z","WOOD.2016.24.AEDVEX.F.T","WOOD.2016.24.AEDVEX.F.T.20",39,
"e529ab69-e777-43f1-81d8-d74f41e4dd87","WOOD","D09","WOOD","2016-06-13T23:07Z","2016-06-15T13:19Z","WOOD.2016.24.AEDVEX.F.T","WOOD.2016.24.AEDVEX.F.T.19",39,
"375727e6-914a-4b2e-91de-ccdc313be0e8","WOOD","D09","WOOD","2016-06-13T23:07Z","2016-06-15T13:19Z","WOOD.2016.24.AEDVEX.F.T","WOOD.2016.24.AEDVEX.F.T.17",39,
"13cb1979-d309-41e0-a3a9-a3a141b62709","WOOD","D09","WOOD","2016-06-13T23:07Z","2016-06-15T13:19Z","WOOD.2016.24.AEDVEX.F.T","WOOD.2016.24.AEDVEX.F.T.22",39,
"76069beb-589b-4087-af85-7f9af33be295","WOOD","D09","WOOD","2016-06-13T23:07Z","2016-06-15T13:19Z","WOOD.2016.24.AEDVEX.F.T","WOOD.2016.24.AEDVEX.F.T.10",40,
"e2ee4440-165f-45bf-bbef-c65be1b14d50","WOOD","D09","WOOD","2016-06-13T23:07Z","2016-06-15T13:19Z","WOOD.2016.24.AEDVEX.F.T","WOOD.2016.24.AEDVEX.F.T.08",40,
"b9d940f9-28ed-44e9-809b-e616d8420cd5","WOOD","D09","WOOD","2016-06-13T23:07Z","2016-06-15T13:19Z","WOOD.2016.24.AEDVEX.F.T","WOOD.2016.24.AEDVEX.F.T.13",39,
"2930a73e-dc1f-4c3a-b806-1c97c2f9f11d","WOOD","D09","WOOD","2016-06-13T23:07Z","2016-06-15T13:19Z","WOOD.2016.24.AEDVEX.F.T","WOOD.2016.24.AEDVEX.F.T.02",40,
"16049343-d161-4f39-9a4b-404bbf2fd5d2","WOOD","D09","WOOD","2016-06-13T23:07Z","2016-06-15T13:19Z","WOOD.2016.24.AEDVEX.F.T","WOOD.2016.24.AEDVEX.F.T.26",39,
"bc9593a2-e36f-4483-ad84-ae9f84426ecb","WOOD","D09","WOOD","2016-06-13T23:07Z","2016-06-15T13:19Z","WOOD.2016.24.AEDVEX.F.T","WOOD.2016.24.AEDVEX.F.T.23",39,
"5b0c9e54-54ea-4ee1-856a-93192f1728ef","WOOD","D09","WOOD","2016-06-13T23:07Z","2016-06-15T13:19Z","WOOD.2016.24.AEDVEX.F.T","WOOD.2016.24.AEDVEX.F.T.04",40,
"248f59f4-1af5-4352-8731-38a525aba78e","WOOD","D09","WOOD","2016-06-13T23:07Z","2016-06-15T13:19Z","WOOD.2016.24.AEDVEX.F.T","WOOD.2016.24.AEDVEX.F.T.15",39,
"81b30695-205d-4d89-8ac5-4e517351d060","WOOD","D09","WOOD","2016-06-13T23:07Z","2016-06-15T13:19Z","WOOD.2016.24.AEDVEX.F.T","WOOD.2016.24.AEDVEX.F.T.05",40,
"344c805d-621c-422d-b778-34a9776fc355","WOOD","D09","WOOD","2016-06-13T23:07Z","2016-06-15T13:19Z","WOOD.2016.24.AEDVEX.F.T","WOOD.2016.24.AEDVEX.F.T.12",40,
"80d2525d-8151-4f49-9b70-61fc2ce6cb27","WOOD","D09","WOOD","2016-06-13T23:07Z","2016-06-15T13:19Z","WOOD.2016.24.AEDVEX.F.T","WOOD.2016.24.AEDVEX.F.T.16",39,
"744c069c-b824-4e07-b1fe-bfa546ce8789","WOOD","D09","WOOD","2016-06-13T23:07Z","2016-06-15T13:19Z","WOOD.2016.24.AEDVEX.F.T","WOOD.2016.24.AEDVEX.F.T.14",39,
"faa093e8-30a7-4d8c-bfe6-9f525b1aebc2","WOOD","D09","WOOD","2016-06-13T23:07Z","2016-06-15T13:19Z","WOOD.2016.24.AEDVEX.F.T","WOOD.2016.24.AEDVEX.F.T.03",40,
"a7038ed4-547d-4981-97bd-080b713b7060","WOOD","D09","WOOD","2016-06-13T23:07Z","2016-06-15T13:19Z","WOOD.2016.24.AEDVEX.F.T","WOOD.2016.24.AEDVEX.F.T.21",39,
"62a18997-f829-40a6-a286-0ffaf231dc0c","WOOD","D09","WOOD","2016-06-13T23:07Z","2016-06-15T13:19Z","WOOD.2016.24.AEDVEX.F.T","WOOD.2016.24.AEDVEX.F.T.28",39,
"edf3e829-bce3-412e-b33d-ce8d2f35e831","WOOD","D09","WOOD","2016-06-13T23:07Z","2016-06-15T13:19Z","WOOD.2016.24.AEDVEX.F.T","WOOD.2016.24.AEDVEX.F.T.24",39,
"856b2fea-ea53-421a-b645-d813104a1f77","WOOD","D09","WOOD","2016-06-13T23:07Z","2016-06-15T13:19Z","WOOD.2016.24.AEDVEX.F.T","WOOD.2016.24.AEDVEX.F.T.01",40,
"d75d805f-35b7-4d56-93f6-044ab4c9df2e","WOOD","D09","WOOD","2016-06-13T23:21Z","2016-06-14T14:12Z","WOOD.2016.24.CULTAR.F.T","WOOD.2016.24.CULTAR.F.T.01",14,
"c2d2e288-7531-43a6-894c-7113f7264ebc","WOOD","D09","WOOD","2016-06-27T22:36Z","2016-06-29T13:58Z","WOOD.2016.26.AEDVEX.F.T","WOOD.2016.26.AEDVEX.F.T.25",40,
"4b9d6d4f-4036-46ac-9b0f-831c9ee913e0","WOOD","D09","WOOD","2016-06-27T22:36Z","2016-06-29T13:58Z","WOOD.2016.26.AEDVEX.F.T","WOOD.2016.26.AEDVEX.F.T.27",40,
"b331ec36-39c1-45ea-8ff1-ec45e6496d6e","WOOD","D09","WOOD","2016-06-27T22:36Z","2016-06-29T13:58Z","WOOD.2016.26.AEDVEX.F.T","WOOD.2016.26.AEDVEX.F.T.22",40,
"778d78c6-4257-4558-8ec2-a10cb637a2b0","WOOD","D09","WOOD","2016-06-27T22:36Z","2016-06-29T13:58Z","WOOD.2016.26.AEDVEX.F.T","WOOD.2016.26.AEDVEX.F.T.33",40,
"af0de02e-eaf5-43ca-981d-a90a332372d0","WOOD","D09","WOOD","2016-06-27T22:36Z","2016-06-29T13:58Z","WOOD.2016.26.AEDVEX.F.T","WOOD.2016.26.AEDVEX.F.T.19",40,
"8aaf6da5-3064-494b-85d2-20631c878134","WOOD","D09","WOOD","2016-06-27T22:36Z","2016-06-29T13:58Z","WOOD.2016.26.AEDVEX.F.T","WOOD.2016.26.AEDVEX.F.T.16",40,
"79b34af4-f8b6-40f4-a63c-7618e0ad1161","WOOD","D09","WOOD","2016-06-27T22:36Z","2016-06-29T13:58Z","WOOD.2016.26.AEDVEX.F.T","WOOD.2016.26.AEDVEX.F.T.36",39,
"d193df26-bfc5-42c8-8246-864a05be6afa","WOOD","D09","WOOD","2016-06-27T22:36Z","2016-06-29T13:58Z","WOOD.2016.26.AEDVEX.F.T","WOOD.2016.26.AEDVEX.F.T.20",40,
"ae03c7e7-3cc2-4f0b-94ea-7d1c326cde55","WOOD","D09","WOOD","2016-06-27T22:36Z","2016-06-29T13:58Z","WOOD.2016.26.AEDVEX.F.T","WOOD.2016.26.AEDVEX.F.T.21",40,
"ca472b42-89c0-4c80-acc1-a571c4592b85","WOOD","D09","WOOD","2016-06-27T22:36Z","2016-06-29T13:58Z","WOOD.2016.26.AEDVEX.F.T","WOOD.2016.26.AEDVEX.F.T.31",40,
"bc2d72bd-563b-455b-8e2a-3e2740bce8b5","WOOD","D09","WOOD","2016-06-27T22:36Z","2016-06-29T13:58Z","WOOD.2016.26.AEDVEX.F.T","WOOD.2016.26.AEDVEX.F.T.24",40,
"9aa21146-4a41-4e23-96ec-29230fd313a5","WOOD","D09","WOOD","2016-06-27T22:36Z","2016-06-29T13:58Z","WOOD.2016.26.AEDVEX.F.T","WOOD.2016.26.AEDVEX.F.T.26",40,
"5147be9d-9bc0-4c8a-ba1e-69e9b4977159","WOOD","D09","WOOD","2016-06-27T22:36Z","2016-06-29T13:58Z","WOOD.2016.26.AEDVEX.F.T","WOOD.2016.26.AEDVEX.F.T.29",40,
"be6b8c98-2d13-4142-9162-74c65b1df1d5","WOOD","D09","WOOD","2016-06-27T22:36Z","2016-06-29T13:58Z","WOOD.2016.26.AEDVEX.F.T","WOOD.2016.26.AEDVEX.F.T.34",40,
"73244c62-0ba2-4ab0-a65b-d6f2f04c7614","WOOD","D09","WOOD","2016-06-27T22:36Z","2016-06-29T13:58Z","WOOD.2016.26.AEDVEX.F.T","WOOD.2016.26.AEDVEX.F.T.17",40,
"5dd6bdc9-1411-4f04-8249-6216dd911acd","WOOD","D09","WOOD","2016-06-27T22:36Z","2016-06-29T13:58Z","WOOD.2016.26.AEDVEX.F.T","WOOD.2016.26.AEDVEX.F.T.18",40,
"c063df0a-db77-43d5-a371-2a60bca6f2ce","WOOD","D09","WOOD","2016-06-27T22:36Z","2016-06-29T13:58Z","WOOD.2016.26.AEDVEX.F.T","WOOD.2016.26.AEDVEX.F.T.32",40,
"1a28144a-6eb7-4b76-897b-ffbfe4c5d30a","WOOD","D09","WOOD","2016-06-27T22:36Z","2016-06-29T13:58Z","WOOD.2016.26.AEDVEX.F.T","WOOD.2016.26.AEDVEX.F.T.23",40,
"c6ff8e12-9ab9-41c3-b94f-87a035712883","WOOD","D09","WOOD","2016-06-27T22:36Z","2016-06-29T13:58Z","WOOD.2016.26.AEDVEX.F.T","WOOD.2016.26.AEDVEX.F.T.28",40,
"65580576-ee45-448b-814e-b21e6377c168","WOOD","D09","WOOD","2016-06-27T22:36Z","2016-06-29T13:58Z","WOOD.2016.26.AEDVEX.F.T","WOOD.2016.26.AEDVEX.F.T.30",40,
"2bb810c6-d7dc-4f56-b22c-3caed32ea1e3","WOOD","D09","WOOD","2016-06-27T22:36Z","2016-06-29T13:58Z","WOOD.2016.26.AEDVEX.F.T","WOOD.2016.26.AEDVEX.F.T.35",40,
"937f64cc-c4bc-4edf-a0b1-4b0ad939efb2","WOOD","D09","WOOD","2016-06-27T22:36Z","2016-06-29T13:58Z","WOOD.2016.26.AEDVEX.F.T","WOOD.2016.26.AEDVEX.F.T.07",40,
"98300ecf-25a3-48ac-8209-5d240aac7bd0","WOOD","D09","WOOD","2016-06-27T22:36Z","2016-06-29T13:58Z","WOOD.2016.26.AEDVEX.F.T","WOOD.2016.26.AEDVEX.F.T.14",40,
"73471ab0-60b0-44f0-bfdf-091429e3941b","WOOD","D09","WOOD","2016-06-27T22:36Z","2016-06-29T13:58Z","WOOD.2016.26.AEDVEX.F.T","WOOD.2016.26.AEDVEX.F.T.04",40,
"a5ece89b-b942-4e40-92f0-98dbe7c4cb39","WOOD","D09","WOOD","2016-06-27T22:36Z","2016-06-29T13:58Z","WOOD.2016.26.AEDVEX.F.T","WOOD.2016.26.AEDVEX.F.T.15",40,
"ff9479fe-eed0-484a-af05-15f8d6377160","WOOD","D09","WOOD","2016-06-27T22:36Z","2016-06-29T13:58Z","WOOD.2016.26.AEDVEX.F.T","WOOD.2016.26.AEDVEX.F.T.02",40,
"028b3d13-9ab5-4873-a9f5-3da10ec0dafb","WOOD","D09","WOOD","2016-06-27T22:36Z","2016-06-29T13:58Z","WOOD.2016.26.AEDVEX.F.T","WOOD.2016.26.AEDVEX.F.T.10",40,
"68099e79-9d54-4839-83e3-655dd4b5e0ea","WOOD","D09","WOOD","2016-06-27T22:36Z","2016-06-29T13:58Z","WOOD.2016.26.AEDVEX.F.T","WOOD.2016.26.AEDVEX.F.T.01",40,
"cb3d044b-dca8-4189-8b08-373db92e5703","WOOD","D09","WOOD","2016-06-27T22:36Z","2016-06-29T13:58Z","WOOD.2016.26.AEDVEX.F.T","WOOD.2016.26.AEDVEX.F.T.13",40,
"bf3bb46b-6963-4dc8-8b2f-3037a113a2ff","WOOD","D09","WOOD","2016-06-27T22:36Z","2016-06-29T13:58Z","WOOD.2016.26.AEDVEX.F.T","WOOD.2016.26.AEDVEX.F.T.12",40,
"2b7440cd-377c-48cf-9bd5-0884c307fe54","WOOD","D09","WOOD","2016-06-27T22:36Z","2016-06-29T13:58Z","WOOD.2016.26.AEDVEX.F.T","WOOD.2016.26.AEDVEX.F.T.08",40,
"429f8c03-4982-4540-9002-44bdfd7487cb","WOOD","D09","WOOD","2016-06-27T22:36Z","2016-06-29T13:58Z","WOOD.2016.26.AEDVEX.F.T","WOOD.2016.26.AEDVEX.F.T.03",40,
"9470b8d9-b392-4b45-a2d6-9a23e8866ea7","WOOD","D09","WOOD","2016-06-27T22:36Z","2016-06-29T13:58Z","WOOD.2016.26.AEDVEX.F.T","WOOD.2016.26.AEDVEX.F.T.09",40,
"15265103-685b-40e7-a5be-24110cb706c4","WOOD","D09","WOOD","2016-06-27T22:36Z","2016-06-29T13:58Z","WOOD.2016.26.AEDVEX.F.T","WOOD.2016.26.AEDVEX.F.T.11",40,
"9cd037a5-eb75-48de-87ce-39cc0ddc49a7","WOOD","D09","WOOD","2016-06-27T22:36Z","2016-06-29T13:58Z","WOOD.2016.26.AEDVEX.F.T","WOOD.2016.26.AEDVEX.F.T.05",40,
"015f811c-4724-4e37-8237-dfd3ccbb0b19","WOOD","D09","WOOD","2016-06-27T22:36Z","2016-06-29T13:58Z","WOOD.2016.26.AEDVEX.F.T","WOOD.2016.26.AEDVEX.F.T.06",40,
"d6d59e14-60de-4e75-a64e-00cbabeae8b2","WOOD","D09","WOOD","2016-06-27T22:36Z","2016-06-29T13:58Z","WOOD.2016.26.AEDFLA.F.T","WOOD.2016.26.AEDFLA.F.T.05",35,
"67f16084-a94f-4fa1-9763-3910c8924903","WOOD","D09","WOOD","2016-06-27T22:36Z","2016-06-29T13:58Z","WOOD.2016.26.AEDFLA.F.T","WOOD.2016.26.AEDFLA.F.T.02",36,
"49066f21-7ed5-4256-a56a-6672ebfa30c5","WOOD","D09","WOOD","2016-06-27T22:36Z","2016-06-29T13:58Z","WOOD.2016.26.AEDFLA.F.T","WOOD.2016.26.AEDFLA.F.T.01",36,
"e3ff6fb8-6e1b-472c-9d57-31f0b5bc7006","WOOD","D09","WOOD","2016-06-27T22:36Z","2016-06-29T13:58Z","WOOD.2016.26.AEDFLA.F.T","WOOD.2016.26.AEDFLA.F.T.04",36,
"d6362c03-8416-4fb0-8be9-94fa959d444b","WOOD","D09","WOOD","2016-06-27T22:36Z","2016-06-29T13:58Z","WOOD.2016.26.AEDFLA.F.T","WOOD.2016.26.AEDFLA.F.T.03",36,
"cb129a10-e326-497e-b0c7-9f432c998f67","WOOD","D09","WOOD","2016-06-27T22:36Z","2016-06-29T13:58Z","WOOD.2016.26.AEDDOR.F.T","WOOD.2016.26.AEDDOR.F.T.11",38,
"fb90589c-7449-4284-99ad-a59ef6309dcc","WOOD","D09","WOOD","2016-06-27T22:36Z","2016-06-29T13:58Z","WOOD.2016.26.AEDDOR.F.T","WOOD.2016.26.AEDDOR.F.T.01",39,
"2ba901ee-8c8e-4580-a20d-754bf81e4443","WOOD","D09","WOOD","2016-06-27T22:36Z","2016-06-29T13:58Z","WOOD.2016.26.AEDDOR.F.T","WOOD.2016.26.AEDDOR.F.T.13",38,
"0377045c-4a80-44a8-bc1c-936b4ece610b","WOOD","D09","WOOD","2016-06-27T22:36Z","2016-06-29T13:58Z","WOOD.2016.26.AEDDOR.F.T","WOOD.2016.26.AEDDOR.F.T.10",39,
"1649958b-97cd-432b-aff8-4843048be481","WOOD","D09","WOOD","2016-06-27T22:36Z","2016-06-29T13:58Z","WOOD.2016.26.AEDDOR.F.T","WOOD.2016.26.AEDDOR.F.T.09",39,
"1db8126b-c019-4390-b681-dd7243da2245","WOOD","D09","WOOD","2016-06-27T22:36Z","2016-06-29T13:58Z","WOOD.2016.26.AEDDOR.F.T","WOOD.2016.26.AEDDOR.F.T.06",39,
"32502656-7850-4bf2-b81b-6983c0e7ccea","WOOD","D09","WOOD","2016-06-27T22:36Z","2016-06-29T13:58Z","WOOD.2016.26.AEDDOR.F.T","WOOD.2016.26.AEDDOR.F.T.12",38,
"f122a203-93b8-429b-a2aa-f88ae648d688","WOOD","D09","WOOD","2016-06-27T22:36Z","2016-06-29T13:58Z","WOOD.2016.26.AEDDOR.F.T","WOOD.2016.26.AEDDOR.F.T.04",39,
"00498084-8ead-4a54-bc26-d719b1c7f57b","WOOD","D09","WOOD","2016-06-27T22:36Z","2016-06-29T13:58Z","WOOD.2016.26.AEDDOR.F.T","WOOD.2016.26.AEDDOR.F.T.02",39,
"7ddea327-d32a-4192-9272-7a7d8902fd95","WOOD","D09","WOOD","2016-06-27T22:36Z","2016-06-29T13:58Z","WOOD.2016.26.AEDDOR.F.T","WOOD.2016.26.AEDDOR.F.T.08",39,
"18e884b6-4008-471d-b914-767604f3a6b6","WOOD","D09","WOOD","2016-06-27T22:36Z","2016-06-29T13:58Z","WOOD.2016.26.AEDDOR.F.T","WOOD.2016.26.AEDDOR.F.T.03",39,
"e2fafb99-d5b4-46f9-aa22-41ea4b5501aa","WOOD","D09","WOOD","2016-06-27T22:36Z","2016-06-29T13:58Z","WOOD.2016.26.AEDDOR.F.T","WOOD.2016.26.AEDDOR.F.T.07",39,
"6d82501c-18c5-47e1-b1be-9c43487abd75","WOOD","D09","WOOD","2016-06-27T22:36Z","2016-06-29T13:58Z","WOOD.2016.26.AEDDOR.F.T","WOOD.2016.26.AEDDOR.F.T.05",39,
"1a0873d9-3eff-4073-86e1-664014629f8e","WOOD","D09","WOOD","2016-06-27T22:36Z","2016-06-29T13:58Z","WOOD.2016.26.CULTAR.F.T","WOOD.2016.26.CULTAR.F.T.01",38,
"5393c036-1b13-411c-9813-b8be24a0a421","WOOD","D09","WOOD","2016-06-27T22:36Z","2016-06-29T13:58Z","WOOD.2016.26.CULTAR.F.T","WOOD.2016.26.CULTAR.F.T.05",37,
"48129fc5-d044-4f5d-b9f0-84580e7b1493","WOOD","D09","WOOD","2016-06-27T22:36Z","2016-06-29T13:58Z","WOOD.2016.26.CULTAR.F.T","WOOD.2016.26.CULTAR.F.T.08",37,
"531feada-fe5c-441f-9aaf-77ad7f956068","WOOD","D09","WOOD","2016-06-27T22:36Z","2016-06-29T13:58Z","WOOD.2016.26.CULTAR.F.T","WOOD.2016.26.CULTAR.F.T.02",38,
"7a320d26-a13e-4ef4-bf66-c6cfdb78834d","WOOD","D09","WOOD","2016-06-27T22:36Z","2016-06-29T13:58Z","WOOD.2016.26.CULTAR.F.T","WOOD.2016.26.CULTAR.F.T.09",37,
"c146af84-37ef-4734-ac6b-4acff2c70600","WOOD","D09","WOOD","2016-06-27T22:36Z","2016-06-29T13:58Z","WOOD.2016.26.CULTAR.F.T","WOOD.2016.26.CULTAR.F.T.06",37,
"71bcbde0-e409-4a94-b9b9-1933bf7fd5fb","WOOD","D09","WOOD","2016-06-27T22:36Z","2016-06-29T13:58Z","WOOD.2016.26.CULTAR.F.T","WOOD.2016.26.CULTAR.F.T.03",38,
"d1744962-4146-4147-9a78-d9f1b5e369e4","WOOD","D09","WOOD","2016-06-27T22:36Z","2016-06-29T13:58Z","WOOD.2016.26.CULTAR.F.T","WOOD.2016.26.CULTAR.F.T.07",37,
"24a964b4-e85d-4a94-8cc9-ed7130583153","WOOD","D09","WOOD","2016-06-27T22:36Z","2016-06-29T13:58Z","WOOD.2016.26.CULTAR.F.T","WOOD.2016.26.CULTAR.F.T.04",37,
