uid,namedLocation,domainID,siteID,startCollectDate,endCollectDate,testingID,testingVialID,poolSize,dataQF
"f677fb67-a803-4aff-aad8-ffd6afa53175","OSBS","D03","OSBS","2014-09-08T21:05Z","2014-09-10T14:02Z","OSBS.2014.36.CULNIG.F.T","OSBS.2014.36.CULNIG.F.T.06",50,
"c6841b13-4b1d-42cd-b2eb-354894df0962","OSBS","D03","OSBS","2014-09-08T21:05Z","2014-09-10T14:02Z","OSBS.2014.36.COQPER.F.T","OSBS.2014.36.COQPER.F.T.04",50,
"3cdd35ea-4a25-49d6-9037-1bcc1e5a1001","OSBS","D03","OSBS","2014-09-08T21:05Z","2014-09-10T14:02Z","OSBS.2014.36.CULNIG.F.T","OSBS.2014.36.CULNIG.F.T.08",50,
"21ebafe0-45b8-4eac-b3b4-a7d9a7296495","OSBS","D03","OSBS","2014-09-08T21:05Z","2014-09-10T14:02Z","OSBS.2014.36.CULNIG.F.T","OSBS.2014.36.CULNIG.F.T.10",50,
"7e49ee76-d3b7-42d8-a1a2-1b1daf7d6309","OSBS","D03","OSBS","2014-09-08T21:05Z","2014-09-10T14:02Z","OSBS.2014.36.CULNIG.F.T","OSBS.2014.36.CULNIG.F.T.07",50,
"e42616bc-488c-44f7-8ec4-dea6924cbe12","OSBS","D03","OSBS","2014-09-08T21:05Z","2014-09-10T14:02Z","OSBS.2014.36.CULNIG.F.T","OSBS.2014.36.CULNIG.F.T.03",50,
"1123d40e-1ca2-4cff-b206-6f6f90989a3e","OSBS","D03","OSBS","2014-09-08T21:05Z","2014-09-10T14:02Z","OSBS.2014.36.CULERR.F.T","OSBS.2014.36.CULERR.F.T.09",50,
"87689bef-3794-4a03-8b74-282b87a65579","OSBS","D03","OSBS","2014-09-08T21:05Z","2014-09-10T14:02Z","OSBS.2014.36.CULERR.F.T","OSBS.2014.36.CULERR.F.T.06",50,
"2f390aa6-6cf9-484e-a05b-8790decaad2a","OSBS","D03","OSBS","2014-09-08T21:05Z","2014-09-10T14:02Z","OSBS.2014.36.CULNIG.F.T","OSBS.2014.36.CULNIG.F.T.04",50,
"2c585d85-1197-4fe8-a373-a1a92b9aaf69","OSBS","D03","OSBS","2014-09-08T21:05Z","2014-09-10T14:02Z","OSBS.2014.36.COQPER.F.T","OSBS.2014.36.COQPER.F.T.13",50,
"ed1cbd73-b4ae-48d1-8e5d-e2c8ee361747","OSBS","D03","OSBS","2014-09-08T21:05Z","2014-09-10T14:02Z","OSBS.2014.36.CULERR.F.T","OSBS.2014.36.CULERR.F.T.05",50,
"48b1823b-f173-4594-b6d7-269ddedc677b","OSBS","D03","OSBS","2014-09-08T21:05Z","2014-09-10T14:02Z","OSBS.2014.36.CULERR.F.T","OSBS.2014.36.CULERR.F.T.03",50,
"2c843eaf-8236-4d17-bdb2-8c9ac3021bf5","OSBS","D03","OSBS","2014-09-08T21:05Z","2014-09-10T14:02Z","OSBS.2014.36.CULNIG.F.T","OSBS.2014.36.CULNIG.F.T.01",50,
"e2fe787a-09de-4c11-9719-125874375890","OSBS","D03","OSBS","2014-09-08T21:05Z","2014-09-10T14:02Z","OSBS.2014.36.COQPER.F.T","OSBS.2014.36.COQPER.F.T.14",50,
"b4edd1b7-e894-490a-b34b-c0964cb6a779","OSBS","D03","OSBS","2014-09-08T21:05Z","2014-09-10T14:02Z","OSBS.2014.36.CULNIG.F.T","OSBS.2014.36.CULNIG.F.T.02",50,
"9500c208-9ca4-4751-b8a6-a0bca46e3fc8","OSBS","D03","OSBS","2014-09-08T21:05Z","2014-09-10T14:02Z","OSBS.2014.36.CULERR.F.T","OSBS.2014.36.CULERR.F.T.04",50,
"1c52c858-07a6-4d5e-b38d-a23f12fa4d53","OSBS","D03","OSBS","2014-09-08T21:05Z","2014-09-10T14:02Z","OSBS.2014.36.CULERR.F.T","OSBS.2014.36.CULERR.F.T.02",50,
"2ff3a4d7-6cbe-49b6-a9a7-1ea576d72219","OSBS","D03","OSBS","2014-09-08T21:05Z","2014-09-10T14:02Z","OSBS.2014.36.CULNIG.F.T","OSBS.2014.36.CULNIG.F.T.05",50,
"bcb1b0a2-9fa1-4be0-b96c-548493cca1a3","OSBS","D03","OSBS","2014-09-08T21:05Z","2014-09-10T14:02Z","OSBS.2014.36.COQPER.F.T","OSBS.2014.36.COQPER.F.T.15",50,
"166f2e32-0406-4927-bf72-9cd900019e74","OSBS","D03","OSBS","2014-09-08T21:05Z","2014-09-10T14:02Z","OSBS.2014.36.CULERR.F.T","OSBS.2014.36.CULERR.F.T.08",50,
"bdcdd519-0d06-4cbd-94cc-c93c08d63c27","OSBS","D03","OSBS","2014-09-08T21:05Z","2014-09-10T14:02Z","OSBS.2014.36.CULERR.F.T","OSBS.2014.36.CULERR.F.T.10",50,
"8d11aa27-6537-4aaf-8d4f-34c718963a16","OSBS","D03","OSBS","2014-09-08T21:05Z","2014-09-10T14:02Z","OSBS.2014.36.CULERR.F.T","OSBS.2014.36.CULERR.F.T.07",50,
"b5d550be-d0e0-48b0-b120-01e6303c0660","OSBS","D03","OSBS","2014-09-08T21:05Z","2014-09-10T14:02Z","OSBS.2014.36.CULERR.F.T","OSBS.2014.36.CULERR.F.T.01",50,
"84caf7fa-9eb8-44a5-8ac5-64b1c80f58ac","OSBS","D03","OSBS","2014-09-08T21:05Z","2014-09-10T14:02Z","OSBS.2014.36.COQPER.F.T","OSBS.2014.36.COQPER.F.T.12",50,
"5b228c96-99ab-4b42-a816-5c1cc3b4f8de","OSBS","D03","OSBS","2014-09-08T21:05Z","2014-09-10T14:02Z","OSBS.2014.36.COQPER.F.T","OSBS.2014.36.COQPER.F.T.05",50,
"0d9de0cf-d714-41c7-96d8-af45d69b1eb2","OSBS","D03","OSBS","2014-09-08T21:05Z","2014-09-10T14:02Z","OSBS.2014.36.COQPER.F.T","OSBS.2014.36.COQPER.F.T.07",50,
"433bcc0d-bcfa-4a5a-a0a1-dee55475f02b","OSBS","D03","OSBS","2014-09-08T21:05Z","2014-09-10T14:02Z","OSBS.2014.36.COQPER.F.T","OSBS.2014.36.COQPER.F.T.08",50,
"1b4ed453-64a9-4c29-b547-62e1bc1c21d7","OSBS","D03","OSBS","2014-09-08T21:05Z","2014-09-10T14:02Z","OSBS.2014.36.COQPER.F.T","OSBS.2014.36.COQPER.F.T.03",50,
"079a2606-a07b-4224-9a14-8406a41245dd","OSBS","D03","OSBS","2014-09-08T21:05Z","2014-09-10T14:02Z","OSBS.2014.36.COQPER.F.T","OSBS.2014.36.COQPER.F.T.01",50,
"b5d2a5c8-400f-446a-86e6-fc2e3ee2254e","OSBS","D03","OSBS","2014-09-08T21:05Z","2014-09-10T14:02Z","OSBS.2014.36.COQPER.F.T","OSBS.2014.36.COQPER.F.T.11",50,
"20726c80-94d8-4352-8549-e15360122b37","OSBS","D03","OSBS","2014-09-08T21:05Z","2014-09-10T14:02Z","OSBS.2014.36.COQPER.F.T","OSBS.2014.36.COQPER.F.T.02",50,
"16805a91-2520-48f6-a726-72d5d5c53920","OSBS","D03","OSBS","2014-09-08T21:05Z","2014-09-10T14:02Z","OSBS.2014.36.COQPER.F.T","OSBS.2014.36.COQPER.F.T.10",50,
"9c48ac31-b14a-4900-90c4-1aab3a51e635","OSBS","D03","OSBS","2014-09-08T21:05Z","2014-09-10T14:02Z","OSBS.2014.36.COQPER.F.T","OSBS.2014.36.COQPER.F.T.06",50,
"5fbb3216-c584-4d49-b019-0e92fe9e46fb","OSBS","D03","OSBS","2014-09-08T21:05Z","2014-09-10T14:02Z","OSBS.2014.36.COQPER.F.T","OSBS.2014.36.COQPER.F.T.09",50,
"972615bd-4e84-4f94-8c82-e5649fd52d20","OSBS","D03","OSBS","2014-09-08T21:05Z","2014-09-10T14:02Z","OSBS.2014.36.CULNIG.F.T","OSBS.2014.36.CULNIG.F.T.09",50,
"e8c12a01-eda3-456a-9685-4c95eb8a6155","OSBS","D03","OSBS","2014-09-22T20:20Z","2014-09-24T13:18Z","OSBS.2014.38.COQPER.F.T","OSBS.2014.38.COQPER.F.T.08",50,
"b2a41bab-1c6c-4e54-b263-76158de19541","OSBS","D03","OSBS","2014-09-22T20:20Z","2014-09-24T13:18Z","OSBS.2014.38.CULERR.F.T","OSBS.2014.38.CULERR.F.T.07",50,
"196062c4-e2db-4405-a581-5be9a6bdbe99","OSBS","D03","OSBS","2014-09-22T20:20Z","2014-09-24T13:18Z","OSBS.2014.38.COQPER.F.T","OSBS.2014.38.COQPER.F.T.04",50,
"fedf86d5-db43-4ada-a144-6744895bbc66","OSBS","D03","OSBS","2014-09-22T20:20Z","2014-09-24T13:18Z","OSBS.2014.38.CULERR.F.T","OSBS.2014.38.CULERR.F.T.09",50,
"593ac9c5-1c25-46a8-9f46-5d2c7a8e975f","OSBS","D03","OSBS","2014-09-22T20:20Z","2014-09-24T13:18Z","OSBS.2014.38.CULNIG.F.T","OSBS.2014.38.CULNIG.F.T.03",50,
"b2ff2af2-7ac4-458a-a02c-e8bb12e26c44","OSBS","D03","OSBS","2014-09-22T20:20Z","2014-09-24T13:18Z","OSBS.2014.38.CULERR.F.T","OSBS.2014.38.CULERR.F.T.02",50,
"e1bad4bc-4b87-4fd0-a5a3-5b68471e14e2","OSBS","D03","OSBS","2014-09-22T20:20Z","2014-09-24T13:18Z","OSBS.2014.38.CULNIG.F.T","OSBS.2014.38.CULNIG.F.T.09",50,
"68011b66-ef3a-40cf-81d5-5051a47f53d0","OSBS","D03","OSBS","2014-09-22T20:20Z","2014-09-24T13:18Z","OSBS.2014.38.CULNIG.F.T","OSBS.2014.38.CULNIG.F.T.04",50,
"834241ff-9cf5-4521-9f85-a589793732d0","OSBS","D03","OSBS","2014-09-22T20:20Z","2014-09-24T13:18Z","OSBS.2014.38.CULNIG.F.T","OSBS.2014.38.CULNIG.F.T.10",50,
"aaed05cd-5ac1-4c5b-bffc-05e374907720","OSBS","D03","OSBS","2014-09-22T20:20Z","2014-09-24T13:18Z","OSBS.2014.38.CULNIG.F.T","OSBS.2014.38.CULNIG.F.T.01",50,
"93b40ffc-1ed7-4a68-a2d0-e5f658cf50ed","OSBS","D03","OSBS","2014-09-22T20:20Z","2014-09-24T13:18Z","OSBS.2014.38.CULERR.F.T","OSBS.2014.38.CULERR.F.T.01",50,
"6991955b-5404-4acd-94ce-cba0dd8f85ea","OSBS","D03","OSBS","2014-09-22T20:20Z","2014-09-24T13:18Z","OSBS.2014.38.COQPER.F.T","OSBS.2014.38.COQPER.F.T.09",50,
"ad8f484c-ed63-4674-bf36-2ea6af7dc5bb","OSBS","D03","OSBS","2014-09-22T20:20Z","2014-09-24T13:18Z","OSBS.2014.38.COQPER.F.T","OSBS.2014.38.COQPER.F.T.02",50,
"9a3cdd1e-c490-4c2a-8f7e-98201b646b64","OSBS","D03","OSBS","2014-09-22T20:20Z","2014-09-24T13:18Z","OSBS.2014.38.CULERR.F.T","OSBS.2014.38.CULERR.F.T.04",50,
"1762a019-d904-4172-84e3-397259a0aa12","OSBS","D03","OSBS","2014-09-22T20:20Z","2014-09-24T13:18Z","OSBS.2014.38.CULERR.F.T","OSBS.2014.38.CULERR.F.T.08",50,
"9f32e1ad-f18c-4035-9ab0-6e1c623bd45d","OSBS","D03","OSBS","2014-09-22T20:20Z","2014-09-24T13:18Z","OSBS.2014.38.COQPER.F.T","OSBS.2014.38.COQPER.F.T.10",50,
"c0654b1d-ac46-4dac-bf0c-90655e37a8bf","OSBS","D03","OSBS","2014-09-22T20:20Z","2014-09-24T13:18Z","OSBS.2014.38.CULNIG.F.T","OSBS.2014.38.CULNIG.F.T.05",50,
"c4b05df7-fc0b-41e7-a1eb-067f8d2b5267","OSBS","D03","OSBS","2014-09-22T20:20Z","2014-09-24T13:18Z","OSBS.2014.38.CULNIG.F.T","OSBS.2014.38.CULNIG.F.T.07",50,
"f56232c0-e320-4598-80fc-d2eddccd7c76","OSBS","D03","OSBS","2014-09-22T20:20Z","2014-09-24T13:18Z","OSBS.2014.38.CULNIG.F.T","OSBS.2014.38.CULNIG.F.T.06",50,
"e400c512-ed2c-464f-849b-ddd53eeb4920","OSBS","D03","OSBS","2014-09-22T20:20Z","2014-09-24T13:18Z","OSBS.2014.38.CULERR.F.T","OSBS.2014.38.CULERR.F.T.05",50,
"a563ef38-d7a0-4a23-a85b-fceefc4b1d37","OSBS","D03","OSBS","2014-09-22T20:20Z","2014-09-24T13:18Z","OSBS.2014.38.CULNIG.F.T","OSBS.2014.38.CULNIG.F.T.08",50,
"5f8507f8-e8aa-4130-bab5-bc1146b6aa9b","OSBS","D03","OSBS","2014-09-22T20:20Z","2014-09-24T13:18Z","OSBS.2014.38.COQPER.F.T","OSBS.2014.38.COQPER.F.T.07",50,
"c2132884-9d50-44f7-a2c9-3832e26a4099","OSBS","D03","OSBS","2014-09-22T20:20Z","2014-09-24T13:18Z","OSBS.2014.38.CULNIG.F.T","OSBS.2014.38.CULNIG.F.T.02",50,
"e424a0b6-f93f-44ab-b0c9-7a11b3b65853","OSBS","D03","OSBS","2014-09-22T20:20Z","2014-09-24T13:18Z","OSBS.2014.38.COQPER.F.T","OSBS.2014.38.COQPER.F.T.03",50,
"d965a139-0d57-412c-8b4f-d65bb9ae9eb0","OSBS","D03","OSBS","2014-09-22T20:20Z","2014-09-24T13:18Z","OSBS.2014.38.CULERR.F.T","OSBS.2014.38.CULERR.F.T.06",50,
"bdc2a9b2-2c1d-4311-bad4-2b8187d2a817","OSBS","D03","OSBS","2014-09-22T20:20Z","2014-09-24T13:18Z","OSBS.2014.38.COQPER.F.T","OSBS.2014.38.COQPER.F.T.05",50,
"45138f43-dd18-4890-a93e-34a617bad849","OSBS","D03","OSBS","2014-09-22T20:20Z","2014-09-24T13:18Z","OSBS.2014.38.COQPER.F.T","OSBS.2014.38.COQPER.F.T.06",50,
"1d61dd9c-7764-402a-94e2-7dba9e1a5410","OSBS","D03","OSBS","2014-09-22T20:20Z","2014-09-24T13:18Z","OSBS.2014.38.CULERR.F.T","OSBS.2014.38.CULERR.F.T.10",50,
"666c7257-b06e-47d6-895e-72de4573c1bf","OSBS","D03","OSBS","2014-09-22T20:20Z","2014-09-24T13:18Z","OSBS.2014.38.CULERR.F.T","OSBS.2014.38.CULERR.F.T.03",50,
"a8ba76c2-88a7-43b0-b453-e460177a9d51","OSBS","D03","OSBS","2014-09-22T20:20Z","2014-09-24T13:18Z","OSBS.2014.38.COQPER.F.T","OSBS.2014.38.COQPER.F.T.01",50,
