uid,namedLocation,domainID,siteID,nlcdClass,decimalLatitude,decimalLongitude,geodeticDatum,coordinateUncertainty,elevation,elevationUncertainty,startCollectDate,endCollectDate,receivedDate,testedDate,testingVialID,deprecatedVialID,sampleCondition,testProtocolVersion,testMethod,testResult,testPathogenName,testNumber,finalResult,locus,percentIdentity,sequenceDatabase,sequenceDatabaseID,extractDepleted,remarks,testedBy,laboratoryName
"33ce44d2-cb7c-47c2-98bc-b6083178d3a3","CPER","D10","CPER",,40.815536,-104.745591,"WGS84",,1654.0,,"2014-08-11T22:52Z","2014-08-13T16:00Z","2015-01-06T12:00Z","2015-01-07T12:00Z","CPER.2014.32.AEDDOR.F.T.01","CPER.2014.7.Aedes dorsalis.Female.T1","No known compromise","Other","PCR","Negative","FLAV",3,"Y",,,,,"Y","testedDate may be inaccurate|sampleCompromised is unknown|testedBy may be inaccurate","Wp94RvOv+/IH+klBJiHvM/3a2EhfesxK","University of Illinois"
"7fadda46-0500-4d48-b742-b03c9a2b1e2e","CPER","D10","CPER",,40.815536,-104.745591,"WGS84",,1654.0,,"2014-08-11T22:52Z","2014-08-13T16:00Z","2015-01-06T12:00Z","2015-01-07T12:00Z","CPER.2014.32.AEDDOR.F.T.02","CPER.2014.7.Aedes dorsalis.Female.T2","No known compromise","Other","PCR","Negative","FLAV",3,"Y",,,,,"Y","testedDate may be inaccurate|sampleCompromised is unknown|testedBy may be inaccurate","Wp94RvOv+/IH+klBJiHvM/3a2EhfesxK","University of Illinois"
"0f8a68d6-0a04-4d17-b4ac-af1baefcc700","CPER","D10","CPER",,40.815536,-104.745591,"WGS84",,1654.0,,"2014-08-11T22:52Z","2014-08-13T16:00Z","2015-01-06T12:00Z","2015-01-07T12:00Z","CPER.2014.32.AEDDOR.F.T.04","CPER.2014.7.Aedes dorsalis.Female.T4","No known compromise","Other","PCR","Negative","FLAV",3,"Y",,,,,"Y","testedDate may be inaccurate|sampleCompromised is unknown|testedBy may be inaccurate","Wp94RvOv+/IH+klBJiHvM/3a2EhfesxK","University of Illinois"
"0a4f099c-bc14-48da-a874-69ecb1872d78","CPER","D10","CPER",,40.815536,-104.745591,"WGS84",,1654.0,,"2014-08-11T22:52Z","2014-08-13T16:00Z","2015-01-06T12:00Z","2015-01-07T12:00Z","CPER.2014.32.AEDDOR.F.T.11","CPER.2014.7.Aedes dorsalis.Female.T11","No known compromise","Other","PCR","Negative","BUNV",2,"N",,,,,"Y","testedDate may be inaccurate|sampleCompromised is unknown|testedBy may be inaccurate","Wp94RvOv+/IH+klBJiHvM/3a2EhfesxK","University of Illinois"
"96c57f01-0414-40e6-ac5f-eda380ae4b3a","CPER","D10","CPER",,40.815536,-104.745591,"WGS84",,1654.0,,"2014-08-11T22:52Z","2014-08-13T16:00Z","2015-01-06T12:00Z","2015-01-07T12:00Z","CPER.2014.32.AEDDOR.F.T.13","CPER.2014.7.Aedes dorsalis.Female.T13","No known compromise","Other","PCR","Negative","BUNV",2,"N",,,,,"Y","testedDate may be inaccurate|sampleCompromised is unknown|testedBy may be inaccurate","Wp94RvOv+/IH+klBJiHvM/3a2EhfesxK","University of Illinois"
"657f40c8-b986-4c72-a094-3643b4279211","CPER","D10","CPER",,40.815536,-104.745591,"WGS84",,1654.0,,"2014-08-11T22:52Z","2014-08-13T16:00Z","2015-01-06T12:00Z","2015-01-07T12:00Z","CPER.2014.32.AEDDOR.F.T.12","CPER.2014.7.Aedes dorsalis.Female.T12","No known compromise","Other","PCR","Negative","BUNV",2,"N",,,,,"Y","testedDate may be inaccurate|sampleCompromised is unknown|testedBy may be inaccurate","Wp94RvOv+/IH+klBJiHvM/3a2EhfesxK","University of Illinois"
"5cffc775-88be-4dd5-9623-c5d7e7d9d33b","CPER","D10","CPER",,40.815536,-104.745591,"WGS84",,1654.0,,"2014-08-11T22:52Z","2014-08-13T16:00Z","2015-01-06T12:00Z","2015-01-07T12:00Z","CPER.2014.32.AEDDOR.F.T.10","CPER.2014.7.Aedes dorsalis.Female.T10","No known compromise","Other","PCR","Negative","BUNV",2,"N",,,,,"Y","testedDate may be inaccurate|sampleCompromised is unknown|testedBy may be inaccurate","Wp94RvOv+/IH+klBJiHvM/3a2EhfesxK","University of Illinois"
"0a6c3ec4-3759-4910-8278-9d07f5653789","CPER","D10","CPER",,40.815536,-104.745591,"WGS84",,1654.0,,"2014-08-11T22:52Z","2014-08-13T16:00Z","2015-01-06T12:00Z","2015-01-07T12:00Z","CPER.2014.32.AEDDOR.F.T.26","CPER.2014.7.Aedes dorsalis.Female.T26","No known compromise","Other","PCR","Negative","BUNV",2,"N",,,,,"Y","testedDate may be inaccurate|sampleCompromised is unknown|testedBy may be inaccurate","Wp94RvOv+/IH+klBJiHvM/3a2EhfesxK","University of Illinois"
"b1d895d5-6e2c-4267-8374-3d0d0882b6e6","CPER","D10","CPER",,40.815536,-104.745591,"WGS84",,1654.0,,"2014-08-11T22:52Z","2014-08-13T16:00Z","2015-01-06T12:00Z","2015-01-07T12:00Z","CPER.2014.32.AEDDOR.F.T.05","CPER.2014.7.Aedes dorsalis.Female.T5","No known compromise","Other","PCR","Negative","BUNV",2,"N",,,,,"Y","testedDate may be inaccurate|sampleCompromised is unknown|testedBy may be inaccurate","Wp94RvOv+/IH+klBJiHvM/3a2EhfesxK","University of Illinois"
"333161fa-50b8-467e-8f1a-9735515c0bee","CPER","D10","CPER",,40.815536,-104.745591,"WGS84",,1654.0,,"2014-08-11T22:52Z","2014-08-13T16:00Z","2015-01-06T12:00Z","2015-01-07T12:00Z","CPER.2014.32.AEDDOR.F.T.06","CPER.2014.7.Aedes dorsalis.Female.T6","No known compromise","Other","PCR","Negative","BUNV",2,"N",,,,,"Y","testedDate may be inaccurate|sampleCompromised is unknown|testedBy may be inaccurate","Wp94RvOv+/IH+klBJiHvM/3a2EhfesxK","University of Illinois"
"8eb8842e-1142-4443-8fa7-552ca243d93f","CPER","D10","CPER",,40.815536,-104.745591,"WGS84",,1654.0,,"2014-08-11T22:52Z","2014-08-13T16:00Z","2015-01-06T12:00Z","2015-01-07T12:00Z","CPER.2014.32.AEDDOR.F.T.19","CPER.2014.7.Aedes dorsalis.Female.T19","No known compromise","Other","PCR","Negative","BUNV",2,"N",,,,,"Y","testedDate may be inaccurate|sampleCompromised is unknown|testedBy may be inaccurate","Wp94RvOv+/IH+klBJiHvM/3a2EhfesxK","University of Illinois"
"20954423-172a-427e-901d-50d48bd63ccb","CPER","D10","CPER",,40.815536,-104.745591,"WGS84",,1654.0,,"2014-08-11T22:52Z","2014-08-13T16:00Z","2015-01-06T12:00Z","2015-01-07T12:00Z","CPER.2014.32.AEDDOR.F.T.08","CPER.2014.7.Aedes dorsalis.Female.T8","No known compromise","Other","PCR","Negative","BUNV",2,"N",,,,,"Y","testedDate may be inaccurate|sampleCompromised is unknown|testedBy may be inaccurate","Wp94RvOv+/IH+klBJiHvM/3a2EhfesxK","University of Illinois"
"919794e4-f4a6-42e5-b537-9102e3942f6b","CPER","D10","CPER",,40.815536,-104.745591,"WGS84",,1654.0,,"2014-08-11T22:52Z","2014-08-13T16:00Z","2015-01-06T12:00Z","2015-01-07T12:00Z","CPER.2014.32.AEDDOR.F.T.07","CPER.2014.7.Aedes dorsalis.Female.T7","No known compromise","Other","PCR","Negative","BUNV",2,"N",,,,,"Y","testedDate may be inaccurate|sampleCompromised is unknown|testedBy may be inaccurate","Wp94RvOv+/IH+klBJiHvM/3a2EhfesxK","University of Illinois"
"dc23a192-86b9-415b-be16-8a6d54c424b6","CPER","D10","CPER",,40.815536,-104.745591,"WGS84",,1654.0,,"2014-08-11T22:52Z","2014-08-13T16:00Z","2015-01-06T12:00Z","2015-01-07T12:00Z","CPER.2014.32.AEDDOR.F.T.23","CPER.2014.7.Aedes dorsalis.Female.T23","No known compromise","Other","PCR","Negative","BUNV",2,"N",,,,,"Y","testedDate may be inaccurate|sampleCompromised is unknown|testedBy may be inaccurate","Wp94RvOv+/IH+klBJiHvM/3a2EhfesxK","University of Illinois"
"c239b32c-e349-4bcd-8f69-dbb40fede8eb","CPER","D10","CPER",,40.815536,-104.745591,"WGS84",,1654.0,,"2014-08-11T22:52Z","2014-08-13T16:00Z","2015-01-06T12:00Z","2015-01-07T12:00Z","CPER.2014.32.AEDDOR.F.T.17","CPER.2014.7.Aedes dorsalis.Female.T17","No known compromise","Other","PCR","Negative","BUNV",2,"N",,,,,"Y","testedDate may be inaccurate|sampleCompromised is unknown|testedBy may be inaccurate","Wp94RvOv+/IH+klBJiHvM/3a2EhfesxK","University of Illinois"
"5980c973-213d-49ff-9f50-f15873ff8377","CPER","D10","CPER",,40.815536,-104.745591,"WGS84",,1654.0,,"2014-08-11T22:52Z","2014-08-13T16:00Z","2015-01-06T12:00Z","2015-01-07T12:00Z","CPER.2014.32.AEDDOR.F.T.21","CPER.2014.7.Aedes dorsalis.Female.T21","No known compromise","Other","PCR","Negative","BUNV",2,"N",,,,,"Y","testedDate may be inaccurate|sampleCompromised is unknown|testedBy may be inaccurate","Wp94RvOv+/IH+klBJiHvM/3a2EhfesxK","University of Illinois"
"b0007750-69a6-4d03-abe9-0f585c8c2548","CPER","D10","CPER",,40.815536,-104.745591,"WGS84",,1654.0,,"2014-08-11T22:52Z","2014-08-13T16:00Z","2015-01-06T12:00Z","2015-01-07T12:00Z","CPER.2014.32.AEDDOR.F.T.20","CPER.2014.7.Aedes dorsalis.Female.T20","No known compromise","Other","PCR","Negative","BUNV",2,"N",,,,,"Y","testedDate may be inaccurate|sampleCompromised is unknown|testedBy may be inaccurate","Wp94RvOv+/IH+klBJiHvM/3a2EhfesxK","University of Illinois"
"66113682-5bdc-4aec-97cd-895e65654b0a","CPER","D10","CPER",,40.815536,-104.745591,"WGS84",,1654.0,,"2014-08-11T22:52Z","2014-08-13T16:00Z","2015-01-06T12:00Z","2015-01-07T12:00Z","CPER.2014.32.AEDDOR.F.T.02","CPER.2014.7.Aedes dorsalis.Female.T2","No known compromise","Other","PCR","Negative","BUNV",2,"N",,,,,"Y","testedDate may be inaccurate|sampleCompromised is unknown|testedBy may be inaccurate","Wp94RvOv+/IH+klBJiHvM/3a2EhfesxK","University of Illinois"
"1f9b3fde-db88-4f89-9ab8-e012c31f2e9f","CPER","D10","CPER",,40.815536,-104.745591,"WGS84",,1654.0,,"2014-08-11T22:52Z","2014-08-13T16:00Z","2015-01-06T12:00Z","2015-01-07T12:00Z","CPER.2014.32.AEDDOR.F.T.03","CPER.2014.7.Aedes dorsalis.Female.T3","No known compromise","Other","PCR","Negative","BUNV",2,"N",,,,,"Y","testedDate may be inaccurate|sampleCompromised is unknown|testedBy may be inaccurate","Wp94RvOv+/IH+klBJiHvM/3a2EhfesxK","University of Illinois"
"381a757b-9dbb-4480-8ca9-e7d5fcb66438","CPER","D10","CPER",,40.815536,-104.745591,"WGS84",,1654.0,,"2014-08-11T22:52Z","2014-08-13T16:00Z","2015-01-06T12:00Z","2015-01-07T12:00Z","CPER.2014.32.CULTAR.F.T.02","CPER.2014.6.Culex tarsalis.Female.T2","No known compromise","Other","PCR","Negative","BUNV",2,"N",,,,,"Y","testedDate may be inaccurate|sampleCompromised is unknown|testedBy may be inaccurate","Wp94RvOv+/IH+klBJiHvM/3a2EhfesxK","University of Illinois"
"426e130d-1076-406e-afec-01587d4959ec","CPER","D10","CPER",,40.815536,-104.745591,"WGS84",,1654.0,,"2014-08-11T22:52Z","2014-08-13T16:00Z","2015-01-06T12:00Z","2015-01-07T12:00Z","CPER.2014.32.CULTAR.F.T.01","CPER.2014.6.Culex tarsalis.Female.T1","No known compromise","Other","PCR","Negative","BUNV",2,"N",,,,,"Y","testedDate may be inaccurate|sampleCompromised is unknown|testedBy may be inaccurate","Wp94RvOv+/IH+klBJiHvM/3a2EhfesxK","University of Illinois"
"4221a8fa-1734-44a4-be2d-738bb6f35e0b","CPER","D10","CPER",,40.815536,-104.745591,"WGS84",,1654.0,,"2014-08-11T22:52Z","2014-08-13T16:00Z","2015-01-06T12:00Z","2015-01-07T12:00Z","CPER.2014.32.AEDDOR.F.T.04","CPER.2014.7.Aedes dorsalis.Female.T4","No known compromise","Other","PCR","Negative","BUNV",2,"N",,,,,"Y","testedDate may be inaccurate|sampleCompromised is unknown|testedBy may be inaccurate","Wp94RvOv+/IH+klBJiHvM/3a2EhfesxK","University of Illinois"
"b9f1d2c0-eb82-4872-92ee-6e2766b2ed95","CPER","D10","CPER",,40.815536,-104.745591,"WGS84",,1654.0,,"2014-08-11T22:52Z","2014-08-13T16:00Z","2015-01-06T12:00Z","2015-01-07T12:00Z","CPER.2014.32.AEDDOR.F.T.01","CPER.2014.7.Aedes dorsalis.Female.T1","No known compromise","Other","PCR","Negative","BUNV",2,"N",,,,,"Y","testedDate may be inaccurate|sampleCompromised is unknown|testedBy may be inaccurate","Wp94RvOv+/IH+klBJiHvM/3a2EhfesxK","University of Illinois"
"40cb7e4f-ba49-4d8b-9643-05c1c0b2a2bd","CPER","D10","CPER",,40.815536,-104.745591,"WGS84",,1654.0,,"2014-08-11T22:52Z","2014-08-13T16:00Z","2015-01-06T12:00Z","2015-01-07T12:00Z","CPER.2014.32.CULTAR.F.T.02","CPER.2014.6.Culex tarsalis.Female.T2","No known compromise","Other","PCR","Negative","TOGV",1,"N",,,,,"Y","testedDate may be inaccurate|sampleCompromised is unknown|testedBy may be inaccurate","Wp94RvOv+/IH+klBJiHvM/3a2EhfesxK","University of Illinois"
"2b11d47b-42bb-46b4-b010-08c14d7de061","CPER","D10","CPER",,40.815536,-104.745591,"WGS84",,1654.0,,"2014-08-11T22:52Z","2014-08-13T16:00Z","2015-01-06T12:00Z","2015-01-07T12:00Z","CPER.2014.32.AEDDOR.F.T.19","CPER.2014.7.Aedes dorsalis.Female.T19","No known compromise","Other","PCR","Negative","TOGV",1,"N",,,,,"Y","testedDate may be inaccurate|sampleCompromised is unknown|testedBy may be inaccurate","Wp94RvOv+/IH+klBJiHvM/3a2EhfesxK","University of Illinois"
"32b5ecfd-5fd6-498f-a216-589ff55e178d","CPER","D10","CPER",,40.815536,-104.745591,"WGS84",,1654.0,,"2014-08-11T22:52Z","2014-08-13T16:00Z","2015-01-06T12:00Z","2015-01-07T12:00Z","CPER.2014.32.AEDDOR.F.T.24","CPER.2014.7.Aedes dorsalis.Female.T24","No known compromise","Other","PCR","Negative","TOGV",1,"N",,,,,"Y","testedDate may be inaccurate|sampleCompromised is unknown|testedBy may be inaccurate","Wp94RvOv+/IH+klBJiHvM/3a2EhfesxK","University of Illinois"
"49be1bae-a581-480c-a787-3856b0100ee9","CPER","D10","CPER",,40.815536,-104.745591,"WGS84",,1654.0,,"2014-08-11T22:52Z","2014-08-13T16:00Z","2015-01-06T12:00Z","2015-01-07T12:00Z","CPER.2014.32.AEDDOR.F.T.16","CPER.2014.7.Aedes dorsalis.Female.T16","No known compromise","Other","PCR","Negative","TOGV",1,"N",,,,,"Y","testedDate may be inaccurate|sampleCompromised is unknown|testedBy may be inaccurate","Wp94RvOv+/IH+klBJiHvM/3a2EhfesxK","University of Illinois"
"2792f143-55a0-4ad7-9c7e-5e8e07d978eb","CPER","D10","CPER",,40.815536,-104.745591,"WGS84",,1654.0,,"2014-08-11T22:52Z","2014-08-13T16:00Z","2015-01-06T12:00Z","2015-01-07T12:00Z","CPER.2014.32.AEDDOR.F.T.23","CPER.2014.7.Aedes dorsalis.Female.T23","No known compromise","Other","PCR","Negative","TOGV",1,"N",,,,,"Y","testedDate may be inaccurate|sampleCompromised is unknown|testedBy may be inaccurate","Wp94RvOv+/IH+klBJiHvM/3a2EhfesxK","University of Illinois"
"3cce3f02-0491-4b85-99ec-527af2110a20","CPER","D10","CPER",,40.815536,-104.745591,"WGS84",,1654.0,,"2014-08-11T22:52Z","2014-08-13T16:00Z","2015-01-06T12:00Z","2015-01-07T12:00Z","CPER.2014.32.AEDDOR.F.T.18","CPER.2014.7.Aedes dorsalis.Female.T18","No known compromise","Other","PCR","Negative","TOGV",1,"N",,,,,"Y","testedDate may be inaccurate|sampleCompromised is unknown|testedBy may be inaccurate","Wp94RvOv+/IH+klBJiHvM/3a2EhfesxK","University of Illinois"
"254073d0-283d-4ba7-875c-9ec9a617cd33","CPER","D10","CPER",,40.815536,-104.745591,"WGS84",,1654.0,,"2014-08-11T22:52Z","2014-08-13T16:00Z","2015-01-06T12:00Z","2015-01-07T12:00Z","CPER.2014.32.AEDDOR.F.T.10","CPER.2014.7.Aedes dorsalis.Female.T10","No known compromise","Other","PCR","Negative","TOGV",1,"N",,,,,"Y","testedDate may be inaccurate|sampleCompromised is unknown|testedBy may be inaccurate","Wp94RvOv+/IH+klBJiHvM/3a2EhfesxK","University of Illinois"
"dcd40d17-9f25-4142-94c1-e19482aa5fc1","CPER","D10","CPER",,40.815536,-104.745591,"WGS84",,1654.0,,"2014-08-11T22:52Z","2014-08-13T16:00Z","2015-01-06T12:00Z","2015-01-07T12:00Z","CPER.2014.32.AEDDOR.F.T.22","CPER.2014.7.Aedes dorsalis.Female.T22","No known compromise","Other","PCR","Negative","TOGV",1,"N",,,,,"Y","testedDate may be inaccurate|sampleCompromised is unknown|testedBy may be inaccurate","Wp94RvOv+/IH+klBJiHvM/3a2EhfesxK","University of Illinois"
"9eb4d718-1415-45a5-9f43-0c89f59ca1da","CPER","D10","CPER",,40.815536,-104.745591,"WGS84",,1654.0,,"2014-08-11T22:52Z","2014-08-13T16:00Z","2015-01-06T12:00Z","2015-01-07T12:00Z","CPER.2014.32.AEDDOR.F.T.06","CPER.2014.7.Aedes dorsalis.Female.T6","No known compromise","Other","PCR","Negative","TOGV",1,"N",,,,,"Y","testedDate may be inaccurate|sampleCompromised is unknown|testedBy may be inaccurate","Wp94RvOv+/IH+klBJiHvM/3a2EhfesxK","University of Illinois"
"2f7c0142-7f29-461c-90e8-ab22c89a8710","CPER","D10","CPER",,40.815536,-104.745591,"WGS84",,1654.0,,"2014-08-11T22:52Z","2014-08-13T16:00Z","2015-01-06T12:00Z","2015-01-07T12:00Z","CPER.2014.32.AEDDOR.F.T.07","CPER.2014.7.Aedes dorsalis.Female.T7","No known compromise","Other","PCR","Negative","TOGV",1,"N",,,,,"Y","testedDate may be inaccurate|sampleCompromised is unknown|testedBy may be inaccurate","Wp94RvOv+/IH+klBJiHvM/3a2EhfesxK","University of Illinois"
"b1a4d984-c25a-4492-a028-b95e1c9fda85","CPER","D10","CPER",,40.815536,-104.745591,"WGS84",,1654.0,,"2014-08-11T22:52Z","2014-08-13T16:00Z","2015-01-06T12:00Z","2015-01-07T12:00Z","CPER.2014.32.AEDDOR.F.T.12","CPER.2014.7.Aedes dorsalis.Female.T12","No known compromise","Other","PCR","Negative","TOGV",1,"N",,,,,"Y","testedDate may be inaccurate|sampleCompromised is unknown|testedBy may be inaccurate","Wp94RvOv+/IH+klBJiHvM/3a2EhfesxK","University of Illinois"
"a52d3d7c-5045-4eb3-84af-5db9fc502591","CPER","D10","CPER",,40.815536,-104.745591,"WGS84",,1654.0,,"2014-08-11T22:52Z","2014-08-13T16:00Z","2015-01-06T12:00Z","2015-01-07T12:00Z","CPER.2014.32.AEDDOR.F.T.03","CPER.2014.7.Aedes dorsalis.Female.T3","No known compromise","Other","PCR","Negative","TOGV",1,"N",,,,,"Y","testedDate may be inaccurate|sampleCompromised is unknown|testedBy may be inaccurate","Wp94RvOv+/IH+klBJiHvM/3a2EhfesxK","University of Illinois"
"6067f88e-b014-40e8-bbfc-9f689899357d","CPER","D10","CPER",,40.815536,-104.745591,"WGS84",,1654.0,,"2014-08-11T22:52Z","2014-08-13T16:00Z","2015-01-06T12:00Z","2015-01-07T12:00Z","CPER.2014.32.AEDDOR.F.T.15","CPER.2014.7.Aedes dorsalis.Female.T15","No known compromise","Other","PCR","Negative","TOGV",1,"N",,,,,"Y","testedDate may be inaccurate|sampleCompromised is unknown|testedBy may be inaccurate","Wp94RvOv+/IH+klBJiHvM/3a2EhfesxK","University of Illinois"
"5ee8ff67-c138-419c-8577-d3d8d3688d1f","CPER","D10","CPER",,40.815536,-104.745591,"WGS84",,1654.0,,"2014-08-11T22:52Z","2014-08-13T16:00Z","2015-01-06T12:00Z","2015-01-07T12:00Z","CPER.2014.32.AEDDOR.F.T.08","CPER.2014.7.Aedes dorsalis.Female.T8","No known compromise","Other","PCR","Negative","TOGV",1,"N",,,,,"Y","testedDate may be inaccurate|sampleCompromised is unknown|testedBy may be inaccurate","Wp94RvOv+/IH+klBJiHvM/3a2EhfesxK","University of Illinois"
"4c16a0fc-86a6-413e-9c5e-6f8b33a4521d","CPER","D10","CPER",,40.815536,-104.745591,"WGS84",,1654.0,,"2014-08-11T22:52Z","2014-08-13T16:00Z","2015-01-06T12:00Z","2015-01-07T12:00Z","CPER.2014.32.CULTAR.F.T.01","CPER.2014.6.Culex tarsalis.Female.T1","No known compromise","Other","PCR","Negative","TOGV",1,"N",,,,,"Y","testedDate may be inaccurate|sampleCompromised is unknown|testedBy may be inaccurate","Wp94RvOv+/IH+klBJiHvM/3a2EhfesxK","University of Illinois"
"809744e6-14aa-4a9c-b83a-9c7c443c35ef","CPER","D10","CPER",,40.815536,-104.745591,"WGS84",,1654.0,,"2014-08-11T22:52Z","2014-08-13T16:00Z","2015-01-06T12:00Z","2015-01-07T12:00Z","CPER.2014.32.AEDDOR.F.T.26","CPER.2014.7.Aedes dorsalis.Female.T26","No known compromise","Other","PCR","Negative","TOGV",1,"N",,,,,"Y","testedDate may be inaccurate|sampleCompromised is unknown|testedBy may be inaccurate","Wp94RvOv+/IH+klBJiHvM/3a2EhfesxK","University of Illinois"
"3ffe8ae9-0e03-413f-aba3-9ccbf542fb87","CPER","D10","CPER",,40.815536,-104.745591,"WGS84",,1654.0,,"2014-08-11T22:52Z","2014-08-13T16:00Z","2015-01-06T12:00Z","2015-01-07T12:00Z","CPER.2014.32.AEDDOR.F.T.04","CPER.2014.7.Aedes dorsalis.Female.T4","No known compromise","Other","PCR","Negative","TOGV",1,"N",,,,,"Y","testedDate may be inaccurate|sampleCompromised is unknown|testedBy may be inaccurate","Wp94RvOv+/IH+klBJiHvM/3a2EhfesxK","University of Illinois"
"64f468b0-2e28-4098-b576-ed277e86a71f","CPER","D10","CPER",,40.815536,-104.745591,"WGS84",,1654.0,,"2014-08-11T22:52Z","2014-08-13T16:00Z","2015-01-06T12:00Z","2015-01-07T12:00Z","CPER.2014.32.AEDDOR.F.T.17","CPER.2014.7.Aedes dorsalis.Female.T17","No known compromise","Other","PCR","Negative","TOGV",1,"N",,,,,"Y","testedDate may be inaccurate|sampleCompromised is unknown|testedBy may be inaccurate","Wp94RvOv+/IH+klBJiHvM/3a2EhfesxK","University of Illinois"
"ff8ab288-312b-4e3b-93f5-42c4b6a5d006","CPER","D10","CPER",,40.815536,-104.745591,"WGS84",,1654.0,,"2014-08-11T22:52Z","2014-08-13T16:00Z","2015-01-06T12:00Z","2015-01-07T12:00Z","CPER.2014.32.AEDDOR.F.T.14","CPER.2014.7.Aedes dorsalis.Female.T14","No known compromise","Other","PCR","Negative","TOGV",1,"N",,,,,"Y","testedDate may be inaccurate|sampleCompromised is unknown|testedBy may be inaccurate","Wp94RvOv+/IH+klBJiHvM/3a2EhfesxK","University of Illinois"
"8f24a636-02d5-4821-8dc0-16bb7247e561","CPER","D10","CPER",,40.815536,-104.745591,"WGS84",,1654.0,,"2014-08-11T22:52Z","2014-08-13T16:00Z","2015-01-06T12:00Z","2015-01-07T12:00Z","CPER.2014.32.AEDDOR.F.T.02","CPER.2014.7.Aedes dorsalis.Female.T2","No known compromise","Other","PCR","Negative","TOGV",1,"N",,,,,"Y","testedDate may be inaccurate|sampleCompromised is unknown|testedBy may be inaccurate","Wp94RvOv+/IH+klBJiHvM/3a2EhfesxK","University of Illinois"
"5de1ea64-c6e7-4111-9b67-9ffd21c90b3e","CPER","D10","CPER",,40.815536,-104.745591,"WGS84",,1654.0,,"2014-08-11T22:52Z","2014-08-13T16:00Z","2015-01-06T12:00Z","2015-01-07T12:00Z","CPER.2014.32.AEDDOR.F.T.05","CPER.2014.7.Aedes dorsalis.Female.T5","No known compromise","Other","PCR","Negative","TOGV",1,"N",,,,,"Y","testedDate may be inaccurate|sampleCompromised is unknown|testedBy may be inaccurate","Wp94RvOv+/IH+klBJiHvM/3a2EhfesxK","University of Illinois"
"6235f2dc-315b-4dbc-a283-ea509621053e","CPER","D10","CPER",,40.815536,-104.745591,"WGS84",,1654.0,,"2014-08-11T22:52Z","2014-08-13T16:00Z","2015-01-06T12:00Z","2015-01-07T12:00Z","CPER.2014.32.AEDDOR.F.T.20","CPER.2014.7.Aedes dorsalis.Female.T20","No known compromise","Other","PCR","Negative","TOGV",1,"N",,,,,"Y","testedDate may be inaccurate|sampleCompromised is unknown|testedBy may be inaccurate","Wp94RvOv+/IH+klBJiHvM/3a2EhfesxK","University of Illinois"
"6cd50e3d-978d-4e31-ab41-e1d2972e9fda","CPER","D10","CPER",,40.815536,-104.745591,"WGS84",,1654.0,,"2014-08-11T22:52Z","2014-08-13T16:00Z","2015-01-06T12:00Z","2015-01-07T12:00Z","CPER.2014.32.AEDDOR.F.T.21","CPER.2014.7.Aedes dorsalis.Female.T21","No known compromise","Other","PCR","Negative","TOGV",1,"N",,,,,"Y","testedDate may be inaccurate|sampleCompromised is unknown|testedBy may be inaccurate","Wp94RvOv+/IH+klBJiHvM/3a2EhfesxK","University of Illinois"
"b55ccd53-8645-46fb-ab60-fbd6149c089b","CPER","D10","CPER",,40.815536,-104.745591,"WGS84",,1654.0,,"2014-08-11T22:52Z","2014-08-13T16:00Z","2015-01-06T12:00Z","2015-01-07T12:00Z","CPER.2014.32.AEDDOR.F.T.13","CPER.2014.7.Aedes dorsalis.Female.T13","No known compromise","Other","PCR","Negative","TOGV",1,"N",,,,,"Y","testedDate may be inaccurate|sampleCompromised is unknown|testedBy may be inaccurate","Wp94RvOv+/IH+klBJiHvM/3a2EhfesxK","University of Illinois"
"becee3fd-e611-4151-bc82-778777b97bf9","CPER","D10","CPER",,40.815536,-104.745591,"WGS84",,1654.0,,"2014-08-11T22:52Z","2014-08-13T16:00Z","2015-01-06T12:00Z","2015-01-07T12:00Z","CPER.2014.32.AEDDOR.F.T.01","CPER.2014.7.Aedes dorsalis.Female.T1","No known compromise","Other","PCR","Negative","TOGV",1,"N",,,,,"Y","testedDate may be inaccurate|sampleCompromised is unknown|testedBy may be inaccurate","Wp94RvOv+/IH+klBJiHvM/3a2EhfesxK","University of Illinois"
"71dd2330-7fd1-4998-b42d-cd9c8ef4249f","CPER","D10","CPER",,40.815536,-104.745591,"WGS84",,1654.0,,"2014-08-11T22:52Z","2014-08-13T16:00Z","2015-01-06T12:00Z","2015-01-07T12:00Z","CPER.2014.32.AEDDOR.F.T.25","CPER.2014.7.Aedes dorsalis.Female.T25","No known compromise","Other","PCR","Negative","TOGV",1,"N",,,,,"Y","testedDate may be inaccurate|sampleCompromised is unknown|testedBy may be inaccurate","Wp94RvOv+/IH+klBJiHvM/3a2EhfesxK","University of Illinois"
"77d217e4-1d41-496d-8f31-8e76a2216f9e","CPER","D10","CPER",,40.815536,-104.745591,"WGS84",,1654.0,,"2014-08-11T22:52Z","2014-08-13T16:00Z","2015-01-06T12:00Z","2015-01-07T12:00Z","CPER.2014.32.AEDDOR.F.T.11","CPER.2014.7.Aedes dorsalis.Female.T11","No known compromise","Other","PCR","Negative","TOGV",1,"N",,,,,"Y","testedDate may be inaccurate|sampleCompromised is unknown|testedBy may be inaccurate","Wp94RvOv+/IH+klBJiHvM/3a2EhfesxK","University of Illinois"
"d0cc9ba0-7aa2-4aa8-9011-54b73e1cfd50","CPER","D10","CPER",,40.815536,-104.745591,"WGS84",,1654.0,,"2014-08-11T22:52Z","2014-08-13T16:00Z","2015-01-06T12:00Z","2015-01-07T12:00Z","CPER.2014.32.AEDDOR.F.T.09","CPER.2014.7.Aedes dorsalis.Female.T9","No known compromise","Other","PCR","Negative","TOGV",1,"N",,,,,"Y","testedDate may be inaccurate|sampleCompromised is unknown|testedBy may be inaccurate","Wp94RvOv+/IH+klBJiHvM/3a2EhfesxK","University of Illinois"
"04448128-fdd7-4e79-8941-bc7f717822b1","CPER","D10","CPER",,40.815536,-104.745591,"WGS84",,1654.0,,"2014-08-11T22:52Z","2014-08-13T16:00Z","2015-01-06T12:00Z","2015-01-07T12:00Z","CPER.2014.32.AEDDOR.F.T.20","CPER.2014.7.Aedes dorsalis.Female.T20","No known compromise","Other","PCR","Negative","FLAV",3,"Y",,,,,"Y","testedDate may be inaccurate|sampleCompromised is unknown|testedBy may be inaccurate","Wp94RvOv+/IH+klBJiHvM/3a2EhfesxK","University of Illinois"
"ec1ba979-572e-405d-8e52-08153f1ab5a7","CPER","D10","CPER",,40.815536,-104.745591,"WGS84",,1654.0,,"2014-08-11T22:52Z","2014-08-13T16:00Z","2015-01-06T12:00Z","2015-01-07T12:00Z","CPER.2014.32.AEDDOR.F.T.26","CPER.2014.7.Aedes dorsalis.Female.T26","No known compromise","Other","PCR","Negative","FLAV",3,"Y",,,,,"Y","testedDate may be inaccurate|sampleCompromised is unknown|testedBy may be inaccurate","Wp94RvOv+/IH+klBJiHvM/3a2EhfesxK","University of Illinois"
"47099a39-a849-49d3-9a37-51f0c16b3ec9","CPER","D10","CPER",,40.815536,-104.745591,"WGS84",,1654.0,,"2014-08-11T22:52Z","2014-08-13T16:00Z","2015-01-06T12:00Z","2015-01-07T12:00Z","CPER.2014.32.AEDDOR.F.T.21","CPER.2014.7.Aedes dorsalis.Female.T21","No known compromise","Other","PCR","Negative","FLAV",3,"Y",,,,,"Y","testedDate may be inaccurate|sampleCompromised is unknown|testedBy may be inaccurate","Wp94RvOv+/IH+klBJiHvM/3a2EhfesxK","University of Illinois"
"545c8d59-b613-479c-a9b9-35962180ded4","CPER","D10","CPER",,40.815536,-104.745591,"WGS84",,1654.0,,"2014-08-11T22:52Z","2014-08-13T16:00Z","2015-01-06T12:00Z","2015-01-07T12:00Z","CPER.2014.32.AEDDOR.F.T.13","CPER.2014.7.Aedes dorsalis.Female.T13","No known compromise","Other","PCR","Negative","FLAV",3,"Y",,,,,"Y","testedDate may be inaccurate|sampleCompromised is unknown|testedBy may be inaccurate","Wp94RvOv+/IH+klBJiHvM/3a2EhfesxK","University of Illinois"
"1354b5fe-f82c-40b8-90fb-c505e0670142","CPER","D10","CPER",,40.815536,-104.745591,"WGS84",,1654.0,,"2014-08-11T22:52Z","2014-08-13T16:00Z","2015-01-06T12:00Z","2015-01-07T12:00Z","CPER.2014.32.AEDDOR.F.T.19","CPER.2014.7.Aedes dorsalis.Female.T19","No known compromise","Other","PCR","Negative","FLAV",3,"Y",,,,,"Y","testedDate may be inaccurate|sampleCompromised is unknown|testedBy may be inaccurate","Wp94RvOv+/IH+klBJiHvM/3a2EhfesxK","University of Illinois"
"0ee2fa0d-a058-4026-8390-cb53994ea298","CPER","D10","CPER",,40.815536,-104.745591,"WGS84",,1654.0,,"2014-08-11T22:52Z","2014-08-13T16:00Z","2015-01-06T12:00Z","2015-01-07T12:00Z","CPER.2014.32.AEDDOR.F.T.25","CPER.2014.7.Aedes dorsalis.Female.T25","No known compromise","Other","PCR","Positive","FLAV",3,"N",,,,,"Y","testedDate may be inaccurate|sampleCompromised is unknown|testedBy may be inaccurate","Wp94RvOv+/IH+klBJiHvM/3a2EhfesxK","University of Illinois"
"f19a9e2f-70eb-438e-8563-39dba9da7428","CPER","D10","CPER",,40.815536,-104.745591,"WGS84",,1654.0,,"2014-08-11T22:52Z","2014-08-13T16:00Z","2015-01-06T12:00Z","2015-01-07T12:00Z","CPER.2014.32.AEDDOR.F.T.15","CPER.2014.7.Aedes dorsalis.Female.T15","No known compromise","Other","PCR","Negative","FLAV",3,"Y",,,,,"Y","testedDate may be inaccurate|sampleCompromised is unknown|testedBy may be inaccurate","Wp94RvOv+/IH+klBJiHvM/3a2EhfesxK","University of Illinois"
"f1f9ca7f-4d4e-441c-b213-2b9262ae80ef","CPER","D10","CPER",,40.815536,-104.745591,"WGS84",,1654.0,,"2014-08-11T22:52Z","2014-08-13T16:00Z","2015-01-06T12:00Z","2015-01-07T12:00Z","CPER.2014.32.AEDDOR.F.T.22","CPER.2014.7.Aedes dorsalis.Female.T22","No known compromise","Other","PCR","Negative","FLAV",3,"Y",,,,,"Y","testedDate may be inaccurate|sampleCompromised is unknown|testedBy may be inaccurate","Wp94RvOv+/IH+klBJiHvM/3a2EhfesxK","University of Illinois"
"f92f60ee-724c-451d-96be-d621c0383311","CPER","D10","CPER",,40.815536,-104.745591,"WGS84",,1654.0,,"2014-08-11T22:52Z","2014-08-13T16:00Z","2015-01-06T12:00Z","2015-01-07T12:00Z","CPER.2014.32.AEDDOR.F.T.23","CPER.2014.7.Aedes dorsalis.Female.T23","No known compromise","Other","PCR","Negative","FLAV",3,"Y",,,,,"Y","testedDate may be inaccurate|sampleCompromised is unknown|testedBy may be inaccurate","Wp94RvOv+/IH+klBJiHvM/3a2EhfesxK","University of Illinois"
"2f543c81-974d-4a34-9fa9-b547c9538bb5","CPER","D10","CPER",,40.815536,-104.745591,"WGS84",,1654.0,,"2014-08-11T22:52Z","2014-08-13T16:00Z","2015-01-06T12:00Z","2015-01-07T12:00Z","CPER.2014.32.AEDDOR.F.T.14","CPER.2014.7.Aedes dorsalis.Female.T14","No known compromise","Other","PCR","Negative","FLAV",3,"Y",,,,,"Y","testedDate may be inaccurate|sampleCompromised is unknown|testedBy may be inaccurate","Wp94RvOv+/IH+klBJiHvM/3a2EhfesxK","University of Illinois"
"8326286a-13c2-40f2-965d-2f488a3898ff","CPER","D10","CPER",,40.815536,-104.745591,"WGS84",,1654.0,,"2014-08-11T22:52Z","2014-08-13T16:00Z","2015-01-06T12:00Z","2015-01-07T12:00Z","CPER.2014.32.AEDDOR.F.T.11","CPER.2014.7.Aedes dorsalis.Female.T11","No known compromise","Other","PCR","Negative","FLAV",3,"Y",,,,,"Y","testedDate may be inaccurate|sampleCompromised is unknown|testedBy may be inaccurate","Wp94RvOv+/IH+klBJiHvM/3a2EhfesxK","University of Illinois"
"3c12069c-a8d2-4011-87a4-100a9ec14c20","CPER","D10","CPER",,40.815536,-104.745591,"WGS84",,1654.0,,"2014-08-11T22:52Z","2014-08-13T16:00Z","2015-01-06T12:00Z","2015-01-07T12:00Z","CPER.2014.32.AEDDOR.F.T.17","CPER.2014.7.Aedes dorsalis.Female.T17","No known compromise","Other","PCR","Negative","FLAV",3,"Y",,,,,"Y","testedDate may be inaccurate|sampleCompromised is unknown|testedBy may be inaccurate","Wp94RvOv+/IH+klBJiHvM/3a2EhfesxK","University of Illinois"
"e16e557b-3d37-422c-92c3-e247977695ad","CPER","D10","CPER",,40.815536,-104.745591,"WGS84",,1654.0,,"2014-08-11T22:52Z","2014-08-13T16:00Z","2015-01-06T12:00Z","2015-01-07T12:00Z","CPER.2014.32.AEDDOR.F.T.18","CPER.2014.7.Aedes dorsalis.Female.T18","No known compromise","Other","PCR","Negative","FLAV",3,"Y",,,,,"Y","testedDate may be inaccurate|sampleCompromised is unknown|testedBy may be inaccurate","Wp94RvOv+/IH+klBJiHvM/3a2EhfesxK","University of Illinois"
"62fb41d7-9fe7-46ec-baa6-76e7f0191ee9","CPER","D10","CPER",,40.815536,-104.745591,"WGS84",,1654.0,,"2014-08-11T22:52Z","2014-08-13T16:00Z","2015-01-06T12:00Z","2015-01-07T12:00Z","CPER.2014.32.AEDDOR.F.T.12","CPER.2014.7.Aedes dorsalis.Female.T12","No known compromise","Other","PCR","Negative","FLAV",3,"Y",,,,,"Y","testedDate may be inaccurate|sampleCompromised is unknown|testedBy may be inaccurate","Wp94RvOv+/IH+klBJiHvM/3a2EhfesxK","University of Illinois"
"857dbee6-4bc4-4d0c-9f39-f20571e6feb5","CPER","D10","CPER",,40.815536,-104.745591,"WGS84",,1654.0,,"2014-08-11T22:52Z","2014-08-13T16:00Z","2015-01-06T12:00Z","2015-01-07T12:00Z","CPER.2014.32.AEDDOR.F.T.16","CPER.2014.7.Aedes dorsalis.Female.T16","No known compromise","Other","PCR","Negative","FLAV",3,"Y",,,,,"Y","testedDate may be inaccurate|sampleCompromised is unknown|testedBy may be inaccurate","Wp94RvOv+/IH+klBJiHvM/3a2EhfesxK","University of Illinois"
"3e57d2a8-d91a-420a-9cdb-93620dc2c908","CPER","D10","CPER",,40.815536,-104.745591,"WGS84",,1654.0,,"2014-08-11T22:52Z","2014-08-13T16:00Z","2015-01-06T12:00Z","2015-01-07T12:00Z","CPER.2014.32.AEDDOR.F.T.24","CPER.2014.7.Aedes dorsalis.Female.T24","No known compromise","Other","PCR","Negative","FLAV",3,"Y",,,,,"Y","testedDate may be inaccurate|sampleCompromised is unknown|testedBy may be inaccurate","Wp94RvOv+/IH+klBJiHvM/3a2EhfesxK","University of Illinois"
"62b5171d-4430-4fff-ab93-e9282f02248e","CPER","D10","CPER",,40.815536,-104.745591,"WGS84",,1654.0,,"2014-08-11T22:52Z","2014-08-13T16:00Z","2015-01-06T12:00Z","2015-01-07T12:00Z","CPER.2014.32.AEDDOR.F.T.09","CPER.2014.7.Aedes dorsalis.Female.T9","No known compromise","Other","PCR","Negative","FLAV",3,"Y",,,,,"Y","testedDate may be inaccurate|sampleCompromised is unknown|testedBy may be inaccurate","Wp94RvOv+/IH+klBJiHvM/3a2EhfesxK","University of Illinois"
"e1c194a1-b0da-455a-84dd-9daa63b432bf","CPER","D10","CPER",,40.815536,-104.745591,"WGS84",,1654.0,,"2014-08-11T22:52Z","2014-08-13T16:00Z","2015-01-06T12:00Z","2015-01-07T12:00Z","CPER.2014.32.AEDDOR.F.T.03","CPER.2014.7.Aedes dorsalis.Female.T3","No known compromise","Other","PCR","Negative","FLAV",3,"Y",,,,,"Y","testedDate may be inaccurate|sampleCompromised is unknown|testedBy may be inaccurate","Wp94RvOv+/IH+klBJiHvM/3a2EhfesxK","University of Illinois"
"190425b4-8501-4244-9f5b-0e0717368c20","CPER","D10","CPER",,40.815536,-104.745591,"WGS84",,1654.0,,"2014-08-11T22:52Z","2014-08-13T16:00Z","2015-01-06T12:00Z","2015-01-07T12:00Z","CPER.2014.32.CULTAR.F.T.02","CPER.2014.6.Culex tarsalis.Female.T2","No known compromise","Other","PCR","Negative","FLAV",3,"Y",,,,,"Y","testedDate may be inaccurate|sampleCompromised is unknown|testedBy may be inaccurate","Wp94RvOv+/IH+klBJiHvM/3a2EhfesxK","University of Illinois"
"b9b0fce5-4785-4dea-8ad2-7aec4d1d3202","CPER","D10","CPER",,40.815536,-104.745591,"WGS84",,1654.0,,"2014-08-11T22:52Z","2014-08-13T16:00Z","2015-01-06T12:00Z","2015-01-07T12:00Z","CPER.2014.32.AEDDOR.F.T.06","CPER.2014.7.Aedes dorsalis.Female.T6","No known compromise","Other","PCR","Negative","FLAV",3,"Y",,,,,"Y","testedDate may be inaccurate|sampleCompromised is unknown|testedBy may be inaccurate","Wp94RvOv+/IH+klBJiHvM/3a2EhfesxK","University of Illinois"
"b5fb0ae6-bb7e-4ee6-84ce-ba7a9fee6b2b","CPER","D10","CPER",,40.815536,-104.745591,"WGS84",,1654.0,,"2014-08-11T22:52Z","2014-08-13T16:00Z","2015-01-06T12:00Z","2015-01-07T12:00Z","CPER.2014.32.AEDDOR.F.T.07","CPER.2014.7.Aedes dorsalis.Female.T7","No known compromise","Other","PCR","Negative","FLAV",3,"Y",,,,,"Y","testedDate may be inaccurate|sampleCompromised is unknown|testedBy may be inaccurate","Wp94RvOv+/IH+klBJiHvM/3a2EhfesxK","University of Illinois"
"223782cd-455e-4cf8-b628-549b187f3244","CPER","D10","CPER",,40.815536,-104.745591,"WGS84",,1654.0,,"2014-08-11T22:52Z","2014-08-13T16:00Z","2015-01-06T12:00Z","2015-01-07T12:00Z","CPER.2014.32.AEDDOR.F.T.08","CPER.2014.7.Aedes dorsalis.Female.T8","No known compromise","Other","PCR","Negative","FLAV",3,"Y",,,,,"Y","testedDate may be inaccurate|sampleCompromised is unknown|testedBy may be inaccurate","Wp94RvOv+/IH+klBJiHvM/3a2EhfesxK","University of Illinois"
"d1679f93-b8a3-4b68-a75a-8aa420103d11","CPER","D10","CPER",,40.815536,-104.745591,"WGS84",,1654.0,,"2014-08-11T22:52Z","2014-08-13T16:00Z","2015-01-06T12:00Z","2015-01-07T12:00Z","CPER.2014.32.CULTAR.F.T.01","CPER.2014.6.Culex tarsalis.Female.T1","No known compromise","Other","PCR","Negative","FLAV",3,"Y",,,,,"Y","testedDate may be inaccurate|sampleCompromised is unknown|testedBy may be inaccurate","Wp94RvOv+/IH+klBJiHvM/3a2EhfesxK","University of Illinois"
"d4579c43-6e20-45b1-84ff-a2e394527d9a","CPER","D10","CPER",,40.815536,-104.745591,"WGS84",,1654.0,,"2014-08-11T22:52Z","2014-08-13T16:00Z","2015-01-06T12:00Z","2015-01-07T12:00Z","CPER.2014.32.AEDDOR.F.T.10","CPER.2014.7.Aedes dorsalis.Female.T10","No known compromise","Other","PCR","Negative","FLAV",3,"Y",,,,,"Y","testedDate may be inaccurate|sampleCompromised is unknown|testedBy may be inaccurate","Wp94RvOv+/IH+klBJiHvM/3a2EhfesxK","University of Illinois"
"12db7ca6-0246-43a9-bc5d-d73c22856039","CPER","D10","CPER",,40.815536,-104.745591,"WGS84",,1654.0,,"2014-08-11T22:52Z","2014-08-13T16:00Z","2015-01-06T12:00Z","2015-01-07T12:00Z","CPER.2014.32.AEDDOR.F.T.05","CPER.2014.7.Aedes dorsalis.Female.T5","No known compromise","Other","PCR","Negative","FLAV",3,"Y",,,,,"Y","testedDate may be inaccurate|sampleCompromised is unknown|testedBy may be inaccurate","Wp94RvOv+/IH+klBJiHvM/3a2EhfesxK","University of Illinois"
"8c4e6703-efd4-45dd-bf83-31c9ff64a0bf","CPER","D10","CPER",,40.815536,-104.745591,"WGS84",,1654.0,,"2014-08-11T22:52Z","2014-08-13T16:00Z","2015-01-06T12:00Z","2015-01-07T12:00Z","CPER.2014.32.AEDDOR.F.T.25","CPER.2014.7.Aedes dorsalis.Female.T25","No known compromise","Other","PCR","Positive","WNV",4,"Y",,,,,"Y","testedDate may be inaccurate|sampleCompromised is unknown|testedBy may be inaccurate","Wp94RvOv+/IH+klBJiHvM/3a2EhfesxK","University of Illinois"
"ba5a985d-31a1-4f6f-9d07-72c05d9c6263","CPER","D10","CPER",,40.815536,-104.745591,"WGS84",,1654.0,,"2014-08-11T22:52Z","2014-08-13T16:00Z","2015-01-06T12:00Z","2015-01-07T12:00Z","CPER.2014.32.AEDDOR.F.T.14","CPER.2014.7.Aedes dorsalis.Female.T14","No known compromise","Other","PCR","Negative","BUNV",2,"N",,,,,"Y","testedDate may be inaccurate|sampleCompromised is unknown|testedBy may be inaccurate","Wp94RvOv+/IH+klBJiHvM/3a2EhfesxK","University of Illinois"
"7aa517d4-937b-4c98-8d90-65ba745b638a","CPER","D10","CPER",,40.815536,-104.745591,"WGS84",,1654.0,,"2014-08-11T22:52Z","2014-08-13T16:00Z","2015-01-06T12:00Z","2015-01-07T12:00Z","CPER.2014.32.AEDDOR.F.T.18","CPER.2014.7.Aedes dorsalis.Female.T18","No known compromise","Other","PCR","Negative","BUNV",2,"N",,,,,"Y","testedDate may be inaccurate|sampleCompromised is unknown|testedBy may be inaccurate","Wp94RvOv+/IH+klBJiHvM/3a2EhfesxK","University of Illinois"
"72f7f890-18d8-42f7-b89d-c971cd241f9a","CPER","D10","CPER",,40.815536,-104.745591,"WGS84",,1654.0,,"2014-08-11T22:52Z","2014-08-13T16:00Z","2015-01-06T12:00Z","2015-01-07T12:00Z","CPER.2014.32.AEDDOR.F.T.24","CPER.2014.7.Aedes dorsalis.Female.T24","No known compromise","Other","PCR","Negative","BUNV",2,"N",,,,,"Y","testedDate may be inaccurate|sampleCompromised is unknown|testedBy may be inaccurate","Wp94RvOv+/IH+klBJiHvM/3a2EhfesxK","University of Illinois"
"65bf0f46-1448-449f-93cf-eba68ce7ec6a","CPER","D10","CPER",,40.815536,-104.745591,"WGS84",,1654.0,,"2014-08-11T22:52Z","2014-08-13T16:00Z","2015-01-06T12:00Z","2015-01-07T12:00Z","CPER.2014.32.AEDDOR.F.T.25","CPER.2014.7.Aedes dorsalis.Female.T25","No known compromise","Other","PCR","Negative","BUNV",2,"N",,,,,"Y","testedDate may be inaccurate|sampleCompromised is unknown|testedBy may be inaccurate","Wp94RvOv+/IH+klBJiHvM/3a2EhfesxK","University of Illinois"
"78de96b1-5a14-4703-9c9d-0fa9add402ad","CPER","D10","CPER",,40.815536,-104.745591,"WGS84",,1654.0,,"2014-08-11T22:52Z","2014-08-13T16:00Z","2015-01-06T12:00Z","2015-01-07T12:00Z","CPER.2014.32.AEDDOR.F.T.16","CPER.2014.7.Aedes dorsalis.Female.T16","No known compromise","Other","PCR","Negative","BUNV",2,"N",,,,,"Y","testedDate may be inaccurate|sampleCompromised is unknown|testedBy may be inaccurate","Wp94RvOv+/IH+klBJiHvM/3a2EhfesxK","University of Illinois"
"52fb0a15-21d9-4b4f-b497-2d24a07565ec","CPER","D10","CPER",,40.815536,-104.745591,"WGS84",,1654.0,,"2014-08-11T22:52Z","2014-08-13T16:00Z","2015-01-06T12:00Z","2015-01-07T12:00Z","CPER.2014.32.AEDDOR.F.T.22","CPER.2014.7.Aedes dorsalis.Female.T22","No known compromise","Other","PCR","Negative","BUNV",2,"N",,,,,"Y","testedDate may be inaccurate|sampleCompromised is unknown|testedBy may be inaccurate","Wp94RvOv+/IH+klBJiHvM/3a2EhfesxK","University of Illinois"
"623441a1-6595-4b23-8a69-b9ebf5695ce6","CPER","D10","CPER",,40.815536,-104.745591,"WGS84",,1654.0,,"2014-08-11T22:52Z","2014-08-13T16:00Z","2015-01-06T12:00Z","2015-01-07T12:00Z","CPER.2014.32.AEDDOR.F.T.15","CPER.2014.7.Aedes dorsalis.Female.T15","No known compromise","Other","PCR","Negative","BUNV",2,"N",,,,,"Y","testedDate may be inaccurate|sampleCompromised is unknown|testedBy may be inaccurate","Wp94RvOv+/IH+klBJiHvM/3a2EhfesxK","University of Illinois"
"b277bbc8-6f3d-49a1-82ee-b8f1b8750c42","CPER","D10","CPER",,40.815536,-104.745591,"WGS84",,1654.0,,"2014-08-11T22:52Z","2014-08-13T16:00Z","2015-01-06T12:00Z","2015-01-07T12:00Z","CPER.2014.32.AEDDOR.F.T.09","CPER.2014.7.Aedes dorsalis.Female.T9","No known compromise","Other","PCR","Negative","BUNV",2,"N",,,,,"Y","testedDate may be inaccurate|sampleCompromised is unknown|testedBy may be inaccurate","Wp94RvOv+/IH+klBJiHvM/3a2EhfesxK","University of Illinois"
"16341f87-b427-46a1-ac17-c7e963df07f0","CPER","D10","CPER",,40.815536,-104.745591,"WGS84",,1654.0,,"2014-08-25T22:47Z","2014-08-27T16:18Z","2015-01-06T12:00Z","2015-01-07T12:00Z","CPER.2014.34.AEDDOR.F.T.01","CPER.2014.8.Aedes dorsalis.Female.T1","No known compromise","Other","PCR","Negative","FLAV",3,"Y",,,,,"Y","testedDate may be inaccurate|sampleCompromised is unknown|testedBy may be inaccurate","Wp94RvOv+/IH+klBJiHvM/3a2EhfesxK","University of Illinois"
"21aeef75-0274-4cc6-9515-cec8105563eb","CPER","D10","CPER",,40.815536,-104.745591,"WGS84",,1654.0,,"2014-08-25T22:47Z","2014-08-27T16:18Z","2015-01-06T12:00Z","2015-01-07T12:00Z","CPER.2014.34.AEDDOR.F.T.01","CPER.2014.8.Aedes dorsalis.Female.T1","No known compromise","Other","PCR","Negative","TOGV",1,"N",,,,,"Y","testedDate may be inaccurate|sampleCompromised is unknown|testedBy may be inaccurate","Wp94RvOv+/IH+klBJiHvM/3a2EhfesxK","University of Illinois"
"f8b3035a-7726-45f0-8718-57f7e391a81a","CPER","D10","CPER",,40.815536,-104.745591,"WGS84",,1654.0,,"2014-08-25T22:47Z","2014-08-27T16:18Z","2015-01-06T12:00Z","2015-01-07T12:00Z","CPER.2014.34.AEDDOR.F.T.02","CPER.2014.8.Aedes dorsalis.Female.T2","No known compromise","Other","PCR","Negative","TOGV",1,"N",,,,,"Y","testedDate may be inaccurate|sampleCompromised is unknown|testedBy may be inaccurate","Wp94RvOv+/IH+klBJiHvM/3a2EhfesxK","University of Illinois"
"28a7d5c9-6d3e-4a45-8bb7-c1ffb5118a7e","CPER","D10","CPER",,40.815536,-104.745591,"WGS84",,1654.0,,"2014-08-25T22:47Z","2014-08-27T16:18Z","2015-01-06T12:00Z","2015-01-07T12:00Z","CPER.2014.34.AEDDOR.F.T.02","CPER.2014.8.Aedes dorsalis.Female.T2","No known compromise","Other","PCR","Negative","BUNV",2,"N",,,,,"Y","testedDate may be inaccurate|sampleCompromised is unknown|testedBy may be inaccurate","Wp94RvOv+/IH+klBJiHvM/3a2EhfesxK","University of Illinois"
"2a339612-3739-4a99-8c3e-ec020917533f","CPER","D10","CPER",,40.815536,-104.745591,"WGS84",,1654.0,,"2014-08-25T22:47Z","2014-08-27T16:18Z","2015-01-06T12:00Z","2015-01-07T12:00Z","CPER.2014.34.AEDDOR.F.T.01","CPER.2014.8.Aedes dorsalis.Female.T1","No known compromise","Other","PCR","Negative","BUNV",2,"N",,,,,"Y","testedDate may be inaccurate|sampleCompromised is unknown|testedBy may be inaccurate","Wp94RvOv+/IH+klBJiHvM/3a2EhfesxK","University of Illinois"
"8fa720c7-3a4d-4411-bcab-c7354511b8f4","CPER","D10","CPER",,40.815536,-104.745591,"WGS84",,1654.0,,"2014-08-25T22:47Z","2014-08-27T16:18Z","2015-01-06T12:00Z","2015-01-07T12:00Z","CPER.2014.34.AEDDOR.F.T.02","CPER.2014.8.Aedes dorsalis.Female.T2","No known compromise","Other","PCR","Negative","FLAV",3,"Y",,,,,"Y","testedDate may be inaccurate|sampleCompromised is unknown|testedBy may be inaccurate","Wp94RvOv+/IH+klBJiHvM/3a2EhfesxK","University of Illinois"
"6e608a2e-fbfd-43eb-b266-d9ca3ddf834e","CPER","D10","CPER",,40.815536,-104.745591,"WGS84",,1654.0,,"2014-08-25T23:18Z","2014-08-27T16:18Z","2015-01-06T12:00Z","2015-01-07T12:00Z","CPER.2014.34.CULTAR.F.T.04","CPER.2014.7.Culex tarsalis.Female.T4","No known compromise","Other","PCR","Negative","TOGV",1,"N",,,,,"Y","testedDate may be inaccurate|sampleCompromised is unknown|testedBy may be inaccurate","Wp94RvOv+/IH+klBJiHvM/3a2EhfesxK","University of Illinois"
"34ac1c19-554c-4434-98ea-819b41b24bde","CPER","D10","CPER",,40.815536,-104.745591,"WGS84",,1654.0,,"2014-08-25T23:18Z","2014-08-27T16:18Z","2015-01-06T12:00Z","2015-01-07T12:00Z","CPER.2014.34.CULTAR.F.T.03","CPER.2014.7.Culex tarsalis.Female.T3","No known compromise","Other","PCR","Negative","TOGV",1,"N",,,,,"Y","testedDate may be inaccurate|sampleCompromised is unknown|testedBy may be inaccurate","Wp94RvOv+/IH+klBJiHvM/3a2EhfesxK","University of Illinois"
"c85568d6-db63-48d1-87a4-817aa8d4fbc3","CPER","D10","CPER",,40.815536,-104.745591,"WGS84",,1654.0,,"2014-08-25T23:18Z","2014-08-27T16:18Z","2015-01-06T12:00Z","2015-01-07T12:00Z","CPER.2014.34.CULTAR.F.T.02","CPER.2014.7.Culex tarsalis.Female.T2","No known compromise","Other","PCR","Negative","FLAV",3,"Y",,,,,"Y","testedDate may be inaccurate|sampleCompromised is unknown|testedBy may be inaccurate","Wp94RvOv+/IH+klBJiHvM/3a2EhfesxK","University of Illinois"
"29fe112c-86f8-4ab1-af80-8fa488997d13","CPER","D10","CPER",,40.815536,-104.745591,"WGS84",,1654.0,,"2014-08-25T23:18Z","2014-08-27T16:18Z","2015-01-06T12:00Z","2015-01-07T12:00Z","CPER.2014.34.CULTAR.F.T.04","CPER.2014.7.Culex tarsalis.Female.T4","No known compromise","Other","PCR","Negative","FLAV",3,"Y",,,,,"Y","testedDate may be inaccurate|sampleCompromised is unknown|testedBy may be inaccurate","Wp94RvOv+/IH+klBJiHvM/3a2EhfesxK","University of Illinois"
"11cef903-b4a1-4c1d-a58c-2f4e56b14ad8","CPER","D10","CPER",,40.815536,-104.745591,"WGS84",,1654.0,,"2014-08-25T23:18Z","2014-08-27T16:18Z","2015-01-06T12:00Z","2015-01-07T12:00Z","CPER.2014.34.CULTAR.F.T.01","CPER.2014.7.Culex tarsalis.Female.T1","No known compromise","Other","PCR","Negative","FLAV",3,"Y",,,,,"Y","testedDate may be inaccurate|sampleCompromised is unknown|testedBy may be inaccurate","Wp94RvOv+/IH+klBJiHvM/3a2EhfesxK","University of Illinois"
"f4baf104-d8fe-4285-92f9-ee2b53c976fc","CPER","D10","CPER",,40.815536,-104.745591,"WGS84",,1654.0,,"2014-08-25T23:18Z","2014-08-27T16:18Z","2015-01-06T12:00Z","2015-01-07T12:00Z","CPER.2014.34.CULTAR.F.T.03","CPER.2014.7.Culex tarsalis.Female.T3","No known compromise","Other","PCR","Positive","FLAV",3,"N",,,,,"Y","testedDate may be inaccurate|sampleCompromised is unknown|testedBy may be inaccurate","Wp94RvOv+/IH+klBJiHvM/3a2EhfesxK","University of Illinois"
"268c6df6-2f5b-434d-a8b3-f27fcabcdd57","CPER","D10","CPER",,40.815536,-104.745591,"WGS84",,1654.0,,"2014-08-25T23:18Z","2014-08-27T16:18Z","2015-01-06T12:00Z","2015-01-07T12:00Z","CPER.2014.34.CULTAR.F.T.02","CPER.2014.7.Culex tarsalis.Female.T2","No known compromise","Other","PCR","Negative","TOGV",1,"N",,,,,"Y","testedDate may be inaccurate|sampleCompromised is unknown|testedBy may be inaccurate","Wp94RvOv+/IH+klBJiHvM/3a2EhfesxK","University of Illinois"
"7229a779-6667-4860-b398-a939d6324842","CPER","D10","CPER",,40.815536,-104.745591,"WGS84",,1654.0,,"2014-08-25T23:18Z","2014-08-27T16:18Z","2015-01-06T12:00Z","2015-01-07T12:00Z","CPER.2014.34.CULTAR.F.T.01","CPER.2014.7.Culex tarsalis.Female.T1","No known compromise","Other","PCR","Negative","TOGV",1,"N",,,,,"Y","testedDate may be inaccurate|sampleCompromised is unknown|testedBy may be inaccurate","Wp94RvOv+/IH+klBJiHvM/3a2EhfesxK","University of Illinois"
"69b6dd4c-7b1a-4fe3-bf21-3c4778ca83a7","CPER","D10","CPER",,40.815536,-104.745591,"WGS84",,1654.0,,"2014-08-25T23:18Z","2014-08-27T16:18Z","2015-01-06T12:00Z","2015-01-07T12:00Z","CPER.2014.34.CULTAR.F.T.01","CPER.2014.7.Culex tarsalis.Female.T1","No known compromise","Other","PCR","Negative","BUNV",2,"N",,,,,"Y","testedDate may be inaccurate|sampleCompromised is unknown|testedBy may be inaccurate","Wp94RvOv+/IH+klBJiHvM/3a2EhfesxK","University of Illinois"
"08e2d3f6-7712-4809-8dd2-3ca7f2a2effd","CPER","D10","CPER",,40.815536,-104.745591,"WGS84",,1654.0,,"2014-08-25T23:18Z","2014-08-27T16:18Z","2015-01-06T12:00Z","2015-01-07T12:00Z","CPER.2014.34.CULTAR.F.T.02","CPER.2014.7.Culex tarsalis.Female.T2","No known compromise","Other","PCR","Negative","BUNV",2,"N",,,,,"Y","testedDate may be inaccurate|sampleCompromised is unknown|testedBy may be inaccurate","Wp94RvOv+/IH+klBJiHvM/3a2EhfesxK","University of Illinois"
"5a1e7a84-28ef-4b3b-a86e-d890eb1af654","CPER","D10","CPER",,40.815536,-104.745591,"WGS84",,1654.0,,"2014-08-25T23:18Z","2014-08-27T16:18Z","2015-01-06T12:00Z","2015-01-07T12:00Z","CPER.2014.34.CULTAR.F.T.04","CPER.2014.7.Culex tarsalis.Female.T4","No known compromise","Other","PCR","Negative","BUNV",2,"N",,,,,"Y","testedDate may be inaccurate|sampleCompromised is unknown|testedBy may be inaccurate","Wp94RvOv+/IH+klBJiHvM/3a2EhfesxK","University of Illinois"
"1d776d0c-0991-4788-b5fa-872f97072198","CPER","D10","CPER",,40.815536,-104.745591,"WGS84",,1654.0,,"2014-08-25T23:18Z","2014-08-27T16:18Z","2015-01-06T12:00Z","2015-01-07T12:00Z","CPER.2014.34.CULTAR.F.T.03","CPER.2014.7.Culex tarsalis.Female.T3","No known compromise","Other","PCR","Positive","WNV",4,"Y",,,,,"Y","testedDate may be inaccurate|sampleCompromised is unknown|testedBy may be inaccurate","Wp94RvOv+/IH+klBJiHvM/3a2EhfesxK","University of Illinois"
"27a1592f-9676-4242-b33e-fa933ce5fcf1","CPER","D10","CPER",,40.815536,-104.745591,"WGS84",,1654.0,,"2014-08-25T23:18Z","2014-08-27T16:18Z","2015-01-06T12:00Z","2015-01-07T12:00Z","CPER.2014.34.CULTAR.F.T.03","CPER.2014.7.Culex tarsalis.Female.T3","No known compromise","Other","PCR","Negative","BUNV",2,"N",,,,,"Y","testedDate may be inaccurate|sampleCompromised is unknown|testedBy may be inaccurate","Wp94RvOv+/IH+klBJiHvM/3a2EhfesxK","University of Illinois"
