uid,namedLocation,domainID,siteID,startCollectDate,endCollectDate,testingID,testingVialID,poolSize,dataQF
"16ba4977-e839-4e62-b518-4fbb3f152913","CPER","D10","CPER","2014-08-11T22:52Z","2014-08-13T16:00Z","CPER.2014.32.AEDDOR.F.T","CPER.2014.32.AEDDOR.F.T.20",50,
"31481e3e-30c5-44fb-bc87-b1f323e6d04d","CPER","D10","CPER","2014-08-11T22:52Z","2014-08-13T16:00Z","CPER.2014.32.CULTAR.F.T","CPER.2014.32.CULTAR.F.T.02",20,
"1e053e41-0a48-4270-9a5d-4c473153d7ac","CPER","D10","CPER","2014-08-11T22:52Z","2014-08-13T16:00Z","CPER.2014.32.CULTAR.F.T","CPER.2014.32.CULTAR.F.T.01",20,
"513e4a74-9b15-4421-9696-a2019385d804","CPER","D10","CPER","2014-08-11T22:52Z","2014-08-13T16:00Z","CPER.2014.32.AEDDOR.F.T","CPER.2014.32.AEDDOR.F.T.10",50,
"b016fa40-93de-4c9f-90b9-c5abbb1c7af7","CPER","D10","CPER","2014-08-11T22:52Z","2014-08-13T16:00Z","CPER.2014.32.AEDDOR.F.T","CPER.2014.32.AEDDOR.F.T.06",50,
"3d254d2d-3e4d-4366-8836-56bff3d55500","CPER","D10","CPER","2014-08-11T22:52Z","2014-08-13T16:00Z","CPER.2014.32.AEDDOR.F.T","CPER.2014.32.AEDDOR.F.T.01",50,
"dcfb5a61-62cd-4d18-b20e-05c3af59db25","CPER","D10","CPER","2014-08-11T22:52Z","2014-08-13T16:00Z","CPER.2014.32.AEDDOR.F.T","CPER.2014.32.AEDDOR.F.T.25",50,
"97ffa743-5488-4cec-956a-36be12c784d3","CPER","D10","CPER","2014-08-11T22:52Z","2014-08-13T16:00Z","CPER.2014.32.AEDDOR.F.T","CPER.2014.32.AEDDOR.F.T.24",50,
"b74108a3-757c-48ce-942f-3f8e4abfbd81","CPER","D10","CPER","2014-08-11T22:52Z","2014-08-13T16:00Z","CPER.2014.32.AEDDOR.F.T","CPER.2014.32.AEDDOR.F.T.23",50,
"2ec6cc88-5f67-4d32-a9f2-7de3a317474a","CPER","D10","CPER","2014-08-11T22:52Z","2014-08-13T16:00Z","CPER.2014.32.AEDDOR.F.T","CPER.2014.32.AEDDOR.F.T.26",50,
"4959f4f3-59a7-42c7-b5b3-ee26f74b7b11","CPER","D10","CPER","2014-08-11T22:52Z","2014-08-13T16:00Z","CPER.2014.32.AEDDOR.F.T","CPER.2014.32.AEDDOR.F.T.15",50,
"285dda71-1e3b-4732-9ecd-239ba4753e03","CPER","D10","CPER","2014-08-11T22:52Z","2014-08-13T16:00Z","CPER.2014.32.AEDDOR.F.T","CPER.2014.32.AEDDOR.F.T.17",50,
"ca837c55-dc52-400a-9ade-f946819e0b2e","CPER","D10","CPER","2014-08-11T22:52Z","2014-08-13T16:00Z","CPER.2014.32.AEDDOR.F.T","CPER.2014.32.AEDDOR.F.T.08",50,
"faedb486-b2b9-442e-9d78-fd7a95623d3f","CPER","D10","CPER","2014-08-11T22:52Z","2014-08-13T16:00Z","CPER.2014.32.AEDDOR.F.T","CPER.2014.32.AEDDOR.F.T.13",50,
"c93a1dc8-f1fc-4e18-8760-290c53df9af8","CPER","D10","CPER","2014-08-11T22:52Z","2014-08-13T16:00Z","CPER.2014.32.AEDDOR.F.T","CPER.2014.32.AEDDOR.F.T.16",50,
"733d1eba-2e56-4075-a9c1-28f03b3dcd71","CPER","D10","CPER","2014-08-11T22:52Z","2014-08-13T16:00Z","CPER.2014.32.AEDDOR.F.T","CPER.2014.32.AEDDOR.F.T.09",50,
"61b21a47-fbf2-474f-ac27-78ba5687376f","CPER","D10","CPER","2014-08-11T22:52Z","2014-08-13T16:00Z","CPER.2014.32.AEDDOR.F.T","CPER.2014.32.AEDDOR.F.T.03",50,
"69204e13-b60a-4981-9d74-1b3c15bed7e3","CPER","D10","CPER","2014-08-11T22:52Z","2014-08-13T16:00Z","CPER.2014.32.AEDDOR.F.T","CPER.2014.32.AEDDOR.F.T.11",50,
"237859c4-8abc-4daf-9222-9f48493684af","CPER","D10","CPER","2014-08-11T22:52Z","2014-08-13T16:00Z","CPER.2014.32.AEDDOR.F.T","CPER.2014.32.AEDDOR.F.T.21",50,
"fda3797c-e296-4535-90ec-0c49390336bc","CPER","D10","CPER","2014-08-11T22:52Z","2014-08-13T16:00Z","CPER.2014.32.AEDDOR.F.T","CPER.2014.32.AEDDOR.F.T.18",50,
"d1c09525-c9ce-4501-b989-62caf932bfc3","CPER","D10","CPER","2014-08-11T22:52Z","2014-08-13T16:00Z","CPER.2014.32.AEDDOR.F.T","CPER.2014.32.AEDDOR.F.T.14",50,
"4dffd144-e607-4d58-8772-ef471c53c2c4","CPER","D10","CPER","2014-08-11T22:52Z","2014-08-13T16:00Z","CPER.2014.32.AEDDOR.F.T","CPER.2014.32.AEDDOR.F.T.07",50,
"8b384830-cb97-4891-9dcf-31b6f497575e","CPER","D10","CPER","2014-08-11T22:52Z","2014-08-13T16:00Z","CPER.2014.32.AEDDOR.F.T","CPER.2014.32.AEDDOR.F.T.02",50,
"e4596269-0b28-40e8-a788-8b753ee4da8b","CPER","D10","CPER","2014-08-11T22:52Z","2014-08-13T16:00Z","CPER.2014.32.AEDDOR.F.T","CPER.2014.32.AEDDOR.F.T.04",50,
"e264eae7-a1c9-4e71-b4b6-de47c6ea9c09","CPER","D10","CPER","2014-08-11T22:52Z","2014-08-13T16:00Z","CPER.2014.32.AEDDOR.F.T","CPER.2014.32.AEDDOR.F.T.22",50,
"eaa75b48-e62d-4bd3-891f-21e3aa63de2e","CPER","D10","CPER","2014-08-11T22:52Z","2014-08-13T16:00Z","CPER.2014.32.AEDDOR.F.T","CPER.2014.32.AEDDOR.F.T.05",50,
"8408d8ee-c420-4205-96e3-f703d809fb23","CPER","D10","CPER","2014-08-11T22:52Z","2014-08-13T16:00Z","CPER.2014.32.AEDDOR.F.T","CPER.2014.32.AEDDOR.F.T.12",50,
"944e58c5-460f-44e7-994d-1ac8160da636","CPER","D10","CPER","2014-08-11T22:52Z","2014-08-13T16:00Z","CPER.2014.32.AEDDOR.F.T","CPER.2014.32.AEDDOR.F.T.19",50,
"7ea4ca7e-d9f8-4fb8-93c9-4e387e2351bc","CPER","D10","CPER","2014-08-25T22:47Z","2014-08-27T16:18Z","CPER.2014.34.AEDDOR.F.T","CPER.2014.34.AEDDOR.F.T.01",40,
"b51349f7-4308-41f7-ac45-14387d6666b2","CPER","D10","CPER","2014-08-25T22:47Z","2014-08-27T16:18Z","CPER.2014.34.AEDDOR.F.T","CPER.2014.34.AEDDOR.F.T.02",40,
"95963b34-190f-4fb4-858e-233d954660ce","CPER","D10","CPER","2014-08-25T23:18Z","2014-08-27T16:18Z","CPER.2014.34.CULTAR.F.T","CPER.2014.34.CULTAR.F.T.04",30,
"be57e101-2078-4d7a-9de0-6a98136d7baa","CPER","D10","CPER","2014-08-25T23:18Z","2014-08-27T16:18Z","CPER.2014.34.CULTAR.F.T","CPER.2014.34.CULTAR.F.T.03",30,
"1c249eb3-0bbf-4f97-b8cc-92635ab2663e","CPER","D10","CPER","2014-08-25T23:18Z","2014-08-27T16:18Z","CPER.2014.34.CULTAR.F.T","CPER.2014.34.CULTAR.F.T.02",30,
"a5c976ee-5672-4658-805a-6a82e18c896b","CPER","D10","CPER","2014-08-25T23:18Z","2014-08-27T16:18Z","CPER.2014.34.CULTAR.F.T","CPER.2014.34.CULTAR.F.T.01",30,
