uid,namedLocation,domainID,siteID,startCollectDate,endCollectDate,testingID,testingVialID,poolSize,dataQF
"3c1e3a89-0cdf-4efb-856f-5dfaf6cf97ad","KONZ","D06","KONZ","2016-06-29T22:53Z","2016-07-01T12:39Z","KONZ.2016.26.AEDVEX.F.T","KONZ.2016.26.AEDVEX.F.T.01",21,
"b94176e7-1e61-4239-8fa6-b9d37513c76a","KONZ","D06","KONZ","2016-07-13T22:06Z","2016-07-15T12:46Z","KONZ.2016.28.AEDVEX.F.T","KONZ.2016.28.AEDVEX.F.T.02",37,
"21277e76-8f41-4f3d-b158-f4e90978ecab","KONZ","D06","KONZ","2016-07-13T22:06Z","2016-07-15T12:46Z","KONZ.2016.28.AEDVEX.F.T","KONZ.2016.28.AEDVEX.F.T.01",38,
"b5142ea4-600c-4716-9984-730bb09e881d","KONZ","D06","KONZ","2016-07-13T22:06Z","2016-07-15T12:46Z","KONZ.2016.28.AEDVEX.F.T","KONZ.2016.28.AEDVEX.F.T.03",37,
"650b3124-92d3-4735-a1de-cf582dd61f9d","KONZ","D06","KONZ","2016-07-13T22:41Z","2016-07-15T13:14Z","KONZ.2016.28.CULTAR.F.T","KONZ.2016.28.CULTAR.F.T.01",13,
"ec1d1bae-8d1f-4a79-907e-12222015abfe","KONZ","D06","KONZ","2016-07-27T22:33Z","2016-07-29T13:56Z","KONZ.2016.30.AEDVEX.F.T","KONZ.2016.30.AEDVEX.F.T.02",20,
"70644338-75d6-4847-a926-032acb519c67","KONZ","D06","KONZ","2016-07-27T22:33Z","2016-07-29T13:56Z","KONZ.2016.30.AEDVEX.F.T","KONZ.2016.30.AEDVEX.F.T.01",21,
"6bc8dd98-f1ea-4a9c-ad7a-a7fb9d8faa5f","KONZ","D06","KONZ","2016-07-27T23:06Z","2016-07-29T13:48Z","KONZ.2016.30.CULTAR.F.T","KONZ.2016.30.CULTAR.F.T.01",11,
