uid,namedLocation,domainID,siteID,startCollectDate,endCollectDate,testingID,testingVialID,poolSize,dataQF
"01d3db32-6085-4ea4-a86f-4c0398c5a809","DELA","D08","DELA","2016-11-14T21:11Z","2016-11-16T13:54Z","DELA.2016.46.AEDVEX.F.T","DELA.2016.46.AEDVEX.F.T.05",39,
"b4bc20b9-3fb5-4d9a-8683-2caa3cef4987","DELA","D08","DELA","2016-11-14T21:11Z","2016-11-16T13:54Z","DELA.2016.46.AEDVEX.F.T","DELA.2016.46.AEDVEX.F.T.08",39,
"25bcd194-c6a0-4d27-b380-ecc8b551230d","DELA","D08","DELA","2016-11-14T21:11Z","2016-11-16T13:54Z","DELA.2016.46.AEDVEX.F.T","DELA.2016.46.AEDVEX.F.T.01",40,
"980fbbd6-043b-4fb1-b6c7-654d58683c66","DELA","D08","DELA","2016-11-14T21:11Z","2016-11-16T13:54Z","DELA.2016.46.AEDVEX.F.T","DELA.2016.46.AEDVEX.F.T.02",40,
"e22f01b6-149c-49fd-999b-0b5e014a47ac","DELA","D08","DELA","2016-11-14T21:11Z","2016-11-16T13:54Z","DELA.2016.46.AEDVEX.F.T","DELA.2016.46.AEDVEX.F.T.07",39,
"afd5b7c8-1692-4091-9bac-89306a30af7b","DELA","D08","DELA","2016-11-14T21:11Z","2016-11-16T13:54Z","DELA.2016.46.AEDVEX.F.T","DELA.2016.46.AEDVEX.F.T.09",39,
"e7f1d6e0-f685-4cfc-ad07-4a5e2c504886","DELA","D08","DELA","2016-11-14T21:11Z","2016-11-16T13:54Z","DELA.2016.46.AEDVEX.F.T","DELA.2016.46.AEDVEX.F.T.03",39,
"b25dd59e-55d9-4002-85cd-3a40b25293bb","DELA","D08","DELA","2016-11-14T21:11Z","2016-11-16T13:54Z","DELA.2016.46.AEDVEX.F.T","DELA.2016.46.AEDVEX.F.T.06",39,
"7544bc49-2cd5-47e6-8bfc-c53e18de8e2b","DELA","D08","DELA","2016-11-14T21:11Z","2016-11-16T13:54Z","DELA.2016.46.AEDVEX.F.T","DELA.2016.46.AEDVEX.F.T.10",39,
"16debb6d-11d3-40be-8841-3f4adaeb4514","DELA","D08","DELA","2016-11-14T21:11Z","2016-11-16T13:54Z","DELA.2016.46.AEDVEX.F.T","DELA.2016.46.AEDVEX.F.T.04",39,
