uid,namedLocation,domainID,siteID,startCollectDate,endCollectDate,testingID,testingVialID,poolSize,dataQF
"519e8c03-eb8e-4b13-8c90-c2f7a42c8016","TALL","D08","TALL","2014-07-30T22:20Z","2014-08-01T14:20Z","TALL.2014.30.CULERR.F.T","TALL.2014.30.CULERR.F.T.01",30,
"2a29e0e0-a21d-4648-8fdf-303e9a043b2e","TALL","D08","TALL","2014-08-13T20:45Z","2014-08-15T14:13Z","TALL.2014.32.CULERR.F.T","TALL.2014.32.CULERR.F.T.04",20,
"cf25344f-b90b-4f37-b818-d40c0a877005","TALL","D08","TALL","2014-08-13T20:45Z","2014-08-15T14:13Z","TALL.2014.32.CULERR.F.T","TALL.2014.32.CULERR.F.T.01",20,
"2452b63a-176d-4a8c-9578-3291df17fce6","TALL","D08","TALL","2014-08-13T20:45Z","2014-08-15T14:13Z","TALL.2014.32.CULERR.F.T","TALL.2014.32.CULERR.F.T.02",20,
"f87bf083-62a6-4fe1-ac9e-4bf958c6a1a3","TALL","D08","TALL","2014-08-13T20:45Z","2014-08-15T14:13Z","TALL.2014.32.CULERR.F.T","TALL.2014.32.CULERR.F.T.03",20,
"20c355e4-9afe-4145-a737-5126053b5c22","TALL","D08","TALL","2014-08-13T22:12Z","2014-08-15T13:19Z","TALL.2014.32.AEDVEX.F.T","TALL.2014.32.AEDVEX.F.T.01",20,
"07fda04e-31d3-433e-af9c-1aad848c7901","TALL","D08","TALL","2014-08-27T21:26Z","2014-08-29T14:20Z","TALL.2014.34.CULERR.F.T","TALL.2014.34.CULERR.F.T.06",30,
"b0a0f3da-8370-46ec-b736-cb9c5cde345f","TALL","D08","TALL","2014-08-27T21:26Z","2014-08-29T14:20Z","TALL.2014.34.CULERR.F.T","TALL.2014.34.CULERR.F.T.03",30,
"012acfe3-390c-490e-86f8-cee4c153dcce","TALL","D08","TALL","2014-08-27T21:26Z","2014-08-29T14:20Z","TALL.2014.34.CULERR.F.T","TALL.2014.34.CULERR.F.T.04",30,
"fa483932-c849-49be-87e1-764c190ca18a","TALL","D08","TALL","2014-08-27T21:26Z","2014-08-29T14:20Z","TALL.2014.34.CULERR.F.T","TALL.2014.34.CULERR.F.T.05",30,
"d66a278b-46dc-4554-86b6-94bdff5d3c35","TALL","D08","TALL","2014-08-27T21:26Z","2014-08-29T14:20Z","TALL.2014.34.COQPER.F.T","TALL.2014.34.COQPER.F.T.01",30,
"bc5a8696-56a4-48a1-be0f-28e133b99df0","TALL","D08","TALL","2014-08-27T21:26Z","2014-08-29T14:20Z","TALL.2014.34.CULERR.F.T","TALL.2014.34.CULERR.F.T.01",30,
"47a7a46d-e65f-452c-a7d7-b46c849b8aed","TALL","D08","TALL","2014-08-27T21:26Z","2014-08-29T14:20Z","TALL.2014.34.CULERR.F.T","TALL.2014.34.CULERR.F.T.02",30,
