uid,namedLocation,domainID,siteID,nlcdClass,decimalLatitude,decimalLongitude,geodeticDatum,coordinateUncertainty,elevation,elevationUncertainty,startCollectDate,endCollectDate,receivedDate,testedDate,testingVialID,deprecatedVialID,sampleCondition,testProtocolVersion,testMethod,testResult,testPathogenName,testNumber,finalResult,locus,percentIdentity,sequenceDatabase,sequenceDatabaseID,extractDepleted,remarks,testedBy,laboratoryName
"dc5d42c1-6375-432d-b6c8-50511423792d","TALL","D08","TALL",,32.950470,-87.393259,"WGS84",,166.9,,"2014-07-30T22:20Z","2014-08-01T14:20Z","2014-10-28T12:00Z","2014-11-04T12:00Z","TALL.2014.30.CULERR.F.T.01","TALL.2014.7.Culex erraticus.Female.T1","No known compromise","CAES_Pathogen_testing_SOP_2014-05-06","Culture","Negative","UNKV",1,"Y",,,,,"Y",,"r4iH4e2lsYW4kI6RhiJwwMegvyzkVSXT","Connecticut Agricultural Experiment Station"
"0ba465fb-a561-4a9a-93b2-cc398b605d5a","TALL","D08","TALL",,32.950470,-87.393259,"WGS84",,166.9,,"2014-08-13T20:45Z","2014-08-15T14:13Z","2014-10-28T12:00Z","2014-11-04T12:00Z","TALL.2014.32.CULERR.F.T.04","TALL.2014.8.Culex erraticus.Female.T4","No known compromise","CAES_Pathogen_testing_SOP_2014-05-06","Culture","Negative","UNKV",1,"Y",,,,,"Y",,"r4iH4e2lsYW4kI6RhiJwwMegvyzkVSXT","Connecticut Agricultural Experiment Station"
"dc82aaa9-37fa-4b8a-ac26-e07b0ec3cad1","TALL","D08","TALL",,32.950470,-87.393259,"WGS84",,166.9,,"2014-08-13T20:45Z","2014-08-15T14:13Z","2014-10-28T12:00Z","2014-11-04T12:00Z","TALL.2014.32.CULERR.F.T.01","TALL.2014.8.Culex erraticus.Female.T1","No known compromise","CAES_Pathogen_testing_SOP_2014-05-06","Culture","Negative","UNKV",1,"Y",,,,,"Y",,"r4iH4e2lsYW4kI6RhiJwwMegvyzkVSXT","Connecticut Agricultural Experiment Station"
"d9399f07-f352-43e8-a9b7-1eb4015301ec","TALL","D08","TALL",,32.950470,-87.393259,"WGS84",,166.9,,"2014-08-13T20:45Z","2014-08-15T14:13Z","2014-10-28T12:00Z","2014-11-04T12:00Z","TALL.2014.32.CULERR.F.T.02","TALL.2014.8.Culex erraticus.Female.T2","No known compromise","CAES_Pathogen_testing_SOP_2014-05-06","Culture","Negative","UNKV",1,"Y",,,,,"Y",,"r4iH4e2lsYW4kI6RhiJwwMegvyzkVSXT","Connecticut Agricultural Experiment Station"
"26d1d109-3dce-4123-8b73-7ac52e5bcf5a","TALL","D08","TALL",,32.950470,-87.393259,"WGS84",,166.9,,"2014-08-13T20:45Z","2014-08-15T14:13Z","2014-10-28T12:00Z","2014-11-04T12:00Z","TALL.2014.32.CULERR.F.T.03","TALL.2014.8.Culex erraticus.Female.T3","No known compromise","CAES_Pathogen_testing_SOP_2014-05-06","Culture","Negative","UNKV",1,"Y",,,,,"Y",,"r4iH4e2lsYW4kI6RhiJwwMegvyzkVSXT","Connecticut Agricultural Experiment Station"
"6f977010-0132-449d-a3f2-46150c41052b","TALL","D08","TALL",,32.950470,-87.393259,"WGS84",,166.9,,"2014-08-13T22:12Z","2014-08-15T13:19Z","2014-10-28T12:00Z","2014-11-04T12:00Z","TALL.2014.32.AEDVEX.F.T.01","TALL.2014.7.Aedes vexans.Female.T1","No known compromise","CAES_Pathogen_testing_SOP_2014-05-06","Culture","Negative","UNKV",1,"Y",,,,,"Y",,"r4iH4e2lsYW4kI6RhiJwwMegvyzkVSXT","Connecticut Agricultural Experiment Station"
"6d546788-8cb2-4709-86b4-a739234cfcf0","TALL","D08","TALL",,32.950470,-87.393259,"WGS84",,166.9,,"2014-08-27T21:26Z","2014-08-29T14:20Z","2014-10-28T12:00Z","2014-11-04T12:00Z","TALL.2014.34.CULERR.F.T.02","TALL.2014.9.Culex erraticus.Female.T2","No known compromise","CAES_Pathogen_testing_SOP_2014-05-06","Culture","Negative","UNKV",1,"Y",,,,,"Y",,"r4iH4e2lsYW4kI6RhiJwwMegvyzkVSXT","Connecticut Agricultural Experiment Station"
"135b0be2-cf4a-4682-8980-3b57709f6116","TALL","D08","TALL",,32.950470,-87.393259,"WGS84",,166.9,,"2014-08-27T21:26Z","2014-08-29T14:20Z","2014-10-28T12:00Z","2014-11-04T12:00Z","TALL.2014.34.CULERR.F.T.04","TALL.2014.9.Culex erraticus.Female.T4","No known compromise","CAES_Pathogen_testing_SOP_2014-05-06","Culture","Negative","UNKV",1,"Y",,,,,"Y",,"r4iH4e2lsYW4kI6RhiJwwMegvyzkVSXT","Connecticut Agricultural Experiment Station"
"8ab78e8a-9eb7-4a20-90ab-96a99b48e572","TALL","D08","TALL",,32.950470,-87.393259,"WGS84",,166.9,,"2014-08-27T21:26Z","2014-08-29T14:20Z","2014-10-28T12:00Z","2014-11-04T12:00Z","TALL.2014.34.CULERR.F.T.03","TALL.2014.9.Culex erraticus.Female.T3","No known compromise","CAES_Pathogen_testing_SOP_2014-05-06","Culture","Negative","UNKV",1,"Y",,,,,"Y",,"r4iH4e2lsYW4kI6RhiJwwMegvyzkVSXT","Connecticut Agricultural Experiment Station"
"0285ef3c-7edc-4979-bac5-bbfd0cd5040d","TALL","D08","TALL",,32.950470,-87.393259,"WGS84",,166.9,,"2014-08-27T21:26Z","2014-08-29T14:20Z","2014-10-28T12:00Z","2014-11-04T12:00Z","TALL.2014.34.CULERR.F.T.05","TALL.2014.9.Culex erraticus.Female.T5","No known compromise","CAES_Pathogen_testing_SOP_2014-05-06","Culture","Negative","UNKV",1,"Y",,,,,"Y",,"r4iH4e2lsYW4kI6RhiJwwMegvyzkVSXT","Connecticut Agricultural Experiment Station"
"e08dff3c-3315-4034-8978-49612d70fd5b","TALL","D08","TALL",,32.950470,-87.393259,"WGS84",,166.9,,"2014-08-27T21:26Z","2014-08-29T14:20Z","2014-10-28T12:00Z","2014-11-04T12:00Z","TALL.2014.34.CULERR.F.T.01","TALL.2014.9.Culex erraticus.Female.T1","No known compromise","CAES_Pathogen_testing_SOP_2014-05-06","Culture","Negative","UNKV",1,"Y",,,,,"Y",,"r4iH4e2lsYW4kI6RhiJwwMegvyzkVSXT","Connecticut Agricultural Experiment Station"
"2f69c069-e937-4349-961f-372a74a18962","TALL","D08","TALL",,32.950470,-87.393259,"WGS84",,166.9,,"2014-08-27T21:26Z","2014-08-29T14:20Z","2014-10-28T12:00Z","2014-11-04T12:00Z","TALL.2014.34.COQPER.F.T.01","TALL.2014.9.Coquillettidia perturbans.Female.T1","No known compromise","CAES_Pathogen_testing_SOP_2014-05-06","Culture","Negative","UNKV",1,"Y",,,,,"Y",,"r4iH4e2lsYW4kI6RhiJwwMegvyzkVSXT","Connecticut Agricultural Experiment Station"
"5836b02e-5a7a-4231-af0c-68ae702d269a","TALL","D08","TALL",,32.950470,-87.393259,"WGS84",,166.9,,"2014-08-27T21:26Z","2014-08-29T14:20Z","2014-10-28T12:00Z","2014-11-04T12:00Z","TALL.2014.34.CULERR.F.T.06","TALL.2014.9.Culex erraticus.Female.T6","No known compromise","CAES_Pathogen_testing_SOP_2014-05-06","Culture","Negative","UNKV",1,"Y",,,,,"Y",,"r4iH4e2lsYW4kI6RhiJwwMegvyzkVSXT","Connecticut Agricultural Experiment Station"
