uid,namedLocation,domainID,siteID,startCollectDate,endCollectDate,testingID,testingVialID,poolSize,dataQF
"4f0921dc-f850-4975-adc7-d7f211ad45aa","NOGP","D09","NOGP","2016-06-20T22:49Z","2016-06-22T13:40Z","NOGP.2016.25.CULTAR.F.T","NOGP.2016.25.CULTAR.F.T.01",22,
"25e4e0a0-fa30-4cd1-97f5-ef5d1b27f426","NOGP","D09","NOGP","2016-06-20T22:49Z","2016-06-22T14:22Z","NOGP.2016.25.AEDVEX.F.T","NOGP.2016.25.AEDVEX.F.T.01",27,
"38fe5b2d-f8ad-476c-9a25-ac77fc684fad","NOGP","D09","NOGP","2016-06-20T22:49Z","2016-06-22T14:22Z","NOGP.2016.25.AEDDOR.F.T","NOGP.2016.25.AEDDOR.F.T.04",36,
"0f048322-f9ee-4770-9fea-f077786267ec","NOGP","D09","NOGP","2016-06-20T22:49Z","2016-06-22T14:22Z","NOGP.2016.25.AEDDOR.F.T","NOGP.2016.25.AEDDOR.F.T.01",36,
"2f730a44-09e8-4c0d-b71a-40455ddebc17","NOGP","D09","NOGP","2016-06-20T22:49Z","2016-06-22T14:22Z","NOGP.2016.25.AEDDOR.F.T","NOGP.2016.25.AEDDOR.F.T.03",36,
"02f85814-100c-4a8f-809f-aaab55a2638b","NOGP","D09","NOGP","2016-06-20T22:49Z","2016-06-22T14:22Z","NOGP.2016.25.AEDDOR.F.T","NOGP.2016.25.AEDDOR.F.T.02",36,
"48ca79a6-e08d-4493-aa9e-f5d3f4c47245","NOGP","D09","NOGP","2016-06-20T22:49Z","2016-06-22T14:22Z","NOGP.2016.25.AEDVEX.F.T","NOGP.2016.25.AEDVEX.F.T.02",26,
"58aa61be-84aa-4b36-b5f1-77ef2d91ddc3","NOGP","D09","NOGP","2016-06-20T22:49Z","2016-06-22T14:22Z","NOGP.2016.25.AEDDOR.F.T","NOGP.2016.25.AEDDOR.F.T.05",35,
