uid,namedLocation,domainID,siteID,startCollectDate,endCollectDate,testingID,testingVialID,poolSize,dataQF
"7faa027f-1ef4-4667-90e4-92deeeec8bb8","OSBS","D03","OSBS","2016-11-02T19:15Z","2016-11-04T15:00Z","OSBS.2016.44.CULERR.F.T","OSBS.2016.44.CULERR.F.T.03",27,
"4f4f19bb-aec3-4536-b7ac-93041817a524","OSBS","D03","OSBS","2016-11-02T19:15Z","2016-11-04T15:00Z","OSBS.2016.44.CULERR.F.T","OSBS.2016.44.CULERR.F.T.01",28,
"6d1ea51c-3bd4-4ad7-a30b-fd3f52c9f472","OSBS","D03","OSBS","2016-11-02T19:15Z","2016-11-04T15:00Z","OSBS.2016.44.CULERR.F.T","OSBS.2016.44.CULERR.F.T.02",27,
"37f6aa5e-7c68-46ac-895d-24d2823393a5","OSBS","D03","OSBS","2016-11-02T19:15Z","2016-11-04T15:14Z","OSBS.2016.44.CULNIG.F.T","OSBS.2016.44.CULNIG.F.T.01",37,
"9dac295c-71a4-40e6-b7c4-227edd871f10","OSBS","D03","OSBS","2016-11-02T19:15Z","2016-11-04T15:14Z","OSBS.2016.44.CULNIG.F.T","OSBS.2016.44.CULNIG.F.T.10",36,
"02ba3c72-0b5a-44ab-b882-9ce664f9f0ac","OSBS","D03","OSBS","2016-11-02T19:15Z","2016-11-04T15:14Z","OSBS.2016.44.CULNIG.F.T","OSBS.2016.44.CULNIG.F.T.04",37,
"1033f3ff-408b-4613-bbc9-474ff902f6bb","OSBS","D03","OSBS","2016-11-02T19:15Z","2016-11-04T15:14Z","OSBS.2016.44.CULNIG.F.T","OSBS.2016.44.CULNIG.F.T.06",37,
"dfb425aa-52a5-4f97-8630-bab522bfbb03","OSBS","D03","OSBS","2016-11-02T19:15Z","2016-11-04T15:14Z","OSBS.2016.44.CULNIG.F.T","OSBS.2016.44.CULNIG.F.T.11",36,
"927f07ed-5752-4d38-adfc-9b84ea465731","OSBS","D03","OSBS","2016-11-02T19:15Z","2016-11-04T15:14Z","OSBS.2016.44.CULNIG.F.T","OSBS.2016.44.CULNIG.F.T.02",37,
"dc432bce-4347-47a7-8314-20477d1c44df","OSBS","D03","OSBS","2016-11-02T19:15Z","2016-11-04T15:14Z","OSBS.2016.44.CULNIG.F.T","OSBS.2016.44.CULNIG.F.T.09",37,
"64178f4f-3b56-46be-bb48-b96ac4b8a300","OSBS","D03","OSBS","2016-11-02T19:15Z","2016-11-04T15:14Z","OSBS.2016.44.AEDINF.F.T","OSBS.2016.44.AEDINF.F.T.06",40,
"428f9cee-b74c-42c3-9f50-ea3a28ec6c08","OSBS","D03","OSBS","2016-11-02T19:15Z","2016-11-04T15:14Z","OSBS.2016.44.AEDINF.F.T","OSBS.2016.44.AEDINF.F.T.07",39,
"76154757-1232-4ee1-bed0-bd140f5b925e","OSBS","D03","OSBS","2016-11-02T19:15Z","2016-11-04T15:14Z","OSBS.2016.44.AEDINF.F.T","OSBS.2016.44.AEDINF.F.T.10",39,
"bc77c06c-9bbf-478d-be41-85e8f7905ab4","OSBS","D03","OSBS","2016-11-02T19:15Z","2016-11-04T15:14Z","OSBS.2016.44.AEDINF.F.T","OSBS.2016.44.AEDINF.F.T.09",39,
"d98ce9ba-1d57-40f2-bab5-9881aaf09634","OSBS","D03","OSBS","2016-11-02T19:15Z","2016-11-04T15:14Z","OSBS.2016.44.AEDINF.F.T","OSBS.2016.44.AEDINF.F.T.13",39,
"cf2904aa-1c47-44c9-990e-067e429c56a5","OSBS","D03","OSBS","2016-11-02T19:15Z","2016-11-04T15:14Z","OSBS.2016.44.AEDINF.F.T","OSBS.2016.44.AEDINF.F.T.01",40,
"154db491-1b2f-429d-8681-0a8167eb2433","OSBS","D03","OSBS","2016-11-02T19:15Z","2016-11-04T15:14Z","OSBS.2016.44.AEDINF.F.T","OSBS.2016.44.AEDINF.F.T.14",39,
"e9eb768f-6d7b-4c58-8555-30be9d76431f","OSBS","D03","OSBS","2016-11-02T19:15Z","2016-11-04T15:14Z","OSBS.2016.44.AEDINF.F.T","OSBS.2016.44.AEDINF.F.T.08",39,
"4a9c9161-05ca-4884-ade8-092dc432e3d4","OSBS","D03","OSBS","2016-11-02T19:15Z","2016-11-04T15:14Z","OSBS.2016.44.AEDINF.F.T","OSBS.2016.44.AEDINF.F.T.11",39,
"577745dd-8059-4902-9a90-7411e020dc43","OSBS","D03","OSBS","2016-11-02T19:15Z","2016-11-04T15:14Z","OSBS.2016.44.AEDINF.F.T","OSBS.2016.44.AEDINF.F.T.02",40,
"de9b4ba5-04a2-40b7-a4d9-cdf889a8f6c8","OSBS","D03","OSBS","2016-11-02T19:15Z","2016-11-04T15:14Z","OSBS.2016.44.AEDINF.F.T","OSBS.2016.44.AEDINF.F.T.04",40,
"4b990670-12ee-4207-b394-4f17c5dfb6c2","OSBS","D03","OSBS","2016-11-02T19:15Z","2016-11-04T15:14Z","OSBS.2016.44.AEDINF.F.T","OSBS.2016.44.AEDINF.F.T.12",39,
"204d1a6a-511c-4e30-a9d4-896d5947cac1","OSBS","D03","OSBS","2016-11-02T19:15Z","2016-11-04T15:14Z","OSBS.2016.44.AEDINF.F.T","OSBS.2016.44.AEDINF.F.T.15",39,
"31890f6e-17a9-4410-9257-3457da841e93","OSBS","D03","OSBS","2016-11-02T19:15Z","2016-11-04T15:14Z","OSBS.2016.44.AEDINF.F.T","OSBS.2016.44.AEDINF.F.T.03",40,
"37f8caa0-cd11-482e-890e-054a3b63efe4","OSBS","D03","OSBS","2016-11-02T19:15Z","2016-11-04T15:14Z","OSBS.2016.44.AEDINF.F.T","OSBS.2016.44.AEDINF.F.T.05",40,
"915aceed-01cb-4b43-8ddf-781d85d04a68","OSBS","D03","OSBS","2016-11-02T19:15Z","2016-11-04T15:14Z","OSBS.2016.44.AEDATL.F.T","OSBS.2016.44.AEDATL.F.T.02",33,
"99ed6c38-169b-44fa-8775-81e8808a7ca8","OSBS","D03","OSBS","2016-11-02T19:15Z","2016-11-04T15:14Z","OSBS.2016.44.AEDATL.F.T","OSBS.2016.44.AEDATL.F.T.01",33,
"f4231594-7a98-4116-9bed-1c2d668b6535","OSBS","D03","OSBS","2016-11-02T19:15Z","2016-11-04T15:14Z","OSBS.2016.44.AEDATL.F.T","OSBS.2016.44.AEDATL.F.T.03",33,
"28e0a8f0-4ce6-43eb-a9ec-00869da5b7eb","OSBS","D03","OSBS","2016-11-02T19:15Z","2016-11-04T15:14Z","OSBS.2016.44.CULNIG.F.T","OSBS.2016.44.CULNIG.F.T.03",37,
"1c5d252d-28e9-4beb-b455-fe7e681413d3","OSBS","D03","OSBS","2016-11-02T19:15Z","2016-11-04T15:14Z","OSBS.2016.44.CULNIG.F.T","OSBS.2016.44.CULNIG.F.T.05",37,
"b116e0f3-3290-4fab-8ddb-60f7f149ae1d","OSBS","D03","OSBS","2016-11-02T19:15Z","2016-11-04T15:14Z","OSBS.2016.44.CULNIG.F.T","OSBS.2016.44.CULNIG.F.T.07",37,
"e1d334d2-78cd-4e60-a11e-59e586549d0b","OSBS","D03","OSBS","2016-11-02T19:15Z","2016-11-04T15:14Z","OSBS.2016.44.CULNIG.F.T","OSBS.2016.44.CULNIG.F.T.08",37,
