uid,namedLocation,domainID,siteID,startCollectDate,endCollectDate,testingID,testingVialID,poolSize,dataQF
"8133ad25-26c8-4c57-8f48-105420cfe66c","UNDE","D05","UNDE","2014-09-24T21:47Z","2014-09-26T13:12Z","UNDE.2014.38.AEDVEX.F.T","UNDE.2014.38.AEDVEX.F.T.01",41,
"2d1ecf22-b5ea-4be8-bf27-471290c04238","UNDE","D05","UNDE","2014-09-24T21:47Z","2014-09-26T13:12Z","UNDE.2014.38.AEDVEX.F.T","UNDE.2014.38.AEDVEX.F.T.03",41,
"9e110783-20ed-4f99-9a12-f5f1103b2c1a","UNDE","D05","UNDE","2014-09-24T21:47Z","2014-09-26T13:12Z","UNDE.2014.38.AEDVEX.F.T","UNDE.2014.38.AEDVEX.F.T.04",41,
"2e84dd9e-1db7-4bed-b9a1-43fb0dfee118","UNDE","D05","UNDE","2014-09-24T21:47Z","2014-09-26T13:12Z","UNDE.2014.38.AEDVEX.F.T","UNDE.2014.38.AEDVEX.F.T.05",41,
"ffb9655c-fc1f-4706-bdb3-fc32e18181c5","UNDE","D05","UNDE","2014-09-24T21:47Z","2014-09-26T13:12Z","UNDE.2014.38.AEDVEX.F.T","UNDE.2014.38.AEDVEX.F.T.02",41,
