uid,namedLocation,domainID,siteID,startCollectDate,endCollectDate,testingID,testingVialID,poolSize,dataQF
"3d0e575e-82ed-45df-b2c4-8627f90bee5a","TREE","D05","TREE","2016-09-14T22:38Z","2016-09-16T13:48Z","TREE.2016.37.AEDVEX.F.T","TREE.2016.37.AEDVEX.F.T.02",38,
"cbdd4a78-b72b-4fd9-abf1-869c2237008d","TREE","D05","TREE","2016-09-14T22:38Z","2016-09-16T13:48Z","TREE.2016.37.AEDCAN2.F.T","TREE.2016.37.AEDCAN2.F.T.02",40,
"44446cda-63c5-4fb9-b019-47d2c218b2e0","TREE","D05","TREE","2016-09-14T22:38Z","2016-09-16T13:48Z","TREE.2016.37.AEDCIN.F.T","TREE.2016.37.AEDCIN.F.T.03",32,
"b41c84e4-1f07-41dc-9c45-5d49c26566c9","TREE","D05","TREE","2016-09-14T22:38Z","2016-09-16T13:48Z","TREE.2016.37.AEDCIN.F.T","TREE.2016.37.AEDCIN.F.T.02",32,
"69b1cbe8-c290-4277-8cd5-028aa2309288","TREE","D05","TREE","2016-09-14T22:38Z","2016-09-16T13:48Z","TREE.2016.37.AEDCIN.F.T","TREE.2016.37.AEDCIN.F.T.01",32,
"528a303c-181b-4334-84d2-12b103d8a0e7","TREE","D05","TREE","2016-09-14T22:38Z","2016-09-16T13:48Z","TREE.2016.37.AEDCAN2.F.T","TREE.2016.37.AEDCAN2.F.T.08",39,
"6c527c6c-e5f2-4e85-aa8c-72d68e2f96f9","TREE","D05","TREE","2016-09-14T22:38Z","2016-09-16T13:48Z","TREE.2016.37.AEDCAN2.F.T","TREE.2016.37.AEDCAN2.F.T.10",39,
"3e85667e-ee0e-4e22-8c12-2b1d4fe56873","TREE","D05","TREE","2016-09-14T22:38Z","2016-09-16T13:48Z","TREE.2016.37.AEDCAN2.F.T","TREE.2016.37.AEDCAN2.F.T.07",39,
"807d103f-18ef-4c45-8f78-1dfb6399e902","TREE","D05","TREE","2016-09-14T22:38Z","2016-09-16T13:48Z","TREE.2016.37.AEDCAN2.F.T","TREE.2016.37.AEDCAN2.F.T.09",39,
"dbcd27ea-87d6-4259-b528-397c724ee741","TREE","D05","TREE","2016-09-14T22:38Z","2016-09-16T13:48Z","TREE.2016.37.AEDCAN2.F.T","TREE.2016.37.AEDCAN2.F.T.06",40,
"cbe4aaf2-6ab3-43a8-a7af-1add215d490e","TREE","D05","TREE","2016-09-14T22:38Z","2016-09-16T13:48Z","TREE.2016.37.AEDCAN2.F.T","TREE.2016.37.AEDCAN2.F.T.04",40,
"d027f5c2-cf7d-43c0-a8a4-b34de6278f73","TREE","D05","TREE","2016-09-14T22:38Z","2016-09-16T13:48Z","TREE.2016.37.AEDCAN2.F.T","TREE.2016.37.AEDCAN2.F.T.01",40,
"a779a359-aa74-462e-a34a-ff59b106b656","TREE","D05","TREE","2016-09-14T22:38Z","2016-09-16T13:48Z","TREE.2016.37.AEDCAN2.F.T","TREE.2016.37.AEDCAN2.F.T.05",40,
"bad60dfd-d6af-40d6-aa21-d68ec5ae4bdc","TREE","D05","TREE","2016-09-14T22:38Z","2016-09-16T13:48Z","TREE.2016.37.AEDCAN2.F.T","TREE.2016.37.AEDCAN2.F.T.03",40,
"67e1d0c7-faa4-4a12-a3a8-51b90d3934ad","TREE","D05","TREE","2016-09-14T22:38Z","2016-09-16T13:48Z","TREE.2016.37.AEDVEX.F.T","TREE.2016.37.AEDVEX.F.T.01",39,
