uid,namedLocation,domainID,siteID,startCollectDate,endCollectDate,testingID,testingVialID,poolSize,dataQF
"c349e298-58a7-43b0-9812-18866088b7e4","HARV","D01","HARV","2016-07-05T21:16Z","2016-07-07T11:58Z","HARV.2016.27.AEDCAN3.F.T","HARV.2016.27.AEDCAN3.F.T.01",31,
"59b2ef63-1f10-49d6-aadd-710f24f883c8","HARV","D01","HARV","2016-07-05T21:16Z","2016-07-07T11:58Z","HARV.2016.27.AEDCAN3.F.T","HARV.2016.27.AEDCAN3.F.T.02",31,
"f8458b87-10c2-4863-af24-a17054e00b2b","HARV","D01","HARV","2016-07-05T21:16Z","2016-07-07T11:58Z","HARV.2016.27.AEDCAN3.F.T","HARV.2016.27.AEDCAN3.F.T.03",31,
"98998507-2f42-49a7-a28a-dab31873ee33","HARV","D01","HARV","2016-07-05T21:37Z","2016-07-07T10:44Z","HARV.2016.27.AEDEXC.F.T","HARV.2016.27.AEDEXC.F.T.01",18,
"02415475-309e-47a6-bdbf-188ab6710dc3","HARV","D01","HARV","2016-07-05T21:43Z","2016-07-07T11:07Z","HARV.2016.27.AEDVEX.F.T","HARV.2016.27.AEDVEX.F.T.01",16,
"80d5f162-2873-4e7b-a46b-c285d8fc0ee5","HARV","D01","HARV","2016-07-19T20:37Z","2016-07-21T12:35Z","HARV.2016.29.AEDEXC.F.T","HARV.2016.29.AEDEXC.F.T.01",38,
"8279b3bc-9fa7-4a13-a7a4-16fde18517ad","HARV","D01","HARV","2016-07-19T21:01Z","2016-07-21T12:35Z","HARV.2016.29.AEDCAN3.F.T","HARV.2016.29.AEDCAN3.F.T.01",30,
"d22bf5c7-8c93-4380-86cb-cac59841abd3","HARV","D01","HARV","2016-07-19T21:01Z","2016-07-21T12:35Z","HARV.2016.29.AEDCAN3.F.T","HARV.2016.29.AEDCAN3.F.T.02",29,
