uid,namedLocation,domainID,siteID,startCollectDate,endCollectDate,testingID,testingVialID,poolSize,dataQF
"3bfa729c-0da1-4a9c-96a2-f6342866b716","DELA","D08","DELA","2016-08-23T22:06Z","2016-08-25T14:50Z","DELA.2016.34.CULNIG.F.T","DELA.2016.34.CULNIG.F.T.03",39,
"e3505204-a097-4189-abfb-38d6ba89764c","DELA","D08","DELA","2016-08-23T22:06Z","2016-08-25T14:50Z","DELA.2016.34.CULNIG.F.T","DELA.2016.34.CULNIG.F.T.02",39,
"62e2d9de-99f9-4a5c-bd83-7836aa815682","DELA","D08","DELA","2016-08-23T22:06Z","2016-08-25T14:50Z","DELA.2016.34.CULNIG.F.T","DELA.2016.34.CULNIG.F.T.01",39,
"1d69eeeb-e922-47fa-91fa-a8a4f54922c5","DELA","D08","DELA","2016-08-23T22:06Z","2016-08-25T14:50Z","DELA.2016.34.CULERR.F.T","DELA.2016.34.CULERR.F.T.06",39,
"410530b5-59ee-4308-acd3-dfad50119317","DELA","D08","DELA","2016-08-23T22:06Z","2016-08-25T14:50Z","DELA.2016.34.CULERR.F.T","DELA.2016.34.CULERR.F.T.03",39,
"c4197035-005e-42e1-83b4-feb6ae55afca","DELA","D08","DELA","2016-08-23T22:06Z","2016-08-25T14:50Z","DELA.2016.34.CULERR.F.T","DELA.2016.34.CULERR.F.T.02",39,
"80dd737b-0022-42ef-a875-bb91c7c898e1","DELA","D08","DELA","2016-08-23T22:06Z","2016-08-25T14:50Z","DELA.2016.34.CULERR.F.T","DELA.2016.34.CULERR.F.T.04",39,
"6eb0737f-f827-46cd-812c-28b714d9c3bf","DELA","D08","DELA","2016-08-23T22:06Z","2016-08-25T14:50Z","DELA.2016.34.CULERR.F.T","DELA.2016.34.CULERR.F.T.05",39,
"1bcb34a3-8e80-46dd-9b91-de0d47c68cab","DELA","D08","DELA","2016-08-23T22:06Z","2016-08-25T14:50Z","DELA.2016.34.CULERR.F.T","DELA.2016.34.CULERR.F.T.01",40,
"b1470d52-747b-4c60-aa9c-2db45d77c1a5","DELA","D08","DELA","2016-08-23T22:31Z","2016-08-25T14:45Z","DELA.2016.34.AEDVEX.F.T","DELA.2016.34.AEDVEX.F.T.01",27,
"ec4b547b-6ba8-4bca-8a7c-6940a1942797","DELA","D08","DELA","2016-08-23T22:31Z","2016-08-25T14:45Z","DELA.2016.34.AEDVEX.F.T","DELA.2016.34.AEDVEX.F.T.02",26,
