uid,namedLocation,domainID,siteID,startCollectDate,endCollectDate,testingID,testingVialID,poolSize,dataQF
"2c1c6344-dc6a-4067-9f9d-5bd5f2856b1e","SERC","D02","SERC","2016-05-09T20:06Z","2016-05-11T11:25Z","SERC.2016.19.CULSAL.F.T","SERC.2016.19.CULSAL.F.T.02",34,
"5d0835d9-af71-40b4-ae1f-bd69bb0755dd","SERC","D02","SERC","2016-05-09T20:06Z","2016-05-11T11:25Z","SERC.2016.19.CULSAL.F.T","SERC.2016.19.CULSAL.F.T.04",34,
"950ca669-52ca-4beb-a0ab-f341985b2666","SERC","D02","SERC","2016-05-09T20:06Z","2016-05-11T11:25Z","SERC.2016.19.CULSAL.F.T","SERC.2016.19.CULSAL.F.T.01",35,
"4465c3c3-83fe-49c3-b282-0b3fbdea6132","SERC","D02","SERC","2016-05-09T20:06Z","2016-05-11T11:25Z","SERC.2016.19.CULSAL.F.T","SERC.2016.19.CULSAL.F.T.03",34,
"277eb811-2720-4033-a84d-13748c6ea3d3","SERC","D02","SERC","2016-05-09T20:06Z","2016-05-11T11:25Z","SERC.2016.19.CULSAL.F.T","SERC.2016.19.CULSAL.F.T.05",34,
