uid,namedLocation,domainID,siteID,startCollectDate,endCollectDate,testingID,testingVialID,poolSize,dataQF
"5d00ce5b-bd22-4a4e-973c-607841890c92","TREE","D05","TREE","2016-05-26T00:20Z","2016-05-27T12:06Z","TREE.2016.21.AEDEXC.F.T","TREE.2016.21.AEDEXC.F.T.01",40,
"dc53a54a-68a2-4911-9eaf-d224808cc238","TREE","D05","TREE","2016-05-26T00:20Z","2016-05-27T12:06Z","TREE.2016.21.AEDEXC.F.T","TREE.2016.21.AEDEXC.F.T.02",39,
"1cb5a5ad-689f-47ca-90a4-8f038c5bf398","TREE","D05","TREE","2016-05-26T00:20Z","2016-05-27T12:27Z","TREE.2016.21.AEDDIA.F.T","TREE.2016.21.AEDDIA.F.T.02",32,
"9f0b3283-4a36-44b7-8c36-fc299fd6bc37","TREE","D05","TREE","2016-05-26T00:20Z","2016-05-27T12:27Z","TREE.2016.21.AEDDIA.F.T","TREE.2016.21.AEDDIA.F.T.03",32,
"1cd0e8c2-cf0b-4f9e-ab19-6e49d638eea2","TREE","D05","TREE","2016-05-26T00:20Z","2016-05-27T12:27Z","TREE.2016.21.AEDDIA.F.T","TREE.2016.21.AEDDIA.F.T.04",32,
"d67cbb79-faf7-4967-9a3c-0c155b1457d5","TREE","D05","TREE","2016-05-26T00:20Z","2016-05-27T12:27Z","TREE.2016.21.AEDDIA.F.T","TREE.2016.21.AEDDIA.F.T.01",33,
"32ccc00d-5f28-43a5-bc84-509762d382b8","TREE","D05","TREE","2016-05-26T00:20Z","2016-05-27T12:39Z","TREE.2016.21.AEDPUN.F.T","TREE.2016.21.AEDPUN.F.T.35",39,
"c8fd4db7-6b08-4779-8add-f12a69f71c51","TREE","D05","TREE","2016-05-26T00:20Z","2016-05-27T12:39Z","TREE.2016.21.AEDPUN.F.T","TREE.2016.21.AEDPUN.F.T.27",40,
"d961183d-1807-482b-9e19-ab6dc3a38d16","TREE","D05","TREE","2016-05-26T00:20Z","2016-05-27T12:39Z","TREE.2016.21.AEDPUN.F.T","TREE.2016.21.AEDPUN.F.T.34",40,
"a393ee66-47e0-4d0f-8672-0b991a909f0c","TREE","D05","TREE","2016-05-26T00:20Z","2016-05-27T12:39Z","TREE.2016.21.AEDPUN.F.T","TREE.2016.21.AEDPUN.F.T.08",40,
"27b10be5-0146-4556-adea-305fa7f127c4","TREE","D05","TREE","2016-05-26T00:20Z","2016-05-27T12:39Z","TREE.2016.21.AEDPUN.F.T","TREE.2016.21.AEDPUN.F.T.18",40,
"29c38872-5289-4656-a4fd-9155eadccc0b","TREE","D05","TREE","2016-05-26T00:20Z","2016-05-27T12:39Z","TREE.2016.21.AEDPUN.F.T","TREE.2016.21.AEDPUN.F.T.38",39,
"cca7402d-7f63-4773-a671-2ebe6b41f33a","TREE","D05","TREE","2016-05-26T00:20Z","2016-05-27T12:39Z","TREE.2016.21.AEDPUN.F.T","TREE.2016.21.AEDPUN.F.T.07",40,
"7c3ac838-e01d-4ebd-9178-ca42669412c4","TREE","D05","TREE","2016-05-26T00:20Z","2016-05-27T12:39Z","TREE.2016.21.AEDPUN.F.T","TREE.2016.21.AEDPUN.F.T.11",40,
"4927358f-2302-46b7-8efe-45ffe287738a","TREE","D05","TREE","2016-05-26T00:20Z","2016-05-27T12:39Z","TREE.2016.21.AEDPUN.F.T","TREE.2016.21.AEDPUN.F.T.26",40,
"8a401475-92b3-40f0-b0fb-81d21c899907","TREE","D05","TREE","2016-05-26T00:20Z","2016-05-27T12:39Z","TREE.2016.21.AEDPUN.F.T","TREE.2016.21.AEDPUN.F.T.22",40,
"d12c227b-d673-4474-a784-ad33ce602745","TREE","D05","TREE","2016-05-26T00:20Z","2016-05-27T12:39Z","TREE.2016.21.AEDPUN.F.T","TREE.2016.21.AEDPUN.F.T.23",40,
"23a049cd-8a5e-49ff-b14e-d01d585b8f68","TREE","D05","TREE","2016-05-26T00:20Z","2016-05-27T12:39Z","TREE.2016.21.AEDPUN.F.T","TREE.2016.21.AEDPUN.F.T.19",40,
"758b7a34-5ea1-40ff-b593-3374a86c33d3","TREE","D05","TREE","2016-05-26T00:20Z","2016-05-27T12:39Z","TREE.2016.21.AEDPUN.F.T","TREE.2016.21.AEDPUN.F.T.33",40,
"5f6a1774-71d4-48ab-ae95-b73ae8547e0a","TREE","D05","TREE","2016-05-26T00:20Z","2016-05-27T12:39Z","TREE.2016.21.AEDPUN.F.T","TREE.2016.21.AEDPUN.F.T.16",40,
"28dc5ff3-d841-4a61-9416-22ccb5750e38","TREE","D05","TREE","2016-05-26T00:20Z","2016-05-27T12:39Z","TREE.2016.21.AEDPUN.F.T","TREE.2016.21.AEDPUN.F.T.25",40,
"d99c0a0c-8da3-47f4-a312-3782bb6140b6","TREE","D05","TREE","2016-05-26T00:20Z","2016-05-27T12:39Z","TREE.2016.21.AEDPUN.F.T","TREE.2016.21.AEDPUN.F.T.29",40,
"b8908a9e-30da-4e91-9c9b-756373cc7444","TREE","D05","TREE","2016-05-26T00:20Z","2016-05-27T12:39Z","TREE.2016.21.AEDPUN.F.T","TREE.2016.21.AEDPUN.F.T.30",40,
"dd48d69e-d310-4a5d-b081-9d6a7097b041","TREE","D05","TREE","2016-05-26T00:20Z","2016-05-27T12:39Z","TREE.2016.21.AEDPUN.F.T","TREE.2016.21.AEDPUN.F.T.37",39,
"c06bbdf2-205a-455a-9fa4-6fbb88aec40f","TREE","D05","TREE","2016-05-26T00:20Z","2016-05-27T12:39Z","TREE.2016.21.AEDPUN.F.T","TREE.2016.21.AEDPUN.F.T.24",40,
"26cd1935-c8f6-4035-bb69-aba180a57257","TREE","D05","TREE","2016-05-26T00:20Z","2016-05-27T12:39Z","TREE.2016.21.AEDPUN.F.T","TREE.2016.21.AEDPUN.F.T.09",40,
"acc8b60b-8d87-4eb9-bd44-a5fd29cb03aa","TREE","D05","TREE","2016-05-26T00:20Z","2016-05-27T12:39Z","TREE.2016.21.AEDPUN.F.T","TREE.2016.21.AEDPUN.F.T.01",40,
"60aeebaa-9d96-4ba6-914e-bb42da7b5ad8","TREE","D05","TREE","2016-05-26T00:20Z","2016-05-27T12:39Z","TREE.2016.21.AEDPUN.F.T","TREE.2016.21.AEDPUN.F.T.02",40,
"e11bcd45-b2be-4661-8420-34a22457c156","TREE","D05","TREE","2016-05-26T00:20Z","2016-05-27T12:39Z","TREE.2016.21.AEDPRO.F.T","TREE.2016.21.AEDPRO.F.T.01",35,
"7a4475a8-d136-4cf0-b1c8-a3d2196ebd39","TREE","D05","TREE","2016-05-26T00:20Z","2016-05-27T12:39Z","TREE.2016.21.AEDPUN.F.T","TREE.2016.21.AEDPUN.F.T.12",40,
"7c3ce0b0-fd30-4239-9099-eed9b47f7f5c","TREE","D05","TREE","2016-05-26T00:20Z","2016-05-27T12:39Z","TREE.2016.21.AEDPUN.F.T","TREE.2016.21.AEDPUN.F.T.17",40,
"7e49378f-3c90-4635-a475-b97c23777e6b","TREE","D05","TREE","2016-05-26T00:20Z","2016-05-27T12:39Z","TREE.2016.21.AEDPUN.F.T","TREE.2016.21.AEDPUN.F.T.06",40,
"28bdee2e-82d5-41ef-9225-a0bd04e65fcb","TREE","D05","TREE","2016-05-26T00:20Z","2016-05-27T12:39Z","TREE.2016.21.AEDPUN.F.T","TREE.2016.21.AEDPUN.F.T.13",40,
"bb9a30c9-94af-42ca-b831-59fd891faf34","TREE","D05","TREE","2016-05-26T00:20Z","2016-05-27T12:39Z","TREE.2016.21.AEDPUN.F.T","TREE.2016.21.AEDPUN.F.T.03",40,
"82f814b6-e830-48ed-ad87-a9d059c12d46","TREE","D05","TREE","2016-05-26T00:20Z","2016-05-27T12:39Z","TREE.2016.21.AEDPUN.F.T","TREE.2016.21.AEDPUN.F.T.36",39,
"c9a1aeeb-772d-4d96-99c7-9e789797c9cd","TREE","D05","TREE","2016-05-26T00:20Z","2016-05-27T12:39Z","TREE.2016.21.AEDPUN.F.T","TREE.2016.21.AEDPUN.F.T.05",40,
"f6026266-1417-4642-821a-f96ff45e57b4","TREE","D05","TREE","2016-05-26T00:20Z","2016-05-27T12:39Z","TREE.2016.21.AEDPUN.F.T","TREE.2016.21.AEDPUN.F.T.21",40,
"7df1b8b8-01d2-48d8-8684-4801a039a52c","TREE","D05","TREE","2016-05-26T00:20Z","2016-05-27T12:39Z","TREE.2016.21.AEDPUN.F.T","TREE.2016.21.AEDPUN.F.T.28",40,
"67626445-635b-43da-8019-3ecd075284cd","TREE","D05","TREE","2016-05-26T00:20Z","2016-05-27T12:39Z","TREE.2016.21.AEDPUN.F.T","TREE.2016.21.AEDPUN.F.T.15",40,
"16aab85c-2907-459e-a10a-75e15fedfaca","TREE","D05","TREE","2016-05-26T00:20Z","2016-05-27T12:39Z","TREE.2016.21.AEDPUN.F.T","TREE.2016.21.AEDPUN.F.T.14",40,
"a60348ff-d011-464d-9b86-a89594c665ff","TREE","D05","TREE","2016-05-26T00:20Z","2016-05-27T12:39Z","TREE.2016.21.AEDPUN.F.T","TREE.2016.21.AEDPUN.F.T.10",40,
"2468ee39-664d-4595-8c8a-f5ffaadca094","TREE","D05","TREE","2016-05-26T00:20Z","2016-05-27T12:39Z","TREE.2016.21.AEDPUN.F.T","TREE.2016.21.AEDPUN.F.T.31",40,
"6375b549-0411-4715-aff2-4e84d4555cc0","TREE","D05","TREE","2016-05-26T00:20Z","2016-05-27T12:39Z","TREE.2016.21.AEDPUN.F.T","TREE.2016.21.AEDPUN.F.T.04",40,
"a13411e4-3d2e-4ebd-96a0-c3ba08666907","TREE","D05","TREE","2016-05-26T00:20Z","2016-05-27T12:39Z","TREE.2016.21.AEDPUN.F.T","TREE.2016.21.AEDPUN.F.T.32",40,
"86dcacca-35e8-446c-9bbe-79e0064327c9","TREE","D05","TREE","2016-05-26T00:20Z","2016-05-27T12:39Z","TREE.2016.21.AEDPUN.F.T","TREE.2016.21.AEDPUN.F.T.39",39,
"fdcc05eb-0ad2-4f6b-b7fc-374c187759ea","TREE","D05","TREE","2016-05-26T00:20Z","2016-05-27T12:39Z","TREE.2016.21.AEDPUN.F.T","TREE.2016.21.AEDPUN.F.T.20",40,
"51a8f320-4e80-462d-ad8c-adbc9054b0d4","TREE","D05","TREE","2016-05-26T00:20Z","2016-05-27T12:39Z","TREE.2016.21.AEDPRO.F.T","TREE.2016.21.AEDPRO.F.T.02",35,
"15693931-7ea0-425a-a212-5922a515932e","TREE","D05","TREE","2016-05-26T00:20Z","2016-05-27T12:39Z","TREE.2016.21.AEDPRO.F.T","TREE.2016.21.AEDPRO.F.T.05",34,
"785c7ae9-9a35-4464-95eb-1df59f3ed6b3","TREE","D05","TREE","2016-05-26T00:20Z","2016-05-27T12:39Z","TREE.2016.21.AEDPRO.F.T","TREE.2016.21.AEDPRO.F.T.03",35,
"a9ca703b-dacb-4394-8362-8ee566b61e90","TREE","D05","TREE","2016-05-26T00:20Z","2016-05-27T12:39Z","TREE.2016.21.AEDPRO.F.T","TREE.2016.21.AEDPRO.F.T.04",35,
"eb48b4bf-f555-446b-9458-5488b1f773f5","TREE","D05","TREE","2016-05-26T00:20Z","2016-05-27T12:39Z","TREE.2016.21.AEDPRO.F.T","TREE.2016.21.AEDPRO.F.T.06",34,
"6d0a21db-de01-4243-802b-49b65319b607","TREE","D05","TREE","2016-05-26T00:20Z","2016-05-27T12:39Z","TREE.2016.21.AEDCOM.F.T","TREE.2016.21.AEDCOM.F.T.14",38,
"86fe1f76-864c-49e3-ae53-06321a62df81","TREE","D05","TREE","2016-05-26T00:20Z","2016-05-27T12:39Z","TREE.2016.21.AEDCOM.F.T","TREE.2016.21.AEDCOM.F.T.11",38,
"ba33cde1-4a74-4292-b124-30271011e9ac","TREE","D05","TREE","2016-05-26T00:20Z","2016-05-27T12:39Z","TREE.2016.21.AEDCOM.F.T","TREE.2016.21.AEDCOM.F.T.08",38,
"50811ba2-bae3-43b4-a434-68129f40f3bb","TREE","D05","TREE","2016-05-26T00:20Z","2016-05-27T12:39Z","TREE.2016.21.AEDCOM.F.T","TREE.2016.21.AEDCOM.F.T.12",38,
"aa1acd9e-c23b-4b2f-9f8e-f0885ff1f56f","TREE","D05","TREE","2016-05-26T00:20Z","2016-05-27T12:39Z","TREE.2016.21.AEDCOM.F.T","TREE.2016.21.AEDCOM.F.T.03",39,
"04285d30-3e02-4aa9-8272-87a3149a14f0","TREE","D05","TREE","2016-05-26T00:20Z","2016-05-27T12:39Z","TREE.2016.21.AEDCOM.F.T","TREE.2016.21.AEDCOM.F.T.16",38,
"df76214d-6e13-4e02-992c-873b2cd2acd3","TREE","D05","TREE","2016-05-26T00:20Z","2016-05-27T12:39Z","TREE.2016.21.AEDCOM.F.T","TREE.2016.21.AEDCOM.F.T.13",38,
"1ae49ca3-406a-4cb4-ac43-69cf4378dee9","TREE","D05","TREE","2016-05-26T00:20Z","2016-05-27T12:39Z","TREE.2016.21.AEDCOM.F.T","TREE.2016.21.AEDCOM.F.T.18",38,
"73678bec-037a-4185-ad71-0e38bef2eb9a","TREE","D05","TREE","2016-05-26T00:20Z","2016-05-27T12:39Z","TREE.2016.21.AEDCOM.F.T","TREE.2016.21.AEDCOM.F.T.05",38,
"33271b1a-1cc3-47ef-942d-b1d88eee388e","TREE","D05","TREE","2016-05-26T00:20Z","2016-05-27T12:39Z","TREE.2016.21.AEDCOM.F.T","TREE.2016.21.AEDCOM.F.T.20",38,
"7aeaf4eb-fc2e-4ee4-8be8-8f656ac1eeb3","TREE","D05","TREE","2016-05-26T00:20Z","2016-05-27T12:39Z","TREE.2016.21.AEDCOM.F.T","TREE.2016.21.AEDCOM.F.T.06",38,
"94dd1530-281c-4347-a486-dd78b0bebe07","TREE","D05","TREE","2016-05-26T00:20Z","2016-05-27T12:39Z","TREE.2016.21.AEDCOM.F.T","TREE.2016.21.AEDCOM.F.T.19",38,
"17ac050a-67bc-4211-93eb-29001da1302e","TREE","D05","TREE","2016-05-26T00:20Z","2016-05-27T12:39Z","TREE.2016.21.AEDCOM.F.T","TREE.2016.21.AEDCOM.F.T.17",38,
"8874651c-c217-40d2-a2af-b950ae4dd43b","TREE","D05","TREE","2016-05-26T00:20Z","2016-05-27T12:39Z","TREE.2016.21.AEDCOM.F.T","TREE.2016.21.AEDCOM.F.T.09",38,
"ac3f3567-4528-4fcb-a02d-af461d06d2b4","TREE","D05","TREE","2016-05-26T00:20Z","2016-05-27T12:39Z","TREE.2016.21.AEDCOM.F.T","TREE.2016.21.AEDCOM.F.T.01",39,
"c917e23d-66d5-4c30-b093-6ecda108bc78","TREE","D05","TREE","2016-05-26T00:20Z","2016-05-27T12:39Z","TREE.2016.21.AEDCOM.F.T","TREE.2016.21.AEDCOM.F.T.15",38,
"293df53e-c162-4205-ac69-5f8e2236a629","TREE","D05","TREE","2016-05-26T00:20Z","2016-05-27T12:39Z","TREE.2016.21.AEDCOM.F.T","TREE.2016.21.AEDCOM.F.T.02",39,
"0d1f8877-42bf-4fa7-be89-8c3042ddd0c0","TREE","D05","TREE","2016-05-26T00:20Z","2016-05-27T12:39Z","TREE.2016.21.AEDCOM.F.T","TREE.2016.21.AEDCOM.F.T.07",38,
"a7c47738-f10f-464b-9d40-bcb9a6ec3c63","TREE","D05","TREE","2016-05-26T00:20Z","2016-05-27T12:39Z","TREE.2016.21.AEDCOM.F.T","TREE.2016.21.AEDCOM.F.T.04",38,
"bfaa5066-b79a-458b-9411-37b054480617","TREE","D05","TREE","2016-05-26T00:20Z","2016-05-27T12:39Z","TREE.2016.21.AEDCOM.F.T","TREE.2016.21.AEDCOM.F.T.10",38,
"ef9c4052-6037-49ea-b6e9-65877c770842","TREE","D05","TREE","2016-05-26T00:20Z","2016-05-27T12:39Z","TREE.2016.21.AEDCIN.F.T","TREE.2016.21.AEDCIN.F.T.01",11,
"67ebe799-f995-409f-8cd4-fd685d7313d1","TREE","D05","TREE","2016-05-26T01:22Z","2016-05-27T12:39Z","TREE.2016.21.AEDCAN2.F.T","TREE.2016.21.AEDCAN2.F.T.01",28,
"8c1c212e-f014-4fe1-a313-96d249ca926b","TREE","D05","TREE","2016-05-26T01:22Z","2016-05-27T12:39Z","TREE.2016.21.AEDCAN2.F.T","TREE.2016.21.AEDCAN2.F.T.02",28,
