uid,namedLocation,domainID,siteID,startCollectDate,endCollectDate,testingID,testingVialID,poolSize,dataQF
"25c586fe-4d13-4919-accd-12f4ce885cab","STEI","D05","STEI","2016-08-03T23:02Z","2016-08-05T12:11Z","STEI.2016.31.AEDSTI.F.T","STEI.2016.31.AEDSTI.F.T.05",36,
"45ac2ad3-6742-45dd-9993-cdb6ff83aa8b","STEI","D05","STEI","2016-08-03T23:02Z","2016-08-05T12:11Z","STEI.2016.31.AEDSTI.F.T","STEI.2016.31.AEDSTI.F.T.01",36,
"4e8ecdf2-8cb0-4a3b-ac33-4443c6cbc027","STEI","D05","STEI","2016-08-03T23:02Z","2016-08-05T12:11Z","STEI.2016.31.AEDSTI.F.T","STEI.2016.31.AEDSTI.F.T.03",36,
"e10770b0-4469-443f-86b9-e9661ed53811","STEI","D05","STEI","2016-08-03T23:02Z","2016-08-05T12:11Z","STEI.2016.31.AEDSTI.F.T","STEI.2016.31.AEDSTI.F.T.02",36,
"1548ab6b-d082-4aa6-ae0e-135688c484e0","STEI","D05","STEI","2016-08-03T23:02Z","2016-08-05T12:11Z","STEI.2016.31.AEDSTI.F.T","STEI.2016.31.AEDSTI.F.T.07",35,
"6c277093-b2a2-4ac0-8f2f-f91510637daf","STEI","D05","STEI","2016-08-03T23:02Z","2016-08-05T12:11Z","STEI.2016.31.AEDSTI.F.T","STEI.2016.31.AEDSTI.F.T.06",36,
"9fd7cae4-2a8f-4b19-a277-247bf3a5f3c0","STEI","D05","STEI","2016-08-03T23:02Z","2016-08-05T12:11Z","STEI.2016.31.AEDSTI.F.T","STEI.2016.31.AEDSTI.F.T.04",36,
"19d53302-3c6f-4cee-8068-81f2f63dcc2c","STEI","D05","STEI","2016-08-03T23:02Z","2016-08-05T12:18Z","STEI.2016.31.AEDCAN2.F.T","STEI.2016.31.AEDCAN2.F.T.22",39,
"6aaf7e80-5279-4f5e-bf67-af8c43cd8a8e","STEI","D05","STEI","2016-08-03T23:02Z","2016-08-05T12:18Z","STEI.2016.31.AEDCAN2.F.T","STEI.2016.31.AEDCAN2.F.T.14",39,
"f584b0d7-b40c-4424-a677-102e5b47f756","STEI","D05","STEI","2016-08-03T23:02Z","2016-08-05T12:18Z","STEI.2016.31.AEDCAN2.F.T","STEI.2016.31.AEDCAN2.F.T.29",38,
"ace204de-0daf-4115-9373-6f0640502b73","STEI","D05","STEI","2016-08-03T23:02Z","2016-08-05T12:18Z","STEI.2016.31.AEDCAN2.F.T","STEI.2016.31.AEDCAN2.F.T.21",39,
"63926539-07b6-417e-a315-dd62481fe6a2","STEI","D05","STEI","2016-08-03T23:02Z","2016-08-05T12:18Z","STEI.2016.31.AEDCAN2.F.T","STEI.2016.31.AEDCAN2.F.T.27",38,
"7548c7bd-4ee7-4bbd-a2da-eed1e0cb14f6","STEI","D05","STEI","2016-08-03T23:02Z","2016-08-05T12:18Z","STEI.2016.31.AEDCAN2.F.T","STEI.2016.31.AEDCAN2.F.T.23",39,
"621aac6a-6b50-4e0e-abc9-45acbe63c738","STEI","D05","STEI","2016-08-03T23:02Z","2016-08-05T12:18Z","STEI.2016.31.AEDCAN2.F.T","STEI.2016.31.AEDCAN2.F.T.08",39,
"98be242c-87d6-4ce1-9a3b-47373a140cb2","STEI","D05","STEI","2016-08-03T23:02Z","2016-08-05T12:18Z","STEI.2016.31.AEDCAN2.F.T","STEI.2016.31.AEDCAN2.F.T.12",39,
"01227722-0c77-4ff3-a077-7e2aea644726","STEI","D05","STEI","2016-08-03T23:02Z","2016-08-05T12:18Z","STEI.2016.31.AEDCAN2.F.T","STEI.2016.31.AEDCAN2.F.T.18",39,
"bcd676c6-54df-4aa7-83c1-88c94bc462cc","STEI","D05","STEI","2016-08-03T23:02Z","2016-08-05T12:18Z","STEI.2016.31.AEDCAN2.F.T","STEI.2016.31.AEDCAN2.F.T.26",38,
"aaeaed98-9170-4675-8369-f307e9ceb41b","STEI","D05","STEI","2016-08-03T23:02Z","2016-08-05T12:18Z","STEI.2016.31.AEDCAN2.F.T","STEI.2016.31.AEDCAN2.F.T.20",39,
"1bdffa59-12e0-4bd9-9673-2ff6036ea4a7","STEI","D05","STEI","2016-08-03T23:02Z","2016-08-05T12:18Z","STEI.2016.31.AEDCAN2.F.T","STEI.2016.31.AEDCAN2.F.T.01",39,
"8aafd8d8-e33c-4f8b-a637-8874f1bbb725","STEI","D05","STEI","2016-08-03T23:02Z","2016-08-05T12:18Z","STEI.2016.31.AEDCAN2.F.T","STEI.2016.31.AEDCAN2.F.T.16",39,
"1b54ddc0-c7d1-4b6b-b765-32ceefcb4c30","STEI","D05","STEI","2016-08-03T23:02Z","2016-08-05T12:18Z","STEI.2016.31.AEDCAN2.F.T","STEI.2016.31.AEDCAN2.F.T.30",38,
"b06b005d-a052-4581-a29b-07d3b58cd6dc","STEI","D05","STEI","2016-08-03T23:02Z","2016-08-05T12:18Z","STEI.2016.31.AEDCAN2.F.T","STEI.2016.31.AEDCAN2.F.T.24",39,
"79905faa-9d89-45ae-a980-e1b7a858d61a","STEI","D05","STEI","2016-08-03T23:02Z","2016-08-05T12:18Z","STEI.2016.31.AEDCAN2.F.T","STEI.2016.31.AEDCAN2.F.T.19",39,
"5e0404e8-afe1-4058-a4e5-b3df1d5ca760","STEI","D05","STEI","2016-08-03T23:02Z","2016-08-05T12:18Z","STEI.2016.31.AEDCAN2.F.T","STEI.2016.31.AEDCAN2.F.T.28",38,
"5a6c7afb-4e00-4950-b97b-101ea180e75b","STEI","D05","STEI","2016-08-03T23:02Z","2016-08-05T12:18Z","STEI.2016.31.AEDCAN2.F.T","STEI.2016.31.AEDCAN2.F.T.02",39,
"c04d0abb-451b-4a9c-8c92-52fd263ee74e","STEI","D05","STEI","2016-08-03T23:02Z","2016-08-05T12:18Z","STEI.2016.31.AEDCAN2.F.T","STEI.2016.31.AEDCAN2.F.T.04",39,
"f097c056-cb16-4450-9df5-150bdd9508a3","STEI","D05","STEI","2016-08-03T23:02Z","2016-08-05T12:18Z","STEI.2016.31.AEDCAN2.F.T","STEI.2016.31.AEDCAN2.F.T.03",39,
"30f43c47-ff49-4161-9d88-7e59b9f25645","STEI","D05","STEI","2016-08-03T23:02Z","2016-08-05T12:18Z","STEI.2016.31.AEDCAN2.F.T","STEI.2016.31.AEDCAN2.F.T.15",39,
"e0d4e56e-2f2d-4e18-ba13-6ab895fa169b","STEI","D05","STEI","2016-08-03T23:02Z","2016-08-05T12:18Z","STEI.2016.31.AEDCAN2.F.T","STEI.2016.31.AEDCAN2.F.T.09",39,
"5d3402eb-d08b-4faa-bb60-048120a59e94","STEI","D05","STEI","2016-08-03T23:02Z","2016-08-05T12:18Z","STEI.2016.31.AEDCAN2.F.T","STEI.2016.31.AEDCAN2.F.T.25",38,
"53d5b670-f4b4-4338-8392-25ee03a5563a","STEI","D05","STEI","2016-08-03T23:02Z","2016-08-05T12:18Z","STEI.2016.31.AEDCAN2.F.T","STEI.2016.31.AEDCAN2.F.T.06",39,
"234c3373-9aad-42ef-9598-e98969e0fac6","STEI","D05","STEI","2016-08-03T23:02Z","2016-08-05T12:18Z","STEI.2016.31.AEDCAN2.F.T","STEI.2016.31.AEDCAN2.F.T.05",39,
"582723f1-2591-4168-9558-4b29af842c41","STEI","D05","STEI","2016-08-03T23:02Z","2016-08-05T12:18Z","STEI.2016.31.AEDCAN2.F.T","STEI.2016.31.AEDCAN2.F.T.13",39,
"2bd66635-0ff6-444f-9f6c-90a4484bf43d","STEI","D05","STEI","2016-08-03T23:02Z","2016-08-05T12:18Z","STEI.2016.31.AEDCAN2.F.T","STEI.2016.31.AEDCAN2.F.T.17",39,
"99611494-ad4a-4895-822d-e0d8a77da71a","STEI","D05","STEI","2016-08-03T23:02Z","2016-08-05T12:18Z","STEI.2016.31.AEDCAN2.F.T","STEI.2016.31.AEDCAN2.F.T.10",39,
"5fe86eeb-762a-416e-90dd-cf26ef48f82c","STEI","D05","STEI","2016-08-03T23:02Z","2016-08-05T12:18Z","STEI.2016.31.AEDCAN2.F.T","STEI.2016.31.AEDCAN2.F.T.11",39,
"92e3ba2f-162b-49a8-bf3f-bdd15d0aeae3","STEI","D05","STEI","2016-08-03T23:02Z","2016-08-05T12:18Z","STEI.2016.31.AEDCAN2.F.T","STEI.2016.31.AEDCAN2.F.T.07",39,
"55da717a-8351-4b34-9f78-07501797b434","STEI","D05","STEI","2016-08-03T23:02Z","2016-08-05T12:18Z","STEI.2016.31.AEDCAN2.F.T","STEI.2016.31.AEDCAN2.F.T.31",38,
"e2ff6608-f00c-47d6-9302-d7b8c8dd6a9c","STEI","D05","STEI","2016-08-03T23:08Z","2016-08-05T12:11Z","STEI.2016.31.AEDCIN.F.T","STEI.2016.31.AEDCIN.F.T.02",38,
"9879c6b9-818c-4ab9-9882-efb7947da466","STEI","D05","STEI","2016-08-03T23:08Z","2016-08-05T12:11Z","STEI.2016.31.AEDCIN.F.T","STEI.2016.31.AEDCIN.F.T.04",38,
"666ee179-4ed1-428d-add1-9c800ad2f42a","STEI","D05","STEI","2016-08-03T23:08Z","2016-08-05T12:11Z","STEI.2016.31.AEDCIN.F.T","STEI.2016.31.AEDCIN.F.T.03",38,
"501581de-2c36-4483-b598-1092c3d55b8b","STEI","D05","STEI","2016-08-03T23:08Z","2016-08-05T12:11Z","STEI.2016.31.AEDEXC.F.T","STEI.2016.31.AEDEXC.F.T.02",31,
"e0254eab-004e-4df8-b059-b944fa78fcd7","STEI","D05","STEI","2016-08-03T23:08Z","2016-08-05T12:11Z","STEI.2016.31.AEDEXC.F.T","STEI.2016.31.AEDEXC.F.T.01",31,
"20e3a91e-f6ee-4d1f-9e0e-5c5f214880c9","STEI","D05","STEI","2016-08-03T23:08Z","2016-08-05T12:11Z","STEI.2016.31.AEDCIN.F.T","STEI.2016.31.AEDCIN.F.T.01",39,
"aa8d9b90-77f8-431d-b504-665fe8382db8","STEI","D05","STEI","2016-08-03T23:08Z","2016-08-05T12:18Z","STEI.2016.31.AEDVEX.F.T","STEI.2016.31.AEDVEX.F.T.01",37,
"225a9e84-1a52-4be4-b0be-93a3591eac13","STEI","D05","STEI","2016-08-03T23:08Z","2016-08-05T12:18Z","STEI.2016.31.AEDVEX.F.T","STEI.2016.31.AEDVEX.F.T.07",36,
"62c7ab43-cf59-4eb5-a97d-ce679de8cab0","STEI","D05","STEI","2016-08-03T23:08Z","2016-08-05T12:18Z","STEI.2016.31.AEDVEX.F.T","STEI.2016.31.AEDVEX.F.T.06",36,
"eb9e2420-b136-4194-b47c-1b3737fcd686","STEI","D05","STEI","2016-08-03T23:08Z","2016-08-05T12:18Z","STEI.2016.31.AEDVEX.F.T","STEI.2016.31.AEDVEX.F.T.03",36,
"cc58706f-2edd-4c90-a4a2-96f236c36315","STEI","D05","STEI","2016-08-03T23:08Z","2016-08-05T12:18Z","STEI.2016.31.AEDVEX.F.T","STEI.2016.31.AEDVEX.F.T.05",36,
"c89e6d3c-7be9-41e2-881c-239ce3dcd66e","STEI","D05","STEI","2016-08-03T23:08Z","2016-08-05T12:18Z","STEI.2016.31.AEDVEX.F.T","STEI.2016.31.AEDVEX.F.T.04",36,
"4119fade-725c-4b5f-8026-4f95f3ebf1dd","STEI","D05","STEI","2016-08-03T23:08Z","2016-08-05T12:18Z","STEI.2016.31.AEDVEX.F.T","STEI.2016.31.AEDVEX.F.T.02",36,
