uid,namedLocation,domainID,siteID,startCollectDate,endCollectDate,testingID,testingVialID,poolSize,dataQF
"2deae4ea-9b10-4822-b8fc-a51833ba75d7","LENO","D08","LENO","2016-11-01T22:14Z","2016-11-03T13:37Z","LENO.2016.44.AEDVEX.F.T","LENO.2016.44.AEDVEX.F.T.01",36,
"66b693e2-47c4-4463-9af4-5d10b4a593df","LENO","D08","LENO","2016-11-01T22:14Z","2016-11-03T13:37Z","LENO.2016.44.AEDVEX.F.T","LENO.2016.44.AEDVEX.F.T.04",36,
"de0b07d7-825a-4b85-b61e-81d925cb572a","LENO","D08","LENO","2016-11-01T22:14Z","2016-11-03T13:37Z","LENO.2016.44.AEDVEX.F.T","LENO.2016.44.AEDVEX.F.T.03",36,
"bea2fa2a-b943-4cc7-a209-db6e4dfbf6ef","LENO","D08","LENO","2016-11-01T22:14Z","2016-11-03T13:37Z","LENO.2016.44.AEDVEX.F.T","LENO.2016.44.AEDVEX.F.T.05",36,
"527a900a-7f4f-4640-a8cc-6911dd9bb863","LENO","D08","LENO","2016-11-01T22:14Z","2016-11-03T13:37Z","LENO.2016.44.AEDVEX.F.T","LENO.2016.44.AEDVEX.F.T.08",35,
"6f89de50-7fd7-4625-9b08-7a5c7c132457","LENO","D08","LENO","2016-11-01T22:14Z","2016-11-03T13:37Z","LENO.2016.44.AEDVEX.F.T","LENO.2016.44.AEDVEX.F.T.06",35,
"911833a6-78c3-4a30-a6cf-930fd7259eb8","LENO","D08","LENO","2016-11-01T22:14Z","2016-11-03T13:37Z","LENO.2016.44.AEDVEX.F.T","LENO.2016.44.AEDVEX.F.T.07",35,
"b8b6b83f-219f-4161-aff9-1c8e71b0d456","LENO","D08","LENO","2016-11-01T22:14Z","2016-11-03T13:37Z","LENO.2016.44.AEDVEX.F.T","LENO.2016.44.AEDVEX.F.T.02",36,
"841a90ed-b325-4611-ade3-169b1bdc404e","LENO","D08","LENO","2016-11-01T22:23Z","2016-11-03T13:30Z","LENO.2016.44.CULERR.F.T","LENO.2016.44.CULERR.F.T.01",28,
"7ed11531-9626-4b28-8945-4cdc9915704d","LENO","D08","LENO","2016-11-01T22:23Z","2016-11-03T13:30Z","LENO.2016.44.CULNIG.F.T","LENO.2016.44.CULNIG.F.T.01",29,
"8425b1c3-dd33-4fb8-bf93-1ef34c16fac1","LENO","D08","LENO","2016-11-01T22:23Z","2016-11-03T13:30Z","LENO.2016.44.CULERR.F.T","LENO.2016.44.CULERR.F.T.02",28,
