uid,namedLocation,domainID,siteID,startCollectDate,endCollectDate,testingID,testingVialID,poolSize,dataQF
"de3f04d5-53f9-4ec3-ad5d-8b206e80830d","SERC","D02","SERC","2015-06-15T22:02Z","2015-06-17T13:25Z","SERC.2015.24.CULSAL.F.T","SERC.2015.24.CULSAL.F.T.09",40,
"6baff77b-6b88-45f2-b821-ebd655cb0167","SERC","D02","SERC","2015-06-15T22:02Z","2015-06-17T13:25Z","SERC.2015.24.AEDCAN2.F.T","SERC.2015.24.AEDCAN2.F.T.02",40,
"7d2d4fce-5142-43fa-80d6-b05cb982205d","SERC","D02","SERC","2015-06-15T22:02Z","2015-06-17T13:25Z","SERC.2015.24.AEDCAN2.F.T","SERC.2015.24.AEDCAN2.F.T.05",39,
"91c37806-0bdd-4ed7-b03a-45cdd413b4df","SERC","D02","SERC","2015-06-15T22:02Z","2015-06-17T13:25Z","SERC.2015.24.AEDCAN2.F.T","SERC.2015.24.AEDCAN2.F.T.01",40,
"b0b1d30f-af69-4a63-bcef-453382089746","SERC","D02","SERC","2015-06-15T22:02Z","2015-06-17T13:25Z","SERC.2015.24.CULSAL.F.T","SERC.2015.24.CULSAL.F.T.01",40,
"8ad63938-4b6f-4500-8aab-b1b761a4f27d","SERC","D02","SERC","2015-06-15T22:02Z","2015-06-17T13:25Z","SERC.2015.24.AEDCAN2.F.T","SERC.2015.24.AEDCAN2.F.T.06",39,
"b217c336-e629-4cb6-9d0b-f7639be75b6a","SERC","D02","SERC","2015-06-15T22:02Z","2015-06-17T13:25Z","SERC.2015.24.CULSAL.F.T","SERC.2015.24.CULSAL.F.T.12",39,
"0784b06e-82da-453d-bda7-60a3bfff17f5","SERC","D02","SERC","2015-06-15T22:02Z","2015-06-17T13:25Z","SERC.2015.24.CULSAL.F.T","SERC.2015.24.CULSAL.F.T.07",40,
"2b130e93-c360-49a9-8a19-4079ba4e406c","SERC","D02","SERC","2015-06-15T22:02Z","2015-06-17T13:25Z","SERC.2015.24.CULSAL.F.T","SERC.2015.24.CULSAL.F.T.08",40,
"e74d5410-8695-41ad-a4a1-07b0fa779e65","SERC","D02","SERC","2015-06-15T22:02Z","2015-06-17T13:25Z","SERC.2015.24.CULSAL.F.T","SERC.2015.24.CULSAL.F.T.05",40,
"ee64e800-709a-4fbc-989e-a45372b33930","SERC","D02","SERC","2015-06-15T22:02Z","2015-06-17T13:25Z","SERC.2015.24.CULSAL.F.T","SERC.2015.24.CULSAL.F.T.04",40,
"61e6b7c1-4b1c-4c48-8f41-9e40b48319bf","SERC","D02","SERC","2015-06-15T22:02Z","2015-06-17T13:25Z","SERC.2015.24.AEDCAN2.F.T","SERC.2015.24.AEDCAN2.F.T.03",40,
"e96a5228-c699-45fe-b5eb-6709e1bfc7e9","SERC","D02","SERC","2015-06-15T22:02Z","2015-06-17T13:25Z","SERC.2015.24.CULSAL.F.T","SERC.2015.24.CULSAL.F.T.11",39,
"a331c089-f45c-48e6-a6c0-ce4dc07e2cc3","SERC","D02","SERC","2015-06-15T22:02Z","2015-06-17T13:25Z","SERC.2015.24.CULSAL.F.T","SERC.2015.24.CULSAL.F.T.10",40,
"6746913f-d9ca-46fb-bb38-6263a5b74767","SERC","D02","SERC","2015-06-15T22:02Z","2015-06-17T13:25Z","SERC.2015.24.CULSAL.F.T","SERC.2015.24.CULSAL.F.T.06",40,
"f1f089eb-1fa7-45c0-abd2-76b7f537ef84","SERC","D02","SERC","2015-06-15T22:02Z","2015-06-17T13:25Z","SERC.2015.24.CULSAL.F.T","SERC.2015.24.CULSAL.F.T.03",40,
"3421a0cc-6a13-4d8d-91e3-77c631a9bbd4","SERC","D02","SERC","2015-06-15T22:02Z","2015-06-17T13:25Z","SERC.2015.24.CULSAL.F.T","SERC.2015.24.CULSAL.F.T.02",40,
"20e0ccbd-430d-4b0b-961e-25e1eaabe331","SERC","D02","SERC","2015-06-15T22:02Z","2015-06-17T13:25Z","SERC.2015.24.AEDCAN2.F.T","SERC.2015.24.AEDCAN2.F.T.04",39,
"6487e986-ac59-40c8-9510-7b31a235a610","SERC","D02","SERC","2015-06-15T22:35Z","2015-06-17T13:25Z","SERC.2015.24.AEDVEX.F.T","SERC.2015.24.AEDVEX.F.T.05",39,
"6898e0c0-46e2-467a-ab88-e481ee9f730a","SERC","D02","SERC","2015-06-15T22:35Z","2015-06-17T13:25Z","SERC.2015.24.AEDVEX.F.T","SERC.2015.24.AEDVEX.F.T.03",39,
"2c67c4a9-6a24-451c-bdfd-e04662febd82","SERC","D02","SERC","2015-06-15T22:35Z","2015-06-17T13:25Z","SERC.2015.24.AEDVEX.F.T","SERC.2015.24.AEDVEX.F.T.01",40,
"7ebaf426-62a4-41c4-ab68-8b042f6c662b","SERC","D02","SERC","2015-06-15T22:35Z","2015-06-17T13:25Z","SERC.2015.24.AEDVEX.F.T","SERC.2015.24.AEDVEX.F.T.06",39,
"2011d4b1-53a0-493c-b6c6-9cfff7a229c8","SERC","D02","SERC","2015-06-15T22:35Z","2015-06-17T13:25Z","SERC.2015.24.AEDVEX.F.T","SERC.2015.24.AEDVEX.F.T.02",39,
"a0c132ee-a0a3-4b20-8f45-b1a4becc1b10","SERC","D02","SERC","2015-06-15T22:35Z","2015-06-17T13:25Z","SERC.2015.24.AEDVEX.F.T","SERC.2015.24.AEDVEX.F.T.04",39,
