uid,namedLocation,domainID,siteID,startCollectDate,endCollectDate,testingID,testingVialID,poolSize,dataQF
"5749d25f-3441-45de-805b-a75d0dcfdd75","ORNL","D07","ORNL","2016-10-11T20:18Z","2016-10-13T13:34Z","ORNL.2016.41.AEDVEX.F.T","ORNL.2016.41.AEDVEX.F.T.01",33,
"6e41dee3-d36d-4796-a6b4-43433ed7f5fa","ORNL","D07","ORNL","2016-10-11T20:18Z","2016-10-13T13:34Z","ORNL.2016.41.AEDVEX.F.T","ORNL.2016.41.AEDVEX.F.T.03",32,
"0a523647-b1cb-40cb-9b24-fe86f6f8a93d","ORNL","D07","ORNL","2016-10-11T20:18Z","2016-10-13T13:34Z","ORNL.2016.41.AEDVEX.F.T","ORNL.2016.41.AEDVEX.F.T.02",32,
"3dd41be2-f91f-48b9-8f0a-3d49809a5052","ORNL","D07","ORNL","2016-10-11T20:44Z","2016-10-13T12:31Z","ORNL.2016.41.CULERR.F.T","ORNL.2016.41.CULERR.F.T.01",24,
"b8f9f0ff-3504-4fdc-a307-708df39bb5c9","ORNL_011.mosquitoPoint.mos","D07","ORNL","2016-10-24T20:09Z","2016-10-26T12:51Z","ORNL.2016.43.CULERR.F.T","ORNL.2016.43.CULERR.F.T.01",10,
