uid,namedLocation,domainID,siteID,startCollectDate,endCollectDate,testingID,testingVialID,poolSize,dataQF
"7d2b7d83-cbcb-4702-bc53-f158a3678dc8","OSBS","D03","OSBS","2016-08-08T21:13Z","2016-08-10T14:33Z","OSBS.2016.32.CULNIG.F.T","OSBS.2016.32.CULNIG.F.T.02",26,
"4bf33c96-1833-4594-ac07-ee930f5b85c1","OSBS","D03","OSBS","2016-08-08T21:13Z","2016-08-10T14:33Z","OSBS.2016.32.CULERR.F.T","OSBS.2016.32.CULERR.F.T.01",40,
"42db7367-cc54-4d9e-99ac-b88ac0f6f366","OSBS","D03","OSBS","2016-08-08T21:13Z","2016-08-10T14:33Z","OSBS.2016.32.CULERR.F.T","OSBS.2016.32.CULERR.F.T.23",39,
"c20e2138-2b44-4c08-b0b4-b30e77faa929","OSBS","D03","OSBS","2016-08-08T21:13Z","2016-08-10T14:33Z","OSBS.2016.32.CULERR.F.T","OSBS.2016.32.CULERR.F.T.25",39,
"913cb70b-81b3-4401-bd0c-6196866ab0b1","OSBS","D03","OSBS","2016-08-08T21:13Z","2016-08-10T14:33Z","OSBS.2016.32.CULERR.F.T","OSBS.2016.32.CULERR.F.T.07",40,
"f975f7e5-ce5a-48a3-9582-947b4b94d709","OSBS","D03","OSBS","2016-08-08T21:13Z","2016-08-10T14:33Z","OSBS.2016.32.CULERR.F.T","OSBS.2016.32.CULERR.F.T.39",39,
"7c6f954f-519b-4336-9a38-5e64a2187b1d","OSBS","D03","OSBS","2016-08-08T21:13Z","2016-08-10T14:33Z","OSBS.2016.32.CULERR.F.T","OSBS.2016.32.CULERR.F.T.10",39,
"4b9d8fb8-c5d0-478b-a7c2-38ba005411db","OSBS","D03","OSBS","2016-08-08T21:13Z","2016-08-10T14:33Z","OSBS.2016.32.CULERR.F.T","OSBS.2016.32.CULERR.F.T.40",39,
"9be240cc-3db9-4d52-8200-f47217c2fd37","OSBS","D03","OSBS","2016-08-08T21:13Z","2016-08-10T14:33Z","OSBS.2016.32.CULERR.F.T","OSBS.2016.32.CULERR.F.T.02",40,
"364e12a5-3a39-4336-a7f3-61e382a649a6","OSBS","D03","OSBS","2016-08-08T21:13Z","2016-08-10T14:33Z","OSBS.2016.32.CULERR.F.T","OSBS.2016.32.CULERR.F.T.37",39,
"08ba45bf-0037-4fb3-bc13-8cda46661269","OSBS","D03","OSBS","2016-08-08T21:13Z","2016-08-10T14:33Z","OSBS.2016.32.CULERR.F.T","OSBS.2016.32.CULERR.F.T.05",40,
"7449bf77-6899-48cc-807e-b3ba5a8897be","OSBS","D03","OSBS","2016-08-08T21:13Z","2016-08-10T14:33Z","OSBS.2016.32.CULERR.F.T","OSBS.2016.32.CULERR.F.T.13",39,
"5b07a40a-6b2b-4efa-bf71-f86de0f16fb6","OSBS","D03","OSBS","2016-08-08T21:13Z","2016-08-10T14:33Z","OSBS.2016.32.CULERR.F.T","OSBS.2016.32.CULERR.F.T.41",39,
"220f3af8-3c77-41aa-82e6-b59f55c4fa2b","OSBS","D03","OSBS","2016-08-08T21:13Z","2016-08-10T14:33Z","OSBS.2016.32.CULERR.F.T","OSBS.2016.32.CULERR.F.T.03",40,
"b3a9df1f-0b22-4276-b216-3a35ad640735","OSBS","D03","OSBS","2016-08-08T21:13Z","2016-08-10T14:33Z","OSBS.2016.32.CULERR.F.T","OSBS.2016.32.CULERR.F.T.14",39,
"46c4a771-f4b4-4b40-bf4e-8257ad595454","OSBS","D03","OSBS","2016-08-08T21:13Z","2016-08-10T14:33Z","OSBS.2016.32.CULERR.F.T","OSBS.2016.32.CULERR.F.T.29",39,
"e7510028-49cb-442d-96fb-d7499a515199","OSBS","D03","OSBS","2016-08-08T21:13Z","2016-08-10T14:33Z","OSBS.2016.32.CULERR.F.T","OSBS.2016.32.CULERR.F.T.09",40,
"c8ade5b3-47ca-4538-9845-e67aab9c91cb","OSBS","D03","OSBS","2016-08-08T21:13Z","2016-08-10T14:33Z","OSBS.2016.32.CULERR.F.T","OSBS.2016.32.CULERR.F.T.21",39,
"515d9dfa-7c99-4dfb-b14a-cd813aab980c","OSBS","D03","OSBS","2016-08-08T21:13Z","2016-08-10T14:33Z","OSBS.2016.32.CULERR.F.T","OSBS.2016.32.CULERR.F.T.33",39,
"70e54a87-fbbf-4dfb-b761-e8e4e47b580d","OSBS","D03","OSBS","2016-08-08T21:13Z","2016-08-10T14:33Z","OSBS.2016.32.CULERR.F.T","OSBS.2016.32.CULERR.F.T.08",40,
"e1016686-04d7-4219-9a87-4253c1f243bf","OSBS","D03","OSBS","2016-08-08T21:13Z","2016-08-10T14:33Z","OSBS.2016.32.CULERR.F.T","OSBS.2016.32.CULERR.F.T.30",39,
"c71d77f3-d98b-4194-bc51-5f4bc70b1fb0","OSBS","D03","OSBS","2016-08-08T21:13Z","2016-08-10T14:33Z","OSBS.2016.32.CULERR.F.T","OSBS.2016.32.CULERR.F.T.04",40,
"5b0cd9f1-21c6-49ff-9d27-93137ff7911f","OSBS","D03","OSBS","2016-08-08T21:13Z","2016-08-10T14:33Z","OSBS.2016.32.CULERR.F.T","OSBS.2016.32.CULERR.F.T.20",39,
"ca2180b7-ff14-4ace-9759-538e524ed5b3","OSBS","D03","OSBS","2016-08-08T21:13Z","2016-08-10T14:33Z","OSBS.2016.32.CULERR.F.T","OSBS.2016.32.CULERR.F.T.31",39,
"0f974250-720d-4326-9cf6-953339288d0b","OSBS","D03","OSBS","2016-08-08T21:13Z","2016-08-10T14:33Z","OSBS.2016.32.CULERR.F.T","OSBS.2016.32.CULERR.F.T.28",39,
"f93ae5e2-da70-4918-a103-1481e886299f","OSBS","D03","OSBS","2016-08-08T21:13Z","2016-08-10T14:33Z","OSBS.2016.32.CULERR.F.T","OSBS.2016.32.CULERR.F.T.42",39,
"34fa58ca-25f3-49d0-a1bb-3057a581f7c6","OSBS","D03","OSBS","2016-08-08T21:13Z","2016-08-10T14:33Z","OSBS.2016.32.CULERR.F.T","OSBS.2016.32.CULERR.F.T.36",39,
"40636df2-9231-4630-85b1-39d03173b3a4","OSBS","D03","OSBS","2016-08-08T21:13Z","2016-08-10T14:33Z","OSBS.2016.32.CULERR.F.T","OSBS.2016.32.CULERR.F.T.24",39,
"e08df3a2-2dc5-448d-a51f-252c48258866","OSBS","D03","OSBS","2016-08-08T21:13Z","2016-08-10T14:33Z","OSBS.2016.32.CULERR.F.T","OSBS.2016.32.CULERR.F.T.16",39,
"db10a033-228f-4c4f-a740-f7fdc0d21d04","OSBS","D03","OSBS","2016-08-08T21:13Z","2016-08-10T14:33Z","OSBS.2016.32.CULERR.F.T","OSBS.2016.32.CULERR.F.T.35",39,
"57709de8-f3ed-4195-bfcf-fe564e1df009","OSBS","D03","OSBS","2016-08-08T21:13Z","2016-08-10T14:33Z","OSBS.2016.32.CULERR.F.T","OSBS.2016.32.CULERR.F.T.17",39,
"bb5f86df-00c6-461f-93ab-349fdbf06916","OSBS","D03","OSBS","2016-08-08T21:13Z","2016-08-10T14:33Z","OSBS.2016.32.CULERR.F.T","OSBS.2016.32.CULERR.F.T.12",39,
"eca7d55e-370d-4326-aefc-c2f38976ab65","OSBS","D03","OSBS","2016-08-08T21:13Z","2016-08-10T14:33Z","OSBS.2016.32.CULERR.F.T","OSBS.2016.32.CULERR.F.T.44",39,
"c8ba61dc-4551-41d2-bcd7-8a3719f06e55","OSBS","D03","OSBS","2016-08-08T21:13Z","2016-08-10T14:33Z","OSBS.2016.32.CULERR.F.T","OSBS.2016.32.CULERR.F.T.38",39,
"eda43f33-a6d7-4146-a7b2-0e0427b483aa","OSBS","D03","OSBS","2016-08-08T21:13Z","2016-08-10T14:33Z","OSBS.2016.32.CULERR.F.T","OSBS.2016.32.CULERR.F.T.15",39,
"6c6f5e39-d5f6-445c-a18b-9f3a9cf93bdb","OSBS","D03","OSBS","2016-08-08T21:13Z","2016-08-10T14:33Z","OSBS.2016.32.CULERR.F.T","OSBS.2016.32.CULERR.F.T.19",39,
"c02ff8e3-8beb-4983-845c-65014bd9489d","OSBS","D03","OSBS","2016-08-08T21:13Z","2016-08-10T14:33Z","OSBS.2016.32.CULERR.F.T","OSBS.2016.32.CULERR.F.T.27",39,
"fc737c51-5208-4a84-a4ba-e7b0f5ebc74b","OSBS","D03","OSBS","2016-08-08T21:13Z","2016-08-10T14:33Z","OSBS.2016.32.CULERR.F.T","OSBS.2016.32.CULERR.F.T.26",39,
"74709ca9-cafe-49bc-b2f7-8aa295347481","OSBS","D03","OSBS","2016-08-08T21:13Z","2016-08-10T14:33Z","OSBS.2016.32.CULERR.F.T","OSBS.2016.32.CULERR.F.T.22",39,
"8d608ef0-6a78-4223-b297-5018b66a3199","OSBS","D03","OSBS","2016-08-08T21:13Z","2016-08-10T14:33Z","OSBS.2016.32.CULERR.F.T","OSBS.2016.32.CULERR.F.T.43",39,
"ff8360c4-bbdd-4b0c-b714-f2159900e9cf","OSBS","D03","OSBS","2016-08-08T21:13Z","2016-08-10T14:33Z","OSBS.2016.32.CULERR.F.T","OSBS.2016.32.CULERR.F.T.06",40,
"b81f680e-42a0-4d78-b025-8e86c7b91a86","OSBS","D03","OSBS","2016-08-08T21:13Z","2016-08-10T14:33Z","OSBS.2016.32.CULERR.F.T","OSBS.2016.32.CULERR.F.T.11",39,
"f64220bf-7878-4465-868c-76fa606d6289","OSBS","D03","OSBS","2016-08-08T21:13Z","2016-08-10T14:33Z","OSBS.2016.32.CULERR.F.T","OSBS.2016.32.CULERR.F.T.32",39,
"58bb4708-fb22-472c-9907-e1bb4841aedf","OSBS","D03","OSBS","2016-08-08T21:13Z","2016-08-10T14:33Z","OSBS.2016.32.CULERR.F.T","OSBS.2016.32.CULERR.F.T.18",39,
"f4634829-20ed-44a1-8e14-704ce75a60f5","OSBS","D03","OSBS","2016-08-08T21:13Z","2016-08-10T14:33Z","OSBS.2016.32.CULERR.F.T","OSBS.2016.32.CULERR.F.T.34",39,
"b9115dfa-39a1-4993-b86c-900f175c8bcb","OSBS","D03","OSBS","2016-08-08T21:13Z","2016-08-10T14:33Z","OSBS.2016.32.CULNIG.F.T","OSBS.2016.32.CULNIG.F.T.01",27,
"b121a1ec-89b6-4af6-a3d5-4dd6b77c0cd3","OSBS","D03","OSBS","2016-08-22T20:15Z","2016-08-24T14:08Z","OSBS.2016.34.CULERR.F.T","OSBS.2016.34.CULERR.F.T.42",40,
"d0831335-d19a-419b-b2ee-df629a8e4dab","OSBS","D03","OSBS","2016-08-22T20:15Z","2016-08-24T14:08Z","OSBS.2016.34.CULERR.F.T","OSBS.2016.34.CULERR.F.T.39",40,
"fe6cd07b-74fb-451d-b932-6bd6ff411ca3","OSBS","D03","OSBS","2016-08-22T20:15Z","2016-08-24T14:08Z","OSBS.2016.34.CULERR.F.T","OSBS.2016.34.CULERR.F.T.32",40,
"7f257f12-b460-464d-afe6-bb2f1b70c9b6","OSBS","D03","OSBS","2016-08-22T20:15Z","2016-08-24T14:08Z","OSBS.2016.34.CULERR.F.T","OSBS.2016.34.CULERR.F.T.34",40,
"841ab719-c54b-4556-b9f0-08d19e913ba3","OSBS","D03","OSBS","2016-08-22T20:15Z","2016-08-24T14:08Z","OSBS.2016.34.CULERR.F.T","OSBS.2016.34.CULERR.F.T.23",40,
"6b8590ab-286b-4f14-8867-ffcaf46de413","OSBS","D03","OSBS","2016-08-22T20:15Z","2016-08-24T14:08Z","OSBS.2016.34.CULERR.F.T","OSBS.2016.34.CULERR.F.T.14",40,
"f2b1c98e-8897-410f-9661-70a94e56026d","OSBS","D03","OSBS","2016-08-22T20:15Z","2016-08-24T14:08Z","OSBS.2016.34.CULERR.F.T","OSBS.2016.34.CULERR.F.T.09",40,
"685bc7c7-4c23-48ee-b689-00d8d68a68f1","OSBS","D03","OSBS","2016-08-22T20:15Z","2016-08-24T14:08Z","OSBS.2016.34.CULERR.F.T","OSBS.2016.34.CULERR.F.T.16",40,
"68d5dbc4-1b38-46dd-8d1f-e22afad577e2","OSBS","D03","OSBS","2016-08-22T20:15Z","2016-08-24T14:08Z","OSBS.2016.34.CULERR.F.T","OSBS.2016.34.CULERR.F.T.41",40,
"de3d8b7e-7705-42ed-b608-046792c0a45c","OSBS","D03","OSBS","2016-08-22T20:15Z","2016-08-24T14:08Z","OSBS.2016.34.CULERR.F.T","OSBS.2016.34.CULERR.F.T.25",40,
"9aab62ea-04c4-4649-a1a4-3ae87b2eee4a","OSBS","D03","OSBS","2016-08-22T20:15Z","2016-08-24T14:08Z","OSBS.2016.34.CULERR.F.T","OSBS.2016.34.CULERR.F.T.02",40,
"afb47a7d-714b-4a8b-83d7-3793a2135e8f","OSBS","D03","OSBS","2016-08-22T20:15Z","2016-08-24T14:08Z","OSBS.2016.34.CULERR.F.T","OSBS.2016.34.CULERR.F.T.11",40,
"cc247094-cd7f-4ae6-a31b-4c82dee92c06","OSBS","D03","OSBS","2016-08-22T20:15Z","2016-08-24T14:08Z","OSBS.2016.34.CULERR.F.T","OSBS.2016.34.CULERR.F.T.38",40,
"5c86d6f0-7cd9-4f06-a4b8-a842d53e113f","OSBS","D03","OSBS","2016-08-22T20:15Z","2016-08-24T14:08Z","OSBS.2016.34.CULERR.F.T","OSBS.2016.34.CULERR.F.T.45",39,
"0b4162d0-31d3-4359-a58e-28cb3b94e5cf","OSBS","D03","OSBS","2016-08-22T20:15Z","2016-08-24T14:08Z","OSBS.2016.34.CULERR.F.T","OSBS.2016.34.CULERR.F.T.28",40,
"254f55d1-43be-4797-9e4f-f52a109dd995","OSBS","D03","OSBS","2016-08-22T20:15Z","2016-08-24T14:08Z","OSBS.2016.34.CULERR.F.T","OSBS.2016.34.CULERR.F.T.01",40,
"f50210bb-81b3-41c4-a28b-887f8515a0cf","OSBS","D03","OSBS","2016-08-22T20:15Z","2016-08-24T14:08Z","OSBS.2016.34.CULERR.F.T","OSBS.2016.34.CULERR.F.T.18",40,
"12f5a51a-af42-4df0-92fd-4cb4fa8250d5","OSBS","D03","OSBS","2016-08-22T20:15Z","2016-08-24T14:08Z","OSBS.2016.34.CULERR.F.T","OSBS.2016.34.CULERR.F.T.24",40,
"5b7c37d2-cf6f-44bd-954e-d176a50396d2","OSBS","D03","OSBS","2016-08-22T20:15Z","2016-08-24T14:08Z","OSBS.2016.34.CULERR.F.T","OSBS.2016.34.CULERR.F.T.35",40,
"3a34a005-a3dc-43c3-aeb5-c64cde7f136c","OSBS","D03","OSBS","2016-08-22T20:15Z","2016-08-24T14:08Z","OSBS.2016.34.CULERR.F.T","OSBS.2016.34.CULERR.F.T.30",40,
"e125dd35-832a-48a4-9d61-70cf536cdc4e","OSBS","D03","OSBS","2016-08-22T20:15Z","2016-08-24T14:08Z","OSBS.2016.34.CULERR.F.T","OSBS.2016.34.CULERR.F.T.37",40,
"ab2b141f-925c-403b-a92c-57ab37be468e","OSBS","D03","OSBS","2016-08-22T20:15Z","2016-08-24T14:08Z","OSBS.2016.34.CULERR.F.T","OSBS.2016.34.CULERR.F.T.43",40,
"08e164f2-85e9-4b39-b5a9-53ba6a9f4db1","OSBS","D03","OSBS","2016-08-22T20:15Z","2016-08-24T14:08Z","OSBS.2016.34.CULERR.F.T","OSBS.2016.34.CULERR.F.T.21",40,
"891f76d1-f546-49f1-88ec-ce4d044318ba","OSBS","D03","OSBS","2016-08-22T20:15Z","2016-08-24T14:08Z","OSBS.2016.34.CULERR.F.T","OSBS.2016.34.CULERR.F.T.29",40,
"efcef16b-7f5d-4c90-a61d-a7770d8da6d6","OSBS","D03","OSBS","2016-08-22T20:15Z","2016-08-24T14:08Z","OSBS.2016.34.CULERR.F.T","OSBS.2016.34.CULERR.F.T.44",39,
"c9dd4a8d-f581-4026-9d94-af6441446598","OSBS","D03","OSBS","2016-08-22T20:15Z","2016-08-24T14:08Z","OSBS.2016.34.CULERR.F.T","OSBS.2016.34.CULERR.F.T.36",40,
"7dd0c671-67b2-4929-b097-72fdc6bfc758","OSBS","D03","OSBS","2016-08-22T20:15Z","2016-08-24T14:08Z","OSBS.2016.34.CULERR.F.T","OSBS.2016.34.CULERR.F.T.33",40,
"f22bfe09-7cb3-4116-8c5d-c614ba5ce4bb","OSBS","D03","OSBS","2016-08-22T20:15Z","2016-08-24T14:08Z","OSBS.2016.34.CULERR.F.T","OSBS.2016.34.CULERR.F.T.19",40,
"ba1815a4-321d-4765-ad10-963cd0ee1e5f","OSBS","D03","OSBS","2016-08-22T20:15Z","2016-08-24T14:08Z","OSBS.2016.34.CULERR.F.T","OSBS.2016.34.CULERR.F.T.08",40,
"f354d5e0-45cc-479c-990a-bda2fc128429","OSBS","D03","OSBS","2016-08-22T20:15Z","2016-08-24T14:08Z","OSBS.2016.34.CULERR.F.T","OSBS.2016.34.CULERR.F.T.31",40,
"2f171285-3aff-4946-9ab5-b3b6af4a8fd9","OSBS","D03","OSBS","2016-08-22T20:15Z","2016-08-24T14:08Z","OSBS.2016.34.CULERR.F.T","OSBS.2016.34.CULERR.F.T.06",40,
"6b9bed28-6324-4a12-86ec-66facfcb0abe","OSBS","D03","OSBS","2016-08-22T20:15Z","2016-08-24T14:08Z","OSBS.2016.34.CULERR.F.T","OSBS.2016.34.CULERR.F.T.27",40,
"c6b0dbae-e7db-4f9d-b421-3dad2cb64e13","OSBS","D03","OSBS","2016-08-22T20:15Z","2016-08-24T14:08Z","OSBS.2016.34.CULERR.F.T","OSBS.2016.34.CULERR.F.T.12",40,
"a6be9312-346c-4034-9c64-188ae7542a5f","OSBS","D03","OSBS","2016-08-22T20:15Z","2016-08-24T14:08Z","OSBS.2016.34.CULERR.F.T","OSBS.2016.34.CULERR.F.T.13",40,
"936b618a-3a92-4806-bade-af6732fa99c2","OSBS","D03","OSBS","2016-08-22T20:15Z","2016-08-24T14:08Z","OSBS.2016.34.CULERR.F.T","OSBS.2016.34.CULERR.F.T.07",40,
"1bef7017-b9a7-4cc1-aef8-de9a87b385e5","OSBS","D03","OSBS","2016-08-22T20:15Z","2016-08-24T14:08Z","OSBS.2016.34.CULERR.F.T","OSBS.2016.34.CULERR.F.T.10",40,
"675e9d1f-56ad-44b0-b4e9-0ac1fda30809","OSBS","D03","OSBS","2016-08-22T20:15Z","2016-08-24T14:08Z","OSBS.2016.34.CULERR.F.T","OSBS.2016.34.CULERR.F.T.46",39,
"ca64f71b-2fae-4e59-8a55-a11e460ac21b","OSBS","D03","OSBS","2016-08-22T20:15Z","2016-08-24T14:08Z","OSBS.2016.34.CULERR.F.T","OSBS.2016.34.CULERR.F.T.17",40,
"b191e672-8074-41c2-b66d-d723e5fd5ed6","OSBS","D03","OSBS","2016-08-22T20:15Z","2016-08-24T14:08Z","OSBS.2016.34.CULERR.F.T","OSBS.2016.34.CULERR.F.T.03",40,
"89657559-89ee-4937-830c-7207966cb9ca","OSBS","D03","OSBS","2016-08-22T20:15Z","2016-08-24T14:08Z","OSBS.2016.34.CULERR.F.T","OSBS.2016.34.CULERR.F.T.04",40,
"0b5fd411-7cf0-4161-9a94-69a8b154b993","OSBS","D03","OSBS","2016-08-22T20:15Z","2016-08-24T14:08Z","OSBS.2016.34.CULERR.F.T","OSBS.2016.34.CULERR.F.T.40",40,
"795e12a2-1f89-4006-b7dd-d445ee6a3195","OSBS","D03","OSBS","2016-08-22T20:15Z","2016-08-24T14:08Z","OSBS.2016.34.CULERR.F.T","OSBS.2016.34.CULERR.F.T.20",40,
"250bc256-2a5f-4085-99b9-ab6d8e1bc4ae","OSBS","D03","OSBS","2016-08-22T20:15Z","2016-08-24T14:08Z","OSBS.2016.34.CULERR.F.T","OSBS.2016.34.CULERR.F.T.26",40,
"030a4917-2a4f-4b5b-b70c-0be18e970419","OSBS","D03","OSBS","2016-08-22T20:15Z","2016-08-24T14:08Z","OSBS.2016.34.CULERR.F.T","OSBS.2016.34.CULERR.F.T.22",40,
"45dab541-57c4-4a6f-9a8a-74bcc84598ef","OSBS","D03","OSBS","2016-08-22T20:15Z","2016-08-24T14:08Z","OSBS.2016.34.CULERR.F.T","OSBS.2016.34.CULERR.F.T.05",40,
"444031d1-53d1-44db-ae68-696d0060fb5c","OSBS","D03","OSBS","2016-08-22T20:15Z","2016-08-24T14:08Z","OSBS.2016.34.CULERR.F.T","OSBS.2016.34.CULERR.F.T.15",40,
"b0133fc0-426f-4479-b7ed-1092bb390a96","OSBS","D03","OSBS","2016-08-22T20:25Z","2016-08-24T14:08Z","OSBS.2016.34.CULNIG.F.T","OSBS.2016.34.CULNIG.F.T.01",33,
"be651ff3-9503-4a42-a594-8157fe292b1d","OSBS","D03","OSBS","2016-08-22T20:25Z","2016-08-24T14:08Z","OSBS.2016.34.AEDINF.F.T","OSBS.2016.34.AEDINF.F.T.01",30,
"e3ca656c-aefb-4273-81b6-78b0c91d50f0","OSBS","D03","OSBS","2016-08-22T20:25Z","2016-08-24T14:08Z","OSBS.2016.34.AEDINF.F.T","OSBS.2016.34.AEDINF.F.T.02",30,
