uid,namedLocation,domainID,siteID,startCollectDate,endCollectDate,testingID,testingVialID,poolSize,dataQF
"5bef2364-abc2-4315-9609-327fa35048db","TALL","D08","TALL","2016-10-11T20:22Z","2016-10-13T14:19Z","TALL.2016.41.AEDVEX.F.T","TALL.2016.41.AEDVEX.F.T.07",37,
"32f7289d-7404-43d6-912b-14fe5d97967a","TALL","D08","TALL","2016-10-11T20:22Z","2016-10-13T14:19Z","TALL.2016.41.AEDVEX.F.T","TALL.2016.41.AEDVEX.F.T.01",37,
"685384b8-8f58-49e1-a3af-29590cc1539c","TALL","D08","TALL","2016-10-11T20:22Z","2016-10-13T14:19Z","TALL.2016.41.AEDVEX.F.T","TALL.2016.41.AEDVEX.F.T.04",37,
"534cc86f-8281-4f11-85e7-43b52c804f9a","TALL","D08","TALL","2016-10-11T20:22Z","2016-10-13T14:19Z","TALL.2016.41.AEDVEX.F.T","TALL.2016.41.AEDVEX.F.T.11",36,
"4240fe67-3f4d-49e6-b03f-2984cbb6e979","TALL","D08","TALL","2016-10-11T20:22Z","2016-10-13T14:19Z","TALL.2016.41.AEDVEX.F.T","TALL.2016.41.AEDVEX.F.T.05",37,
"72fb5344-4a3d-4742-9f20-d597702f829e","TALL","D08","TALL","2016-10-11T20:22Z","2016-10-13T14:19Z","TALL.2016.41.AEDVEX.F.T","TALL.2016.41.AEDVEX.F.T.06",37,
"813a1ba6-313d-49ed-88f9-5f7bb39e61a9","TALL","D08","TALL","2016-10-11T20:22Z","2016-10-13T14:19Z","TALL.2016.41.AEDVEX.F.T","TALL.2016.41.AEDVEX.F.T.09",37,
"61f25c24-cd4e-409c-803c-3251ff14bced","TALL","D08","TALL","2016-10-11T20:22Z","2016-10-13T14:19Z","TALL.2016.41.AEDVEX.F.T","TALL.2016.41.AEDVEX.F.T.03",37,
"8cba22f5-158d-416e-8ef0-8896b0e92349","TALL","D08","TALL","2016-10-11T20:22Z","2016-10-13T14:19Z","TALL.2016.41.AEDVEX.F.T","TALL.2016.41.AEDVEX.F.T.10",36,
"e0f378bc-4131-428e-abeb-cb5a5a51bc47","TALL","D08","TALL","2016-10-11T20:22Z","2016-10-13T14:19Z","TALL.2016.41.AEDVEX.F.T","TALL.2016.41.AEDVEX.F.T.02",37,
"1c938ecd-f742-4ca2-bece-89f4d840dc9b","TALL","D08","TALL","2016-10-11T20:22Z","2016-10-13T14:19Z","TALL.2016.41.AEDVEX.F.T","TALL.2016.41.AEDVEX.F.T.08",37,
"f907fbab-e082-42c3-ab42-e4f98a3ec6bf","TALL","D08","TALL","2016-10-25T19:00Z","2016-10-27T14:13Z","TALL.2016.43.AEDVEX.F.T","TALL.2016.43.AEDVEX.F.T.01",39,
"1b938404-82ad-4313-9f5c-442219a247e1","TALL","D08","TALL","2016-10-25T19:00Z","2016-10-27T14:13Z","TALL.2016.43.AEDVEX.F.T","TALL.2016.43.AEDVEX.F.T.03",39,
"c12c7ee1-bee4-4717-909d-3a0eaf5d3a9f","TALL","D08","TALL","2016-10-25T19:00Z","2016-10-27T14:13Z","TALL.2016.43.AEDVEX.F.T","TALL.2016.43.AEDVEX.F.T.02",39,
"0cecdcf5-c790-4079-9b33-22cbd5e65b88","TALL","D08","TALL","2016-10-25T19:00Z","2016-10-27T14:13Z","TALL.2016.43.AEDVEX.F.T","TALL.2016.43.AEDVEX.F.T.04",39,
"410e502e-55c8-4a7f-8c79-b6e1953a6ad7","TALL","D08","TALL","2016-10-25T19:52Z","2016-10-27T13:15Z","TALL.2016.43.CULERR.F.T","TALL.2016.43.CULERR.F.T.01",17,
