uid,namedLocation,domainID,siteID,startCollectDate,endCollectDate,testingID,testingVialID,poolSize,dataQF
"3e7f30e6-afb0-434a-8cfc-9e318e8fd004","DEJU","D19","DEJU","2016-07-20T00:44Z","2016-07-21T16:27Z","DEJU.2016.29.AEDINT.F.T","DEJU.2016.29.AEDINT.F.T.01",39,
"1bcffe79-69ed-45cb-99ac-8703c82740c7","DEJU","D19","DEJU","2016-07-20T00:44Z","2016-07-21T16:27Z","DEJU.2016.29.AEDINT.F.T","DEJU.2016.29.AEDINT.F.T.03",38,
"51f9b66a-c667-4b57-a324-6caa318b05e8","DEJU","D19","DEJU","2016-07-20T00:44Z","2016-07-21T16:27Z","DEJU.2016.29.AEDINT.F.T","DEJU.2016.29.AEDINT.F.T.04",38,
"6aee7b97-1d47-4e04-8c89-48e1a2b20bd8","DEJU","D19","DEJU","2016-07-20T00:44Z","2016-07-21T16:27Z","DEJU.2016.29.AEDINT.F.T","DEJU.2016.29.AEDINT.F.T.02",39,
