uid,namedLocation,domainID,siteID,startCollectDate,endCollectDate,testingID,testingVialID,poolSize,dataQF
"be062a4c-4892-46e2-be7e-6ea58c697f94","CLBJ","D11","CLBJ","2016-11-07T20:40Z","2016-11-09T15:23Z","CLBJ.2016.45.CULCOR.F.T","CLBJ.2016.45.CULCOR.F.T.02",33,
"cba1c257-9913-43ac-b70d-e1cc966d57bb","CLBJ","D11","CLBJ","2016-11-07T20:40Z","2016-11-09T15:23Z","CLBJ.2016.45.CULCOR.F.T","CLBJ.2016.45.CULCOR.F.T.01",34,
"8a237694-3dc3-435b-814e-24ba5c9cf9be","CLBJ","D11","CLBJ","2016-11-07T20:40Z","2016-11-09T15:39Z","CLBJ.2016.45.CULNIG.F.T","CLBJ.2016.45.CULNIG.F.T.02",22,
"c94c3415-d357-46b6-84d6-75bebcb13bd5","CLBJ","D11","CLBJ","2016-11-07T20:40Z","2016-11-09T15:39Z","CLBJ.2016.45.CULNIG.F.T","CLBJ.2016.45.CULNIG.F.T.01",22,
"422a5d68-aa06-478b-b50c-4cae44fdc039","CLBJ","D11","CLBJ","2016-11-07T20:40Z","2016-11-09T16:00Z","CLBJ.2016.45.AEDVEX.F.T","CLBJ.2016.45.AEDVEX.F.T.07",38,
"c68a57e4-ff42-48a4-bb8b-9f3e2120056a","CLBJ","D11","CLBJ","2016-11-07T20:40Z","2016-11-09T16:00Z","CLBJ.2016.45.AEDVEX.F.T","CLBJ.2016.45.AEDVEX.F.T.08",38,
"6a603adb-0d4f-469a-b8be-a2c78ce550c4","CLBJ","D11","CLBJ","2016-11-07T20:40Z","2016-11-09T16:00Z","CLBJ.2016.45.AEDVEX.F.T","CLBJ.2016.45.AEDVEX.F.T.10",38,
"106549ff-b46e-4366-a5bc-a8e75999ccc4","CLBJ","D11","CLBJ","2016-11-07T20:40Z","2016-11-09T16:00Z","CLBJ.2016.45.AEDVEX.F.T","CLBJ.2016.45.AEDVEX.F.T.05",38,
"2ba8d0e3-dc18-4de9-981c-c79fa2b3cd02","CLBJ","D11","CLBJ","2016-11-07T20:40Z","2016-11-09T16:00Z","CLBJ.2016.45.AEDVEX.F.T","CLBJ.2016.45.AEDVEX.F.T.09",38,
"ee3ad637-7f5f-44e9-ab55-77f16edbd934","CLBJ","D11","CLBJ","2016-11-07T20:40Z","2016-11-09T16:00Z","CLBJ.2016.45.AEDVEX.F.T","CLBJ.2016.45.AEDVEX.F.T.15",37,
"1bd1b8e4-efc2-4291-8511-c9a92d38ae0f","CLBJ","D11","CLBJ","2016-11-07T20:40Z","2016-11-09T16:00Z","CLBJ.2016.45.AEDVEX.F.T","CLBJ.2016.45.AEDVEX.F.T.12",37,
"6ea31419-50d0-4a8b-86f8-124a968f82fd","CLBJ","D11","CLBJ","2016-11-07T20:40Z","2016-11-09T16:00Z","CLBJ.2016.45.AEDVEX.F.T","CLBJ.2016.45.AEDVEX.F.T.14",37,
"13fc5a94-cdf8-4f2c-be03-d3a14eb245f0","CLBJ","D11","CLBJ","2016-11-07T20:40Z","2016-11-09T16:00Z","CLBJ.2016.45.AEDVEX.F.T","CLBJ.2016.45.AEDVEX.F.T.02",38,
"f5fdbe9e-cb3a-42d5-9c25-3547efa2fbe4","CLBJ","D11","CLBJ","2016-11-07T20:40Z","2016-11-09T16:00Z","CLBJ.2016.45.CULTAR.F.T","CLBJ.2016.45.CULTAR.F.T.01",13,
"e36ad1ad-9315-4d7e-8214-b807e9b3f92e","CLBJ","D11","CLBJ","2016-11-07T20:40Z","2016-11-09T16:00Z","CLBJ.2016.45.AEDVEX.F.T","CLBJ.2016.45.AEDVEX.F.T.03",38,
"531ac16d-fb7e-4234-b601-7c946ee5f816","CLBJ","D11","CLBJ","2016-11-07T20:40Z","2016-11-09T16:00Z","CLBJ.2016.45.AEDVEX.F.T","CLBJ.2016.45.AEDVEX.F.T.04",38,
"d9af5ad6-5fec-47e2-b1ad-921d8e548b9b","CLBJ","D11","CLBJ","2016-11-07T20:40Z","2016-11-09T16:00Z","CLBJ.2016.45.AEDVEX.F.T","CLBJ.2016.45.AEDVEX.F.T.01",38,
"db0e7031-a6e2-4473-9225-9dbf98b9d8d8","CLBJ","D11","CLBJ","2016-11-07T20:40Z","2016-11-09T16:00Z","CLBJ.2016.45.AEDVEX.F.T","CLBJ.2016.45.AEDVEX.F.T.06",38,
"48d3c228-b3b0-4b37-9889-cf12abbf6851","CLBJ","D11","CLBJ","2016-11-07T20:40Z","2016-11-09T16:00Z","CLBJ.2016.45.AEDVEX.F.T","CLBJ.2016.45.AEDVEX.F.T.13",37,
"782c2bce-2df6-488e-90ae-9aa4cbf90ecb","CLBJ","D11","CLBJ","2016-11-07T20:40Z","2016-11-09T16:00Z","CLBJ.2016.45.AEDVEX.F.T","CLBJ.2016.45.AEDVEX.F.T.11",37,
"55ba397d-3a63-4df1-9ada-b078eb4e6394","CLBJ","D11","CLBJ","2016-11-07T20:59Z","2016-11-09T16:00Z","CLBJ.2016.45.CULSAL.F.T","CLBJ.2016.45.CULSAL.F.T.01",40,
"12169c7c-06ad-4036-aee0-2544a6ff65c0","CLBJ_074.mosquitoPoint.mos","D11","CLBJ","2016-11-07T21:23Z","2016-11-09T15:23Z","CLBJ.2016.45.AEDTRI.F.T","CLBJ.2016.45.AEDTRI.F.T.01",18,
"886b2e97-cb71-40b9-90bb-1366da2de6fe","CLBJ","D11","CLBJ","2016-11-21T20:55Z","2016-11-23T14:37Z","CLBJ.2016.47.AEDVEX.F.T","CLBJ.2016.47.AEDVEX.F.T.02",33,
"c8041e13-af8d-4108-bd87-028d6c401c4d","CLBJ","D11","CLBJ","2016-11-21T20:55Z","2016-11-23T14:37Z","CLBJ.2016.47.AEDVEX.F.T","CLBJ.2016.47.AEDVEX.F.T.01",33,
"926d8f6d-17c8-49e6-b12e-783b1618b9fd","CLBJ","D11","CLBJ","2016-11-21T20:55Z","2016-11-23T14:37Z","CLBJ.2016.47.AEDVEX.F.T","CLBJ.2016.47.AEDVEX.F.T.03",33,
