uid,namedLocation,domainID,siteID,startCollectDate,endCollectDate,testingID,testingVialID,poolSize,dataQF
"060d6c29-8555-4d05-bba6-ab8de3d7728f","GUAN","D04","GUAN","2016-10-04T20:58Z","2016-10-06T12:55Z","GUAN.2016.40.AEDTAE.F.T","GUAN.2016.40.AEDTAE.F.T.01",21,
"2ceee243-5d18-4bab-a5a5-df2419345441","GUAN","D04","GUAN","2016-10-04T21:12Z","2016-10-06T11:31Z","GUAN.2016.40.AEDOBT.F.T","GUAN.2016.40.AEDOBT.F.T.02",38,
"e15181aa-087c-4c74-8faa-396ac635eaf7","GUAN","D04","GUAN","2016-10-04T21:12Z","2016-10-06T11:31Z","GUAN.2016.40.AEDOBT.F.T","GUAN.2016.40.AEDOBT.F.T.01",39,
"57f05161-cdbf-4e19-9c05-6f5567980752","GUAN","D04","GUAN","2016-10-04T21:46Z","2016-10-06T12:40Z","GUAN.2016.40.CULBAH.F.T","GUAN.2016.40.CULBAH.F.T.01",14,
"188d062b-4c17-4600-8983-a91fa165a960","GUAN","D04","GUAN","2016-10-05T20:30Z","2016-10-06T12:40Z","GUAN.2016.40.CULNIG.F.T","GUAN.2016.40.CULNIG.F.T.01",10,
"23a7e0ce-797a-4665-bee6-2e141ce574bd","GUAN","D04","GUAN","2016-10-18T20:09Z","2016-10-20T12:01Z","GUAN.2016.42.AEDTOR1.F.T","GUAN.2016.42.AEDTOR1.F.T.09",37,
"c65a43fd-741c-4bac-9871-d4eeb418a751","GUAN","D04","GUAN","2016-10-18T20:09Z","2016-10-20T12:01Z","GUAN.2016.42.AEDTOR1.F.T","GUAN.2016.42.AEDTOR1.F.T.06",38,
"00552e02-fd36-4e86-bccd-267e6ba6b408","GUAN","D04","GUAN","2016-10-18T20:09Z","2016-10-20T12:01Z","GUAN.2016.42.AEDTOR1.F.T","GUAN.2016.42.AEDTOR1.F.T.10",37,
"dbd71d0b-16c6-4f56-a83d-749c744816d0","GUAN","D04","GUAN","2016-10-18T20:09Z","2016-10-20T12:01Z","GUAN.2016.42.AEDTOR1.F.T","GUAN.2016.42.AEDTOR1.F.T.04",38,
"89140e93-76ab-4d0f-829f-4e05f9ee11b4","GUAN","D04","GUAN","2016-10-18T20:09Z","2016-10-20T12:01Z","GUAN.2016.42.AEDTOR1.F.T","GUAN.2016.42.AEDTOR1.F.T.11",37,
"ae14fc61-9567-414b-9a8d-5c10da7b5092","GUAN","D04","GUAN","2016-10-18T20:09Z","2016-10-20T12:01Z","GUAN.2016.42.AEDTOR1.F.T","GUAN.2016.42.AEDTOR1.F.T.07",38,
"495266f2-811a-42f4-b745-1a2ff478d929","GUAN","D04","GUAN","2016-10-18T20:09Z","2016-10-20T12:01Z","GUAN.2016.42.AEDTOR1.F.T","GUAN.2016.42.AEDTOR1.F.T.02",38,
"6acff740-4159-4cc6-b9a9-45f291b11932","GUAN","D04","GUAN","2016-10-18T20:09Z","2016-10-20T12:01Z","GUAN.2016.42.AEDTOR1.F.T","GUAN.2016.42.AEDTOR1.F.T.03",38,
"a6a7fe26-6a7f-487a-8927-31d01c743809","GUAN","D04","GUAN","2016-10-18T20:09Z","2016-10-20T12:01Z","GUAN.2016.42.AEDTOR1.F.T","GUAN.2016.42.AEDTOR1.F.T.13",37,
"264d8f9d-2108-49a9-9e3d-3dc0f2a4b5e9","GUAN","D04","GUAN","2016-10-18T20:09Z","2016-10-20T12:01Z","GUAN.2016.42.AEDTOR1.F.T","GUAN.2016.42.AEDTOR1.F.T.05",38,
"48d8c27a-3802-4b4f-8529-72f85de8e0c0","GUAN","D04","GUAN","2016-10-18T20:09Z","2016-10-20T12:01Z","GUAN.2016.42.AEDTOR1.F.T","GUAN.2016.42.AEDTOR1.F.T.08",37,
"41bceb5a-58c1-4e7f-ac6a-a9d4d3ab05ed","GUAN","D04","GUAN","2016-10-18T20:09Z","2016-10-20T12:01Z","GUAN.2016.42.AEDTOR1.F.T","GUAN.2016.42.AEDTOR1.F.T.01",38,
"ccb268ae-bcb5-4299-a246-cdb3df7d7a6f","GUAN","D04","GUAN","2016-10-18T20:09Z","2016-10-20T12:01Z","GUAN.2016.42.AEDTOR1.F.T","GUAN.2016.42.AEDTOR1.F.T.12",37,
"7c6cfe74-54a9-4980-a384-1a69d7aac98f","GUAN","D04","GUAN","2016-10-18T20:09Z","2016-10-20T12:16Z","GUAN.2016.42.CULNIG.F.T","GUAN.2016.42.CULNIG.F.T.05",39,
"d9450a00-b595-43e9-84b0-9f59c1d8010d","GUAN","D04","GUAN","2016-10-18T20:09Z","2016-10-20T12:16Z","GUAN.2016.42.CULNIG.F.T","GUAN.2016.42.CULNIG.F.T.09",39,
"fa6d2aa4-865a-4915-8f07-19783f92c82a","GUAN","D04","GUAN","2016-10-18T20:09Z","2016-10-20T12:16Z","GUAN.2016.42.CULNIG.F.T","GUAN.2016.42.CULNIG.F.T.02",40,
"b32843c9-ce62-40a1-8a57-c83557ae5f02","GUAN","D04","GUAN","2016-10-18T20:09Z","2016-10-20T12:16Z","GUAN.2016.42.CULNIG.F.T","GUAN.2016.42.CULNIG.F.T.03",40,
"d0acc780-45a1-4e0b-bca9-f067f32fde0e","GUAN","D04","GUAN","2016-10-18T20:09Z","2016-10-20T12:16Z","GUAN.2016.42.CULNIG.F.T","GUAN.2016.42.CULNIG.F.T.08",39,
"358d8c44-f51e-40a7-95e6-d8c7e51a3f67","GUAN","D04","GUAN","2016-10-18T20:09Z","2016-10-20T12:16Z","GUAN.2016.42.CULNIG.F.T","GUAN.2016.42.CULNIG.F.T.06",39,
"09f09d4e-774d-47b6-8b06-700ae7ef60f0","GUAN","D04","GUAN","2016-10-18T20:09Z","2016-10-20T12:16Z","GUAN.2016.42.CULNIG.F.T","GUAN.2016.42.CULNIG.F.T.01",40,
"0655b36f-ee3b-48df-8227-4f9591544af9","GUAN","D04","GUAN","2016-10-18T20:09Z","2016-10-20T12:16Z","GUAN.2016.42.CULNIG.F.T","GUAN.2016.42.CULNIG.F.T.04",39,
"f9e14a7d-7eb0-4b54-8c50-58d9b2444631","GUAN","D04","GUAN","2016-10-18T20:09Z","2016-10-20T12:16Z","GUAN.2016.42.CULNIG.F.T","GUAN.2016.42.CULNIG.F.T.07",39,
"efbc6eb6-5843-4db6-971d-453e080045c1","GUAN","D04","GUAN","2016-10-18T20:09Z","2016-10-20T12:16Z","GUAN.2016.42.AEDTAE.F.T","GUAN.2016.42.AEDTAE.F.T.66",39,
"299423d8-29e4-4629-8d6d-4b8c6e648572","GUAN","D04","GUAN","2016-10-18T20:09Z","2016-10-20T12:16Z","GUAN.2016.42.AEDTAE.F.T","GUAN.2016.42.AEDTAE.F.T.70",39,
"66a2811f-1d04-4e26-b487-dcd00f2b7720","GUAN","D04","GUAN","2016-10-18T20:09Z","2016-10-20T12:16Z","GUAN.2016.42.AEDTAE.F.T","GUAN.2016.42.AEDTAE.F.T.62",39,
"48025e37-dd1a-44fb-bb73-20a038076f11","GUAN","D04","GUAN","2016-10-18T20:09Z","2016-10-20T12:16Z","GUAN.2016.42.AEDTAE.F.T","GUAN.2016.42.AEDTAE.F.T.63",39,
"983839b3-3a23-432e-a619-2ddced6992a2","GUAN","D04","GUAN","2016-10-18T20:09Z","2016-10-20T12:16Z","GUAN.2016.42.AEDTAE.F.T","GUAN.2016.42.AEDTAE.F.T.72",39,
"5b374af5-503e-49d7-8824-6b607c9c14e4","GUAN","D04","GUAN","2016-10-18T20:09Z","2016-10-20T12:16Z","GUAN.2016.42.AEDTAE.F.T","GUAN.2016.42.AEDTAE.F.T.65",39,
"21070756-3c91-403b-827d-3c97e6d96d1b","GUAN","D04","GUAN","2016-10-18T20:09Z","2016-10-20T12:16Z","GUAN.2016.42.AEDTAE.F.T","GUAN.2016.42.AEDTAE.F.T.68",39,
"6affd5fc-ff64-4588-b14f-53315ef71565","GUAN","D04","GUAN","2016-10-18T20:09Z","2016-10-20T12:16Z","GUAN.2016.42.AEDTAE.F.T","GUAN.2016.42.AEDTAE.F.T.71",39,
"0e11acd3-2aa6-45e9-9748-8fa86308b162","GUAN","D04","GUAN","2016-10-18T20:09Z","2016-10-20T12:16Z","GUAN.2016.42.AEDTAE.F.T","GUAN.2016.42.AEDTAE.F.T.67",39,
"811a193f-7645-48a0-bfa9-8cc66e7e609f","GUAN","D04","GUAN","2016-10-18T20:09Z","2016-10-20T12:16Z","GUAN.2016.42.AEDTAE.F.T","GUAN.2016.42.AEDTAE.F.T.64",39,
"5e9e46e5-0a46-4aa3-a87f-d20e44f391fe","GUAN","D04","GUAN","2016-10-18T20:09Z","2016-10-20T12:16Z","GUAN.2016.42.AEDTAE.F.T","GUAN.2016.42.AEDTAE.F.T.69",39,
"500fa430-ea1e-4e03-a85d-f4fa5c797011","GUAN","D04","GUAN","2016-10-18T20:09Z","2016-10-20T12:16Z","GUAN.2016.42.AEDTAE.F.T","GUAN.2016.42.AEDTAE.F.T.61",40,
"69ff6b5c-772e-4016-8081-f4c3fe5dec35","GUAN","D04","GUAN","2016-10-18T20:09Z","2016-10-20T12:16Z","GUAN.2016.42.AEDTAE.F.T","GUAN.2016.42.AEDTAE.F.T.73",39,
"678b502c-10c3-49e8-b777-ad8a05182621","GUAN","D04","GUAN","2016-10-18T20:09Z","2016-10-20T12:16Z","GUAN.2016.42.AEDTAE.F.T","GUAN.2016.42.AEDTAE.F.T.37",40,
"a8a24805-6ccf-4a62-84c1-5d71a132aa4f","GUAN","D04","GUAN","2016-10-18T20:09Z","2016-10-20T12:16Z","GUAN.2016.42.AEDTAE.F.T","GUAN.2016.42.AEDTAE.F.T.40",40,
"c62d870e-51d1-480f-bf4b-953164e3a23e","GUAN","D04","GUAN","2016-10-18T20:09Z","2016-10-20T12:16Z","GUAN.2016.42.AEDTAE.F.T","GUAN.2016.42.AEDTAE.F.T.49",40,
"97013abf-087d-4d53-956e-bcffbcd7a7bd","GUAN","D04","GUAN","2016-10-18T20:09Z","2016-10-20T12:16Z","GUAN.2016.42.AEDTAE.F.T","GUAN.2016.42.AEDTAE.F.T.48",40,
"01d09ccc-ac2f-4242-aa22-f005095a873f","GUAN","D04","GUAN","2016-10-18T20:09Z","2016-10-20T12:16Z","GUAN.2016.42.AEDTAE.F.T","GUAN.2016.42.AEDTAE.F.T.15",40,
"4cfdd2fe-fb73-4576-993b-34be52831d39","GUAN","D04","GUAN","2016-10-18T20:09Z","2016-10-20T12:16Z","GUAN.2016.42.AEDTAE.F.T","GUAN.2016.42.AEDTAE.F.T.41",40,
"c25d1237-339e-40a6-940d-5c592c898ddc","GUAN","D04","GUAN","2016-10-18T20:09Z","2016-10-20T12:16Z","GUAN.2016.42.AEDTAE.F.T","GUAN.2016.42.AEDTAE.F.T.31",40,
"ebf7c062-3b9b-45c6-92b4-24f54775ece9","GUAN","D04","GUAN","2016-10-18T20:09Z","2016-10-20T12:16Z","GUAN.2016.42.AEDTAE.F.T","GUAN.2016.42.AEDTAE.F.T.24",40,
"3b33c5a0-2a84-4af9-a1d3-76286acfc99f","GUAN","D04","GUAN","2016-10-18T20:09Z","2016-10-20T12:16Z","GUAN.2016.42.AEDTAE.F.T","GUAN.2016.42.AEDTAE.F.T.44",40,
"79cfb318-4b4a-4018-95da-d97b3e62efac","GUAN","D04","GUAN","2016-10-18T20:09Z","2016-10-20T12:16Z","GUAN.2016.42.AEDTAE.F.T","GUAN.2016.42.AEDTAE.F.T.22",40,
"59d71242-d98c-4f04-96e8-9dfd52f6cb15","GUAN","D04","GUAN","2016-10-18T20:09Z","2016-10-20T12:16Z","GUAN.2016.42.AEDTAE.F.T","GUAN.2016.42.AEDTAE.F.T.23",40,
"1a87f4f9-a299-41d4-baa3-78ec2be33d19","GUAN","D04","GUAN","2016-10-18T20:09Z","2016-10-20T12:16Z","GUAN.2016.42.AEDTAE.F.T","GUAN.2016.42.AEDTAE.F.T.54",40,
"592549a9-e593-40c6-9f96-1b493d8a4254","GUAN","D04","GUAN","2016-10-18T20:09Z","2016-10-20T12:16Z","GUAN.2016.42.AEDTAE.F.T","GUAN.2016.42.AEDTAE.F.T.46",40,
"0a8725a1-0a93-4f55-a6e8-47876ddd5161","GUAN","D04","GUAN","2016-10-18T20:09Z","2016-10-20T12:16Z","GUAN.2016.42.AEDTAE.F.T","GUAN.2016.42.AEDTAE.F.T.36",40,
"c13a2357-e673-49eb-9370-dbe0b542dd86","GUAN","D04","GUAN","2016-10-18T20:09Z","2016-10-20T12:16Z","GUAN.2016.42.AEDTAE.F.T","GUAN.2016.42.AEDTAE.F.T.17",40,
"bde1693d-0f40-41c5-9166-dd44db3ad02b","GUAN","D04","GUAN","2016-10-18T20:09Z","2016-10-20T12:16Z","GUAN.2016.42.AEDTAE.F.T","GUAN.2016.42.AEDTAE.F.T.13",40,
"ee43ef97-b1d8-45cb-9a4c-2b10672ec61e","GUAN","D04","GUAN","2016-10-18T20:09Z","2016-10-20T12:16Z","GUAN.2016.42.AEDTAE.F.T","GUAN.2016.42.AEDTAE.F.T.11",40,
"236b9616-286d-4934-a4c6-159b7b4ab179","GUAN","D04","GUAN","2016-10-18T20:09Z","2016-10-20T12:16Z","GUAN.2016.42.AEDTAE.F.T","GUAN.2016.42.AEDTAE.F.T.21",40,
"9f6f5bc7-68b1-4089-a135-a737eddcaa6f","GUAN","D04","GUAN","2016-10-18T20:09Z","2016-10-20T12:16Z","GUAN.2016.42.AEDTAE.F.T","GUAN.2016.42.AEDTAE.F.T.14",40,
"c69d2ecc-252f-4241-b593-7204e6d04394","GUAN","D04","GUAN","2016-10-18T20:09Z","2016-10-20T12:16Z","GUAN.2016.42.AEDTAE.F.T","GUAN.2016.42.AEDTAE.F.T.57",40,
"cdfc2d7c-35c3-45d9-aa90-48dfaa364d20","GUAN","D04","GUAN","2016-10-18T20:09Z","2016-10-20T12:16Z","GUAN.2016.42.AEDTAE.F.T","GUAN.2016.42.AEDTAE.F.T.29",40,
"89b66c73-3758-427c-9baf-70b5f59a7c3b","GUAN","D04","GUAN","2016-10-18T20:09Z","2016-10-20T12:16Z","GUAN.2016.42.AEDTAE.F.T","GUAN.2016.42.AEDTAE.F.T.45",40,
"7eb9a377-e9b0-453b-aa67-5cb6a8f6df70","GUAN","D04","GUAN","2016-10-18T20:09Z","2016-10-20T12:16Z","GUAN.2016.42.AEDTAE.F.T","GUAN.2016.42.AEDTAE.F.T.60",40,
"3dc598f2-c32e-448f-a29a-97355d0a16b0","GUAN","D04","GUAN","2016-10-18T20:09Z","2016-10-20T12:16Z","GUAN.2016.42.AEDTAE.F.T","GUAN.2016.42.AEDTAE.F.T.39",40,
"1863cac8-8fbf-4fbf-bad0-2bcad3dedadc","GUAN","D04","GUAN","2016-10-18T20:09Z","2016-10-20T12:16Z","GUAN.2016.42.AEDTAE.F.T","GUAN.2016.42.AEDTAE.F.T.34",40,
"b4a358d7-028f-4707-8619-9b411ded6686","GUAN","D04","GUAN","2016-10-18T20:09Z","2016-10-20T12:16Z","GUAN.2016.42.AEDTAE.F.T","GUAN.2016.42.AEDTAE.F.T.58",40,
"a543ca28-aa31-43a1-982b-c2ac8f9d6dfb","GUAN","D04","GUAN","2016-10-18T20:09Z","2016-10-20T12:16Z","GUAN.2016.42.AEDTAE.F.T","GUAN.2016.42.AEDTAE.F.T.47",40,
"1373cf27-59e8-4a6b-8070-58111b99ccfd","GUAN","D04","GUAN","2016-10-18T20:09Z","2016-10-20T12:16Z","GUAN.2016.42.AEDTAE.F.T","GUAN.2016.42.AEDTAE.F.T.56",40,
"f49b4ba8-595d-47fe-87de-7589040aa3de","GUAN","D04","GUAN","2016-10-18T20:09Z","2016-10-20T12:16Z","GUAN.2016.42.AEDTAE.F.T","GUAN.2016.42.AEDTAE.F.T.32",40,
"c4f5896d-3e83-4285-a368-13f81cd6dacd","GUAN","D04","GUAN","2016-10-18T20:09Z","2016-10-20T12:16Z","GUAN.2016.42.AEDTAE.F.T","GUAN.2016.42.AEDTAE.F.T.16",40,
"abc0181c-7150-41d8-9f89-875630a2a958","GUAN","D04","GUAN","2016-10-18T20:09Z","2016-10-20T12:16Z","GUAN.2016.42.AEDTAE.F.T","GUAN.2016.42.AEDTAE.F.T.52",40,
"c9763111-aa6b-4ddc-ae7e-1a9b24e96121","GUAN","D04","GUAN","2016-10-18T20:09Z","2016-10-20T12:16Z","GUAN.2016.42.AEDTAE.F.T","GUAN.2016.42.AEDTAE.F.T.33",40,
"aeb94a8b-2834-4ef8-b2e6-01d18069af65","GUAN","D04","GUAN","2016-10-18T20:09Z","2016-10-20T12:16Z","GUAN.2016.42.AEDTAE.F.T","GUAN.2016.42.AEDTAE.F.T.18",40,
"79f81d29-5cd9-487b-9741-76c4074a6f6f","GUAN","D04","GUAN","2016-10-18T20:09Z","2016-10-20T12:16Z","GUAN.2016.42.AEDTAE.F.T","GUAN.2016.42.AEDTAE.F.T.51",40,
"397c0843-dc5e-4c94-833a-ae0294b69101","GUAN","D04","GUAN","2016-10-18T20:09Z","2016-10-20T12:16Z","GUAN.2016.42.AEDTAE.F.T","GUAN.2016.42.AEDTAE.F.T.42",40,
"cd8bcb5e-91ac-449e-8ce9-fc4e3c5d7667","GUAN","D04","GUAN","2016-10-18T20:09Z","2016-10-20T12:16Z","GUAN.2016.42.AEDTAE.F.T","GUAN.2016.42.AEDTAE.F.T.25",40,
"41259ac7-d4e9-4c3f-b661-696b5cf54166","GUAN","D04","GUAN","2016-10-18T20:09Z","2016-10-20T12:16Z","GUAN.2016.42.AEDTAE.F.T","GUAN.2016.42.AEDTAE.F.T.53",40,
"03becae8-0b1a-4721-9029-e00ea75cab49","GUAN","D04","GUAN","2016-10-18T20:09Z","2016-10-20T12:16Z","GUAN.2016.42.AEDTAE.F.T","GUAN.2016.42.AEDTAE.F.T.38",40,
"fa6eb3f7-8104-478c-bb92-2693cb74fa46","GUAN","D04","GUAN","2016-10-18T20:09Z","2016-10-20T12:16Z","GUAN.2016.42.AEDTAE.F.T","GUAN.2016.42.AEDTAE.F.T.20",40,
"91ecae81-8d80-4e5c-a052-ef87f71da056","GUAN","D04","GUAN","2016-10-18T20:09Z","2016-10-20T12:16Z","GUAN.2016.42.AEDTAE.F.T","GUAN.2016.42.AEDTAE.F.T.28",40,
"b5da124c-6acc-4f54-a761-99ba687002f7","GUAN","D04","GUAN","2016-10-18T20:09Z","2016-10-20T12:16Z","GUAN.2016.42.AEDTAE.F.T","GUAN.2016.42.AEDTAE.F.T.27",40,
"86168135-410e-405c-a147-188564b34326","GUAN","D04","GUAN","2016-10-18T20:09Z","2016-10-20T12:16Z","GUAN.2016.42.AEDTAE.F.T","GUAN.2016.42.AEDTAE.F.T.35",40,
"7c2d7811-9d45-4ae1-9865-ef71d89e39ec","GUAN","D04","GUAN","2016-10-18T20:09Z","2016-10-20T12:16Z","GUAN.2016.42.AEDTAE.F.T","GUAN.2016.42.AEDTAE.F.T.30",40,
"06352bff-21b8-4f24-9704-ca40526b01b9","GUAN","D04","GUAN","2016-10-18T20:09Z","2016-10-20T12:16Z","GUAN.2016.42.AEDTAE.F.T","GUAN.2016.42.AEDTAE.F.T.55",40,
"04f5b3d2-f523-4905-a7c6-ad5b4837a47e","GUAN","D04","GUAN","2016-10-18T20:09Z","2016-10-20T12:16Z","GUAN.2016.42.AEDTAE.F.T","GUAN.2016.42.AEDTAE.F.T.50",40,
"9065a6a2-050d-43b6-bb13-b7f4ac2635b3","GUAN","D04","GUAN","2016-10-18T20:09Z","2016-10-20T12:16Z","GUAN.2016.42.AEDTAE.F.T","GUAN.2016.42.AEDTAE.F.T.19",40,
"f5cf337a-132b-4e32-ad11-46abc286d775","GUAN","D04","GUAN","2016-10-18T20:09Z","2016-10-20T12:16Z","GUAN.2016.42.AEDTAE.F.T","GUAN.2016.42.AEDTAE.F.T.43",40,
"dc71d36b-c7ad-4b35-b819-162735f0fa32","GUAN","D04","GUAN","2016-10-18T20:09Z","2016-10-20T12:16Z","GUAN.2016.42.AEDTAE.F.T","GUAN.2016.42.AEDTAE.F.T.12",40,
"2cca9d0e-6909-4a24-9d86-495399efea3a","GUAN","D04","GUAN","2016-10-18T20:09Z","2016-10-20T12:16Z","GUAN.2016.42.AEDTAE.F.T","GUAN.2016.42.AEDTAE.F.T.59",40,
"d83c3e52-b5b0-45d1-9684-b6e62bc8692a","GUAN","D04","GUAN","2016-10-18T20:09Z","2016-10-20T12:16Z","GUAN.2016.42.AEDTAE.F.T","GUAN.2016.42.AEDTAE.F.T.26",40,
"e083d563-39a9-4452-90d6-39f2f87a1c6d","GUAN","D04","GUAN","2016-10-18T20:09Z","2016-10-20T12:16Z","GUAN.2016.42.AEDTAE.F.T","GUAN.2016.42.AEDTAE.F.T.08",40,
"48f5d855-88a6-41cf-8055-5db7c1e28420","GUAN","D04","GUAN","2016-10-18T20:09Z","2016-10-20T12:16Z","GUAN.2016.42.AEDTAE.F.T","GUAN.2016.42.AEDTAE.F.T.07",40,
"4feb5b04-ef8c-49da-9cff-cbc8cfc0c9c7","GUAN","D04","GUAN","2016-10-18T20:09Z","2016-10-20T12:16Z","GUAN.2016.42.AEDTAE.F.T","GUAN.2016.42.AEDTAE.F.T.10",40,
"3728d393-a82f-4849-8e5f-0286a102fab9","GUAN","D04","GUAN","2016-10-18T20:09Z","2016-10-20T12:16Z","GUAN.2016.42.AEDTAE.F.T","GUAN.2016.42.AEDTAE.F.T.06",40,
"09aaaf2c-30d6-449a-b8b8-ab5b55a32cb4","GUAN","D04","GUAN","2016-10-18T20:09Z","2016-10-20T12:16Z","GUAN.2016.42.AEDTAE.F.T","GUAN.2016.42.AEDTAE.F.T.01",40,
"8beda17f-233d-442a-bd40-b8e5434baea6","GUAN","D04","GUAN","2016-10-18T20:09Z","2016-10-20T12:16Z","GUAN.2016.42.AEDTAE.F.T","GUAN.2016.42.AEDTAE.F.T.02",40,
"3a76cbff-02fa-4e62-9437-e2cc9a18178d","GUAN","D04","GUAN","2016-10-18T20:09Z","2016-10-20T12:16Z","GUAN.2016.42.AEDTAE.F.T","GUAN.2016.42.AEDTAE.F.T.05",40,
"59eb1a18-71e7-4d88-bb6e-086bc9d80659","GUAN","D04","GUAN","2016-10-18T20:09Z","2016-10-20T12:16Z","GUAN.2016.42.AEDTAE.F.T","GUAN.2016.42.AEDTAE.F.T.04",40,
"41f5b9f5-5187-45f1-87a4-1e2f4d51cae1","GUAN","D04","GUAN","2016-10-18T20:09Z","2016-10-20T12:16Z","GUAN.2016.42.AEDTAE.F.T","GUAN.2016.42.AEDTAE.F.T.09",40,
"d6f8a9cf-01e3-4fd8-bc24-96bb6394f142","GUAN","D04","GUAN","2016-10-18T20:09Z","2016-10-20T12:16Z","GUAN.2016.42.AEDTAE.F.T","GUAN.2016.42.AEDTAE.F.T.03",40,
"39a57f66-1a13-4e09-a647-08ce6aed6ef2","GUAN","D04","GUAN","2016-10-18T20:26Z","2016-10-20T10:54Z","GUAN.2016.42.AEDOBT.F.T","GUAN.2016.42.AEDOBT.F.T.01",37,
"ac8b0c03-b3c3-40c2-85ca-5925a6804722","GUAN","D04","GUAN","2016-10-18T20:26Z","2016-10-20T12:01Z","GUAN.2016.42.CULBAH.F.T","GUAN.2016.42.CULBAH.F.T.01",39,
"3a2dd9db-d3d7-48b6-ae4c-aa02b8226bf3","GUAN","D04","GUAN","2016-10-18T20:26Z","2016-10-20T12:01Z","GUAN.2016.42.CULBAH.F.T","GUAN.2016.42.CULBAH.F.T.02",38,
