uid,namedLocation,domainID,siteID,startCollectDate,endCollectDate,testingID,testingVialID,poolSize,dataQF
"101e5d89-3b80-4c41-8747-53821dc353eb","STER","D10","STER","2016-09-13T23:22Z","2016-09-15T13:59Z","STER.2016.37.AEDNIG.F.T","STER.2016.37.AEDNIG.F.T.02",27,
"3094fe31-b116-485a-bfd0-a4cc53dc7c5a","STER","D10","STER","2016-09-13T23:22Z","2016-09-15T13:59Z","STER.2016.37.AEDDOR.F.T","STER.2016.37.AEDDOR.F.T.01",14,
"018b6fb3-d442-43f9-8857-7d35bd1ae331","STER","D10","STER","2016-09-13T23:22Z","2016-09-15T13:59Z","STER.2016.37.AEDNIG.F.T","STER.2016.37.AEDNIG.F.T.01",28,
"94ac955b-1004-473a-917a-73a55eedfa76","STER","D10","STER","2016-09-14T00:23Z","2016-09-15T13:59Z","STER.2016.37.AEDVEX.F.T","STER.2016.37.AEDVEX.F.T.01",10,
