uid,namedLocation,domainID,siteID,startCollectDate,endCollectDate,testingID,testingVialID,poolSize,dataQF
"8a51e531-ce83-4ec3-8a7a-68c3083022e5","SERC","D02","SERC","2015-11-02T20:27Z","2015-11-04T14:49Z","SERC.2015.44.CULSAL.F.T","SERC.2015.44.CULSAL.F.T.01",33,
"5406264e-6c70-4fd9-bedc-24f295c0fc7c","SERC","D02","SERC","2015-11-02T20:27Z","2015-11-04T14:49Z","SERC.2015.44.CULSAL.F.T","SERC.2015.44.CULSAL.F.T.02",33,
"19efe3c2-e812-4ed1-bee6-2da4a865aedd","SERC","D02","SERC","2015-11-02T20:27Z","2015-11-04T14:49Z","SERC.2015.44.AEDVEX.F.T","SERC.2015.44.AEDVEX.F.T.03",27,
"4eb76557-74bc-40e4-8cf7-320346c3a9bd","SERC","D02","SERC","2015-11-02T20:27Z","2015-11-04T14:49Z","SERC.2015.44.AEDVEX.F.T","SERC.2015.44.AEDVEX.F.T.02",28,
"2a5212d3-b684-4f8e-a372-6ec557695a29","SERC","D02","SERC","2015-11-02T20:27Z","2015-11-04T14:49Z","SERC.2015.44.AEDVEX.F.T","SERC.2015.44.AEDVEX.F.T.01",28,
