uid,namedLocation,domainID,siteID,startCollectDate,endCollectDate,testingID,testingVialID,poolSize,dataQF
"01181b84-fdd6-47a6-ab69-db2f2ec9e403","UKFS","D06","UKFS","2016-10-12T20:03Z","2016-10-14T14:36Z","UKFS.2016.41.CULSAL.F.T","UKFS.2016.41.CULSAL.F.T.01",20,
"df921d13-5a88-469a-abb9-0a8691e75260","UKFS","D06","UKFS","2016-10-12T20:13Z","2016-10-14T14:36Z","UKFS.2016.41.AEDVEX.F.T","UKFS.2016.41.AEDVEX.F.T.04",32,
"8611927c-e40d-422f-90d4-a1dc730e53dc","UKFS","D06","UKFS","2016-10-12T20:13Z","2016-10-14T14:36Z","UKFS.2016.41.AEDVEX.F.T","UKFS.2016.41.AEDVEX.F.T.02",32,
"35656221-a7c1-46b1-9d17-e4b7a92b49c0","UKFS","D06","UKFS","2016-10-12T20:13Z","2016-10-14T14:36Z","UKFS.2016.41.AEDVEX.F.T","UKFS.2016.41.AEDVEX.F.T.05",32,
"b0e438e0-35d9-46e6-a505-6d46e6b67d18","UKFS","D06","UKFS","2016-10-12T20:13Z","2016-10-14T14:36Z","UKFS.2016.41.AEDVEX.F.T","UKFS.2016.41.AEDVEX.F.T.01",33,
