uid,namedLocation,domainID,siteID,startCollectDate,endCollectDate,testingID,testingVialID,poolSize,dataQF
"ecea8cda-b840-4f23-b21a-49dda68219d4","WOOD","D09","WOOD","2016-10-03T21:56Z","2016-10-05T14:10Z","WOOD.2016.40.AEDVEX.F.T","WOOD.2016.40.AEDVEX.F.T.03",37,
"78a1e053-2dcc-4603-83cf-b045e14a7a21","WOOD","D09","WOOD","2016-10-03T21:56Z","2016-10-05T14:10Z","WOOD.2016.40.AEDVEX.F.T","WOOD.2016.40.AEDVEX.F.T.04",37,
"5d051cc5-10ce-4512-b1a8-4da2edd7ebf3","WOOD","D09","WOOD","2016-10-03T21:56Z","2016-10-05T14:10Z","WOOD.2016.40.AEDVEX.F.T","WOOD.2016.40.AEDVEX.F.T.01",37,
"cbc170aa-dd62-4625-8c7f-df40fabc7b22","WOOD","D09","WOOD","2016-10-03T21:56Z","2016-10-05T14:10Z","WOOD.2016.40.AEDDOR.F.T","WOOD.2016.40.AEDDOR.F.T.01",21,
"8c68fa9b-6ab5-4069-a087-5b244f50ef92","WOOD","D09","WOOD","2016-10-03T21:56Z","2016-10-05T14:10Z","WOOD.2016.40.AEDVEX.F.T","WOOD.2016.40.AEDVEX.F.T.05",37,
"9780e010-42a8-4e67-9e6f-3c907e5044c2","WOOD","D09","WOOD","2016-10-03T21:56Z","2016-10-05T14:10Z","WOOD.2016.40.AEDVEX.F.T","WOOD.2016.40.AEDVEX.F.T.02",37,
"df852ad2-e421-442b-ada0-1285a2ea943f","WOOD","D09","WOOD","2016-10-03T21:56Z","2016-10-05T14:10Z","WOOD.2016.40.AEDVEX.F.T","WOOD.2016.40.AEDVEX.F.T.06",36,
