uid,namedLocation,domainID,siteID,startCollectDate,endCollectDate,testingID,testingVialID,poolSize,dataQF
"558c4a7c-10d5-425e-b6ee-647ca756e863","UKFS","D06","UKFS","2016-08-17T21:48Z","2016-08-19T14:20Z","UKFS.2016.33.CULERR.F.T","UKFS.2016.33.CULERR.F.T.39",39,
"94796a32-21d9-4981-8737-debd1e4e6ca8","UKFS","D06","UKFS","2016-08-17T21:48Z","2016-08-19T14:20Z","UKFS.2016.33.AEDVEX.F.T","UKFS.2016.33.AEDVEX.F.T.06",36,
"c20f60ac-a15d-4517-bd4c-f90c3df2b7a3","UKFS","D06","UKFS","2016-08-17T21:48Z","2016-08-19T14:20Z","UKFS.2016.33.CULERR.F.T","UKFS.2016.33.CULERR.F.T.40",39,
"07700e85-109c-4e36-83ef-45fae98df70b","UKFS","D06","UKFS","2016-08-17T21:48Z","2016-08-19T14:20Z","UKFS.2016.33.CULERR.F.T","UKFS.2016.33.CULERR.F.T.38",40,
"acb4f335-a01c-4464-82f8-328404f28c87","UKFS","D06","UKFS","2016-08-17T21:48Z","2016-08-19T14:20Z","UKFS.2016.33.CULERR.F.T","UKFS.2016.33.CULERR.F.T.42",39,
"1a06c7bd-740c-4337-a8d2-f6e98abecfdd","UKFS","D06","UKFS","2016-08-17T21:48Z","2016-08-19T14:20Z","UKFS.2016.33.CULERR.F.T","UKFS.2016.33.CULERR.F.T.25",40,
"3ce1acc4-c06a-4983-b4b2-1de50cbf0d0d","UKFS","D06","UKFS","2016-08-17T21:48Z","2016-08-19T14:20Z","UKFS.2016.33.CULERR.F.T","UKFS.2016.33.CULERR.F.T.18",40,
"ab7712dd-f7bb-400c-bf11-0ea61c33d899","UKFS","D06","UKFS","2016-08-17T21:48Z","2016-08-19T14:20Z","UKFS.2016.33.CULERR.F.T","UKFS.2016.33.CULERR.F.T.15",40,
"f7971159-7c29-484d-8080-4e521c022b7c","UKFS","D06","UKFS","2016-08-17T21:48Z","2016-08-19T14:20Z","UKFS.2016.33.CULERR.F.T","UKFS.2016.33.CULERR.F.T.35",40,
"d34c6d8d-aa65-4871-8964-1c81bc624ffb","UKFS","D06","UKFS","2016-08-17T21:48Z","2016-08-19T14:20Z","UKFS.2016.33.CULERR.F.T","UKFS.2016.33.CULERR.F.T.06",40,
"9a838b9b-b62e-4235-86fa-26ebe5466adb","UKFS","D06","UKFS","2016-08-17T21:48Z","2016-08-19T14:20Z","UKFS.2016.33.CULERR.F.T","UKFS.2016.33.CULERR.F.T.16",40,
"03afdc29-6f0f-400f-8a7f-605fd8c83757","UKFS","D06","UKFS","2016-08-17T21:48Z","2016-08-19T14:20Z","UKFS.2016.33.CULERR.F.T","UKFS.2016.33.CULERR.F.T.26",40,
"08b1bada-ac82-4b8a-9667-359baf42b0eb","UKFS","D06","UKFS","2016-08-17T21:48Z","2016-08-19T14:20Z","UKFS.2016.33.CULERR.F.T","UKFS.2016.33.CULERR.F.T.33",40,
"714fca99-d190-4f59-bc09-2ce7ff3d7227","UKFS","D06","UKFS","2016-08-17T21:48Z","2016-08-19T14:20Z","UKFS.2016.33.CULERR.F.T","UKFS.2016.33.CULERR.F.T.30",40,
"ecd1f595-15db-48f8-851d-92c65ecc57fb","UKFS","D06","UKFS","2016-08-17T21:48Z","2016-08-19T14:20Z","UKFS.2016.33.CULERR.F.T","UKFS.2016.33.CULERR.F.T.10",40,
"ce0e1047-2355-4b09-bc48-13dbcf567527","UKFS","D06","UKFS","2016-08-17T21:48Z","2016-08-19T14:20Z","UKFS.2016.33.CULERR.F.T","UKFS.2016.33.CULERR.F.T.11",40,
"f11da995-2592-41dc-afc7-77f85124f014","UKFS","D06","UKFS","2016-08-17T21:48Z","2016-08-19T14:20Z","UKFS.2016.33.CULERR.F.T","UKFS.2016.33.CULERR.F.T.09",40,
"84ead6c4-da51-430f-a856-f83a5e1ffc17","UKFS","D06","UKFS","2016-08-17T21:48Z","2016-08-19T14:20Z","UKFS.2016.33.CULERR.F.T","UKFS.2016.33.CULERR.F.T.23",40,
"b1481257-e454-4a6b-aca3-60a178a70eb3","UKFS","D06","UKFS","2016-08-17T21:48Z","2016-08-19T14:20Z","UKFS.2016.33.CULERR.F.T","UKFS.2016.33.CULERR.F.T.04",40,
"a1038abd-bfef-4eb8-807b-6dd4c01a42b4","UKFS","D06","UKFS","2016-08-17T21:48Z","2016-08-19T14:20Z","UKFS.2016.33.CULERR.F.T","UKFS.2016.33.CULERR.F.T.17",40,
"8a4afe9f-ffce-4b44-89a9-2382c31cafb6","UKFS","D06","UKFS","2016-08-17T21:48Z","2016-08-19T14:20Z","UKFS.2016.33.CULERR.F.T","UKFS.2016.33.CULERR.F.T.01",40,
"4bff6151-0f61-4cb6-9b2a-7a80564cb537","UKFS","D06","UKFS","2016-08-17T21:48Z","2016-08-19T14:20Z","UKFS.2016.33.CULERR.F.T","UKFS.2016.33.CULERR.F.T.21",40,
"6f7b4782-5fe5-4d91-8320-25a95834870d","UKFS","D06","UKFS","2016-08-17T21:48Z","2016-08-19T14:20Z","UKFS.2016.33.CULERR.F.T","UKFS.2016.33.CULERR.F.T.12",40,
"dd0c3977-2ac7-4a34-b98e-546a61e1a7fc","UKFS","D06","UKFS","2016-08-17T21:48Z","2016-08-19T14:20Z","UKFS.2016.33.CULERR.F.T","UKFS.2016.33.CULERR.F.T.37",40,
"e31c7fd6-ee2c-43e8-a1df-cea0e70c510f","UKFS","D06","UKFS","2016-08-17T21:48Z","2016-08-19T14:20Z","UKFS.2016.33.CULERR.F.T","UKFS.2016.33.CULERR.F.T.02",40,
"2c3bed17-6ecf-4848-9a51-b63af7f0906b","UKFS","D06","UKFS","2016-08-17T21:48Z","2016-08-19T14:20Z","UKFS.2016.33.CULERR.F.T","UKFS.2016.33.CULERR.F.T.36",40,
"5980c53c-8c19-4152-b875-bef3711a6c82","UKFS","D06","UKFS","2016-08-17T21:48Z","2016-08-19T14:20Z","UKFS.2016.33.CULERR.F.T","UKFS.2016.33.CULERR.F.T.03",40,
"335bf51a-1e1f-49c3-a3bb-91507d72a4e9","UKFS","D06","UKFS","2016-08-17T21:48Z","2016-08-19T14:20Z","UKFS.2016.33.CULERR.F.T","UKFS.2016.33.CULERR.F.T.34",40,
"ad9cd2e9-24cb-4788-ac56-765b61dbb535","UKFS","D06","UKFS","2016-08-17T21:48Z","2016-08-19T14:20Z","UKFS.2016.33.CULERR.F.T","UKFS.2016.33.CULERR.F.T.31",40,
"16523af7-e989-4c61-86f5-025f7e2e93b8","UKFS","D06","UKFS","2016-08-17T21:48Z","2016-08-19T14:20Z","UKFS.2016.33.CULERR.F.T","UKFS.2016.33.CULERR.F.T.27",40,
"583bd1e5-57ef-4439-97bc-d08d89b880fb","UKFS","D06","UKFS","2016-08-17T21:48Z","2016-08-19T14:20Z","UKFS.2016.33.CULERR.F.T","UKFS.2016.33.CULERR.F.T.28",40,
"ef8f6006-5235-4784-ba75-8754954c4c61","UKFS","D06","UKFS","2016-08-17T21:48Z","2016-08-19T14:20Z","UKFS.2016.33.CULERR.F.T","UKFS.2016.33.CULERR.F.T.24",40,
"79b6dc21-10ed-464f-ba3a-804ccf996b06","UKFS","D06","UKFS","2016-08-17T21:48Z","2016-08-19T14:20Z","UKFS.2016.33.CULERR.F.T","UKFS.2016.33.CULERR.F.T.08",40,
"d63fa4d2-8f0c-4e73-8d1b-409bddc956ca","UKFS","D06","UKFS","2016-08-17T21:48Z","2016-08-19T14:20Z","UKFS.2016.33.CULERR.F.T","UKFS.2016.33.CULERR.F.T.19",40,
"b2e115ec-9f31-4bd8-8a0b-0e62edeab81e","UKFS","D06","UKFS","2016-08-17T21:48Z","2016-08-19T14:20Z","UKFS.2016.33.CULERR.F.T","UKFS.2016.33.CULERR.F.T.14",40,
"693f437d-1b46-420d-a05a-ebc67d9b1f39","UKFS","D06","UKFS","2016-08-17T21:48Z","2016-08-19T14:20Z","UKFS.2016.33.CULERR.F.T","UKFS.2016.33.CULERR.F.T.20",40,
"b7949b26-d30e-4c30-9ed1-ccf4564564d5","UKFS","D06","UKFS","2016-08-17T21:48Z","2016-08-19T14:20Z","UKFS.2016.33.CULERR.F.T","UKFS.2016.33.CULERR.F.T.29",40,
"7d7f369c-1341-4f54-ba63-04f82f7ba88d","UKFS","D06","UKFS","2016-08-17T21:48Z","2016-08-19T14:20Z","UKFS.2016.33.CULERR.F.T","UKFS.2016.33.CULERR.F.T.05",40,
"d6796508-6daa-4581-a2b3-cd0a318f931a","UKFS","D06","UKFS","2016-08-17T21:48Z","2016-08-19T14:20Z","UKFS.2016.33.CULERR.F.T","UKFS.2016.33.CULERR.F.T.22",40,
"a0ff6df5-b91d-4b98-b9fd-ad35ab8a19e6","UKFS","D06","UKFS","2016-08-17T21:48Z","2016-08-19T14:20Z","UKFS.2016.33.CULERR.F.T","UKFS.2016.33.CULERR.F.T.32",40,
"3fb023cc-240c-46b9-a8f6-16edde9e8aca","UKFS","D06","UKFS","2016-08-17T21:48Z","2016-08-19T14:20Z","UKFS.2016.33.CULERR.F.T","UKFS.2016.33.CULERR.F.T.07",40,
"24ad30ef-7bf2-43dd-a634-3e6999fc673b","UKFS","D06","UKFS","2016-08-17T21:48Z","2016-08-19T14:20Z","UKFS.2016.33.CULERR.F.T","UKFS.2016.33.CULERR.F.T.13",40,
"0ff745dd-45cc-47f3-aba4-e83b6742dde1","UKFS","D06","UKFS","2016-08-17T21:48Z","2016-08-19T14:20Z","UKFS.2016.33.AEDVEX.F.T","UKFS.2016.33.AEDVEX.F.T.01",37,
"b64df25e-d1cc-42ea-9f2e-ed3c12bdf50d","UKFS","D06","UKFS","2016-08-17T21:48Z","2016-08-19T14:20Z","UKFS.2016.33.AEDVEX.F.T","UKFS.2016.33.AEDVEX.F.T.03",36,
"efc471a0-39bd-498d-9a15-e0017c108a70","UKFS","D06","UKFS","2016-08-17T21:48Z","2016-08-19T14:20Z","UKFS.2016.33.AEDVEX.F.T","UKFS.2016.33.AEDVEX.F.T.04",36,
"dd6c7e87-b25a-4250-970e-263346420cbb","UKFS","D06","UKFS","2016-08-17T21:48Z","2016-08-19T14:20Z","UKFS.2016.33.AEDVEX.F.T","UKFS.2016.33.AEDVEX.F.T.02",36,
"25f5c617-c037-40e4-9f50-e6316c8ac34b","UKFS","D06","UKFS","2016-08-17T21:48Z","2016-08-19T14:20Z","UKFS.2016.33.AEDVEX.F.T","UKFS.2016.33.AEDVEX.F.T.05",36,
"ee8f7fc2-d170-4235-be4b-678ca44c4691","UKFS","D06","UKFS","2016-08-17T21:48Z","2016-08-19T14:20Z","UKFS.2016.33.CULERR.F.T","UKFS.2016.33.CULERR.F.T.41",39,
