uid,namedLocation,domainID,siteID,startCollectDate,endCollectDate,testingID,testingVialID,poolSize,dataQF
"8c4c736b-ee7b-4037-8c4c-c501391803f1","LENO","D08","LENO","2016-09-06T20:57Z","2016-09-08T14:17Z","LENO.2016.36.CULERR.F.T","LENO.2016.36.CULERR.F.T.10",39,
"df2a87b2-becf-488e-a341-117d1918c7ca","LENO","D08","LENO","2016-09-06T20:57Z","2016-09-08T14:17Z","LENO.2016.36.CULERR.F.T","LENO.2016.36.CULERR.F.T.02",40,
"68eb1b67-6fc5-4319-ac5e-9f9054c3a6c2","LENO","D08","LENO","2016-09-06T20:57Z","2016-09-08T14:17Z","LENO.2016.36.CULERR.F.T","LENO.2016.36.CULERR.F.T.31",39,
"cd8b62f3-47a8-4b3d-9ad1-ec8dc90e968f","LENO","D08","LENO","2016-09-06T20:57Z","2016-09-08T14:17Z","LENO.2016.36.CULERR.F.T","LENO.2016.36.CULERR.F.T.32",39,
"69fdb656-c306-4c6a-9f78-0221f073e5af","LENO","D08","LENO","2016-09-06T20:57Z","2016-09-08T14:17Z","LENO.2016.36.CULERR.F.T","LENO.2016.36.CULERR.F.T.33",39,
"55b5e7ff-6e3d-480a-af49-db1357007371","LENO","D08","LENO","2016-09-06T20:57Z","2016-09-08T14:17Z","LENO.2016.36.CULERR.F.T","LENO.2016.36.CULERR.F.T.34",39,
"cd7357ea-1a73-4136-a338-12b6fd8d070d","LENO","D08","LENO","2016-09-06T20:57Z","2016-09-08T14:17Z","LENO.2016.36.CULERR.F.T","LENO.2016.36.CULERR.F.T.24",39,
"2189a32d-dad7-4826-8c0f-2c65c26ba002","LENO","D08","LENO","2016-09-06T20:57Z","2016-09-08T14:17Z","LENO.2016.36.CULERR.F.T","LENO.2016.36.CULERR.F.T.22",39,
"3a0b8862-b583-4fd4-a045-5744b7c5f5f1","LENO","D08","LENO","2016-09-06T20:57Z","2016-09-08T14:17Z","LENO.2016.36.CULERR.F.T","LENO.2016.36.CULERR.F.T.27",39,
"69a25a98-f346-45c5-b4fe-73dfcd909ffc","LENO","D08","LENO","2016-09-06T20:57Z","2016-09-08T14:17Z","LENO.2016.36.CULERR.F.T","LENO.2016.36.CULERR.F.T.26",39,
"b1294e51-16b6-44fb-a011-f8394eaef660","LENO","D08","LENO","2016-09-06T20:57Z","2016-09-08T14:17Z","LENO.2016.36.CULERR.F.T","LENO.2016.36.CULERR.F.T.23",39,
"8c9f0a45-641a-459c-9ce2-9e5d14ab6259","LENO","D08","LENO","2016-09-06T20:57Z","2016-09-08T14:17Z","LENO.2016.36.CULERR.F.T","LENO.2016.36.CULERR.F.T.28",39,
"4946efd7-df80-40f3-978e-4321e77f9dc9","LENO","D08","LENO","2016-09-06T20:57Z","2016-09-08T14:17Z","LENO.2016.36.CULERR.F.T","LENO.2016.36.CULERR.F.T.29",39,
"2b3b8a7c-3169-4ffa-baf2-3348891cd15a","LENO","D08","LENO","2016-09-06T20:57Z","2016-09-08T14:17Z","LENO.2016.36.CULERR.F.T","LENO.2016.36.CULERR.F.T.25",39,
"ffef4f99-48b7-4701-9110-08baf68973ca","LENO","D08","LENO","2016-09-06T20:57Z","2016-09-08T14:17Z","LENO.2016.36.CULERR.F.T","LENO.2016.36.CULERR.F.T.30",39,
"ef8000bb-cdf9-4b93-b6c7-3e52cb03eb82","LENO","D08","LENO","2016-09-06T20:57Z","2016-09-08T14:17Z","LENO.2016.36.CULERR.F.T","LENO.2016.36.CULERR.F.T.05",40,
"920ab3b0-3a5f-49ed-9f6e-04fa96a9d147","LENO","D08","LENO","2016-09-06T20:57Z","2016-09-08T14:17Z","LENO.2016.36.CULERR.F.T","LENO.2016.36.CULERR.F.T.06",40,
"01af1568-8045-44c7-9042-a739705e9536","LENO","D08","LENO","2016-09-06T20:57Z","2016-09-08T14:17Z","LENO.2016.36.CULERR.F.T","LENO.2016.36.CULERR.F.T.01",40,
"a893c410-2545-4844-a8e2-79153ffe46dc","LENO","D08","LENO","2016-09-06T20:57Z","2016-09-08T14:17Z","LENO.2016.36.CULERR.F.T","LENO.2016.36.CULERR.F.T.08",40,
"e4cef1cf-a505-4cdd-bf33-83901e3f13a8","LENO","D08","LENO","2016-09-06T20:57Z","2016-09-08T14:17Z","LENO.2016.36.CULERR.F.T","LENO.2016.36.CULERR.F.T.17",39,
"a3ba80f4-4e43-4b8a-ab15-d3edca850db0","LENO","D08","LENO","2016-09-06T20:57Z","2016-09-08T14:17Z","LENO.2016.36.CULERR.F.T","LENO.2016.36.CULERR.F.T.19",39,
"2f18a697-f213-4b41-b3ad-9ca60a95e4ec","LENO","D08","LENO","2016-09-06T20:57Z","2016-09-08T14:17Z","LENO.2016.36.CULERR.F.T","LENO.2016.36.CULERR.F.T.14",39,
"dc036352-4674-4e91-9355-366488ffeef8","LENO","D08","LENO","2016-09-06T20:57Z","2016-09-08T14:17Z","LENO.2016.36.CULERR.F.T","LENO.2016.36.CULERR.F.T.11",39,
"ba969520-9b0b-4900-8df2-35c46c1b8ed0","LENO","D08","LENO","2016-09-06T20:57Z","2016-09-08T14:17Z","LENO.2016.36.CULERR.F.T","LENO.2016.36.CULERR.F.T.09",40,
"cfd27f84-c63f-4e0c-a76e-93a8b88f2389","LENO","D08","LENO","2016-09-06T20:57Z","2016-09-08T14:17Z","LENO.2016.36.CULERR.F.T","LENO.2016.36.CULERR.F.T.15",39,
"d753183e-3dd9-4a6f-8658-e99356af03bc","LENO","D08","LENO","2016-09-06T20:57Z","2016-09-08T14:17Z","LENO.2016.36.CULERR.F.T","LENO.2016.36.CULERR.F.T.16",39,
"660d2358-1dd5-48d7-aa1e-7bc7ca5f350c","LENO","D08","LENO","2016-09-06T20:57Z","2016-09-08T14:17Z","LENO.2016.36.CULERR.F.T","LENO.2016.36.CULERR.F.T.20",39,
"8df20223-c313-42f4-857e-ce933d61b5c2","LENO","D08","LENO","2016-09-06T20:57Z","2016-09-08T14:17Z","LENO.2016.36.CULERR.F.T","LENO.2016.36.CULERR.F.T.18",39,
"b4d7bce6-4b84-48e4-a25a-c5a0eb6f9340","LENO","D08","LENO","2016-09-06T20:57Z","2016-09-08T14:17Z","LENO.2016.36.CULERR.F.T","LENO.2016.36.CULERR.F.T.07",40,
"83cbb31d-f5b6-4652-8df6-1d041434fe40","LENO","D08","LENO","2016-09-06T20:57Z","2016-09-08T14:17Z","LENO.2016.36.CULERR.F.T","LENO.2016.36.CULERR.F.T.12",39,
"a00474fa-b1b5-42c9-a78a-43669d1e87ae","LENO","D08","LENO","2016-09-06T20:57Z","2016-09-08T14:17Z","LENO.2016.36.CULERR.F.T","LENO.2016.36.CULERR.F.T.13",39,
"417df1bd-a6e7-47e1-a0a0-43c7c783844c","LENO","D08","LENO","2016-09-06T20:57Z","2016-09-08T14:17Z","LENO.2016.36.CULERR.F.T","LENO.2016.36.CULERR.F.T.21",39,
"d6107c95-43b2-4b3d-9895-2a34fdccad2f","LENO","D08","LENO","2016-09-06T20:57Z","2016-09-08T14:17Z","LENO.2016.36.CULERR.F.T","LENO.2016.36.CULERR.F.T.03",40,
"63de042b-45ef-4192-88c2-2cd0c3c0117d","LENO","D08","LENO","2016-09-06T20:57Z","2016-09-08T14:17Z","LENO.2016.36.CULERR.F.T","LENO.2016.36.CULERR.F.T.04",40,
"b8c00a41-1284-40f5-8ce8-a83116607006","LENO","D08","LENO","2016-09-06T21:11Z","2016-09-08T14:17Z","LENO.2016.36.CULNIG.F.T","LENO.2016.36.CULNIG.F.T.02",30,
"ef59154a-ad4b-4b12-97d9-dee71ff3ef17","LENO","D08","LENO","2016-09-06T21:11Z","2016-09-08T14:17Z","LENO.2016.36.CULNIG.F.T","LENO.2016.36.CULNIG.F.T.01",31,
