uid,namedLocation,domainID,siteID,startCollectDate,endCollectDate,testingID,testingVialID,poolSize,dataQF
"2a8e3e8c-4d19-4e4b-97e0-d63ca53635fc","UKFS","D06","UKFS","2016-06-22T22:22Z","2016-06-24T14:13Z","UKFS.2016.25.AEDVEX.F.T","UKFS.2016.25.AEDVEX.F.T.44",39,
"abc9022a-c818-4509-a561-edae4e90923f","UKFS","D06","UKFS","2016-06-22T22:22Z","2016-06-24T14:13Z","UKFS.2016.25.AEDVEX.F.T","UKFS.2016.25.AEDVEX.F.T.01",40,
"bab5cab7-bb41-4787-bd64-d4dd480eea8b","UKFS","D06","UKFS","2016-06-22T22:22Z","2016-06-24T14:13Z","UKFS.2016.25.AEDVEX.F.T","UKFS.2016.25.AEDVEX.F.T.31",39,
"e4d44df3-9acb-43c4-9fe2-0b33f37a5a20","UKFS","D06","UKFS","2016-06-22T22:22Z","2016-06-24T14:13Z","UKFS.2016.25.AEDVEX.F.T","UKFS.2016.25.AEDVEX.F.T.26",39,
"2c449dcc-fc97-4a98-bf9c-1305ae546ce8","UKFS","D06","UKFS","2016-06-22T22:22Z","2016-06-24T14:13Z","UKFS.2016.25.AEDVEX.F.T","UKFS.2016.25.AEDVEX.F.T.38",39,
"2ec3402a-53af-48c9-9e63-4393197c2ee9","UKFS","D06","UKFS","2016-06-22T22:22Z","2016-06-24T14:13Z","UKFS.2016.25.AEDVEX.F.T","UKFS.2016.25.AEDVEX.F.T.24",39,
"9711cb5a-25c1-4d19-8784-bc4f2db94c0f","UKFS","D06","UKFS","2016-06-22T22:22Z","2016-06-24T14:13Z","UKFS.2016.25.AEDVEX.F.T","UKFS.2016.25.AEDVEX.F.T.20",39,
"5f4ed67c-a49d-4924-aad1-f8b67aeb0f40","UKFS","D06","UKFS","2016-06-22T22:22Z","2016-06-24T14:13Z","UKFS.2016.25.AEDVEX.F.T","UKFS.2016.25.AEDVEX.F.T.46",39,
"8d44f4e8-d642-4753-a62f-bc447266c40d","UKFS","D06","UKFS","2016-06-22T22:22Z","2016-06-24T14:13Z","UKFS.2016.25.AEDVEX.F.T","UKFS.2016.25.AEDVEX.F.T.37",39,
"bc1f73e9-3c57-4a32-bf49-eb0cbf03d80b","UKFS","D06","UKFS","2016-06-22T22:22Z","2016-06-24T14:13Z","UKFS.2016.25.AEDVEX.F.T","UKFS.2016.25.AEDVEX.F.T.40",39,
"8a0c7477-502e-4428-b024-6704502dbca3","UKFS","D06","UKFS","2016-06-22T22:22Z","2016-06-24T14:13Z","UKFS.2016.25.AEDVEX.F.T","UKFS.2016.25.AEDVEX.F.T.45",39,
"bebc4220-5eb2-4f2e-8d2e-97d0b571269f","UKFS","D06","UKFS","2016-06-22T22:22Z","2016-06-24T14:13Z","UKFS.2016.25.AEDVEX.F.T","UKFS.2016.25.AEDVEX.F.T.35",39,
"c935537b-dc85-4561-8276-1d2df19c207c","UKFS","D06","UKFS","2016-06-22T22:22Z","2016-06-24T14:13Z","UKFS.2016.25.AEDVEX.F.T","UKFS.2016.25.AEDVEX.F.T.19",39,
"43996643-de69-4392-8e21-eba2bcdbec07","UKFS","D06","UKFS","2016-06-22T22:22Z","2016-06-24T14:13Z","UKFS.2016.25.AEDVEX.F.T","UKFS.2016.25.AEDVEX.F.T.21",39,
"2e44dd0a-08ae-470c-a472-cae9c8d8d879","UKFS","D06","UKFS","2016-06-22T22:22Z","2016-06-24T14:13Z","UKFS.2016.25.AEDVEX.F.T","UKFS.2016.25.AEDVEX.F.T.39",39,
"605b4559-8a6c-4c19-87fb-590c77d1a8ff","UKFS","D06","UKFS","2016-06-22T22:22Z","2016-06-24T14:13Z","UKFS.2016.25.AEDVEX.F.T","UKFS.2016.25.AEDVEX.F.T.22",39,
"58accbfb-fbb0-4cc0-9f6f-a4ba4f2abcc0","UKFS","D06","UKFS","2016-06-22T22:22Z","2016-06-24T14:13Z","UKFS.2016.25.AEDVEX.F.T","UKFS.2016.25.AEDVEX.F.T.28",39,
"a6c824c5-9ec2-402d-831d-da24d99d106a","UKFS","D06","UKFS","2016-06-22T22:22Z","2016-06-24T14:13Z","UKFS.2016.25.AEDVEX.F.T","UKFS.2016.25.AEDVEX.F.T.34",39,
"0018e4c4-fe7f-436e-b8c6-c2688953eaf7","UKFS","D06","UKFS","2016-06-22T22:22Z","2016-06-24T14:13Z","UKFS.2016.25.AEDVEX.F.T","UKFS.2016.25.AEDVEX.F.T.42",39,
"e9103bcc-d7a1-4a93-b724-5cf25d15cc73","UKFS","D06","UKFS","2016-06-22T22:22Z","2016-06-24T14:13Z","UKFS.2016.25.AEDVEX.F.T","UKFS.2016.25.AEDVEX.F.T.23",39,
"c0be6715-18f4-4095-aca2-f00934b88f65","UKFS","D06","UKFS","2016-06-22T22:22Z","2016-06-24T14:13Z","UKFS.2016.25.AEDVEX.F.T","UKFS.2016.25.AEDVEX.F.T.41",39,
"346e0821-7a20-4fac-933d-4c375b43353e","UKFS","D06","UKFS","2016-06-22T22:22Z","2016-06-24T14:13Z","UKFS.2016.25.AEDVEX.F.T","UKFS.2016.25.AEDVEX.F.T.27",39,
"a4027af9-b775-40ac-8813-78f9787b028c","UKFS","D06","UKFS","2016-06-22T22:22Z","2016-06-24T14:13Z","UKFS.2016.25.AEDVEX.F.T","UKFS.2016.25.AEDVEX.F.T.36",39,
"549911ba-d67a-4d56-8f70-18cc3cf6d018","UKFS","D06","UKFS","2016-06-22T22:22Z","2016-06-24T14:13Z","UKFS.2016.25.AEDVEX.F.T","UKFS.2016.25.AEDVEX.F.T.32",39,
"4d306d95-6d64-4cfe-9260-452f0afcefe2","UKFS","D06","UKFS","2016-06-22T22:22Z","2016-06-24T14:13Z","UKFS.2016.25.AEDVEX.F.T","UKFS.2016.25.AEDVEX.F.T.33",39,
"f1adb110-fd4d-428a-b6e8-4d572aa07f2a","UKFS","D06","UKFS","2016-06-22T22:22Z","2016-06-24T14:13Z","UKFS.2016.25.AEDVEX.F.T","UKFS.2016.25.AEDVEX.F.T.43",39,
"66a62635-4b5e-4d1c-a429-aa42481d655d","UKFS","D06","UKFS","2016-06-22T22:22Z","2016-06-24T14:13Z","UKFS.2016.25.AEDVEX.F.T","UKFS.2016.25.AEDVEX.F.T.18",39,
"d403d2b7-546b-42b2-b916-39603c2d9a0c","UKFS","D06","UKFS","2016-06-22T22:22Z","2016-06-24T14:13Z","UKFS.2016.25.AEDVEX.F.T","UKFS.2016.25.AEDVEX.F.T.29",39,
"3be1e0d1-3375-44d1-aba3-3cfc8c0b8533","UKFS","D06","UKFS","2016-06-22T22:22Z","2016-06-24T14:13Z","UKFS.2016.25.AEDVEX.F.T","UKFS.2016.25.AEDVEX.F.T.25",39,
"b9e3c906-e4bb-42b1-a6e8-76ea8b2331b5","UKFS","D06","UKFS","2016-06-22T22:22Z","2016-06-24T14:13Z","UKFS.2016.25.AEDVEX.F.T","UKFS.2016.25.AEDVEX.F.T.30",39,
"566ee273-8867-4488-b8de-ed5da2bdadda","UKFS","D06","UKFS","2016-06-22T22:22Z","2016-06-24T14:13Z","UKFS.2016.25.AEDVEX.F.T","UKFS.2016.25.AEDVEX.F.T.14",40,
"9d5e89e4-2c73-4949-8806-465333d682cc","UKFS","D06","UKFS","2016-06-22T22:22Z","2016-06-24T14:13Z","UKFS.2016.25.AEDVEX.F.T","UKFS.2016.25.AEDVEX.F.T.15",39,
"29527200-b073-4762-9344-e1994d19c868","UKFS","D06","UKFS","2016-06-22T22:22Z","2016-06-24T14:13Z","UKFS.2016.25.AEDVEX.F.T","UKFS.2016.25.AEDVEX.F.T.13",40,
"581b7500-5d45-4221-a15d-b4610e6f8790","UKFS","D06","UKFS","2016-06-22T22:22Z","2016-06-24T14:13Z","UKFS.2016.25.AEDVEX.F.T","UKFS.2016.25.AEDVEX.F.T.16",39,
"6bed7ade-f872-4686-90fb-f2b021f18ed0","UKFS","D06","UKFS","2016-06-22T22:22Z","2016-06-24T14:13Z","UKFS.2016.25.AEDVEX.F.T","UKFS.2016.25.AEDVEX.F.T.17",39,
"6df9c806-892e-4f02-a673-e9431f8e4ecc","UKFS","D06","UKFS","2016-06-22T22:22Z","2016-06-24T14:13Z","UKFS.2016.25.AEDVEX.F.T","UKFS.2016.25.AEDVEX.F.T.04",40,
"2c6de7bd-d7bc-4039-9457-0d1c6d2fef2f","UKFS","D06","UKFS","2016-06-22T22:22Z","2016-06-24T14:13Z","UKFS.2016.25.AEDVEX.F.T","UKFS.2016.25.AEDVEX.F.T.07",40,
"e73ac75a-2893-4014-8a6e-5e1d5dae3e36","UKFS","D06","UKFS","2016-06-22T22:22Z","2016-06-24T14:13Z","UKFS.2016.25.AEDVEX.F.T","UKFS.2016.25.AEDVEX.F.T.06",40,
"0e5d5c01-7719-4cf2-9435-88b0172486e9","UKFS","D06","UKFS","2016-06-22T22:22Z","2016-06-24T14:13Z","UKFS.2016.25.AEDVEX.F.T","UKFS.2016.25.AEDVEX.F.T.03",40,
"7f47108d-6ea9-4af2-bb41-ddd2d84c0809","UKFS","D06","UKFS","2016-06-22T22:22Z","2016-06-24T14:13Z","UKFS.2016.25.AEDVEX.F.T","UKFS.2016.25.AEDVEX.F.T.09",40,
"e8c2ed21-24c7-45ef-9070-6e6eb321dec5","UKFS","D06","UKFS","2016-06-22T22:22Z","2016-06-24T14:13Z","UKFS.2016.25.AEDVEX.F.T","UKFS.2016.25.AEDVEX.F.T.02",40,
"d126b1b2-bc72-4a56-a694-50c895345d12","UKFS","D06","UKFS","2016-06-22T22:22Z","2016-06-24T14:13Z","UKFS.2016.25.AEDVEX.F.T","UKFS.2016.25.AEDVEX.F.T.05",40,
"520382e2-9b6d-42e7-af60-618dcdc7d922","UKFS","D06","UKFS","2016-06-22T22:22Z","2016-06-24T14:13Z","UKFS.2016.25.AEDVEX.F.T","UKFS.2016.25.AEDVEX.F.T.08",40,
"0d23d22e-8f95-4c77-a9d2-f11df30e4495","UKFS","D06","UKFS","2016-06-22T22:22Z","2016-06-24T14:13Z","UKFS.2016.25.AEDVEX.F.T","UKFS.2016.25.AEDVEX.F.T.10",40,
"5b2d75ca-d982-4245-86ca-fc5e2e796dc9","UKFS","D06","UKFS","2016-06-22T22:22Z","2016-06-24T14:13Z","UKFS.2016.25.AEDVEX.F.T","UKFS.2016.25.AEDVEX.F.T.11",40,
"79150b10-e377-4c3d-ba02-5577244d089e","UKFS","D06","UKFS","2016-06-22T22:22Z","2016-06-24T14:13Z","UKFS.2016.25.AEDVEX.F.T","UKFS.2016.25.AEDVEX.F.T.12",40,
"db8285bf-f7b2-426c-92a0-5abc107dbaaf","UKFS","D06","UKFS","2016-06-22T22:44Z","2016-06-24T14:13Z","UKFS.2016.25.CULERR.F.T","UKFS.2016.25.CULERR.F.T.01",35,
