uid,namedLocation,domainID,siteID,startCollectDate,endCollectDate,testingID,testingVialID,poolSize,dataQF
"3d905794-aacc-4c4d-9373-e767df815e71","TALL","D08","TALL","2016-08-03T21:09Z","2016-08-05T13:51Z","TALL.2016.31.CULERR.F.T","TALL.2016.31.CULERR.F.T.01",33,
"046862b8-8258-465d-865e-dd996f02f52d","TALL","D08","TALL","2016-08-16T21:47Z","2016-08-18T13:42Z","TALL.2016.33.CULERR.F.T","TALL.2016.33.CULERR.F.T.01",21,
"1e49d413-e8a3-4275-af7b-a0de7c1fc6e1","TALL","D08","TALL","2016-08-16T21:47Z","2016-08-18T13:42Z","TALL.2016.33.CULERR.F.T","TALL.2016.33.CULERR.F.T.02",20,
"332e120c-46ff-4fb0-b7b3-6aba8f25ed14","TALL","D08","TALL","2016-08-16T22:40Z","2016-08-18T13:00Z","TALL.2016.33.AEDATL.F.T","TALL.2016.33.AEDATL.F.T.02",35,
"613ac317-1f49-4fdc-877d-c83f6962114b","TALL","D08","TALL","2016-08-16T22:40Z","2016-08-18T13:00Z","TALL.2016.33.AEDATL.F.T","TALL.2016.33.AEDATL.F.T.03",35,
"dfcb11ea-301b-4e32-a846-13915c0022d0","TALL","D08","TALL","2016-08-16T22:40Z","2016-08-18T13:00Z","TALL.2016.33.AEDATL.F.T","TALL.2016.33.AEDATL.F.T.04",35,
"67ab3fc8-9536-4ea0-9e8b-ee00be4859a6","TALL","D08","TALL","2016-08-16T22:40Z","2016-08-18T13:00Z","TALL.2016.33.AEDATL.F.T","TALL.2016.33.AEDATL.F.T.01",36,
"59b53fa7-fa39-4c9a-94e8-d6fcce8bc625","TALL","D08","TALL","2016-08-29T21:25Z","2016-08-31T13:49Z","TALL.2016.35.AEDATL.F.T","TALL.2016.35.AEDATL.F.T.04",39,
"a095a38f-07f8-4b56-b7df-f9814371bec5","TALL","D08","TALL","2016-08-29T21:25Z","2016-08-31T13:49Z","TALL.2016.35.AEDATL.F.T","TALL.2016.35.AEDATL.F.T.03",39,
"43a3f1d8-55d2-4469-9fa8-faafa4202629","TALL","D08","TALL","2016-08-29T21:25Z","2016-08-31T13:49Z","TALL.2016.35.CULERR.F.T","TALL.2016.35.CULERR.F.T.01",40,
"11d2e1fc-5525-4642-9b6c-7b84cb2d7590","TALL","D08","TALL","2016-08-29T21:25Z","2016-08-31T13:49Z","TALL.2016.35.AEDATL.F.T","TALL.2016.35.AEDATL.F.T.01",40,
"63b57e8d-fa78-4b28-b5d9-c8eb9f2148d6","TALL","D08","TALL","2016-08-29T21:25Z","2016-08-31T13:49Z","TALL.2016.35.AEDATL.F.T","TALL.2016.35.AEDATL.F.T.02",40,
