uid,namedLocation,domainID,siteID,startCollectDate,endCollectDate,testingID,testingVialID,poolSize,dataQF
"dffd3572-56a1-4b66-8a8c-a03787db7896","SERC","D02","SERC","2016-08-01T20:42Z","2016-08-03T13:19Z","SERC.2016.31.CULRES.F.T","SERC.2016.31.CULRES.F.T.15",39,
"32ebf15a-c290-43f5-9a08-3494c8aeb64f","SERC","D02","SERC","2016-08-01T20:42Z","2016-08-03T13:19Z","SERC.2016.31.CULRES.F.T","SERC.2016.31.CULRES.F.T.20",39,
"d943383b-fcc9-42cd-b308-3ce890822c6c","SERC","D02","SERC","2016-08-01T20:42Z","2016-08-03T13:19Z","SERC.2016.31.CULRES.F.T","SERC.2016.31.CULRES.F.T.02",40,
"e92bee6b-8339-4631-aa24-98885eb9be55","SERC","D02","SERC","2016-08-01T20:42Z","2016-08-03T13:19Z","SERC.2016.31.CULRES.F.T","SERC.2016.31.CULRES.F.T.03",40,
"d0822c85-aa62-4813-b3ac-1c9c06227c52","SERC","D02","SERC","2016-08-01T20:42Z","2016-08-03T13:19Z","SERC.2016.31.CULRES.F.T","SERC.2016.31.CULRES.F.T.21",39,
"5ca3dcb3-009d-41b5-a42a-e73c4a180cae","SERC","D02","SERC","2016-08-01T20:42Z","2016-08-03T13:19Z","SERC.2016.31.CULRES.F.T","SERC.2016.31.CULRES.F.T.23",39,
"3f1ffbf8-c0be-4a36-a297-db823d56e7ba","SERC","D02","SERC","2016-08-01T20:42Z","2016-08-03T13:19Z","SERC.2016.31.CULRES.F.T","SERC.2016.31.CULRES.F.T.09",39,
"e99bcd72-3b7c-4854-ae3b-248e74876a5e","SERC","D02","SERC","2016-08-01T20:42Z","2016-08-03T13:19Z","SERC.2016.31.CULRES.F.T","SERC.2016.31.CULRES.F.T.06",40,
"125676a2-26c4-4847-9fef-57c869ca0718","SERC","D02","SERC","2016-08-01T20:42Z","2016-08-03T13:19Z","SERC.2016.31.CULRES.F.T","SERC.2016.31.CULRES.F.T.11",39,
"9dffbb44-d655-4e64-9131-5f16a835b9d7","SERC","D02","SERC","2016-08-01T20:42Z","2016-08-03T13:19Z","SERC.2016.31.CULRES.F.T","SERC.2016.31.CULRES.F.T.07",40,
"994f54c5-a27f-425c-9e5d-264b8a0c5d99","SERC","D02","SERC","2016-08-01T20:42Z","2016-08-03T13:19Z","SERC.2016.31.CULRES.F.T","SERC.2016.31.CULRES.F.T.12",39,
"01b09da9-b0c6-4a1a-8519-9a99909a5693","SERC","D02","SERC","2016-08-01T20:42Z","2016-08-03T13:19Z","SERC.2016.31.CULRES.F.T","SERC.2016.31.CULRES.F.T.14",39,
"cb79b2d0-5eba-49aa-851f-4ac0e381a880","SERC","D02","SERC","2016-08-01T20:42Z","2016-08-03T13:19Z","SERC.2016.31.CULRES.F.T","SERC.2016.31.CULRES.F.T.05",40,
"068d10e8-9c50-4c99-8c15-82caf9e40e13","SERC","D02","SERC","2016-08-01T20:42Z","2016-08-03T13:19Z","SERC.2016.31.CULRES.F.T","SERC.2016.31.CULRES.F.T.16",39,
"5f31aab9-8bc0-4f05-b176-58fb96c10ff8","SERC","D02","SERC","2016-08-01T20:42Z","2016-08-03T13:19Z","SERC.2016.31.CULRES.F.T","SERC.2016.31.CULRES.F.T.13",39,
"6d70783e-cadc-49e5-a855-56e7b97e7249","SERC","D02","SERC","2016-08-01T20:42Z","2016-08-03T13:19Z","SERC.2016.31.CULRES.F.T","SERC.2016.31.CULRES.F.T.18",39,
"fdd4162c-b9c4-414d-9e3d-2e268fd4782c","SERC","D02","SERC","2016-08-01T20:42Z","2016-08-03T13:19Z","SERC.2016.31.CULRES.F.T","SERC.2016.31.CULRES.F.T.22",39,
"88e5498f-5717-43c4-9233-d4e525336b0c","SERC","D02","SERC","2016-08-01T20:42Z","2016-08-03T13:19Z","SERC.2016.31.CULRES.F.T","SERC.2016.31.CULRES.F.T.08",39,
"d8868dc3-b26d-48b9-ad01-d54b7dddc086","SERC","D02","SERC","2016-08-01T20:42Z","2016-08-03T13:19Z","SERC.2016.31.CULRES.F.T","SERC.2016.31.CULRES.F.T.17",39,
"318b59eb-94be-4f9e-a23c-16ec47380da8","SERC","D02","SERC","2016-08-01T20:42Z","2016-08-03T13:19Z","SERC.2016.31.CULRES.F.T","SERC.2016.31.CULRES.F.T.01",40,
"4ac230b1-0959-45fa-8583-b089fea00ef3","SERC","D02","SERC","2016-08-01T20:42Z","2016-08-03T13:19Z","SERC.2016.31.CULRES.F.T","SERC.2016.31.CULRES.F.T.04",40,
"9a432361-b5be-4d5c-9691-5d1474baa25b","SERC","D02","SERC","2016-08-01T20:42Z","2016-08-03T13:19Z","SERC.2016.31.CULRES.F.T","SERC.2016.31.CULRES.F.T.19",39,
"c9e491b8-2f6c-47cb-86b5-242a0bc466f8","SERC","D02","SERC","2016-08-01T20:42Z","2016-08-03T13:19Z","SERC.2016.31.CULRES.F.T","SERC.2016.31.CULRES.F.T.10",39,
"c65410fa-e42c-4f42-b818-0f7f450029a9","SERC","D02","SERC","2016-08-01T21:12Z","2016-08-03T13:01Z","SERC.2016.31.CULERR.F.T","SERC.2016.31.CULERR.F.T.02",25,
"ff57b921-de45-455b-a370-c47559496819","SERC","D02","SERC","2016-08-01T21:12Z","2016-08-03T13:01Z","SERC.2016.31.CULERR.F.T","SERC.2016.31.CULERR.F.T.01",26,
"1d279193-19ea-46bc-be2b-f3408489e86a","SERC","D02","SERC","2016-08-29T20:00Z","2016-08-31T13:17Z","SERC.2016.35.CULERR.F.T","SERC.2016.35.CULERR.F.T.05",37,
"a7cf7a6b-a0ee-4376-bff3-dbaf1d5eb757","SERC","D02","SERC","2016-08-29T20:00Z","2016-08-31T13:17Z","SERC.2016.35.CULERR.F.T","SERC.2016.35.CULERR.F.T.04",37,
"7a2df00c-408d-45ee-9214-359cd6d5f58d","SERC","D02","SERC","2016-08-29T20:00Z","2016-08-31T13:17Z","SERC.2016.35.CULERR.F.T","SERC.2016.35.CULERR.F.T.03",37,
"88bf855b-3005-4762-9da6-203fb46389ab","SERC","D02","SERC","2016-08-29T20:00Z","2016-08-31T13:17Z","SERC.2016.35.CULERR.F.T","SERC.2016.35.CULERR.F.T.01",37,
"32ac8dc7-b876-4aa1-b4b8-c810ef011944","SERC","D02","SERC","2016-08-29T20:00Z","2016-08-31T13:17Z","SERC.2016.35.CULERR.F.T","SERC.2016.35.CULERR.F.T.02",37,
"b4612d09-4542-4107-a9a6-6bad9d48ec60","SERC","D02","SERC","2016-08-29T20:14Z","2016-08-31T13:07Z","SERC.2016.35.AEDCAN3.F.T","SERC.2016.35.AEDCAN3.F.T.01",26,
"f51e077d-e7a4-432d-93a9-428c5e800777","SERC","D02","SERC","2016-08-29T20:14Z","2016-08-31T13:07Z","SERC.2016.35.AEDCAN3.F.T","SERC.2016.35.AEDCAN3.F.T.02",25,
"b9ed7cdf-cff5-4f0a-9160-fdf8804c360e","SERC","D02","SERC","2016-08-29T20:14Z","2016-08-31T13:17Z","SERC.2016.35.AEDVEX.F.T","SERC.2016.35.AEDVEX.F.T.01",19,
"5228c380-c30d-47b8-9d85-ad862c23d5cc","SERC","D02","SERC","2016-08-29T20:14Z","2016-08-31T13:17Z","SERC.2016.35.CULRES.F.T","SERC.2016.35.CULRES.F.T.01",25,
"1200ed33-eb3f-458f-8bee-0ef261e2785b","SERC","D02","SERC","2016-08-29T20:14Z","2016-08-31T13:17Z","SERC.2016.35.CULRES.F.T","SERC.2016.35.CULRES.F.T.02",25,
