uid,namedLocation,domainID,siteID,startCollectDate,endCollectDate,testingID,testingVialID,poolSize,dataQF
"cde694d7-f087-4e95-80bd-eb508be36c8e","OSBS","D03","OSBS","2016-10-03T19:58Z","2016-10-05T14:39Z","OSBS.2016.40.CULNIG.F.T","OSBS.2016.40.CULNIG.F.T.01",36,
"4e0d42f1-b2c0-4478-8798-a9dd3d1117d9","OSBS","D03","OSBS","2016-10-03T19:58Z","2016-10-05T14:39Z","OSBS.2016.40.CULNIG.F.T","OSBS.2016.40.CULNIG.F.T.02",36,
"21641c4b-bd1a-45ab-b728-cb834f9a758c","OSBS","D03","OSBS","2016-10-03T19:58Z","2016-10-05T14:39Z","OSBS.2016.40.CULNIG.F.T","OSBS.2016.40.CULNIG.F.T.03",36,
"86171505-fdff-4cad-8310-c3a29f5af692","OSBS","D03","OSBS","2016-10-03T19:58Z","2016-10-05T14:39Z","OSBS.2016.40.AEDATL.F.T","OSBS.2016.40.AEDATL.F.T.02",22,
"fa7e4214-485f-40e7-9f8f-1432be283c96","OSBS","D03","OSBS","2016-10-03T19:58Z","2016-10-05T14:39Z","OSBS.2016.40.CULNIG.F.T","OSBS.2016.40.CULNIG.F.T.06",35,
"ecb8ad30-7b69-4af1-863d-89c84cdf8789","OSBS","D03","OSBS","2016-10-03T19:58Z","2016-10-05T14:39Z","OSBS.2016.40.AEDATL.F.T","OSBS.2016.40.AEDATL.F.T.01",23,
"f1243923-ae22-4e60-8b27-3c58b0d6c9c7","OSBS","D03","OSBS","2016-10-03T19:58Z","2016-10-05T14:39Z","OSBS.2016.40.CULNIG.F.T","OSBS.2016.40.CULNIG.F.T.04",35,
"7d84165a-64b0-4088-99a6-cfc3d373d7ee","OSBS","D03","OSBS","2016-10-03T19:58Z","2016-10-05T14:39Z","OSBS.2016.40.CULNIG.F.T","OSBS.2016.40.CULNIG.F.T.05",35,
"a575edc1-c9a3-48e1-9f45-945a35c01653","OSBS","D03","OSBS","2016-10-03T19:58Z","2016-10-05T14:46Z","OSBS.2016.40.CULERR.F.T","OSBS.2016.40.CULERR.F.T.14",39,
"5d6e71ea-8cb3-452f-8078-263d78e9f567","OSBS","D03","OSBS","2016-10-03T19:58Z","2016-10-05T14:46Z","OSBS.2016.40.CULERR.F.T","OSBS.2016.40.CULERR.F.T.27",39,
"f0f2b417-70ab-47a9-85d7-f49c54e94c5d","OSBS","D03","OSBS","2016-10-03T19:58Z","2016-10-05T14:46Z","OSBS.2016.40.CULERR.F.T","OSBS.2016.40.CULERR.F.T.17",39,
"7da10341-0490-4ac9-9606-b973d02abc07","OSBS","D03","OSBS","2016-10-03T19:58Z","2016-10-05T14:46Z","OSBS.2016.40.CULERR.F.T","OSBS.2016.40.CULERR.F.T.09",40,
"b012b1d2-2dd4-4940-a41e-ee92086e73ab","OSBS","D03","OSBS","2016-10-03T19:58Z","2016-10-05T14:46Z","OSBS.2016.40.CULERR.F.T","OSBS.2016.40.CULERR.F.T.20",39,
"5e441e5b-0af3-47d2-bff9-fe5569b004b2","OSBS","D03","OSBS","2016-10-03T19:58Z","2016-10-05T14:46Z","OSBS.2016.40.CULERR.F.T","OSBS.2016.40.CULERR.F.T.11",39,
"cc03a379-9f3f-4380-980e-2962b89514e5","OSBS","D03","OSBS","2016-10-03T19:58Z","2016-10-05T14:46Z","OSBS.2016.40.CULERR.F.T","OSBS.2016.40.CULERR.F.T.34",39,
"de5f6ead-c688-4b05-a118-e0c370c5629d","OSBS","D03","OSBS","2016-10-03T19:58Z","2016-10-05T14:46Z","OSBS.2016.40.CULERR.F.T","OSBS.2016.40.CULERR.F.T.24",39,
"f33fcea4-11a4-4555-b83f-83f4b22e987e","OSBS","D03","OSBS","2016-10-03T19:58Z","2016-10-05T14:46Z","OSBS.2016.40.CULERR.F.T","OSBS.2016.40.CULERR.F.T.31",39,
"3daa5d67-f19d-4aa9-befc-462fb857b3cb","OSBS","D03","OSBS","2016-10-03T19:58Z","2016-10-05T14:46Z","OSBS.2016.40.CULERR.F.T","OSBS.2016.40.CULERR.F.T.23",39,
"fb87e8c3-290a-4260-b270-f452fbddaf88","OSBS","D03","OSBS","2016-10-03T19:58Z","2016-10-05T14:46Z","OSBS.2016.40.CULERR.F.T","OSBS.2016.40.CULERR.F.T.21",39,
"f047a4db-0fbd-4f19-b934-db279fbe286f","OSBS","D03","OSBS","2016-10-03T19:58Z","2016-10-05T14:46Z","OSBS.2016.40.CULERR.F.T","OSBS.2016.40.CULERR.F.T.13",39,
"948075ac-8795-4234-b010-21134e511059","OSBS","D03","OSBS","2016-10-03T19:58Z","2016-10-05T14:46Z","OSBS.2016.40.CULERR.F.T","OSBS.2016.40.CULERR.F.T.32",39,
"fa4b759b-308b-41b8-90f7-769b646decf8","OSBS","D03","OSBS","2016-10-03T19:58Z","2016-10-05T14:46Z","OSBS.2016.40.CULERR.F.T","OSBS.2016.40.CULERR.F.T.08",40,
"e8bc7fce-c7a5-495c-8423-2cd0b756731e","OSBS","D03","OSBS","2016-10-03T19:58Z","2016-10-05T14:46Z","OSBS.2016.40.CULERR.F.T","OSBS.2016.40.CULERR.F.T.37",39,
"be7eaaed-409a-4d30-9242-c53d3b17d884","OSBS","D03","OSBS","2016-10-03T19:58Z","2016-10-05T14:46Z","OSBS.2016.40.CULERR.F.T","OSBS.2016.40.CULERR.F.T.36",39,
"25d1036d-bec7-4ed5-8cd5-108345076d8d","OSBS","D03","OSBS","2016-10-03T19:58Z","2016-10-05T14:46Z","OSBS.2016.40.CULERR.F.T","OSBS.2016.40.CULERR.F.T.25",39,
"2fcda250-fc7a-40e7-b78e-1874a5e955df","OSBS","D03","OSBS","2016-10-03T19:58Z","2016-10-05T14:46Z","OSBS.2016.40.CULERR.F.T","OSBS.2016.40.CULERR.F.T.12",39,
"dc2b0987-17fe-4e2d-b369-82515f029a8d","OSBS","D03","OSBS","2016-10-03T19:58Z","2016-10-05T14:46Z","OSBS.2016.40.CULERR.F.T","OSBS.2016.40.CULERR.F.T.07",40,
"9fba4210-d24e-4c9e-8b2c-761282678ba0","OSBS","D03","OSBS","2016-10-03T19:58Z","2016-10-05T14:46Z","OSBS.2016.40.CULERR.F.T","OSBS.2016.40.CULERR.F.T.16",39,
"a1680a32-1af6-40bd-9cf6-196ee13e3782","OSBS","D03","OSBS","2016-10-03T19:58Z","2016-10-05T14:46Z","OSBS.2016.40.CULERR.F.T","OSBS.2016.40.CULERR.F.T.10",39,
"d5c66dea-7300-43a7-9400-6d214988a7ee","OSBS","D03","OSBS","2016-10-03T19:58Z","2016-10-05T14:46Z","OSBS.2016.40.CULERR.F.T","OSBS.2016.40.CULERR.F.T.28",39,
"7ec3bd6a-cc02-4b51-8623-2d36eade83a4","OSBS","D03","OSBS","2016-10-03T19:58Z","2016-10-05T14:46Z","OSBS.2016.40.CULERR.F.T","OSBS.2016.40.CULERR.F.T.01",40,
"9c793936-474e-480e-a0bb-9bf05011a5ba","OSBS","D03","OSBS","2016-10-03T19:58Z","2016-10-05T14:46Z","OSBS.2016.40.CULERR.F.T","OSBS.2016.40.CULERR.F.T.02",40,
"0db0653b-3a00-40fd-8c33-08dfeb414ff6","OSBS","D03","OSBS","2016-10-03T19:58Z","2016-10-05T14:46Z","OSBS.2016.40.CULERR.F.T","OSBS.2016.40.CULERR.F.T.04",40,
"6156b9cf-e006-4b1d-b4e5-1422c5c7ef51","OSBS","D03","OSBS","2016-10-03T19:58Z","2016-10-05T14:46Z","OSBS.2016.40.CULERR.F.T","OSBS.2016.40.CULERR.F.T.03",40,
"74fbf29d-f6eb-4c5c-8bd4-9b40c4a7ae07","OSBS","D03","OSBS","2016-10-03T19:58Z","2016-10-05T14:46Z","OSBS.2016.40.CULERR.F.T","OSBS.2016.40.CULERR.F.T.05",40,
"eba43089-c448-43ed-8906-1ebb2d58431a","OSBS","D03","OSBS","2016-10-03T19:58Z","2016-10-05T14:46Z","OSBS.2016.40.CULERR.F.T","OSBS.2016.40.CULERR.F.T.06",40,
"6b9f10eb-1d8d-49f0-ba68-ffbb73d70e31","OSBS","D03","OSBS","2016-10-03T19:58Z","2016-10-05T14:46Z","OSBS.2016.40.CULERR.F.T","OSBS.2016.40.CULERR.F.T.33",39,
"769efafb-8a95-4e85-986f-ce36585d4413","OSBS","D03","OSBS","2016-10-03T19:58Z","2016-10-05T14:46Z","OSBS.2016.40.CULERR.F.T","OSBS.2016.40.CULERR.F.T.26",39,
"42780139-b0ef-4d42-b205-417ded0fa02a","OSBS","D03","OSBS","2016-10-03T19:58Z","2016-10-05T14:46Z","OSBS.2016.40.CULERR.F.T","OSBS.2016.40.CULERR.F.T.35",39,
"87433ddf-da53-41ba-ab01-504cbe183e9d","OSBS","D03","OSBS","2016-10-03T19:58Z","2016-10-05T14:46Z","OSBS.2016.40.CULERR.F.T","OSBS.2016.40.CULERR.F.T.15",39,
"cfe81c02-7d89-40d2-b48d-79830bcb7549","OSBS","D03","OSBS","2016-10-03T19:58Z","2016-10-05T14:46Z","OSBS.2016.40.CULERR.F.T","OSBS.2016.40.CULERR.F.T.18",39,
"3dc04884-1b27-4ad8-b20d-50e4140086c2","OSBS","D03","OSBS","2016-10-03T19:58Z","2016-10-05T14:46Z","OSBS.2016.40.CULERR.F.T","OSBS.2016.40.CULERR.F.T.29",39,
"b9a89aed-06ec-4e60-bea2-c654f7ab7619","OSBS","D03","OSBS","2016-10-03T19:58Z","2016-10-05T14:46Z","OSBS.2016.40.CULERR.F.T","OSBS.2016.40.CULERR.F.T.30",39,
"9f2c938d-43ac-4bb3-b765-fce4c6f8f9f4","OSBS","D03","OSBS","2016-10-03T19:58Z","2016-10-05T14:46Z","OSBS.2016.40.CULERR.F.T","OSBS.2016.40.CULERR.F.T.19",39,
"d133da27-f6a9-4597-a07d-0b6b98fc6bc0","OSBS","D03","OSBS","2016-10-03T19:58Z","2016-10-05T14:46Z","OSBS.2016.40.CULERR.F.T","OSBS.2016.40.CULERR.F.T.22",39,
"52711c21-a2f9-468d-890a-3baa045dd30b","OSBS","D03","OSBS","2016-10-03T20:09Z","2016-10-05T14:39Z","OSBS.2016.40.AEDINF.F.T","OSBS.2016.40.AEDINF.F.T.02",21,
"f2b365f8-506d-4f4e-b742-1c68f34c046f","OSBS","D03","OSBS","2016-10-03T20:09Z","2016-10-05T14:39Z","OSBS.2016.40.AEDINF.F.T","OSBS.2016.40.AEDINF.F.T.01",21,
"ca9fd37b-65b8-4cbf-aca2-2313d7745c29","OSBS","D03","OSBS","2016-10-17T20:10Z","2016-10-19T14:01Z","OSBS.2016.42.CULERR.F.T","OSBS.2016.42.CULERR.F.T.06",39,
"781161b0-863b-4e0d-a91e-cdfb659ed2cb","OSBS","D03","OSBS","2016-10-17T20:10Z","2016-10-19T14:01Z","OSBS.2016.42.CULERR.F.T","OSBS.2016.42.CULERR.F.T.03",39,
"26a99a53-9feb-43df-85e0-2dfd46ab28a5","OSBS","D03","OSBS","2016-10-17T20:10Z","2016-10-19T14:01Z","OSBS.2016.42.CULERR.F.T","OSBS.2016.42.CULERR.F.T.02",39,
"3cb36217-eb14-4cf4-8ba9-141811490ff0","OSBS","D03","OSBS","2016-10-17T20:10Z","2016-10-19T14:01Z","OSBS.2016.42.CULERR.F.T","OSBS.2016.42.CULERR.F.T.04",39,
"b6de856f-b55e-4fb0-8520-d1e8d2680ba7","OSBS","D03","OSBS","2016-10-17T20:10Z","2016-10-19T14:01Z","OSBS.2016.42.CULERR.F.T","OSBS.2016.42.CULERR.F.T.05",39,
"b4c2da21-931c-4235-8af7-e924e81eaca0","OSBS","D03","OSBS","2016-10-17T20:10Z","2016-10-19T14:01Z","OSBS.2016.42.CULERR.F.T","OSBS.2016.42.CULERR.F.T.01",40,
"5ccb0c4c-b34d-4799-b6c8-3f8c383f12b5","OSBS","D03","OSBS","2016-10-17T20:10Z","2016-10-19T14:16Z","OSBS.2016.42.CULNIG.F.T","OSBS.2016.42.CULNIG.F.T.27",39,
"46831051-901b-4056-b17a-3a4bf719fbbf","OSBS","D03","OSBS","2016-10-17T20:10Z","2016-10-19T14:16Z","OSBS.2016.42.CULNIG.F.T","OSBS.2016.42.CULNIG.F.T.26",39,
"722d1399-89b1-42f0-b48c-b7932a8c08fe","OSBS","D03","OSBS","2016-10-17T20:10Z","2016-10-19T14:16Z","OSBS.2016.42.CULNIG.F.T","OSBS.2016.42.CULNIG.F.T.16",40,
"aba6c0d7-9c40-478a-9513-5eebcba44a6f","OSBS","D03","OSBS","2016-10-17T20:10Z","2016-10-19T14:16Z","OSBS.2016.42.CULNIG.F.T","OSBS.2016.42.CULNIG.F.T.23",39,
"a8b4b99e-9700-417a-810b-ed31cb3ec99b","OSBS","D03","OSBS","2016-10-17T20:10Z","2016-10-19T14:16Z","OSBS.2016.42.CULNIG.F.T","OSBS.2016.42.CULNIG.F.T.13",40,
"3265eefc-4799-4373-9c66-4d5e2704dece","OSBS","D03","OSBS","2016-10-17T20:10Z","2016-10-19T14:16Z","OSBS.2016.42.CULNIG.F.T","OSBS.2016.42.CULNIG.F.T.22",39,
"48142a08-7d31-46c9-91ec-481f637bea8c","OSBS","D03","OSBS","2016-10-17T20:10Z","2016-10-19T14:16Z","OSBS.2016.42.CULNIG.F.T","OSBS.2016.42.CULNIG.F.T.12",40,
"73240bce-4fce-4b10-b717-1364ef596e58","OSBS","D03","OSBS","2016-10-17T20:10Z","2016-10-19T14:16Z","OSBS.2016.42.CULNIG.F.T","OSBS.2016.42.CULNIG.F.T.17",40,
"d53206be-032b-497e-885c-084a60f6f34b","OSBS","D03","OSBS","2016-10-17T20:10Z","2016-10-19T14:16Z","OSBS.2016.42.CULNIG.F.T","OSBS.2016.42.CULNIG.F.T.07",40,
"3469510a-c822-42bc-a440-9cb867b9c64b","OSBS","D03","OSBS","2016-10-17T20:10Z","2016-10-19T14:16Z","OSBS.2016.42.CULNIG.F.T","OSBS.2016.42.CULNIG.F.T.11",40,
"a7f0525c-b55a-4502-950f-1d5acf75902f","OSBS","D03","OSBS","2016-10-17T20:10Z","2016-10-19T14:16Z","OSBS.2016.42.CULNIG.F.T","OSBS.2016.42.CULNIG.F.T.04",40,
"7cc4a201-826e-43fc-b235-65f55fded9f4","OSBS","D03","OSBS","2016-10-17T20:10Z","2016-10-19T14:16Z","OSBS.2016.42.CULNIG.F.T","OSBS.2016.42.CULNIG.F.T.14",40,
"47d9cd25-8faa-4bdd-b6b3-993ca07ebab6","OSBS","D03","OSBS","2016-10-17T20:10Z","2016-10-19T14:16Z","OSBS.2016.42.CULNIG.F.T","OSBS.2016.42.CULNIG.F.T.06",40,
"2e09bdcc-3b46-47d2-800b-0a02900a7ff1","OSBS","D03","OSBS","2016-10-17T20:10Z","2016-10-19T14:16Z","OSBS.2016.42.CULNIG.F.T","OSBS.2016.42.CULNIG.F.T.21",39,
"7f9c8d41-3012-47ee-ae59-f0fc51224a5d","OSBS","D03","OSBS","2016-10-17T20:10Z","2016-10-19T14:16Z","OSBS.2016.42.CULNIG.F.T","OSBS.2016.42.CULNIG.F.T.02",40,
"9b2b4e26-bb22-43d1-8476-1888511fee6e","OSBS","D03","OSBS","2016-10-17T20:10Z","2016-10-19T14:16Z","OSBS.2016.42.CULNIG.F.T","OSBS.2016.42.CULNIG.F.T.24",39,
"65ac9590-19d4-4839-aa50-feab005645ad","OSBS","D03","OSBS","2016-10-17T20:10Z","2016-10-19T14:16Z","OSBS.2016.42.CULNIG.F.T","OSBS.2016.42.CULNIG.F.T.09",40,
"f75609c5-9686-48ad-bed8-7195b4571ac4","OSBS","D03","OSBS","2016-10-17T20:10Z","2016-10-19T14:16Z","OSBS.2016.42.CULNIG.F.T","OSBS.2016.42.CULNIG.F.T.05",40,
"cd91a2e3-3d6e-4382-8265-94a6bde172e7","OSBS","D03","OSBS","2016-10-17T20:10Z","2016-10-19T14:16Z","OSBS.2016.42.CULNIG.F.T","OSBS.2016.42.CULNIG.F.T.01",40,
"42ee6949-bd78-48e9-aa1c-69106a83a3a7","OSBS","D03","OSBS","2016-10-17T20:10Z","2016-10-19T14:16Z","OSBS.2016.42.CULNIG.F.T","OSBS.2016.42.CULNIG.F.T.10",40,
"74e6cabf-ec7e-47f0-9060-89f32a627a81","OSBS","D03","OSBS","2016-10-17T20:10Z","2016-10-19T14:16Z","OSBS.2016.42.CULNIG.F.T","OSBS.2016.42.CULNIG.F.T.08",40,
"1e35cc68-ba00-4fdf-ba8f-5d5e6342596a","OSBS","D03","OSBS","2016-10-17T20:10Z","2016-10-19T14:16Z","OSBS.2016.42.CULNIG.F.T","OSBS.2016.42.CULNIG.F.T.25",39,
"8dbbf4d2-0e6b-4f6a-9efb-5034384783dc","OSBS","D03","OSBS","2016-10-17T20:10Z","2016-10-19T14:16Z","OSBS.2016.42.CULNIG.F.T","OSBS.2016.42.CULNIG.F.T.19",40,
"fd8ede4d-4ed4-4ad2-afec-1dcc9c34e146","OSBS","D03","OSBS","2016-10-17T20:10Z","2016-10-19T14:16Z","OSBS.2016.42.CULNIG.F.T","OSBS.2016.42.CULNIG.F.T.20",40,
"0d498c1a-b27b-4ff7-a10c-a674599b4ea3","OSBS","D03","OSBS","2016-10-17T20:10Z","2016-10-19T14:16Z","OSBS.2016.42.CULNIG.F.T","OSBS.2016.42.CULNIG.F.T.03",40,
"2eab4fd1-1cc5-480d-92b3-3ef78f467c85","OSBS","D03","OSBS","2016-10-17T20:10Z","2016-10-19T14:16Z","OSBS.2016.42.CULNIG.F.T","OSBS.2016.42.CULNIG.F.T.18",40,
"834d51f9-c9c2-4e1a-82a3-11a22e631a36","OSBS","D03","OSBS","2016-10-17T20:10Z","2016-10-19T14:16Z","OSBS.2016.42.CULNIG.F.T","OSBS.2016.42.CULNIG.F.T.15",40,
"38412571-04ae-49a8-8e91-088af2198645","OSBS","D03","OSBS","2016-10-17T20:10Z","2016-10-19T14:16Z","OSBS.2016.42.AEDINF.F.T","OSBS.2016.42.AEDINF.F.T.15",39,
"fbf521fa-ccac-40ed-8e3b-3758b7254131","OSBS","D03","OSBS","2016-10-17T20:10Z","2016-10-19T14:16Z","OSBS.2016.42.AEDINF.F.T","OSBS.2016.42.AEDINF.F.T.14",39,
"7fe24945-c95d-414d-a646-45679732d859","OSBS","D03","OSBS","2016-10-17T20:10Z","2016-10-19T14:16Z","OSBS.2016.42.AEDINF.F.T","OSBS.2016.42.AEDINF.F.T.13",39,
"3caa675f-dd4b-40a0-ac1d-e937ecaab08b","OSBS","D03","OSBS","2016-10-17T20:10Z","2016-10-19T14:16Z","OSBS.2016.42.AEDINF.F.T","OSBS.2016.42.AEDINF.F.T.16",39,
"af818934-1c65-451e-b7ca-73a6bdcc28af","OSBS","D03","OSBS","2016-10-17T20:10Z","2016-10-19T14:16Z","OSBS.2016.42.AEDINF.F.T","OSBS.2016.42.AEDINF.F.T.12",39,
"ddcce89e-b401-49d6-9807-5e7d8930f98d","OSBS","D03","OSBS","2016-10-17T20:10Z","2016-10-19T14:16Z","OSBS.2016.42.AEDINF.F.T","OSBS.2016.42.AEDINF.F.T.02",40,
"5c5ae6ad-b6ea-4150-94ab-588f54f0d975","OSBS","D03","OSBS","2016-10-17T20:10Z","2016-10-19T14:16Z","OSBS.2016.42.AEDINF.F.T","OSBS.2016.42.AEDINF.F.T.01",40,
"6ed72c4a-8eb1-43ab-ae99-efc1c192ba49","OSBS","D03","OSBS","2016-10-17T20:10Z","2016-10-19T14:16Z","OSBS.2016.42.AEDINF.F.T","OSBS.2016.42.AEDINF.F.T.10",39,
"80190f1e-7edf-4163-b153-32ad5f30b85a","OSBS","D03","OSBS","2016-10-17T20:10Z","2016-10-19T14:16Z","OSBS.2016.42.AEDINF.F.T","OSBS.2016.42.AEDINF.F.T.11",39,
"d00caac8-da3e-4d89-a9e2-b1c397b18836","OSBS","D03","OSBS","2016-10-17T20:10Z","2016-10-19T14:16Z","OSBS.2016.42.AEDINF.F.T","OSBS.2016.42.AEDINF.F.T.07",39,
"63bacf7f-b6ba-45c2-b5d8-d8679937eb60","OSBS","D03","OSBS","2016-10-17T20:10Z","2016-10-19T14:16Z","OSBS.2016.42.AEDINF.F.T","OSBS.2016.42.AEDINF.F.T.08",39,
"6f0a5be9-509c-494f-9044-045ef8ae2151","OSBS","D03","OSBS","2016-10-17T20:10Z","2016-10-19T14:16Z","OSBS.2016.42.AEDINF.F.T","OSBS.2016.42.AEDINF.F.T.09",39,
"6e125f4a-43c2-49ac-88bc-b58cc355e890","OSBS","D03","OSBS","2016-10-17T20:10Z","2016-10-19T14:16Z","OSBS.2016.42.AEDINF.F.T","OSBS.2016.42.AEDINF.F.T.04",40,
"1fa0c615-2102-479e-8e97-4f590945f2c6","OSBS","D03","OSBS","2016-10-17T20:10Z","2016-10-19T14:16Z","OSBS.2016.42.AEDINF.F.T","OSBS.2016.42.AEDINF.F.T.05",40,
"47199eff-ebc8-40d7-b0b9-8c23a9dca110","OSBS","D03","OSBS","2016-10-17T20:10Z","2016-10-19T14:16Z","OSBS.2016.42.AEDINF.F.T","OSBS.2016.42.AEDINF.F.T.03",40,
"ee3cc3af-ed96-4f24-a114-dbe618cf7371","OSBS","D03","OSBS","2016-10-17T20:10Z","2016-10-19T14:16Z","OSBS.2016.42.AEDINF.F.T","OSBS.2016.42.AEDINF.F.T.06",39,
"556f101b-86cc-4fac-9b05-14159fd9ec19","OSBS","D03","OSBS","2016-10-17T20:10Z","2016-10-19T14:16Z","OSBS.2016.42.AEDATL.F.T","OSBS.2016.42.AEDATL.F.T.14",38,
"d81dbbbb-4ebf-4f46-852a-5dc55494ed9d","OSBS","D03","OSBS","2016-10-17T20:10Z","2016-10-19T14:16Z","OSBS.2016.42.AEDATL.F.T","OSBS.2016.42.AEDATL.F.T.03",39,
"3ec58d39-98d2-47e6-8332-c13c7e897a10","OSBS","D03","OSBS","2016-10-17T20:10Z","2016-10-19T14:16Z","OSBS.2016.42.AEDATL.F.T","OSBS.2016.42.AEDATL.F.T.13",38,
"6f9996c0-3035-46fb-97e7-2b4384dcd103","OSBS","D03","OSBS","2016-10-17T20:10Z","2016-10-19T14:16Z","OSBS.2016.42.AEDATL.F.T","OSBS.2016.42.AEDATL.F.T.08",39,
"bf5f684b-228f-4fdd-9072-31dc56eaa49c","OSBS","D03","OSBS","2016-10-17T20:10Z","2016-10-19T14:16Z","OSBS.2016.42.AEDATL.F.T","OSBS.2016.42.AEDATL.F.T.15",38,
"f30450f4-8c00-4559-8672-eff797e8da92","OSBS","D03","OSBS","2016-10-17T20:10Z","2016-10-19T14:16Z","OSBS.2016.42.AEDATL.F.T","OSBS.2016.42.AEDATL.F.T.02",39,
"d6bcf3d2-44ac-4457-ac15-f51a4f7a80e3","OSBS","D03","OSBS","2016-10-17T20:10Z","2016-10-19T14:16Z","OSBS.2016.42.AEDATL.F.T","OSBS.2016.42.AEDATL.F.T.11",38,
"40f88d09-2a52-423f-949a-11851ee18188","OSBS","D03","OSBS","2016-10-17T20:10Z","2016-10-19T14:16Z","OSBS.2016.42.AEDATL.F.T","OSBS.2016.42.AEDATL.F.T.01",39,
"be7adc51-b0c6-4db9-a3bd-6bb5021cb21e","OSBS","D03","OSBS","2016-10-17T20:10Z","2016-10-19T14:16Z","OSBS.2016.42.AEDATL.F.T","OSBS.2016.42.AEDATL.F.T.06",39,
"1d3effc7-c300-47b5-80ef-a1bec8ec44d5","OSBS","D03","OSBS","2016-10-17T20:10Z","2016-10-19T14:16Z","OSBS.2016.42.AEDATL.F.T","OSBS.2016.42.AEDATL.F.T.09",39,
"43fef740-006a-49c2-b775-a922da66864e","OSBS","D03","OSBS","2016-10-17T20:10Z","2016-10-19T14:16Z","OSBS.2016.42.AEDATL.F.T","OSBS.2016.42.AEDATL.F.T.07",39,
"9aabc14a-650f-4d2e-ae89-2f33efc94eb3","OSBS","D03","OSBS","2016-10-17T20:10Z","2016-10-19T14:16Z","OSBS.2016.42.AEDATL.F.T","OSBS.2016.42.AEDATL.F.T.04",39,
"f9793abd-8ee5-4c60-a1ba-94682d754bc4","OSBS","D03","OSBS","2016-10-17T20:10Z","2016-10-19T14:16Z","OSBS.2016.42.AEDATL.F.T","OSBS.2016.42.AEDATL.F.T.12",38,
"937204c2-ebd6-4f16-91f5-75714e952fda","OSBS","D03","OSBS","2016-10-17T20:10Z","2016-10-19T14:16Z","OSBS.2016.42.AEDATL.F.T","OSBS.2016.42.AEDATL.F.T.10",39,
"c6dc9042-f4dc-49a5-8ea6-e1b1c989eac8","OSBS","D03","OSBS","2016-10-17T20:10Z","2016-10-19T14:16Z","OSBS.2016.42.AEDATL.F.T","OSBS.2016.42.AEDATL.F.T.05",39,
