uid,namedLocation,domainID,siteID,startCollectDate,endCollectDate,testingID,testingVialID,poolSize,dataQF
"c3b543b4-60d6-413b-a4c6-718f3d03c4ee","UKFS","D06","UKFS","2016-09-14T21:18Z","2016-09-16T14:48Z","UKFS.2016.37.CULERR.F.T","UKFS.2016.37.CULERR.F.T.01",40,
"a1af0353-e36a-4cba-ab33-d40541d006a2","UKFS","D06","UKFS","2016-09-14T21:18Z","2016-09-16T14:48Z","UKFS.2016.37.AEDVEX.F.T","UKFS.2016.37.AEDVEX.F.T.07",39,
"c8701de6-d3e1-4978-a4d4-d60d9912b1b0","UKFS","D06","UKFS","2016-09-14T21:18Z","2016-09-16T14:48Z","UKFS.2016.37.AEDVEX.F.T","UKFS.2016.37.AEDVEX.F.T.09",39,
"f68f2956-ea57-4da1-9ac9-d31c64cde099","UKFS","D06","UKFS","2016-09-14T21:18Z","2016-09-16T14:48Z","UKFS.2016.37.AEDVEX.F.T","UKFS.2016.37.AEDVEX.F.T.16",39,
"5e2ccdfc-5e31-4690-8021-2ba6f556a79c","UKFS","D06","UKFS","2016-09-14T21:18Z","2016-09-16T14:48Z","UKFS.2016.37.CULSAL.F.T","UKFS.2016.37.CULSAL.F.T.01",28,
"8f8ba875-3f1f-4646-89fc-3f0b9bf7e80b","UKFS","D06","UKFS","2016-09-14T21:18Z","2016-09-16T14:48Z","UKFS.2016.37.CULSAL.F.T","UKFS.2016.37.CULSAL.F.T.03",27,
"45e848dd-f230-474b-9348-13d58d0122d4","UKFS","D06","UKFS","2016-09-14T21:18Z","2016-09-16T14:48Z","UKFS.2016.37.CULSAL.F.T","UKFS.2016.37.CULSAL.F.T.02",27,
"ad17dcd2-6224-4161-ab1c-786bfff4a1e3","UKFS","D06","UKFS","2016-09-14T21:18Z","2016-09-16T14:48Z","UKFS.2016.37.CULERR.F.T","UKFS.2016.37.CULERR.F.T.15",39,
"83b3e3a9-6cf1-4ab0-ba55-b1c4bdffea63","UKFS","D06","UKFS","2016-09-14T21:18Z","2016-09-16T14:48Z","UKFS.2016.37.CULERR.F.T","UKFS.2016.37.CULERR.F.T.07",40,
"87a38fe0-041a-4294-948a-c3214406be48","UKFS","D06","UKFS","2016-09-14T21:18Z","2016-09-16T14:48Z","UKFS.2016.37.CULERR.F.T","UKFS.2016.37.CULERR.F.T.09",40,
"d763ded4-8702-44f2-b9ea-bcdd77193bb2","UKFS","D06","UKFS","2016-09-14T21:18Z","2016-09-16T14:48Z","UKFS.2016.37.CULERR.F.T","UKFS.2016.37.CULERR.F.T.13",40,
"26955df5-296b-4884-969b-a1f9793c34bb","UKFS","D06","UKFS","2016-09-14T21:18Z","2016-09-16T14:48Z","UKFS.2016.37.CULERR.F.T","UKFS.2016.37.CULERR.F.T.18",39,
"6db6cc68-a8a0-4a4a-a337-9b2a1ef93987","UKFS","D06","UKFS","2016-09-14T21:18Z","2016-09-16T14:48Z","UKFS.2016.37.CULERR.F.T","UKFS.2016.37.CULERR.F.T.19",39,
"4839ec4e-715d-44cd-9f2c-40176203c3ec","UKFS","D06","UKFS","2016-09-14T21:18Z","2016-09-16T14:48Z","UKFS.2016.37.CULERR.F.T","UKFS.2016.37.CULERR.F.T.16",39,
"2587ecc7-ea56-4455-9e3c-e57ee776ab51","UKFS","D06","UKFS","2016-09-14T21:18Z","2016-09-16T14:48Z","UKFS.2016.37.CULERR.F.T","UKFS.2016.37.CULERR.F.T.06",40,
"7ac0d17c-fb8b-4691-812a-c8cf1433339a","UKFS","D06","UKFS","2016-09-14T21:18Z","2016-09-16T14:48Z","UKFS.2016.37.CULERR.F.T","UKFS.2016.37.CULERR.F.T.05",40,
"3f13b962-e345-4f94-a8a3-787f29399118","UKFS","D06","UKFS","2016-09-14T21:18Z","2016-09-16T14:48Z","UKFS.2016.37.CULERR.F.T","UKFS.2016.37.CULERR.F.T.10",40,
"4b3d5269-e94a-4f87-ad89-5c068618c870","UKFS","D06","UKFS","2016-09-14T21:18Z","2016-09-16T14:48Z","UKFS.2016.37.CULERR.F.T","UKFS.2016.37.CULERR.F.T.12",40,
"7cf2c106-9cf2-4130-80de-18ba33b78f4a","UKFS","D06","UKFS","2016-09-14T21:18Z","2016-09-16T14:48Z","UKFS.2016.37.CULERR.F.T","UKFS.2016.37.CULERR.F.T.21",39,
"3ee0a6d4-5e2e-41eb-a1c7-a51624ae17c4","UKFS","D06","UKFS","2016-09-14T21:18Z","2016-09-16T14:48Z","UKFS.2016.37.CULERR.F.T","UKFS.2016.37.CULERR.F.T.03",40,
"07eaff8d-0c8f-428e-b74d-84dd875c8eb4","UKFS","D06","UKFS","2016-09-14T21:18Z","2016-09-16T14:48Z","UKFS.2016.37.CULERR.F.T","UKFS.2016.37.CULERR.F.T.04",40,
"98529772-43cd-4c93-980f-2ab5d3698f2a","UKFS","D06","UKFS","2016-09-14T21:18Z","2016-09-16T14:48Z","UKFS.2016.37.CULERR.F.T","UKFS.2016.37.CULERR.F.T.08",40,
"aac7869d-ac5c-445f-b943-3d183112458a","UKFS","D06","UKFS","2016-09-14T21:18Z","2016-09-16T14:48Z","UKFS.2016.37.CULERR.F.T","UKFS.2016.37.CULERR.F.T.17",39,
"df80c5cf-4d50-4e4c-82ca-3d871cad2fa8","UKFS","D06","UKFS","2016-09-14T21:18Z","2016-09-16T14:48Z","UKFS.2016.37.CULERR.F.T","UKFS.2016.37.CULERR.F.T.20",39,
"43ac344b-e13f-4b85-9d6d-c4a02cfbff08","UKFS","D06","UKFS","2016-09-14T21:18Z","2016-09-16T14:48Z","UKFS.2016.37.CULERR.F.T","UKFS.2016.37.CULERR.F.T.11",40,
"e803c1df-6b1b-4bcc-b327-3f79a115cd37","UKFS","D06","UKFS","2016-09-14T21:18Z","2016-09-16T14:48Z","UKFS.2016.37.CULERR.F.T","UKFS.2016.37.CULERR.F.T.14",39,
"e52f4443-1d91-499f-bd57-f8947b109a61","UKFS","D06","UKFS","2016-09-14T21:18Z","2016-09-16T14:48Z","UKFS.2016.37.CULERR.F.T","UKFS.2016.37.CULERR.F.T.02",40,
"97644c65-c756-44dd-bb41-fdd016bd8ef9","UKFS","D06","UKFS","2016-09-14T21:18Z","2016-09-16T14:48Z","UKFS.2016.37.AEDVEX.F.T","UKFS.2016.37.AEDVEX.F.T.13",39,
"f7638cb7-e529-4285-b75d-4e63225a3404","UKFS","D06","UKFS","2016-09-14T21:18Z","2016-09-16T14:48Z","UKFS.2016.37.AEDVEX.F.T","UKFS.2016.37.AEDVEX.F.T.20",39,
"d9f722b8-6eb6-47b2-bd2f-f4cfa7c1fd5f","UKFS","D06","UKFS","2016-09-14T21:18Z","2016-09-16T14:48Z","UKFS.2016.37.AEDVEX.F.T","UKFS.2016.37.AEDVEX.F.T.25",39,
"20bcf4e1-7d97-471c-b950-eac4d29a442d","UKFS","D06","UKFS","2016-09-14T21:18Z","2016-09-16T14:48Z","UKFS.2016.37.AEDVEX.F.T","UKFS.2016.37.AEDVEX.F.T.26",39,
"3831cfd9-07df-425c-bf5b-e8ae188eaf85","UKFS","D06","UKFS","2016-09-14T21:18Z","2016-09-16T14:48Z","UKFS.2016.37.AEDVEX.F.T","UKFS.2016.37.AEDVEX.F.T.14",39,
"e19a1ce7-ca98-418b-aa31-b8216ed3a211","UKFS","D06","UKFS","2016-09-14T21:18Z","2016-09-16T14:48Z","UKFS.2016.37.AEDVEX.F.T","UKFS.2016.37.AEDVEX.F.T.06",39,
"529a0eba-0a6a-48e8-90c0-7393f0fb30b4","UKFS","D06","UKFS","2016-09-14T21:18Z","2016-09-16T14:48Z","UKFS.2016.37.AEDVEX.F.T","UKFS.2016.37.AEDVEX.F.T.05",39,
"ebb595b5-f78a-42e1-89d2-19911bf2d0a4","UKFS","D06","UKFS","2016-09-14T21:18Z","2016-09-16T14:48Z","UKFS.2016.37.AEDVEX.F.T","UKFS.2016.37.AEDVEX.F.T.27",39,
"113785a2-e3e9-485a-b30b-55d6be4e8705","UKFS","D06","UKFS","2016-09-14T21:18Z","2016-09-16T14:48Z","UKFS.2016.37.AEDVEX.F.T","UKFS.2016.37.AEDVEX.F.T.11",39,
"447e6e94-5508-4825-8886-dcc7a9ca9d09","UKFS","D06","UKFS","2016-09-14T21:18Z","2016-09-16T14:48Z","UKFS.2016.37.AEDVEX.F.T","UKFS.2016.37.AEDVEX.F.T.18",39,
"a4856c5f-af66-41b6-b14a-d65164e281c5","UKFS","D06","UKFS","2016-09-14T21:18Z","2016-09-16T14:48Z","UKFS.2016.37.AEDVEX.F.T","UKFS.2016.37.AEDVEX.F.T.23",39,
"f0f6112f-150c-4c28-a3ee-0db2141add76","UKFS","D06","UKFS","2016-09-14T21:18Z","2016-09-16T14:48Z","UKFS.2016.37.AEDVEX.F.T","UKFS.2016.37.AEDVEX.F.T.03",39,
"e2312182-0a45-47f2-9676-5021b7184694","UKFS","D06","UKFS","2016-09-14T21:18Z","2016-09-16T14:48Z","UKFS.2016.37.AEDVEX.F.T","UKFS.2016.37.AEDVEX.F.T.01",40,
"407f3ff9-2fb8-4b7b-bdd3-bef66dd72caa","UKFS","D06","UKFS","2016-09-14T21:18Z","2016-09-16T14:48Z","UKFS.2016.37.AEDVEX.F.T","UKFS.2016.37.AEDVEX.F.T.12",39,
"2e345c89-64c4-40ac-963b-628c3c49abd6","UKFS","D06","UKFS","2016-09-14T21:18Z","2016-09-16T14:48Z","UKFS.2016.37.AEDVEX.F.T","UKFS.2016.37.AEDVEX.F.T.04",39,
"a8b04a6e-f5df-42b2-9b07-b388e6beafcc","UKFS","D06","UKFS","2016-09-14T21:18Z","2016-09-16T14:48Z","UKFS.2016.37.AEDVEX.F.T","UKFS.2016.37.AEDVEX.F.T.19",39,
"a84beefc-8029-4315-90b3-18e58a1da3a6","UKFS","D06","UKFS","2016-09-14T21:18Z","2016-09-16T14:48Z","UKFS.2016.37.AEDVEX.F.T","UKFS.2016.37.AEDVEX.F.T.24",39,
"2da1dd7d-1d64-43db-8491-ed215a8198a6","UKFS","D06","UKFS","2016-09-14T21:18Z","2016-09-16T14:48Z","UKFS.2016.37.AEDVEX.F.T","UKFS.2016.37.AEDVEX.F.T.08",39,
"6f2086d2-4795-4f0b-a143-bfba44576644","UKFS","D06","UKFS","2016-09-14T21:18Z","2016-09-16T14:48Z","UKFS.2016.37.AEDVEX.F.T","UKFS.2016.37.AEDVEX.F.T.21",39,
"787a9638-caf6-4258-bd3d-5e42edc8466f","UKFS","D06","UKFS","2016-09-14T21:18Z","2016-09-16T14:48Z","UKFS.2016.37.AEDVEX.F.T","UKFS.2016.37.AEDVEX.F.T.15",39,
"af5a8dec-b97a-4e89-9453-b82a7d0c2d87","UKFS","D06","UKFS","2016-09-14T21:18Z","2016-09-16T14:48Z","UKFS.2016.37.AEDVEX.F.T","UKFS.2016.37.AEDVEX.F.T.22",39,
"a65dad46-4e3d-4a99-b954-9411d9c04146","UKFS","D06","UKFS","2016-09-14T21:18Z","2016-09-16T14:48Z","UKFS.2016.37.AEDVEX.F.T","UKFS.2016.37.AEDVEX.F.T.02",39,
"e3d9f53f-0eed-43ac-84fc-3e0d04c96f18","UKFS","D06","UKFS","2016-09-14T21:18Z","2016-09-16T14:48Z","UKFS.2016.37.AEDVEX.F.T","UKFS.2016.37.AEDVEX.F.T.10",39,
"21014a5e-d368-4658-be9b-beda879d41fb","UKFS","D06","UKFS","2016-09-14T21:18Z","2016-09-16T14:48Z","UKFS.2016.37.AEDVEX.F.T","UKFS.2016.37.AEDVEX.F.T.17",39,
"c698cf96-b65f-4d70-a139-b21c6a0e3be6","UKFS","D06","UKFS","2016-09-14T21:28Z","2016-09-16T14:48Z","UKFS.2016.37.CULTAR.F.T","UKFS.2016.37.CULTAR.F.T.03",34,
"6e700ede-7059-4b04-8df8-ffc0a5d47481","UKFS","D06","UKFS","2016-09-14T21:28Z","2016-09-16T14:48Z","UKFS.2016.37.CULTAR.F.T","UKFS.2016.37.CULTAR.F.T.01",35,
"740d34f4-35c2-497f-ae79-077d2a35c216","UKFS","D06","UKFS","2016-09-14T21:28Z","2016-09-16T14:48Z","UKFS.2016.37.CULTAR.F.T","UKFS.2016.37.CULTAR.F.T.02",34,
"0a899e28-8d6c-447f-b293-35787b3a0bf1","UKFS","D06","UKFS","2016-09-14T21:28Z","2016-09-16T14:48Z","UKFS.2016.37.CULTAR.F.T","UKFS.2016.37.CULTAR.F.T.04",34,
