uid,namedLocation,domainID,siteID,startCollectDate,endCollectDate,testingID,testingVialID,poolSize,dataQF
"30c3f3d1-70fd-4ca2-a15f-e94f0426ed34","JERC","D03","JERC","2016-10-25T18:30Z","2016-10-27T13:57Z","JERC.2016.43.AEDVEX.F.T","JERC.2016.43.AEDVEX.F.T.06",38,
"c6a511dc-1386-40d0-ae1f-24c2a7ce7242","JERC","D03","JERC","2016-10-25T18:30Z","2016-10-27T13:57Z","JERC.2016.43.AEDVEX.F.T","JERC.2016.43.AEDVEX.F.T.03",39,
"5a3e75d9-49db-4ff6-94ae-2bea6721e46e","JERC","D03","JERC","2016-10-25T18:30Z","2016-10-27T13:57Z","JERC.2016.43.AEDVEX.F.T","JERC.2016.43.AEDVEX.F.T.07",38,
"4709466e-7501-4c99-aece-acb03b4d71ce","JERC","D03","JERC","2016-10-25T18:30Z","2016-10-27T13:57Z","JERC.2016.43.AEDVEX.F.T","JERC.2016.43.AEDVEX.F.T.01",39,
"33083514-7cc5-45a0-bc7d-17abf7d5ddd3","JERC","D03","JERC","2016-10-25T18:30Z","2016-10-27T13:57Z","JERC.2016.43.AEDVEX.F.T","JERC.2016.43.AEDVEX.F.T.04",39,
"bc5ff504-41c9-4fa6-aeae-ccaa74345ef1","JERC","D03","JERC","2016-10-25T18:30Z","2016-10-27T13:57Z","JERC.2016.43.AEDVEX.F.T","JERC.2016.43.AEDVEX.F.T.02",39,
"5b9dff01-70bd-4103-a4ee-10ce4cc72672","JERC","D03","JERC","2016-10-25T18:30Z","2016-10-27T13:57Z","JERC.2016.43.AEDVEX.F.T","JERC.2016.43.AEDVEX.F.T.05",38,
"fbe6cd32-2653-4a43-901f-1139da955dd5","JERC","D03","JERC","2016-10-25T18:30Z","2016-10-27T13:57Z","JERC.2016.43.AEDVEX.F.T","JERC.2016.43.AEDVEX.F.T.09",38,
"242c06ca-b6e2-43cd-833e-888b6f018314","JERC","D03","JERC","2016-10-25T18:30Z","2016-10-27T13:57Z","JERC.2016.43.AEDVEX.F.T","JERC.2016.43.AEDVEX.F.T.08",38,
