uid,namedLocation,domainID,siteID,startCollectDate,endCollectDate,testingID,testingVialID,poolSize,dataQF
"7b25dcc5-e7fd-49c2-b107-2cbc2bf42f9b","SERC","D02","SERC","2015-09-08T19:56Z","2015-09-10T13:00Z","SERC.2015.36.CULSAL.F.T","SERC.2015.36.CULSAL.F.T.08",39,
"5f3cd3ae-7ac5-4a23-a3bd-b95cd97c21a2","SERC","D02","SERC","2015-09-08T19:56Z","2015-09-10T13:00Z","SERC.2015.36.CULSAL.F.T","SERC.2015.36.CULSAL.F.T.13",38,
"c685759f-3d78-42d9-bb82-11660061c6e7","SERC","D02","SERC","2015-09-08T19:56Z","2015-09-10T13:00Z","SERC.2015.36.CULSAL.F.T","SERC.2015.36.CULSAL.F.T.12",38,
"71c53bde-29a7-4b2b-8afa-c67c4dbd4c52","SERC","D02","SERC","2015-09-08T19:56Z","2015-09-10T13:00Z","SERC.2015.36.CULSAL.F.T","SERC.2015.36.CULSAL.F.T.01",39,
"7559d0f5-9ae8-4a1d-a639-accde2ec521d","SERC","D02","SERC","2015-09-08T19:56Z","2015-09-10T13:00Z","SERC.2015.36.CULSAL.F.T","SERC.2015.36.CULSAL.F.T.09",39,
"4e7db10b-582e-4009-9e81-089ff270bb08","SERC","D02","SERC","2015-09-08T19:56Z","2015-09-10T13:00Z","SERC.2015.36.CULSAL.F.T","SERC.2015.36.CULSAL.F.T.02",39,
"76441a0a-dd25-4613-8156-e470f69f3957","SERC","D02","SERC","2015-09-08T19:56Z","2015-09-10T13:00Z","SERC.2015.36.CULSAL.F.T","SERC.2015.36.CULSAL.F.T.10",39,
"a02cedcd-82c5-48b5-9b33-48f83ab4bc53","SERC","D02","SERC","2015-09-08T19:56Z","2015-09-10T13:00Z","SERC.2015.36.CULSAL.F.T","SERC.2015.36.CULSAL.F.T.04",39,
"2da50a10-7adf-44e4-8b61-1540937135bb","SERC","D02","SERC","2015-09-08T19:56Z","2015-09-10T13:00Z","SERC.2015.36.CULSAL.F.T","SERC.2015.36.CULSAL.F.T.14",38,
"f5ca12a5-3a01-4a99-a902-02cd0e719859","SERC","D02","SERC","2015-09-08T19:56Z","2015-09-10T13:00Z","SERC.2015.36.CULSAL.F.T","SERC.2015.36.CULSAL.F.T.11",39,
"de42774b-c44a-43b0-a934-ac901780d930","SERC","D02","SERC","2015-09-08T19:56Z","2015-09-10T13:00Z","SERC.2015.36.CULSAL.F.T","SERC.2015.36.CULSAL.F.T.06",39,
"336c3642-3173-43aa-94c4-27d5f44c3177","SERC","D02","SERC","2015-09-08T19:56Z","2015-09-10T13:00Z","SERC.2015.36.CULSAL.F.T","SERC.2015.36.CULSAL.F.T.05",39,
"32b7c1d7-4a8c-421c-8699-5080dec3ab36","SERC","D02","SERC","2015-09-08T19:56Z","2015-09-10T13:00Z","SERC.2015.36.CULSAL.F.T","SERC.2015.36.CULSAL.F.T.15",38,
"8e043c08-785d-423c-99bf-dd9a9b43a685","SERC","D02","SERC","2015-09-08T19:56Z","2015-09-10T13:00Z","SERC.2015.36.CULSAL.F.T","SERC.2015.36.CULSAL.F.T.07",39,
"b80e0f70-1a5e-4f78-ad69-9b7455361037","SERC","D02","SERC","2015-09-08T19:56Z","2015-09-10T13:00Z","SERC.2015.36.CULSAL.F.T","SERC.2015.36.CULSAL.F.T.03",39,
