uid,namedLocation,domainID,siteID,startCollectDate,endCollectDate,testingID,testingVialID,poolSize,dataQF
"7699e5cc-8f8c-4eee-9d8a-72ccafa7abdc","WOOD","D09","WOOD","2014-09-09T00:01Z","2014-09-09T12:43Z","WOOD.2014.36.AEDVEX.F.T","WOOD.2014.36.AEDVEX.F.T.01",16,
"b752a83b-3a0f-40a6-9818-a1f9dbc05716","WOOD","D09","WOOD","2014-09-09T00:01Z","2014-09-09T12:56Z","WOOD.2014.36.AEDDOR.F.T","WOOD.2014.36.AEDDOR.F.T.01",44,
"22c31f00-10e4-469b-9b05-65ec502f7dd9","WOOD","D09","WOOD","2014-09-22T23:22Z","2014-09-24T13:08Z","WOOD.2014.38.AEDVEX.F.T","WOOD.2014.38.AEDVEX.F.T.52",50,
"3b9e9a9e-8ade-4991-bafd-aab7de183ee1","WOOD","D09","WOOD","2014-09-22T23:22Z","2014-09-24T13:08Z","WOOD.2014.38.AEDVEX.F.T","WOOD.2014.38.AEDVEX.F.T.31",50,
"0204d3fd-2d7e-473f-a981-cef4c229cb0b","WOOD","D09","WOOD","2014-09-22T23:22Z","2014-09-24T13:08Z","WOOD.2014.38.AEDVEX.F.T","WOOD.2014.38.AEDVEX.F.T.43",50,
"bc55c167-136a-4c94-a99a-8cc772a37299","WOOD","D09","WOOD","2014-09-22T23:22Z","2014-09-24T13:08Z","WOOD.2014.38.AEDVEX.F.T","WOOD.2014.38.AEDVEX.F.T.42",50,
"e8839e14-7b78-40bb-8837-e44ce535630c","WOOD","D09","WOOD","2014-09-22T23:22Z","2014-09-24T13:08Z","WOOD.2014.38.AEDVEX.F.T","WOOD.2014.38.AEDVEX.F.T.47",50,
"04cb2986-b335-46d9-8a16-19e11d52d891","WOOD","D09","WOOD","2014-09-22T23:22Z","2014-09-24T13:08Z","WOOD.2014.38.AEDVEX.F.T","WOOD.2014.38.AEDVEX.F.T.45",50,
"36c08b1f-9df0-4ae9-90d0-e692c326abd8","WOOD","D09","WOOD","2014-09-22T23:22Z","2014-09-24T13:08Z","WOOD.2014.38.AEDVEX.F.T","WOOD.2014.38.AEDVEX.F.T.48",50,
"a2221bbd-cc6a-462b-87d9-363e1bc75de1","WOOD","D09","WOOD","2014-09-22T23:22Z","2014-09-24T13:08Z","WOOD.2014.38.AEDVEX.F.T","WOOD.2014.38.AEDVEX.F.T.28",50,
"61bc81a0-c6e8-4466-8e17-742a9f1cdb5e","WOOD","D09","WOOD","2014-09-22T23:22Z","2014-09-24T13:08Z","WOOD.2014.38.AEDVEX.F.T","WOOD.2014.38.AEDVEX.F.T.55",49,
"fdb35060-4720-43f3-9bd9-ba16e33a77be","WOOD","D09","WOOD","2014-09-22T23:22Z","2014-09-24T13:08Z","WOOD.2014.38.AEDVEX.F.T","WOOD.2014.38.AEDVEX.F.T.41",50,
"51de02ed-aeed-4c59-9a13-28aba20113cc","WOOD","D09","WOOD","2014-09-22T23:22Z","2014-09-24T13:08Z","WOOD.2014.38.AEDVEX.F.T","WOOD.2014.38.AEDVEX.F.T.32",50,
"a9d79757-277d-4413-aedf-3ad1758f88a6","WOOD","D09","WOOD","2014-09-22T23:22Z","2014-09-24T13:08Z","WOOD.2014.38.AEDVEX.F.T","WOOD.2014.38.AEDVEX.F.T.33",50,
"c151c8d0-cd68-4774-93ec-c652f5f2ea9a","WOOD","D09","WOOD","2014-09-22T23:22Z","2014-09-24T13:08Z","WOOD.2014.38.AEDVEX.F.T","WOOD.2014.38.AEDVEX.F.T.24",50,
"2b25b2c2-6bf4-473b-afbd-5c3f0db9e0ff","WOOD","D09","WOOD","2014-09-22T23:22Z","2014-09-24T13:08Z","WOOD.2014.38.AEDVEX.F.T","WOOD.2014.38.AEDVEX.F.T.15",50,
"65c49511-71af-40ab-ba3a-ff61a81dfb87","WOOD","D09","WOOD","2014-09-22T23:22Z","2014-09-24T13:08Z","WOOD.2014.38.AEDVEX.F.T","WOOD.2014.38.AEDVEX.F.T.34",50,
"5f9f0bf5-cb84-44e3-b54b-78168cb1800b","WOOD","D09","WOOD","2014-09-22T23:22Z","2014-09-24T13:08Z","WOOD.2014.38.AEDVEX.F.T","WOOD.2014.38.AEDVEX.F.T.37",50,
"bf7947ce-85d2-462d-bcfd-e634e33df9b3","WOOD","D09","WOOD","2014-09-22T23:22Z","2014-09-24T13:08Z","WOOD.2014.38.AEDVEX.F.T","WOOD.2014.38.AEDVEX.F.T.19",50,
"66ae0219-7db9-4864-96fc-6a20166d7445","WOOD","D09","WOOD","2014-09-22T23:22Z","2014-09-24T13:08Z","WOOD.2014.38.AEDVEX.F.T","WOOD.2014.38.AEDVEX.F.T.46",50,
"0ee1972b-93a3-4dea-9eb0-bdc4113aa16c","WOOD","D09","WOOD","2014-09-22T23:22Z","2014-09-24T13:08Z","WOOD.2014.38.AEDVEX.F.T","WOOD.2014.38.AEDVEX.F.T.16",50,
"ee2a44f9-a37b-4900-97d7-8f0399e2ede9","WOOD","D09","WOOD","2014-09-22T23:22Z","2014-09-24T13:08Z","WOOD.2014.38.AEDVEX.F.T","WOOD.2014.38.AEDVEX.F.T.29",50,
"bac4a7f2-2181-4572-ab09-b5c996fd4d57","WOOD","D09","WOOD","2014-09-22T23:22Z","2014-09-24T13:08Z","WOOD.2014.38.AEDVEX.F.T","WOOD.2014.38.AEDVEX.F.T.20",50,
"42af0aa7-c5bb-4dbd-9207-6b0cab8c9f21","WOOD","D09","WOOD","2014-09-22T23:22Z","2014-09-24T13:08Z","WOOD.2014.38.AEDVEX.F.T","WOOD.2014.38.AEDVEX.F.T.53",49,
"a7218be3-6a63-494d-ab1f-f0dd20aff67c","WOOD","D09","WOOD","2014-09-22T23:22Z","2014-09-24T13:08Z","WOOD.2014.38.AEDVEX.F.T","WOOD.2014.38.AEDVEX.F.T.25",50,
"c006feba-9dea-4fd3-994d-281c6bf456cf","WOOD","D09","WOOD","2014-09-22T23:22Z","2014-09-24T13:08Z","WOOD.2014.38.AEDVEX.F.T","WOOD.2014.38.AEDVEX.F.T.02",50,
"8c5956be-8aac-4dcf-b7fb-88211f7bf9c0","WOOD","D09","WOOD","2014-09-22T23:22Z","2014-09-24T13:08Z","WOOD.2014.38.AEDVEX.F.T","WOOD.2014.38.AEDVEX.F.T.11",50,
"32970197-4c66-4f48-ac8d-a469f476d939","WOOD","D09","WOOD","2014-09-22T23:22Z","2014-09-24T13:08Z","WOOD.2014.38.AEDVEX.F.T","WOOD.2014.38.AEDVEX.F.T.06",50,
"bd6efcac-8225-4729-b1cd-9b8372b34b90","WOOD","D09","WOOD","2014-09-22T23:22Z","2014-09-24T13:08Z","WOOD.2014.38.AEDVEX.F.T","WOOD.2014.38.AEDVEX.F.T.07",50,
"de1c8af3-5977-4c7e-90b3-57b67b21140a","WOOD","D09","WOOD","2014-09-22T23:22Z","2014-09-24T13:08Z","WOOD.2014.38.AEDVEX.F.T","WOOD.2014.38.AEDVEX.F.T.04",50,
"7d605d98-1243-4e7f-ab69-0e906fb070d0","WOOD","D09","WOOD","2014-09-22T23:22Z","2014-09-24T13:08Z","WOOD.2014.38.AEDVEX.F.T","WOOD.2014.38.AEDVEX.F.T.08",50,
"a0412dab-07df-4580-ace7-905c09f453e7","WOOD","D09","WOOD","2014-09-22T23:22Z","2014-09-24T13:08Z","WOOD.2014.38.AEDVEX.F.T","WOOD.2014.38.AEDVEX.F.T.03",50,
"3d60a363-b357-4b2a-bd15-47c049dc9791","WOOD","D09","WOOD","2014-09-22T23:22Z","2014-09-24T13:08Z","WOOD.2014.38.AEDVEX.F.T","WOOD.2014.38.AEDVEX.F.T.10",50,
"ed4fd7c2-6ecb-4a39-b71a-bb1be930c08f","WOOD","D09","WOOD","2014-09-22T23:22Z","2014-09-24T13:08Z","WOOD.2014.38.AEDVEX.F.T","WOOD.2014.38.AEDVEX.F.T.13",50,
"e106f148-fe93-420d-8108-24e666b84f29","WOOD","D09","WOOD","2014-09-22T23:22Z","2014-09-24T13:08Z","WOOD.2014.38.AEDVEX.F.T","WOOD.2014.38.AEDVEX.F.T.01",50,
"95efc2c3-51fe-484b-929b-531a1cefc55d","WOOD","D09","WOOD","2014-09-22T23:22Z","2014-09-24T13:08Z","WOOD.2014.38.AEDVEX.F.T","WOOD.2014.38.AEDVEX.F.T.09",50,
"43163c0c-0914-4c46-91ae-fc3b76042e16","WOOD","D09","WOOD","2014-09-22T23:22Z","2014-09-24T13:08Z","WOOD.2014.38.AEDVEX.F.T","WOOD.2014.38.AEDVEX.F.T.05",50,
"aff5278b-f45e-4130-9cf0-294116c39188","WOOD","D09","WOOD","2014-09-22T23:22Z","2014-09-24T13:08Z","WOOD.2014.38.AEDVEX.F.T","WOOD.2014.38.AEDVEX.F.T.12",50,
"123bda65-a5a7-419b-a949-762953783ab6","WOOD","D09","WOOD","2014-09-22T23:22Z","2014-09-24T13:08Z","WOOD.2014.38.AEDDOR.F.T","WOOD.2014.38.AEDDOR.F.T.12",48,
"d08bcfad-01e4-49e0-b299-3b600b31bbde","WOOD","D09","WOOD","2014-09-22T23:22Z","2014-09-24T13:08Z","WOOD.2014.38.AEDDOR.F.T","WOOD.2014.38.AEDDOR.F.T.22",48,
"7b866e23-5e49-48f6-8290-aaf94935ee57","WOOD","D09","WOOD","2014-09-22T23:22Z","2014-09-24T13:08Z","WOOD.2014.38.AEDDOR.F.T","WOOD.2014.38.AEDDOR.F.T.20",48,
"24ff1fb1-0b76-444a-b838-6e7b00f53e0d","WOOD","D09","WOOD","2014-09-22T23:22Z","2014-09-24T13:08Z","WOOD.2014.38.AEDDOR.F.T","WOOD.2014.38.AEDDOR.F.T.10",48,
"91ea7d09-e2ea-4d4b-8a34-b892d983e1b4","WOOD","D09","WOOD","2014-09-22T23:22Z","2014-09-24T13:08Z","WOOD.2014.38.AEDDOR.F.T","WOOD.2014.38.AEDDOR.F.T.25",48,
"6b6bd8b3-9969-4f03-8ce2-c92e0b0eccad","WOOD","D09","WOOD","2014-09-22T23:22Z","2014-09-24T13:08Z","WOOD.2014.38.AEDDOR.F.T","WOOD.2014.38.AEDDOR.F.T.24",48,
"7212607f-abfd-420b-81c0-dc54f29de0d4","WOOD","D09","WOOD","2014-09-22T23:22Z","2014-09-24T13:08Z","WOOD.2014.38.AEDDOR.F.T","WOOD.2014.38.AEDDOR.F.T.02",49,
"18f7d8ff-315a-4d05-b3b0-d2b24b942d47","WOOD","D09","WOOD","2014-09-22T23:22Z","2014-09-24T13:08Z","WOOD.2014.38.AEDDOR.F.T","WOOD.2014.38.AEDDOR.F.T.17",48,
"736c7581-2954-4c92-908a-917ce2afc303","WOOD","D09","WOOD","2014-09-22T23:22Z","2014-09-24T13:08Z","WOOD.2014.38.AEDDOR.F.T","WOOD.2014.38.AEDDOR.F.T.06",48,
"bac038c1-e2fe-46b3-81c7-4b389e0827d9","WOOD","D09","WOOD","2014-09-22T23:22Z","2014-09-24T13:08Z","WOOD.2014.38.AEDDOR.F.T","WOOD.2014.38.AEDDOR.F.T.16",48,
"8b29da01-895d-4b84-ad30-cf2237b1b685","WOOD","D09","WOOD","2014-09-22T23:22Z","2014-09-24T13:08Z","WOOD.2014.38.AEDDOR.F.T","WOOD.2014.38.AEDDOR.F.T.05",49,
"a4a77c49-5668-45ed-9282-161b16d5f512","WOOD","D09","WOOD","2014-09-22T23:22Z","2014-09-24T13:08Z","WOOD.2014.38.AEDDOR.F.T","WOOD.2014.38.AEDDOR.F.T.13",48,
"beb5499c-916f-4bb2-9569-4978d7205e58","WOOD","D09","WOOD","2014-09-22T23:22Z","2014-09-24T13:08Z","WOOD.2014.38.AEDDOR.F.T","WOOD.2014.38.AEDDOR.F.T.21",48,
"cd256ebb-e135-49bf-964b-5d028834c582","WOOD","D09","WOOD","2014-09-22T23:22Z","2014-09-24T13:08Z","WOOD.2014.38.AEDDOR.F.T","WOOD.2014.38.AEDDOR.F.T.11",48,
"116c66ae-290c-4a78-bcdb-1c733638b724","WOOD","D09","WOOD","2014-09-22T23:22Z","2014-09-24T13:08Z","WOOD.2014.38.AEDDOR.F.T","WOOD.2014.38.AEDDOR.F.T.08",48,
"81e78e6f-395c-498d-91ca-fdd57d85b845","WOOD","D09","WOOD","2014-09-22T23:22Z","2014-09-24T13:08Z","WOOD.2014.38.AEDDOR.F.T","WOOD.2014.38.AEDDOR.F.T.19",48,
"4d2b361e-cec1-42a7-9395-863f62ead7f0","WOOD","D09","WOOD","2014-09-22T23:22Z","2014-09-24T13:08Z","WOOD.2014.38.AEDDOR.F.T","WOOD.2014.38.AEDDOR.F.T.15",48,
"57d843d9-4c96-4129-b973-36146757d183","WOOD","D09","WOOD","2014-09-22T23:22Z","2014-09-24T13:08Z","WOOD.2014.38.AEDDOR.F.T","WOOD.2014.38.AEDDOR.F.T.09",48,
"267bbf1a-c9f7-46a7-9f6e-91963b9f60f2","WOOD","D09","WOOD","2014-09-22T23:22Z","2014-09-24T13:08Z","WOOD.2014.38.AEDDOR.F.T","WOOD.2014.38.AEDDOR.F.T.23",48,
"c8e70fbf-0963-43aa-a172-bc0c3e518120","WOOD","D09","WOOD","2014-09-22T23:22Z","2014-09-24T13:08Z","WOOD.2014.38.AEDDOR.F.T","WOOD.2014.38.AEDDOR.F.T.18",48,
"83e6078c-2d7b-4b30-8ecc-150307d29931","WOOD","D09","WOOD","2014-09-22T23:22Z","2014-09-24T13:08Z","WOOD.2014.38.AEDDOR.F.T","WOOD.2014.38.AEDDOR.F.T.01",49,
"7dc289f0-52c4-4ffa-9d32-2f5ece032527","WOOD","D09","WOOD","2014-09-22T23:22Z","2014-09-24T13:08Z","WOOD.2014.38.AEDDOR.F.T","WOOD.2014.38.AEDDOR.F.T.04",49,
"3e6574f6-41f3-4314-9f63-d1400dca6f80","WOOD","D09","WOOD","2014-09-22T23:22Z","2014-09-24T13:08Z","WOOD.2014.38.AEDDOR.F.T","WOOD.2014.38.AEDDOR.F.T.03",49,
"2ed5b71f-b9ee-43b0-a3ae-58ded2563814","WOOD","D09","WOOD","2014-09-22T23:22Z","2014-09-24T13:08Z","WOOD.2014.38.AEDDOR.F.T","WOOD.2014.38.AEDDOR.F.T.07",48,
"fb5a6579-7d49-4695-9ad9-5366c9668c0f","WOOD","D09","WOOD","2014-09-22T23:22Z","2014-09-24T13:08Z","WOOD.2014.38.AEDDOR.F.T","WOOD.2014.38.AEDDOR.F.T.14",48,
"84821a35-a076-4f09-bcd5-6b64c44e93e9","WOOD","D09","WOOD","2014-09-22T23:22Z","2014-09-24T13:08Z","WOOD.2014.38.AEDDOR.F.T","WOOD.2014.38.AEDDOR.F.T.26",48,
"afceba46-ba2a-44c2-9154-6f520dd033c2","WOOD","D09","WOOD","2014-09-22T23:22Z","2014-09-24T13:08Z","WOOD.2014.38.AEDVEX.F.T","WOOD.2014.38.AEDVEX.F.T.38",50,
"67639d65-ad13-4353-9533-faf0b1102c05","WOOD","D09","WOOD","2014-09-22T23:22Z","2014-09-24T13:08Z","WOOD.2014.38.AEDVEX.F.T","WOOD.2014.38.AEDVEX.F.T.35",50,
"115abef7-08c5-4461-b61d-923b31b3036b","WOOD","D09","WOOD","2014-09-22T23:22Z","2014-09-24T13:08Z","WOOD.2014.38.AEDVEX.F.T","WOOD.2014.38.AEDVEX.F.T.18",50,
"f8889023-3278-4be7-a199-e9adfbdbf3b3","WOOD","D09","WOOD","2014-09-22T23:22Z","2014-09-24T13:08Z","WOOD.2014.38.AEDVEX.F.T","WOOD.2014.38.AEDVEX.F.T.22",50,
"8943ab2b-302c-4500-915a-60985c23f10a","WOOD","D09","WOOD","2014-09-22T23:22Z","2014-09-24T13:08Z","WOOD.2014.38.AEDVEX.F.T","WOOD.2014.38.AEDVEX.F.T.27",50,
"2ece8f1a-d918-4efd-bc0f-e517192a923c","WOOD","D09","WOOD","2014-09-22T23:22Z","2014-09-24T13:08Z","WOOD.2014.38.AEDVEX.F.T","WOOD.2014.38.AEDVEX.F.T.21",50,
"bb551aab-27f3-4336-b56d-2e05aec10311","WOOD","D09","WOOD","2014-09-22T23:22Z","2014-09-24T13:08Z","WOOD.2014.38.AEDVEX.F.T","WOOD.2014.38.AEDVEX.F.T.50",50,
"3c0953fd-6a79-43b7-b7fc-26a8252aa04d","WOOD","D09","WOOD","2014-09-22T23:22Z","2014-09-24T13:08Z","WOOD.2014.38.AEDVEX.F.T","WOOD.2014.38.AEDVEX.F.T.23",50,
"2cb415da-2a8a-4ad2-9b97-faf7d12b198b","WOOD","D09","WOOD","2014-09-22T23:22Z","2014-09-24T13:08Z","WOOD.2014.38.AEDVEX.F.T","WOOD.2014.38.AEDVEX.F.T.17",50,
"7b9db791-e443-435f-92a8-becc17421d79","WOOD","D09","WOOD","2014-09-22T23:22Z","2014-09-24T13:08Z","WOOD.2014.38.AEDVEX.F.T","WOOD.2014.38.AEDVEX.F.T.30",50,
"12d0aed5-d301-4ff9-b55d-2a0572f24eaf","WOOD","D09","WOOD","2014-09-22T23:22Z","2014-09-24T13:08Z","WOOD.2014.38.AEDVEX.F.T","WOOD.2014.38.AEDVEX.F.T.14",50,
"448b4f30-0d40-41db-b0bf-7e1fc3242c8b","WOOD","D09","WOOD","2014-09-22T23:22Z","2014-09-24T13:08Z","WOOD.2014.38.AEDVEX.F.T","WOOD.2014.38.AEDVEX.F.T.40",50,
"659db4fe-0c8a-4e98-ba7f-7d613a72baf1","WOOD","D09","WOOD","2014-09-22T23:22Z","2014-09-24T13:08Z","WOOD.2014.38.AEDVEX.F.T","WOOD.2014.38.AEDVEX.F.T.39",50,
"8ffe5410-b72b-4dc9-b2e9-519864f349ae","WOOD","D09","WOOD","2014-09-22T23:22Z","2014-09-24T13:08Z","WOOD.2014.38.AEDVEX.F.T","WOOD.2014.38.AEDVEX.F.T.51",50,
"8af76f93-1043-4b7a-828c-f2ce39cd1752","WOOD","D09","WOOD","2014-09-22T23:22Z","2014-09-24T13:08Z","WOOD.2014.38.AEDVEX.F.T","WOOD.2014.38.AEDVEX.F.T.36",50,
"7f07f8a4-e38f-4897-9872-fb735398f415","WOOD","D09","WOOD","2014-09-22T23:22Z","2014-09-24T13:08Z","WOOD.2014.38.AEDVEX.F.T","WOOD.2014.38.AEDVEX.F.T.49",50,
"6b5e00f0-e9ba-4545-8f05-4f187ded0f82","WOOD","D09","WOOD","2014-09-22T23:22Z","2014-09-24T13:08Z","WOOD.2014.38.AEDVEX.F.T","WOOD.2014.38.AEDVEX.F.T.44",50,
"03a9c2ee-9349-4880-86a3-fc0c19325cf7","WOOD","D09","WOOD","2014-09-22T23:22Z","2014-09-24T13:08Z","WOOD.2014.38.AEDVEX.F.T","WOOD.2014.38.AEDVEX.F.T.54",49,
"42527165-6173-41a8-8f8d-783073e2e905","WOOD","D09","WOOD","2014-09-22T23:22Z","2014-09-24T13:08Z","WOOD.2014.38.AEDVEX.F.T","WOOD.2014.38.AEDVEX.F.T.26",50,
