uid,namedLocation,domainID,siteID,startCollectDate,endCollectDate,testingID,testingVialID,poolSize,dataQF
"25428329-193f-4ba6-be21-16513bb42504","TALL","D08","TALL","2014-06-02T22:27Z","2014-06-04T14:01Z","TALL.2014.22.COQPER.F.T","TALL.2014.22.COQPER.F.T.09",30,
"850ce19d-c7de-48d9-8f1d-7b2888b22157","TALL","D08","TALL","2014-06-02T22:27Z","2014-06-04T14:01Z","TALL.2014.22.COQPER.F.T","TALL.2014.22.COQPER.F.T.08",30,
"602dfe1f-13c9-4f77-a48d-ea83bdcf3614","TALL","D08","TALL","2014-06-02T22:27Z","2014-06-04T14:01Z","TALL.2014.22.COQPER.F.T","TALL.2014.22.COQPER.F.T.04",30,
"668f88ff-560c-4a3f-b874-98229596cb4d","TALL","D08","TALL","2014-06-02T22:27Z","2014-06-04T14:01Z","TALL.2014.22.COQPER.F.T","TALL.2014.22.COQPER.F.T.05",30,
"0cb17d7c-21dd-4967-9ba9-70c9471d89e3","TALL","D08","TALL","2014-06-02T22:27Z","2014-06-04T14:01Z","TALL.2014.22.COQPER.F.T","TALL.2014.22.COQPER.F.T.02",30,
"5c94c636-ba40-4960-a9c2-7ed65bec95e2","TALL","D08","TALL","2014-06-02T22:27Z","2014-06-04T14:01Z","TALL.2014.22.COQPER.F.T","TALL.2014.22.COQPER.F.T.01",30,
"0e66c670-b240-4882-8c28-139d2a7e4d24","TALL","D08","TALL","2014-06-02T22:27Z","2014-06-04T14:01Z","TALL.2014.22.COQPER.F.T","TALL.2014.22.COQPER.F.T.06",30,
"95b820da-5b85-48fb-9bc0-7ef68ba9a0e0","TALL","D08","TALL","2014-06-02T22:27Z","2014-06-04T14:01Z","TALL.2014.22.COQPER.F.T","TALL.2014.22.COQPER.F.T.03",30,
"ca9671ef-bdee-4b7b-a692-70383544c843","TALL","D08","TALL","2014-06-02T22:27Z","2014-06-04T14:01Z","TALL.2014.22.COQPER.F.T","TALL.2014.22.COQPER.F.T.07",30,
"393254b3-b37b-45ee-ba95-5a1a41199618","TALL","D08","TALL","2014-06-02T22:27Z","2014-06-04T14:01Z","TALL.2014.22.COQPER.F.T","TALL.2014.22.COQPER.F.T.10",30,
"969f352c-0680-4cbe-8551-d02ef479d60b","TALL","D08","TALL","2014-06-02T22:37Z","2014-06-04T14:01Z","TALL.2014.22.AEDCAN2.F.T","TALL.2014.22.AEDCAN2.F.T.08",50,
"f9603549-4003-4553-a36a-a78821a262f7","TALL","D08","TALL","2014-06-02T22:37Z","2014-06-04T14:01Z","TALL.2014.22.AEDCAN2.F.T","TALL.2014.22.AEDCAN2.F.T.09",50,
"a772a107-7c02-4708-b19c-ef2b4701cbb6","TALL","D08","TALL","2014-06-02T22:37Z","2014-06-04T14:01Z","TALL.2014.22.AEDCAN2.F.T","TALL.2014.22.AEDCAN2.F.T.02",50,
"ca1bea31-6e89-4af6-98ca-70e86a3f6fa3","TALL","D08","TALL","2014-06-02T22:37Z","2014-06-04T14:01Z","TALL.2014.22.AEDCAN2.F.T","TALL.2014.22.AEDCAN2.F.T.06",50,
"9edab2e2-861a-498d-9511-bbf9ca6a197f","TALL","D08","TALL","2014-06-02T22:37Z","2014-06-04T14:01Z","TALL.2014.22.AEDCAN2.F.T","TALL.2014.22.AEDCAN2.F.T.10",50,
"7c79a58d-a98d-4fec-b6a9-40d5301ed45f","TALL","D08","TALL","2014-06-02T22:37Z","2014-06-04T14:01Z","TALL.2014.22.AEDCAN2.F.T","TALL.2014.22.AEDCAN2.F.T.01",50,
"60c50558-f608-4195-aa13-3c5d22926d38","TALL","D08","TALL","2014-06-02T22:37Z","2014-06-04T14:01Z","TALL.2014.22.AEDCAN2.F.T","TALL.2014.22.AEDCAN2.F.T.03",50,
"2897a816-85d8-4fa4-9f1d-2171a0c67d03","TALL","D08","TALL","2014-06-02T22:37Z","2014-06-04T14:01Z","TALL.2014.22.AEDCAN2.F.T","TALL.2014.22.AEDCAN2.F.T.07",50,
"3601cc82-4153-4d62-934b-9a2f2350e88d","TALL","D08","TALL","2014-06-02T22:37Z","2014-06-04T14:01Z","TALL.2014.22.AEDCAN2.F.T","TALL.2014.22.AEDCAN2.F.T.04",50,
"2f93f061-0f55-4c30-8328-dd03b95948d2","TALL","D08","TALL","2014-06-02T22:37Z","2014-06-04T14:01Z","TALL.2014.22.AEDCAN2.F.T","TALL.2014.22.AEDCAN2.F.T.05",50,
"0476a480-bfa5-4836-82d6-11f228ec6035","TALL","D08","TALL","2014-06-18T22:03Z","2014-06-20T14:52Z","TALL.2014.24.AEDCAN2.F.T","TALL.2014.24.AEDCAN2.F.T.03",30,
"91a1296a-9e97-4e55-923f-62180581c654","TALL","D08","TALL","2014-06-18T22:03Z","2014-06-20T14:52Z","TALL.2014.24.AEDCAN2.F.T","TALL.2014.24.AEDCAN2.F.T.04",30,
"58d0fafb-1137-45bd-8cbc-cf2ac883b8a2","TALL","D08","TALL","2014-06-18T22:03Z","2014-06-20T14:52Z","TALL.2014.24.AEDCAN2.F.T","TALL.2014.24.AEDCAN2.F.T.05",30,
"6431e98e-c6c7-47c7-b134-b4f1bc75d741","TALL","D08","TALL","2014-06-18T22:03Z","2014-06-20T14:52Z","TALL.2014.24.AEDCAN2.F.T","TALL.2014.24.AEDCAN2.F.T.02",30,
"4f333650-f5cf-4371-b24f-16ca33d8e884","TALL","D08","TALL","2014-06-18T22:03Z","2014-06-20T14:52Z","TALL.2014.24.AEDCAN2.F.T","TALL.2014.24.AEDCAN2.F.T.01",30,
"d57960bb-8f2d-4482-8613-88b196373cff","TALL","D08","TALL","2014-06-18T22:25Z","2014-06-20T14:52Z","TALL.2014.24.COQPER.F.T","TALL.2014.24.COQPER.F.T.02",30,
"31879b79-089f-4082-9659-d79737c0b76b","TALL","D08","TALL","2014-06-18T22:25Z","2014-06-20T14:52Z","TALL.2014.24.COQPER.F.T","TALL.2014.24.COQPER.F.T.04",30,
"1a97786a-9b63-405b-9f1d-953b27d5cb3a","TALL","D08","TALL","2014-06-18T22:25Z","2014-06-20T14:52Z","TALL.2014.24.COQPER.F.T","TALL.2014.24.COQPER.F.T.06",30,
"5ba92e92-d5fc-40c8-9a45-65e886515f5d","TALL","D08","TALL","2014-06-18T22:25Z","2014-06-20T14:52Z","TALL.2014.24.COQPER.F.T","TALL.2014.24.COQPER.F.T.05",30,
"446088bc-52f9-49b2-a14d-b6497767b6eb","TALL","D08","TALL","2014-06-18T22:25Z","2014-06-20T14:52Z","TALL.2014.24.COQPER.F.T","TALL.2014.24.COQPER.F.T.01",30,
"0839c6a5-11ad-41ec-a432-d90252367b48","TALL","D08","TALL","2014-06-18T22:25Z","2014-06-20T14:52Z","TALL.2014.24.COQPER.F.T","TALL.2014.24.COQPER.F.T.03",30,
