uid,namedLocation,domainID,siteID,startCollectDate,endCollectDate,testingID,testingVialID,poolSize,dataQF
"1bb5856b-c2c9-48bd-b975-46a739954bd0","ORNL","D07","ORNL","2016-08-02T20:53Z","2016-08-04T13:08Z","ORNL.2016.31.CULERR.F.T","ORNL.2016.31.CULERR.F.T.01",35,
"008a4c18-4bd7-44c3-9b49-930dbaa0ec87","ORNL","D07","ORNL","2016-08-02T20:53Z","2016-08-04T13:08Z","ORNL.2016.31.CULERR.F.T","ORNL.2016.31.CULERR.F.T.02",34,
"4114ba0f-f232-47ca-b632-6c93adcbc722","ORNL","D07","ORNL","2016-08-16T21:34Z","2016-08-18T13:42Z","ORNL.2016.33.CULERR.F.T","ORNL.2016.33.CULERR.F.T.01",24,
"48e4259d-2df1-4c9b-9cd8-9c4ddb8b0567","ORNL","D07","ORNL","2016-08-16T21:34Z","2016-08-18T13:42Z","ORNL.2016.33.CULERR.F.T","ORNL.2016.33.CULERR.F.T.02",24,
