uid,namedLocation,domainID,siteID,startCollectDate,endCollectDate,testingID,testingVialID,poolSize,dataQF
"19e9a475-09ad-45b1-a8b8-ab60b393103e","STER","D10","STER","2016-07-19T23:47Z","2016-07-21T12:54Z","STER.2016.29.CULTAR.F.T","STER.2016.29.CULTAR.F.T.41",39,
"1814985e-6be1-48a3-b55d-263c75085048","STER","D10","STER","2016-07-19T23:47Z","2016-07-21T12:54Z","STER.2016.29.CULTAR.F.T","STER.2016.29.CULTAR.F.T.38",39,
"87c62607-ea3c-4a38-ae25-c6f3e2ec37b8","STER","D10","STER","2016-07-19T23:47Z","2016-07-21T12:54Z","STER.2016.29.CULTAR.F.T","STER.2016.29.CULTAR.F.T.46",39,
"663ddcc8-4c8e-429c-804f-3be422602be5","STER","D10","STER","2016-07-19T23:47Z","2016-07-21T12:54Z","STER.2016.29.CULTAR.F.T","STER.2016.29.CULTAR.F.T.37",39,
"0a3f2203-f208-4f64-a0fd-53fb0f19222c","STER","D10","STER","2016-07-19T23:47Z","2016-07-21T12:54Z","STER.2016.29.CULTAR.F.T","STER.2016.29.CULTAR.F.T.33",39,
"5212c7f6-5b26-4d2d-b2b9-ef8712db6478","STER","D10","STER","2016-07-19T23:47Z","2016-07-21T12:54Z","STER.2016.29.CULTAR.F.T","STER.2016.29.CULTAR.F.T.42",39,
"504a1442-0d9b-4c3f-9c95-8bb672c7ff72","STER","D10","STER","2016-07-19T23:47Z","2016-07-21T12:54Z","STER.2016.29.CULTAR.F.T","STER.2016.29.CULTAR.F.T.45",39,
"cd604f2d-a72c-4452-8bd8-260ef2782e33","STER","D10","STER","2016-07-19T23:47Z","2016-07-21T12:54Z","STER.2016.29.CULTAR.F.T","STER.2016.29.CULTAR.F.T.35",39,
"3b060163-ce98-40f3-aa8d-431e19dfac11","STER","D10","STER","2016-07-19T23:47Z","2016-07-21T12:54Z","STER.2016.29.CULTAR.F.T","STER.2016.29.CULTAR.F.T.36",39,
"035adf94-6442-4386-b63c-c83fe4c11ee9","STER","D10","STER","2016-07-19T23:47Z","2016-07-21T12:54Z","STER.2016.29.CULTAR.F.T","STER.2016.29.CULTAR.F.T.32",39,
"0463ee31-7dae-4771-8777-d12f969589d8","STER","D10","STER","2016-07-19T23:47Z","2016-07-21T12:54Z","STER.2016.29.CULTAR.F.T","STER.2016.29.CULTAR.F.T.49",39,
"aa875607-a0ce-4f7e-b24e-58af0ce57d3c","STER","D10","STER","2016-07-19T23:47Z","2016-07-21T12:54Z","STER.2016.29.CULTAR.F.T","STER.2016.29.CULTAR.F.T.34",39,
"01be9566-ab99-4abb-b680-295c95126d64","STER","D10","STER","2016-07-19T23:47Z","2016-07-21T12:54Z","STER.2016.29.CULTAR.F.T","STER.2016.29.CULTAR.F.T.29",39,
"be36026f-45e2-4724-8a10-d634c067fd28","STER","D10","STER","2016-07-19T23:47Z","2016-07-21T12:54Z","STER.2016.29.CULTAR.F.T","STER.2016.29.CULTAR.F.T.40",39,
"fef63bc6-f718-42e4-9da0-1fbf089e58a6","STER","D10","STER","2016-07-19T23:47Z","2016-07-21T12:54Z","STER.2016.29.CULTAR.F.T","STER.2016.29.CULTAR.F.T.48",39,
"2b5a874d-3651-4ec4-abef-9482bee665fe","STER","D10","STER","2016-07-19T23:47Z","2016-07-21T12:54Z","STER.2016.29.CULTAR.F.T","STER.2016.29.CULTAR.F.T.47",39,
"df1a5a0b-10df-4512-b18b-5ec2aaa0d23b","STER","D10","STER","2016-07-19T23:47Z","2016-07-21T12:54Z","STER.2016.29.CULTAR.F.T","STER.2016.29.CULTAR.F.T.39",39,
"b1ca6c4b-c87c-448b-a8aa-b54d61875885","STER","D10","STER","2016-07-19T23:47Z","2016-07-21T12:54Z","STER.2016.29.CULTAR.F.T","STER.2016.29.CULTAR.F.T.43",39,
"d940d4c6-9f6f-4b2b-b737-b136c954793f","STER","D10","STER","2016-07-19T23:47Z","2016-07-21T12:54Z","STER.2016.29.CULTAR.F.T","STER.2016.29.CULTAR.F.T.31",39,
"c5294458-d164-4104-9365-87c915708b0f","STER","D10","STER","2016-07-19T23:47Z","2016-07-21T12:54Z","STER.2016.29.CULTAR.F.T","STER.2016.29.CULTAR.F.T.28",39,
"74d27867-06ea-4249-b512-0ae14b15d306","STER","D10","STER","2016-07-19T23:47Z","2016-07-21T12:54Z","STER.2016.29.CULTAR.F.T","STER.2016.29.CULTAR.F.T.07",40,
"57caa1f2-c6b4-49c8-b4f1-2dccb87d2071","STER","D10","STER","2016-07-19T23:47Z","2016-07-21T12:54Z","STER.2016.29.CULTAR.F.T","STER.2016.29.CULTAR.F.T.16",40,
"8de723c1-586e-4b8c-a3fd-073283e7f793","STER","D10","STER","2016-07-19T23:47Z","2016-07-21T12:54Z","STER.2016.29.CULTAR.F.T","STER.2016.29.CULTAR.F.T.22",39,
"2f4cc91c-ba23-4bc1-9cf4-7840b5a33ded","STER","D10","STER","2016-07-19T23:47Z","2016-07-21T12:54Z","STER.2016.29.CULTAR.F.T","STER.2016.29.CULTAR.F.T.25",39,
"009dbd01-dadf-4de9-8ece-e2b1151db56c","STER","D10","STER","2016-07-19T23:47Z","2016-07-21T12:54Z","STER.2016.29.CULTAR.F.T","STER.2016.29.CULTAR.F.T.09",40,
"a9f77cea-49d4-4ffe-bd17-3afa091e7978","STER","D10","STER","2016-07-19T23:47Z","2016-07-21T12:54Z","STER.2016.29.CULTAR.F.T","STER.2016.29.CULTAR.F.T.03",40,
"653b22ff-46a2-4aee-a043-b6ef11b606a0","STER","D10","STER","2016-07-19T23:47Z","2016-07-21T12:54Z","STER.2016.29.CULTAR.F.T","STER.2016.29.CULTAR.F.T.27",39,
"fff2449c-6112-4ed6-b7d6-6169b3b70f57","STER","D10","STER","2016-07-19T23:47Z","2016-07-21T12:54Z","STER.2016.29.CULTAR.F.T","STER.2016.29.CULTAR.F.T.20",40,
"bbdda93e-5897-416d-9382-0ddb225aaea3","STER","D10","STER","2016-07-19T23:47Z","2016-07-21T12:54Z","STER.2016.29.CULTAR.F.T","STER.2016.29.CULTAR.F.T.08",40,
"04d8dee9-a18e-4692-bcd4-9ed18018d707","STER","D10","STER","2016-07-19T23:47Z","2016-07-21T12:54Z","STER.2016.29.CULTAR.F.T","STER.2016.29.CULTAR.F.T.26",39,
"e7cba5e7-091a-4329-92f4-331c67349d15","STER","D10","STER","2016-07-19T23:47Z","2016-07-21T12:54Z","STER.2016.29.CULTAR.F.T","STER.2016.29.CULTAR.F.T.23",39,
"eeb9ccb9-cd8a-4e44-95d6-2fcead97f4a7","STER","D10","STER","2016-07-19T23:47Z","2016-07-21T12:54Z","STER.2016.29.CULTAR.F.T","STER.2016.29.CULTAR.F.T.05",40,
"9960a0ff-775d-4eef-aa25-3153ec78a61b","STER","D10","STER","2016-07-19T23:47Z","2016-07-21T12:54Z","STER.2016.29.CULTAR.F.T","STER.2016.29.CULTAR.F.T.11",40,
"6e3ab215-0b08-43ea-a689-3280ee9779dc","STER","D10","STER","2016-07-19T23:47Z","2016-07-21T12:54Z","STER.2016.29.CULTAR.F.T","STER.2016.29.CULTAR.F.T.17",40,
"ad354462-d645-4d4b-982f-3ec8b1988358","STER","D10","STER","2016-07-19T23:47Z","2016-07-21T12:54Z","STER.2016.29.CULTAR.F.T","STER.2016.29.CULTAR.F.T.04",40,
"8ce4ffc1-4e62-4f06-9fe9-96ee3f93f421","STER","D10","STER","2016-07-19T23:47Z","2016-07-21T12:54Z","STER.2016.29.CULTAR.F.T","STER.2016.29.CULTAR.F.T.12",40,
"cf58eede-92ad-40cb-bea5-b373dc6d4504","STER","D10","STER","2016-07-19T23:47Z","2016-07-21T12:54Z","STER.2016.29.CULTAR.F.T","STER.2016.29.CULTAR.F.T.19",40,
"3bbe6e2f-9007-4e0f-88c4-032059b209c3","STER","D10","STER","2016-07-19T23:47Z","2016-07-21T12:54Z","STER.2016.29.CULTAR.F.T","STER.2016.29.CULTAR.F.T.24",39,
"5a44cf3b-be75-453a-ab9e-dc1b3751da12","STER","D10","STER","2016-07-19T23:47Z","2016-07-21T12:54Z","STER.2016.29.CULTAR.F.T","STER.2016.29.CULTAR.F.T.06",40,
"dc466c3e-57f7-4e6a-9d42-acf7ed40b3d0","STER","D10","STER","2016-07-19T23:47Z","2016-07-21T12:54Z","STER.2016.29.CULTAR.F.T","STER.2016.29.CULTAR.F.T.21",40,
"91a82a26-1b3c-4f07-aebe-21fcd6ff7f8c","STER","D10","STER","2016-07-19T23:47Z","2016-07-21T12:54Z","STER.2016.29.CULTAR.F.T","STER.2016.29.CULTAR.F.T.01",40,
"593fd7ea-379c-4cd2-8c27-8548414a02c9","STER","D10","STER","2016-07-19T23:47Z","2016-07-21T12:54Z","STER.2016.29.CULTAR.F.T","STER.2016.29.CULTAR.F.T.10",40,
"9f6ffd08-cf10-477b-b240-bed1e089f9a5","STER","D10","STER","2016-07-19T23:47Z","2016-07-21T12:54Z","STER.2016.29.CULTAR.F.T","STER.2016.29.CULTAR.F.T.02",40,
"2d0a24b7-acae-47e0-99c9-73a782a91681","STER","D10","STER","2016-07-19T23:47Z","2016-07-21T12:54Z","STER.2016.29.CULTAR.F.T","STER.2016.29.CULTAR.F.T.15",40,
"ae3ae691-80cd-4216-b8e5-e18ceb14eaec","STER","D10","STER","2016-07-19T23:47Z","2016-07-21T12:54Z","STER.2016.29.CULTAR.F.T","STER.2016.29.CULTAR.F.T.14",40,
"e972ee8f-ad09-4246-84ca-1563528c8bf0","STER","D10","STER","2016-07-19T23:47Z","2016-07-21T12:54Z","STER.2016.29.CULTAR.F.T","STER.2016.29.CULTAR.F.T.18",40,
"3cd44cdd-81a1-4b0a-b89c-f6dd600f290b","STER","D10","STER","2016-07-19T23:47Z","2016-07-21T12:54Z","STER.2016.29.CULTAR.F.T","STER.2016.29.CULTAR.F.T.13",40,
"febf2c27-a0ac-4d2b-aa91-e086d60bc8e8","STER","D10","STER","2016-07-19T23:47Z","2016-07-21T12:54Z","STER.2016.29.AEDVEX.F.T","STER.2016.29.AEDVEX.F.T.01",39,
"9776966e-588d-4372-96cc-d11df96c52d6","STER","D10","STER","2016-07-19T23:47Z","2016-07-21T12:54Z","STER.2016.29.AEDVEX.F.T","STER.2016.29.AEDVEX.F.T.02",39,
"9a57ebae-296a-45c0-9054-db412005b588","STER","D10","STER","2016-07-19T23:47Z","2016-07-21T12:54Z","STER.2016.29.AEDNIG.F.T","STER.2016.29.AEDNIG.F.T.01",36,
"4a68ae3f-e5a9-40fa-afd9-dfd7bae707ba","STER","D10","STER","2016-07-19T23:47Z","2016-07-21T12:54Z","STER.2016.29.AEDNIG.F.T","STER.2016.29.AEDNIG.F.T.02",36,
"2b36f87e-e817-4315-83b8-8e4c12e8c33d","STER","D10","STER","2016-07-19T23:47Z","2016-07-21T12:54Z","STER.2016.29.AEDDOR.F.T","STER.2016.29.AEDDOR.F.T.08",35,
"c633589c-e195-455e-af4e-44ec04d7628f","STER","D10","STER","2016-07-19T23:47Z","2016-07-21T12:54Z","STER.2016.29.AEDDOR.F.T","STER.2016.29.AEDDOR.F.T.07",36,
"e2fc377a-2d61-4ff1-84a6-a7da570931b4","STER","D10","STER","2016-07-19T23:47Z","2016-07-21T12:54Z","STER.2016.29.AEDDOR.F.T","STER.2016.29.AEDDOR.F.T.09",35,
"a2db629c-9518-4fef-bea7-3c1569b160dc","STER","D10","STER","2016-07-19T23:47Z","2016-07-21T12:54Z","STER.2016.29.AEDDOR.F.T","STER.2016.29.AEDDOR.F.T.01",36,
"442d92fe-70b5-4b43-beb9-b3479288bc9f","STER","D10","STER","2016-07-19T23:47Z","2016-07-21T12:54Z","STER.2016.29.AEDDOR.F.T","STER.2016.29.AEDDOR.F.T.05",36,
"8356df9f-9245-4887-be06-d789c2f8e12e","STER","D10","STER","2016-07-19T23:47Z","2016-07-21T12:54Z","STER.2016.29.AEDDOR.F.T","STER.2016.29.AEDDOR.F.T.06",36,
"b542f6b2-28e2-41b9-adfb-bff731d329f2","STER","D10","STER","2016-07-19T23:47Z","2016-07-21T12:54Z","STER.2016.29.AEDDOR.F.T","STER.2016.29.AEDDOR.F.T.02",36,
"3ea73f4f-fdca-4579-9975-d9b20192744f","STER","D10","STER","2016-07-19T23:47Z","2016-07-21T12:54Z","STER.2016.29.AEDDOR.F.T","STER.2016.29.AEDDOR.F.T.04",36,
"7a03a967-0b1d-4e8e-b212-4e64f9b8bb20","STER","D10","STER","2016-07-19T23:47Z","2016-07-21T12:54Z","STER.2016.29.AEDDOR.F.T","STER.2016.29.AEDDOR.F.T.03",36,
"debfa668-f0b5-48e5-9f15-dca01b6dfa9c","STER","D10","STER","2016-07-19T23:47Z","2016-07-21T12:54Z","STER.2016.29.CULTAR.F.T","STER.2016.29.CULTAR.F.T.30",39,
"1f1c4605-5fb6-4dc7-81a2-572dceb2b634","STER","D10","STER","2016-07-19T23:47Z","2016-07-21T12:54Z","STER.2016.29.CULTAR.F.T","STER.2016.29.CULTAR.F.T.44",39,
