uid,namedLocation,domainID,siteID,startCollectDate,endCollectDate,testingID,testingVialID,poolSize,dataQF
"b12c7e61-3257-483e-bd7f-e8adafd60608","WOOD","D09","WOOD","2014-08-12T00:47Z","2014-08-13T12:16Z","WOOD.2014.32.AEDVEX.F.T","WOOD.2014.32.AEDVEX.F.T.36",50,
"951941b5-0855-46d4-9f99-b7afe5728a55","WOOD","D09","WOOD","2014-08-12T00:47Z","2014-08-13T12:16Z","WOOD.2014.32.AEDVEX.F.T","WOOD.2014.32.AEDVEX.F.T.42",49,
"3482c97d-b5e9-4212-b316-664b2a5fd2c6","WOOD","D09","WOOD","2014-08-12T00:47Z","2014-08-13T12:16Z","WOOD.2014.32.AEDVEX.F.T","WOOD.2014.32.AEDVEX.F.T.24",50,
"5c96a162-0fc8-4b0e-ae7e-1b5c66458cc9","WOOD","D09","WOOD","2014-08-12T00:47Z","2014-08-13T12:16Z","WOOD.2014.32.AEDVEX.F.T","WOOD.2014.32.AEDVEX.F.T.22",50,
"42f4fa5c-30b6-43fb-b9b8-96a071e29482","WOOD","D09","WOOD","2014-08-12T00:47Z","2014-08-13T12:16Z","WOOD.2014.32.AEDVEX.F.T","WOOD.2014.32.AEDVEX.F.T.19",50,
"8e164d1c-b015-4964-ae26-b6c820641408","WOOD","D09","WOOD","2014-08-12T00:47Z","2014-08-13T12:16Z","WOOD.2014.32.AEDVEX.F.T","WOOD.2014.32.AEDVEX.F.T.21",50,
"688b60b3-4916-42fd-a337-b9c68dc27b11","WOOD","D09","WOOD","2014-08-12T00:47Z","2014-08-13T12:16Z","WOOD.2014.32.AEDVEX.F.T","WOOD.2014.32.AEDVEX.F.T.16",50,
"b1ad3249-f4a2-4af3-9b36-889ae37151ed","WOOD","D09","WOOD","2014-08-12T00:47Z","2014-08-13T12:16Z","WOOD.2014.32.AEDVEX.F.T","WOOD.2014.32.AEDVEX.F.T.32",50,
"cc3ade48-3431-4ed9-bb6d-4fe9cbde34c4","WOOD","D09","WOOD","2014-08-12T00:47Z","2014-08-13T12:16Z","WOOD.2014.32.AEDVEX.F.T","WOOD.2014.32.AEDVEX.F.T.37",50,
"c4b41a0f-f625-474c-815e-9ed44c8a7717","WOOD","D09","WOOD","2014-08-12T00:47Z","2014-08-13T12:16Z","WOOD.2014.32.AEDVEX.F.T","WOOD.2014.32.AEDVEX.F.T.31",50,
"d481c8ad-8109-41ba-a497-8e21788c81a1","WOOD","D09","WOOD","2014-08-12T00:47Z","2014-08-13T12:16Z","WOOD.2014.32.AEDVEX.F.T","WOOD.2014.32.AEDVEX.F.T.23",50,
"de843c6d-9872-4af6-be8a-a849c53a7ca6","WOOD","D09","WOOD","2014-08-12T00:47Z","2014-08-13T12:16Z","WOOD.2014.32.AEDVEX.F.T","WOOD.2014.32.AEDVEX.F.T.25",50,
"b82181fe-c4af-4275-b43e-3bf8d3f4f34f","WOOD","D09","WOOD","2014-08-12T00:47Z","2014-08-13T12:16Z","WOOD.2014.32.AEDVEX.F.T","WOOD.2014.32.AEDVEX.F.T.40",49,
"62edcc4e-191c-44a9-ab98-eeb7ba966421","WOOD","D09","WOOD","2014-08-12T00:47Z","2014-08-13T12:16Z","WOOD.2014.32.AEDVEX.F.T","WOOD.2014.32.AEDVEX.F.T.41",49,
"dee1c371-5c4f-4326-8c56-a83f779011a7","WOOD","D09","WOOD","2014-08-12T00:47Z","2014-08-13T12:16Z","WOOD.2014.32.AEDVEX.F.T","WOOD.2014.32.AEDVEX.F.T.34",50,
"4fca7994-ca56-457a-bfa4-a2a0771f3f28","WOOD","D09","WOOD","2014-08-12T00:47Z","2014-08-13T12:16Z","WOOD.2014.32.AEDVEX.F.T","WOOD.2014.32.AEDVEX.F.T.30",50,
"a56e987a-78e3-47fb-87e0-932a31cbd6ec","WOOD","D09","WOOD","2014-08-12T00:47Z","2014-08-13T12:16Z","WOOD.2014.32.AEDVEX.F.T","WOOD.2014.32.AEDVEX.F.T.18",50,
"95a76a3b-a383-4c0b-aa59-9fefbb839f51","WOOD","D09","WOOD","2014-08-12T00:47Z","2014-08-13T12:16Z","WOOD.2014.32.AEDVEX.F.T","WOOD.2014.32.AEDVEX.F.T.14",50,
"2534c669-d34f-4972-b814-4e993cfd0b40","WOOD","D09","WOOD","2014-08-12T00:47Z","2014-08-13T12:16Z","WOOD.2014.32.AEDVEX.F.T","WOOD.2014.32.AEDVEX.F.T.20",50,
"ea07acfb-6b30-44cd-af02-06ed5021f784","WOOD","D09","WOOD","2014-08-12T00:47Z","2014-08-13T12:16Z","WOOD.2014.32.AEDVEX.F.T","WOOD.2014.32.AEDVEX.F.T.17",50,
"b2235429-9f54-47f9-bbbd-61792b8eebe2","WOOD","D09","WOOD","2014-08-12T00:47Z","2014-08-13T12:16Z","WOOD.2014.32.AEDVEX.F.T","WOOD.2014.32.AEDVEX.F.T.27",50,
"c080f6b4-4f61-40da-a40d-6b0f3c438a67","WOOD","D09","WOOD","2014-08-12T00:47Z","2014-08-13T12:16Z","WOOD.2014.32.AEDVEX.F.T","WOOD.2014.32.AEDVEX.F.T.38",49,
"aba74fbe-f857-4064-a750-57a30fa7516b","WOOD","D09","WOOD","2014-08-12T00:47Z","2014-08-13T12:16Z","WOOD.2014.32.AEDVEX.F.T","WOOD.2014.32.AEDVEX.F.T.44",49,
"ea241341-07a1-4628-b9d7-7c8d86a9306a","WOOD","D09","WOOD","2014-08-12T00:47Z","2014-08-13T12:16Z","WOOD.2014.32.AEDVEX.F.T","WOOD.2014.32.AEDVEX.F.T.35",50,
"b7a1790b-7fbb-4b3c-bf4c-9bb122548720","WOOD","D09","WOOD","2014-08-12T00:47Z","2014-08-13T12:16Z","WOOD.2014.32.AEDVEX.F.T","WOOD.2014.32.AEDVEX.F.T.47",49,
"8a30365a-beee-4fde-b839-25338e027f13","WOOD","D09","WOOD","2014-08-12T00:47Z","2014-08-13T12:16Z","WOOD.2014.32.AEDVEX.F.T","WOOD.2014.32.AEDVEX.F.T.29",50,
"623698f0-9efe-4076-85dc-6a9b2b2ce039","WOOD","D09","WOOD","2014-08-12T00:47Z","2014-08-13T12:16Z","WOOD.2014.32.AEDVEX.F.T","WOOD.2014.32.AEDVEX.F.T.15",50,
"8da827ab-aaf2-44e7-872f-808f363cc089","WOOD","D09","WOOD","2014-08-12T00:47Z","2014-08-13T12:16Z","WOOD.2014.32.AEDVEX.F.T","WOOD.2014.32.AEDVEX.F.T.39",49,
"acb88b8c-08fa-417e-818a-3513bc80b6da","WOOD","D09","WOOD","2014-08-12T00:47Z","2014-08-13T12:16Z","WOOD.2014.32.AEDVEX.F.T","WOOD.2014.32.AEDVEX.F.T.45",49,
"e19120b9-e492-4371-9008-176b699867a1","WOOD","D09","WOOD","2014-08-12T00:47Z","2014-08-13T12:16Z","WOOD.2014.32.AEDVEX.F.T","WOOD.2014.32.AEDVEX.F.T.28",50,
"5e7637aa-53c8-4816-acef-dc76a663c570","WOOD","D09","WOOD","2014-08-12T00:47Z","2014-08-13T12:16Z","WOOD.2014.32.AEDVEX.F.T","WOOD.2014.32.AEDVEX.F.T.26",50,
"cb042608-aa29-4cec-90b6-62f83be4098f","WOOD","D09","WOOD","2014-08-12T00:47Z","2014-08-13T12:16Z","WOOD.2014.32.AEDVEX.F.T","WOOD.2014.32.AEDVEX.F.T.33",50,
"775e6d80-c358-4eae-9131-4f04c1365697","WOOD","D09","WOOD","2014-08-12T00:47Z","2014-08-13T12:16Z","WOOD.2014.32.AEDVEX.F.T","WOOD.2014.32.AEDVEX.F.T.43",49,
"65d26956-ab85-4711-8000-141af22e5945","WOOD","D09","WOOD","2014-08-12T00:47Z","2014-08-13T12:16Z","WOOD.2014.32.AEDVEX.F.T","WOOD.2014.32.AEDVEX.F.T.46",49,
"b210b703-1ffd-4abe-bdd6-e535ecc3f64e","WOOD","D09","WOOD","2014-08-12T00:47Z","2014-08-13T12:16Z","WOOD.2014.32.AEDVEX.F.T","WOOD.2014.32.AEDVEX.F.T.09",50,
"a876e0a3-6118-4004-9c49-67ec3819d89b","WOOD","D09","WOOD","2014-08-12T00:47Z","2014-08-13T12:16Z","WOOD.2014.32.AEDVEX.F.T","WOOD.2014.32.AEDVEX.F.T.02",50,
"f3846113-1b64-416a-929c-0a0079bcc261","WOOD","D09","WOOD","2014-08-12T00:47Z","2014-08-13T12:16Z","WOOD.2014.32.AEDVEX.F.T","WOOD.2014.32.AEDVEX.F.T.03",50,
"c0c95420-62d0-4fa8-a1d2-f72683405636","WOOD","D09","WOOD","2014-08-12T00:47Z","2014-08-13T12:16Z","WOOD.2014.32.AEDVEX.F.T","WOOD.2014.32.AEDVEX.F.T.08",50,
"a2433a9b-78b2-41fa-8e4f-280544b03ff0","WOOD","D09","WOOD","2014-08-12T00:47Z","2014-08-13T12:16Z","WOOD.2014.32.AEDVEX.F.T","WOOD.2014.32.AEDVEX.F.T.13",50,
"f296b9fb-6acc-40e9-9346-f5fd6cfffa92","WOOD","D09","WOOD","2014-08-12T00:47Z","2014-08-13T12:16Z","WOOD.2014.32.AEDVEX.F.T","WOOD.2014.32.AEDVEX.F.T.04",50,
"8729ae04-b86d-424c-90c1-a9d1c6e11b34","WOOD","D09","WOOD","2014-08-12T00:47Z","2014-08-13T12:16Z","WOOD.2014.32.AEDVEX.F.T","WOOD.2014.32.AEDVEX.F.T.12",50,
"8a753797-9e67-4ad2-8645-74dd2a457f4a","WOOD","D09","WOOD","2014-08-12T00:47Z","2014-08-13T12:16Z","WOOD.2014.32.AEDVEX.F.T","WOOD.2014.32.AEDVEX.F.T.06",50,
"8e742fc0-16f7-4978-920a-3a6bb54617ed","WOOD","D09","WOOD","2014-08-12T00:47Z","2014-08-13T12:16Z","WOOD.2014.32.AEDVEX.F.T","WOOD.2014.32.AEDVEX.F.T.10",50,
"94de6447-c36e-4521-8122-add03f0e91ac","WOOD","D09","WOOD","2014-08-12T00:47Z","2014-08-13T12:16Z","WOOD.2014.32.AEDVEX.F.T","WOOD.2014.32.AEDVEX.F.T.01",50,
"4565a3da-24ef-43f1-b749-c9615880e4da","WOOD","D09","WOOD","2014-08-12T00:47Z","2014-08-13T12:16Z","WOOD.2014.32.AEDVEX.F.T","WOOD.2014.32.AEDVEX.F.T.07",50,
"95c15b95-efd8-41fb-8232-32c43c60014e","WOOD","D09","WOOD","2014-08-12T00:47Z","2014-08-13T12:16Z","WOOD.2014.32.AEDVEX.F.T","WOOD.2014.32.AEDVEX.F.T.11",50,
"2cbb3a31-9772-492f-b4e4-2b1702a32ea4","WOOD","D09","WOOD","2014-08-12T00:47Z","2014-08-13T12:16Z","WOOD.2014.32.AEDVEX.F.T","WOOD.2014.32.AEDVEX.F.T.05",50,
"577885ff-dfaa-4860-864f-2a97a6353de8","WOOD","D09","WOOD","2014-08-12T00:47Z","2014-08-13T12:16Z","WOOD.2014.32.AEDDOR.F.T","WOOD.2014.32.AEDDOR.F.T.10",50,
"5ecbd890-ef93-4ed3-af14-7d642287f118","WOOD","D09","WOOD","2014-08-12T00:47Z","2014-08-13T12:16Z","WOOD.2014.32.AEDDOR.F.T","WOOD.2014.32.AEDDOR.F.T.16",50,
"15fa19b5-ab08-4645-8d87-2070706218b5","WOOD","D09","WOOD","2014-08-12T00:47Z","2014-08-13T12:16Z","WOOD.2014.32.AEDDOR.F.T","WOOD.2014.32.AEDDOR.F.T.19",49,
"3d6a71bb-4a86-4066-bf88-fc73e4aa41f9","WOOD","D09","WOOD","2014-08-12T00:47Z","2014-08-13T12:16Z","WOOD.2014.32.AEDDOR.F.T","WOOD.2014.32.AEDDOR.F.T.15",50,
"e4830165-056b-42ef-bae1-ffeda82c2970","WOOD","D09","WOOD","2014-08-12T00:47Z","2014-08-13T12:16Z","WOOD.2014.32.AEDDOR.F.T","WOOD.2014.32.AEDDOR.F.T.17",49,
"1dc01788-6840-4ff4-8726-34863b3bc7f2","WOOD","D09","WOOD","2014-08-12T00:47Z","2014-08-13T12:16Z","WOOD.2014.32.AEDDOR.F.T","WOOD.2014.32.AEDDOR.F.T.07",50,
"9d3d81d7-5b54-45a1-9cbd-d42c83088bd6","WOOD","D09","WOOD","2014-08-12T00:47Z","2014-08-13T12:16Z","WOOD.2014.32.AEDDOR.F.T","WOOD.2014.32.AEDDOR.F.T.13",50,
"e6511b94-7ca4-4c2b-80e0-54e3f49c5fa2","WOOD","D09","WOOD","2014-08-12T00:47Z","2014-08-13T12:16Z","WOOD.2014.32.AEDDOR.F.T","WOOD.2014.32.AEDDOR.F.T.12",50,
"7d9a6ca9-10d4-45a2-b3fb-6adf14c59006","WOOD","D09","WOOD","2014-08-12T00:47Z","2014-08-13T12:16Z","WOOD.2014.32.AEDDOR.F.T","WOOD.2014.32.AEDDOR.F.T.11",50,
"f24f52f2-3596-4416-a5da-764b4bd89bbf","WOOD","D09","WOOD","2014-08-12T00:47Z","2014-08-13T12:16Z","WOOD.2014.32.AEDDOR.F.T","WOOD.2014.32.AEDDOR.F.T.14",50,
"d4a46a20-b3ed-42b9-9629-be94d8e842a0","WOOD","D09","WOOD","2014-08-12T00:47Z","2014-08-13T12:16Z","WOOD.2014.32.AEDDOR.F.T","WOOD.2014.32.AEDDOR.F.T.09",50,
"4777fd3e-0c3a-45f2-a4ad-bfb60089cbae","WOOD","D09","WOOD","2014-08-12T00:47Z","2014-08-13T12:16Z","WOOD.2014.32.AEDDOR.F.T","WOOD.2014.32.AEDDOR.F.T.18",49,
"1d0ecfe1-fb57-4e83-b698-1b97a1425c0a","WOOD","D09","WOOD","2014-08-12T00:47Z","2014-08-13T12:16Z","WOOD.2014.32.AEDDOR.F.T","WOOD.2014.32.AEDDOR.F.T.08",50,
"5f5a260f-fe64-493e-8676-eef84f2f2d83","WOOD","D09","WOOD","2014-08-12T00:47Z","2014-08-13T12:16Z","WOOD.2014.32.AEDDOR.F.T","WOOD.2014.32.AEDDOR.F.T.03",50,
"20b4d06a-13dc-4607-b7bc-9c4fc787c24c","WOOD","D09","WOOD","2014-08-12T00:47Z","2014-08-13T12:16Z","WOOD.2014.32.AEDDOR.F.T","WOOD.2014.32.AEDDOR.F.T.05",50,
"52aaa3a6-e0ab-4de0-a4fc-ac525aa8d999","WOOD","D09","WOOD","2014-08-12T00:47Z","2014-08-13T12:16Z","WOOD.2014.32.AEDDOR.F.T","WOOD.2014.32.AEDDOR.F.T.01",50,
"4c7a2789-a516-47b3-bd03-062c71ba2af3","WOOD","D09","WOOD","2014-08-12T00:47Z","2014-08-13T12:16Z","WOOD.2014.32.AEDDOR.F.T","WOOD.2014.32.AEDDOR.F.T.02",50,
"e1bbf703-33dd-4b03-9cf9-6a1a77bc560d","WOOD","D09","WOOD","2014-08-12T00:47Z","2014-08-13T12:16Z","WOOD.2014.32.CULTAR.F.T","WOOD.2014.32.CULTAR.F.T.03",39,
"cc03a244-312a-4c02-86eb-634bda536986","WOOD","D09","WOOD","2014-08-12T00:47Z","2014-08-13T12:16Z","WOOD.2014.32.CULTAR.F.T","WOOD.2014.32.CULTAR.F.T.01",40,
"790a0958-c75e-4153-b6be-1561d4edea30","WOOD","D09","WOOD","2014-08-12T00:47Z","2014-08-13T12:16Z","WOOD.2014.32.AEDDOR.F.T","WOOD.2014.32.AEDDOR.F.T.06",50,
"92e16eaf-5298-4e84-bb7d-e9b4eedc4858","WOOD","D09","WOOD","2014-08-12T00:47Z","2014-08-13T12:16Z","WOOD.2014.32.CULTAR.F.T","WOOD.2014.32.CULTAR.F.T.04",39,
"87be5339-fe9a-41f5-b43f-c3f6077983be","WOOD","D09","WOOD","2014-08-12T00:47Z","2014-08-13T12:16Z","WOOD.2014.32.CULTAR.F.T","WOOD.2014.32.CULTAR.F.T.02",40,
"47232e66-5fdf-403a-87f4-26d2dbf95757","WOOD","D09","WOOD","2014-08-12T00:47Z","2014-08-13T12:16Z","WOOD.2014.32.AEDDOR.F.T","WOOD.2014.32.AEDDOR.F.T.04",50,
"e1b51c49-e895-4aff-80fb-47ca2ceef41f","WOOD","D09","WOOD","2014-08-25T21:50Z","2014-08-27T12:29Z","WOOD.2014.34.CULTAR.F.T","WOOD.2014.34.CULTAR.F.T.01",40,
"287e918a-5c92-43ef-a710-b47e8a08da46","WOOD","D09","WOOD","2014-08-25T21:50Z","2014-08-27T12:29Z","WOOD.2014.34.CULTAR.F.T","WOOD.2014.34.CULTAR.F.T.02",39,
"a8e5aafd-2cb3-445a-b9da-d9912adcf3ac","WOOD","D09","WOOD","2014-08-25T21:55Z","2014-08-27T12:29Z","WOOD.2014.34.AEDDOR.F.T","WOOD.2014.34.AEDDOR.F.T.02",33,
"bbfdf370-a9a5-41a4-ada7-d11c44031da3","WOOD","D09","WOOD","2014-08-25T21:55Z","2014-08-27T12:29Z","WOOD.2014.34.AEDDOR.F.T","WOOD.2014.34.AEDDOR.F.T.01",34,
"7128440b-6eff-43ce-b0c1-2a9fec4676b4","WOOD","D09","WOOD","2014-08-25T22:07Z","2014-08-27T12:29Z","WOOD.2014.34.AEDVEX.F.T","WOOD.2014.34.AEDVEX.F.T.01",39,
"26918007-316a-46c6-b262-2408e2f1994d","WOOD","D09","WOOD","2014-08-25T22:07Z","2014-08-27T12:29Z","WOOD.2014.34.AEDVEX.F.T","WOOD.2014.34.AEDVEX.F.T.02",39,
