uid,namedLocation,domainID,siteID,startCollectDate,endCollectDate,testingID,testingVialID,poolSize,dataQF
"edbdcf25-40c6-4e2c-adf1-b2100427d061","OSBS","D03","OSBS","2016-09-06T20:33Z","2016-09-08T14:48Z","OSBS.2016.36.CULNIG.F.T","OSBS.2016.36.CULNIG.F.T.02",37,
"fda30a5f-a9ed-4e84-a80c-5d36fc960d64","OSBS","D03","OSBS","2016-09-06T20:33Z","2016-09-08T14:48Z","OSBS.2016.36.CULNIG.F.T","OSBS.2016.36.CULNIG.F.T.01",38,
"c0c32487-3920-4ee3-8e8c-edb906d37277","OSBS","D03","OSBS","2016-09-06T20:33Z","2016-09-08T14:58Z","OSBS.2016.36.CULERR.F.T","OSBS.2016.36.CULERR.F.T.09",40,
"a0ed61f6-92bb-4cee-8ca7-a6efa2bb8b75","OSBS","D03","OSBS","2016-09-06T20:33Z","2016-09-08T14:58Z","OSBS.2016.36.CULERR.F.T","OSBS.2016.36.CULERR.F.T.18",39,
"f16a0a4f-59b9-4035-9f65-b6f96b778182","OSBS","D03","OSBS","2016-09-06T20:33Z","2016-09-08T14:58Z","OSBS.2016.36.CULERR.F.T","OSBS.2016.36.CULERR.F.T.08",40,
"0e4da0d0-b56d-4904-b8a3-7370a9d57fd7","OSBS","D03","OSBS","2016-09-06T20:33Z","2016-09-08T14:58Z","OSBS.2016.36.CULERR.F.T","OSBS.2016.36.CULERR.F.T.13",40,
"37c4a120-5780-4697-9e7d-feaaf2942d2f","OSBS","D03","OSBS","2016-09-06T20:33Z","2016-09-08T14:58Z","OSBS.2016.36.CULERR.F.T","OSBS.2016.36.CULERR.F.T.15",39,
"39c38395-59d9-423c-9ca0-758850d79862","OSBS","D03","OSBS","2016-09-06T20:33Z","2016-09-08T14:58Z","OSBS.2016.36.CULERR.F.T","OSBS.2016.36.CULERR.F.T.05",40,
"2af0af4b-b7b2-414a-a1a7-c908512b435a","OSBS","D03","OSBS","2016-09-06T20:33Z","2016-09-08T14:58Z","OSBS.2016.36.CULERR.F.T","OSBS.2016.36.CULERR.F.T.20",39,
"c9f0523c-b211-4dcb-b1ce-dc83ad862d41","OSBS","D03","OSBS","2016-09-06T20:33Z","2016-09-08T14:58Z","OSBS.2016.36.CULERR.F.T","OSBS.2016.36.CULERR.F.T.06",40,
"a14d88ef-18cb-4b64-8c53-af99708a02d1","OSBS","D03","OSBS","2016-09-06T20:33Z","2016-09-08T14:58Z","OSBS.2016.36.CULERR.F.T","OSBS.2016.36.CULERR.F.T.16",39,
"b6160175-2420-459b-88e7-28437a4f793e","OSBS","D03","OSBS","2016-09-06T20:33Z","2016-09-08T14:58Z","OSBS.2016.36.CULERR.F.T","OSBS.2016.36.CULERR.F.T.07",40,
"61366a18-be61-45b0-b295-38ff35f54ef5","OSBS","D03","OSBS","2016-09-06T20:33Z","2016-09-08T14:58Z","OSBS.2016.36.CULERR.F.T","OSBS.2016.36.CULERR.F.T.11",40,
"477e36fd-8029-4c3a-b120-f0af4c07d20d","OSBS","D03","OSBS","2016-09-06T20:33Z","2016-09-08T14:58Z","OSBS.2016.36.CULERR.F.T","OSBS.2016.36.CULERR.F.T.14",40,
"43dc47c0-a2fd-4f46-988b-05c6bdf3f54d","OSBS","D03","OSBS","2016-09-06T20:33Z","2016-09-08T14:58Z","OSBS.2016.36.CULERR.F.T","OSBS.2016.36.CULERR.F.T.19",39,
"c14bab52-58f3-466c-b29d-4af9388398a9","OSBS","D03","OSBS","2016-09-06T20:33Z","2016-09-08T14:58Z","OSBS.2016.36.CULERR.F.T","OSBS.2016.36.CULERR.F.T.10",40,
"bde807d0-f244-4ac8-bca0-05343d50b89c","OSBS","D03","OSBS","2016-09-06T20:33Z","2016-09-08T14:58Z","OSBS.2016.36.CULERR.F.T","OSBS.2016.36.CULERR.F.T.04",40,
"4e089189-1f0c-42df-aead-d244e8f24525","OSBS","D03","OSBS","2016-09-06T20:33Z","2016-09-08T14:58Z","OSBS.2016.36.CULERR.F.T","OSBS.2016.36.CULERR.F.T.03",40,
"d232e026-43d9-4965-a9b8-6418812a83f2","OSBS","D03","OSBS","2016-09-06T20:33Z","2016-09-08T14:58Z","OSBS.2016.36.CULERR.F.T","OSBS.2016.36.CULERR.F.T.02",40,
"0029fee6-073b-4828-a854-5d6066caadbb","OSBS","D03","OSBS","2016-09-06T20:33Z","2016-09-08T14:58Z","OSBS.2016.36.CULERR.F.T","OSBS.2016.36.CULERR.F.T.01",40,
"4abe4ee0-87fe-4c39-93f5-4ad3f01a5278","OSBS","D03","OSBS","2016-09-06T20:33Z","2016-09-08T14:58Z","OSBS.2016.36.CULERR.F.T","OSBS.2016.36.CULERR.F.T.12",40,
"8b60c37d-b23b-46a7-a998-d77c6b4f5498","OSBS","D03","OSBS","2016-09-06T20:33Z","2016-09-08T14:58Z","OSBS.2016.36.CULERR.F.T","OSBS.2016.36.CULERR.F.T.17",39,
"d9176a8f-ecca-457b-8136-58b7b6a3f706","OSBS","D03","OSBS","2016-09-06T20:33Z","2016-09-08T14:58Z","OSBS.2016.36.CULERR.F.T","OSBS.2016.36.CULERR.F.T.21",39,
"7e7f680f-675d-4233-95e2-7b598750d6c9","OSBS","D03","OSBS","2016-09-19T20:04Z","2016-09-21T14:53Z","OSBS.2016.38.CULNIG.F.T","OSBS.2016.38.CULNIG.F.T.03",39,
"156a2ed4-5fc2-4f77-aa50-37cc9109cf2e","OSBS","D03","OSBS","2016-09-19T20:04Z","2016-09-21T14:53Z","OSBS.2016.38.CULNIG.F.T","OSBS.2016.38.CULNIG.F.T.02",39,
"c7bb0358-2ca2-45c1-b858-4e289dbb1b0a","OSBS","D03","OSBS","2016-09-19T20:04Z","2016-09-21T14:53Z","OSBS.2016.38.CULNIG.F.T","OSBS.2016.38.CULNIG.F.T.09",38,
"d4f88bb5-161a-418a-9d34-6888d291a85b","OSBS","D03","OSBS","2016-09-19T20:04Z","2016-09-21T14:53Z","OSBS.2016.38.CULNIG.F.T","OSBS.2016.38.CULNIG.F.T.01",39,
"a17b132c-20ae-42fd-8401-23d7056d9752","OSBS","D03","OSBS","2016-09-19T20:04Z","2016-09-21T14:53Z","OSBS.2016.38.CULNIG.F.T","OSBS.2016.38.CULNIG.F.T.11",38,
"ebef7f97-05cf-4356-9eec-2b4a7654a390","OSBS","D03","OSBS","2016-09-19T20:04Z","2016-09-21T14:53Z","OSBS.2016.38.CULNIG.F.T","OSBS.2016.38.CULNIG.F.T.05",39,
"42174e41-2168-4f95-b8df-63aa5d866ea6","OSBS","D03","OSBS","2016-09-19T20:04Z","2016-09-21T14:53Z","OSBS.2016.38.CULNIG.F.T","OSBS.2016.38.CULNIG.F.T.12",38,
"83914ac2-8942-42a0-a1f6-748a005ad0bb","OSBS","D03","OSBS","2016-09-19T20:04Z","2016-09-21T14:53Z","OSBS.2016.38.CULNIG.F.T","OSBS.2016.38.CULNIG.F.T.13",38,
"8602c7d0-4a2a-43ea-b42c-460e8eb657d1","OSBS","D03","OSBS","2016-09-19T20:04Z","2016-09-21T14:53Z","OSBS.2016.38.CULNIG.F.T","OSBS.2016.38.CULNIG.F.T.07",39,
"b3d15c5d-f1f6-42b5-a7a6-2d2b70103e9d","OSBS","D03","OSBS","2016-09-19T20:04Z","2016-09-21T14:53Z","OSBS.2016.38.CULNIG.F.T","OSBS.2016.38.CULNIG.F.T.06",39,
"ae855e98-aecc-4ec0-8d09-aa66aa3fa2b1","OSBS","D03","OSBS","2016-09-19T20:04Z","2016-09-21T14:53Z","OSBS.2016.38.CULNIG.F.T","OSBS.2016.38.CULNIG.F.T.04",39,
"3e743064-926f-4544-87a8-7835b41644f1","OSBS","D03","OSBS","2016-09-19T20:04Z","2016-09-21T14:53Z","OSBS.2016.38.CULNIG.F.T","OSBS.2016.38.CULNIG.F.T.10",38,
"05746de7-6742-4893-9d23-d9390f9beb74","OSBS","D03","OSBS","2016-09-19T20:04Z","2016-09-21T14:53Z","OSBS.2016.38.CULNIG.F.T","OSBS.2016.38.CULNIG.F.T.08",38,
"d5df3ce8-d4c5-4a00-9aaf-1d95aeb2048d","OSBS","D03","OSBS","2016-09-19T20:04Z","2016-09-21T14:53Z","OSBS.2016.38.CULERR.F.T","OSBS.2016.38.CULERR.F.T.16",40,
"b120c6ba-1e42-4988-b802-3796e7db86b1","OSBS","D03","OSBS","2016-09-19T20:04Z","2016-09-21T14:53Z","OSBS.2016.38.CULERR.F.T","OSBS.2016.38.CULERR.F.T.10",40,
"463a84be-3b7c-4fb6-b3ce-7a5eddace217","OSBS","D03","OSBS","2016-09-19T20:04Z","2016-09-21T14:53Z","OSBS.2016.38.CULERR.F.T","OSBS.2016.38.CULERR.F.T.02",40,
"ec718791-80c7-4238-b455-d48da30e0166","OSBS","D03","OSBS","2016-09-19T20:04Z","2016-09-21T14:53Z","OSBS.2016.38.CULERR.F.T","OSBS.2016.38.CULERR.F.T.05",40,
"eb055519-2be4-461f-8980-2e05a178b0a9","OSBS","D03","OSBS","2016-09-19T20:04Z","2016-09-21T14:53Z","OSBS.2016.38.CULERR.F.T","OSBS.2016.38.CULERR.F.T.14",40,
"e68a3579-8dfe-42dc-a4c2-e3582988f0b5","OSBS","D03","OSBS","2016-09-19T20:04Z","2016-09-21T14:53Z","OSBS.2016.38.CULERR.F.T","OSBS.2016.38.CULERR.F.T.09",40,
"14fd597b-4632-4b43-bc1f-50b2e887b1bf","OSBS","D03","OSBS","2016-09-19T20:04Z","2016-09-21T14:53Z","OSBS.2016.38.CULERR.F.T","OSBS.2016.38.CULERR.F.T.03",40,
"45985a5f-e970-4201-8fe2-863f959aa090","OSBS","D03","OSBS","2016-09-19T20:04Z","2016-09-21T14:53Z","OSBS.2016.38.CULERR.F.T","OSBS.2016.38.CULERR.F.T.19",40,
"f6f3e236-e9ae-49cd-821f-a17b730db81b","OSBS","D03","OSBS","2016-09-19T20:04Z","2016-09-21T14:53Z","OSBS.2016.38.CULERR.F.T","OSBS.2016.38.CULERR.F.T.27",39,
"11bc1407-4aee-4803-9d35-1d7a6e05bb8d","OSBS","D03","OSBS","2016-09-19T20:04Z","2016-09-21T14:53Z","OSBS.2016.38.CULERR.F.T","OSBS.2016.38.CULERR.F.T.20",40,
"782667e3-4776-475c-aaf1-05062bd18782","OSBS","D03","OSBS","2016-09-19T20:04Z","2016-09-21T14:53Z","OSBS.2016.38.CULERR.F.T","OSBS.2016.38.CULERR.F.T.17",40,
"f611390d-e451-4381-9f54-8785f7aa393b","OSBS","D03","OSBS","2016-09-19T20:04Z","2016-09-21T14:53Z","OSBS.2016.38.CULERR.F.T","OSBS.2016.38.CULERR.F.T.25",39,
"14b3085f-a05e-4ec8-8255-1597c9825df3","OSBS","D03","OSBS","2016-09-19T20:04Z","2016-09-21T14:53Z","OSBS.2016.38.CULERR.F.T","OSBS.2016.38.CULERR.F.T.11",40,
"387654a9-5cf5-4746-a171-ff43ddfcf9da","OSBS","D03","OSBS","2016-09-19T20:04Z","2016-09-21T14:53Z","OSBS.2016.38.CULERR.F.T","OSBS.2016.38.CULERR.F.T.06",40,
"972b4fd3-d1a8-4dea-8b1c-b5926c5a8a6d","OSBS","D03","OSBS","2016-09-19T20:04Z","2016-09-21T14:53Z","OSBS.2016.38.CULERR.F.T","OSBS.2016.38.CULERR.F.T.07",40,
"b0f73d21-dffd-4b77-ad0a-dcd00286988f","OSBS","D03","OSBS","2016-09-19T20:04Z","2016-09-21T14:53Z","OSBS.2016.38.CULERR.F.T","OSBS.2016.38.CULERR.F.T.23",39,
"487ed518-ec2b-441d-afb3-70d651a23002","OSBS","D03","OSBS","2016-09-19T20:04Z","2016-09-21T14:53Z","OSBS.2016.38.CULERR.F.T","OSBS.2016.38.CULERR.F.T.01",40,
"36456696-e996-40f8-8aa9-c83387f1820f","OSBS","D03","OSBS","2016-09-19T20:04Z","2016-09-21T14:53Z","OSBS.2016.38.CULERR.F.T","OSBS.2016.38.CULERR.F.T.12",40,
"ae583f30-aa2a-4563-be32-0ace30760af0","OSBS","D03","OSBS","2016-09-19T20:04Z","2016-09-21T14:53Z","OSBS.2016.38.CULERR.F.T","OSBS.2016.38.CULERR.F.T.13",40,
"cd4bc56e-cec0-48d2-8625-45455e207883","OSBS","D03","OSBS","2016-09-19T20:04Z","2016-09-21T14:53Z","OSBS.2016.38.CULERR.F.T","OSBS.2016.38.CULERR.F.T.18",40,
"18ec52df-a94e-432a-ae9a-bac8fdb35f44","OSBS","D03","OSBS","2016-09-19T20:04Z","2016-09-21T14:53Z","OSBS.2016.38.CULERR.F.T","OSBS.2016.38.CULERR.F.T.22",39,
"51456706-af9b-45cc-800d-749dabc55e7c","OSBS","D03","OSBS","2016-09-19T20:04Z","2016-09-21T14:53Z","OSBS.2016.38.CULERR.F.T","OSBS.2016.38.CULERR.F.T.24",39,
"7b9018d3-7f52-407b-b7a1-3c9133c573e5","OSBS","D03","OSBS","2016-09-19T20:04Z","2016-09-21T14:53Z","OSBS.2016.38.CULERR.F.T","OSBS.2016.38.CULERR.F.T.08",40,
"11bf5fe6-cddc-478d-badf-26d769b0ed42","OSBS","D03","OSBS","2016-09-19T20:04Z","2016-09-21T14:53Z","OSBS.2016.38.CULERR.F.T","OSBS.2016.38.CULERR.F.T.04",40,
"0b3b79fc-5585-4330-9483-c97fc09a660b","OSBS","D03","OSBS","2016-09-19T20:04Z","2016-09-21T14:53Z","OSBS.2016.38.CULERR.F.T","OSBS.2016.38.CULERR.F.T.21",39,
"9e18642e-dabb-4d54-b3c9-7bf3082da835","OSBS","D03","OSBS","2016-09-19T20:04Z","2016-09-21T14:53Z","OSBS.2016.38.CULERR.F.T","OSBS.2016.38.CULERR.F.T.15",40,
"4e026ac2-dd33-4d7a-aa94-9cac5981ad69","OSBS","D03","OSBS","2016-09-19T20:04Z","2016-09-21T14:53Z","OSBS.2016.38.CULERR.F.T","OSBS.2016.38.CULERR.F.T.26",39,
"e640aac7-1963-445e-af78-0f0f4c8e4af7","OSBS","D03","OSBS","2016-09-19T20:04Z","2016-09-21T14:53Z","OSBS.2016.38.AEDATL.F.T","OSBS.2016.38.AEDATL.F.T.02",36,
"a5463da8-c38c-447f-8f79-08f0aec66e8c","OSBS","D03","OSBS","2016-09-19T20:04Z","2016-09-21T14:53Z","OSBS.2016.38.AEDATL.F.T","OSBS.2016.38.AEDATL.F.T.01",36,
"d241864d-55e5-4c48-9b5a-3826b8e25c09","OSBS","D03","OSBS","2016-09-19T20:50Z","2016-09-21T14:53Z","OSBS.2016.38.AEDINF.F.T","OSBS.2016.38.AEDINF.F.T.06",38,
"238c9f05-da95-49fd-9303-9298c3d6163b","OSBS","D03","OSBS","2016-09-19T20:50Z","2016-09-21T14:53Z","OSBS.2016.38.AEDINF.F.T","OSBS.2016.38.AEDINF.F.T.05",38,
"079dd32d-b262-42b5-829c-94f14ff87586","OSBS","D03","OSBS","2016-09-19T20:50Z","2016-09-21T14:53Z","OSBS.2016.38.AEDINF.F.T","OSBS.2016.38.AEDINF.F.T.07",37,
"adaf3a3d-d32a-4082-8c0a-c793278ce3d4","OSBS","D03","OSBS","2016-09-19T20:50Z","2016-09-21T14:53Z","OSBS.2016.38.AEDINF.F.T","OSBS.2016.38.AEDINF.F.T.01",38,
"85031ccb-5c25-4669-9b39-5261c4809a7c","OSBS","D03","OSBS","2016-09-19T20:50Z","2016-09-21T14:53Z","OSBS.2016.38.AEDINF.F.T","OSBS.2016.38.AEDINF.F.T.03",38,
"7310c866-8bad-43ae-8984-5f4e5f49d0ed","OSBS","D03","OSBS","2016-09-19T20:50Z","2016-09-21T14:53Z","OSBS.2016.38.AEDINF.F.T","OSBS.2016.38.AEDINF.F.T.02",38,
"f34ac0e7-d887-47b0-a35b-d1ee33bfe7fd","OSBS","D03","OSBS","2016-09-19T20:50Z","2016-09-21T14:53Z","OSBS.2016.38.AEDINF.F.T","OSBS.2016.38.AEDINF.F.T.04",38,
