uid,namedLocation,domainID,siteID,startCollectDate,endCollectDate,testingID,testingVialID,poolSize,dataQF
"e7eb188c-cc6e-490d-bf4f-6156d9fc30eb","UKFS","D06","UKFS","2016-07-20T22:05Z","2016-07-22T13:05Z","UKFS.2016.29.CULSAL.F.T","UKFS.2016.29.CULSAL.F.T.01",15,
"eb455a6a-c5f0-41a8-80f9-467d0bf36a7d","UKFS","D06","UKFS","2016-07-20T22:05Z","2016-07-22T13:12Z","UKFS.2016.29.CULERR.F.T","UKFS.2016.29.CULERR.F.T.12",38,
"ee86bcfa-6414-4335-8d70-79aab82a301a","UKFS","D06","UKFS","2016-07-20T22:05Z","2016-07-22T13:12Z","UKFS.2016.29.CULERR.F.T","UKFS.2016.29.CULERR.F.T.07",38,
"5bf8ff55-d1ed-4a80-a9cb-6feb9a5c6427","UKFS","D06","UKFS","2016-07-20T22:05Z","2016-07-22T13:12Z","UKFS.2016.29.CULERR.F.T","UKFS.2016.29.CULERR.F.T.04",38,
"24a3910a-137b-44f9-b21d-7111e9e059ae","UKFS","D06","UKFS","2016-07-20T22:05Z","2016-07-22T13:12Z","UKFS.2016.29.CULERR.F.T","UKFS.2016.29.CULERR.F.T.11",38,
"d0eb3d36-af35-4f8e-9ef0-406a7942f2f4","UKFS","D06","UKFS","2016-07-20T22:05Z","2016-07-22T13:12Z","UKFS.2016.29.CULERR.F.T","UKFS.2016.29.CULERR.F.T.06",38,
"ab5228ec-7e20-4639-bc3d-c86a41a2ed69","UKFS","D06","UKFS","2016-07-20T22:05Z","2016-07-22T13:12Z","UKFS.2016.29.CULERR.F.T","UKFS.2016.29.CULERR.F.T.03",38,
"cfbbdbf3-59f2-403c-a089-760244e71128","UKFS","D06","UKFS","2016-07-20T22:05Z","2016-07-22T13:12Z","UKFS.2016.29.CULERR.F.T","UKFS.2016.29.CULERR.F.T.10",38,
"9b18059d-c0a2-4fba-a309-892ae52771b0","UKFS","D06","UKFS","2016-07-20T22:05Z","2016-07-22T13:12Z","UKFS.2016.29.CULERR.F.T","UKFS.2016.29.CULERR.F.T.01",38,
"3fef2225-fe55-4bb4-a9a7-1e0651858265","UKFS","D06","UKFS","2016-07-20T22:05Z","2016-07-22T13:12Z","UKFS.2016.29.CULERR.F.T","UKFS.2016.29.CULERR.F.T.08",38,
"b9848b77-2872-4b82-b62b-7b59da4702b4","UKFS","D06","UKFS","2016-07-20T22:05Z","2016-07-22T13:12Z","UKFS.2016.29.CULERR.F.T","UKFS.2016.29.CULERR.F.T.13",37,
"23b5673a-dfa2-451a-a291-09070fd07ff5","UKFS","D06","UKFS","2016-07-20T22:05Z","2016-07-22T13:12Z","UKFS.2016.29.CULERR.F.T","UKFS.2016.29.CULERR.F.T.09",38,
"4a38b65c-b289-476d-b94e-73e2d52532c0","UKFS","D06","UKFS","2016-07-20T22:05Z","2016-07-22T13:12Z","UKFS.2016.29.AEDVEX.F.T","UKFS.2016.29.AEDVEX.F.T.20",39,
"1db117a0-93bb-4b53-82a9-e40cb58c7d39","UKFS","D06","UKFS","2016-07-20T22:05Z","2016-07-22T13:12Z","UKFS.2016.29.AEDVEX.F.T","UKFS.2016.29.AEDVEX.F.T.29",38,
"6e0f7f53-b4f1-4038-98fa-dde41994ecf5","UKFS","D06","UKFS","2016-07-20T22:05Z","2016-07-22T13:12Z","UKFS.2016.29.AEDVEX.F.T","UKFS.2016.29.AEDVEX.F.T.19",39,
"466abd35-dc30-49dc-ad1b-fdae6f550bbe","UKFS","D06","UKFS","2016-07-20T22:05Z","2016-07-22T13:12Z","UKFS.2016.29.AEDVEX.F.T","UKFS.2016.29.AEDVEX.F.T.18",39,
"5f43481f-8590-42c3-ae14-f2c1e0bd1d5f","UKFS","D06","UKFS","2016-07-20T22:05Z","2016-07-22T13:12Z","UKFS.2016.29.AEDVEX.F.T","UKFS.2016.29.AEDVEX.F.T.21",39,
"b38d0eb6-fb5b-4c45-840b-7ac2b926cf5b","UKFS","D06","UKFS","2016-07-20T22:05Z","2016-07-22T13:12Z","UKFS.2016.29.AEDVEX.F.T","UKFS.2016.29.AEDVEX.F.T.24",39,
"506af11f-f2a2-4b6d-9682-dab8f7af9cf3","UKFS","D06","UKFS","2016-07-20T22:05Z","2016-07-22T13:12Z","UKFS.2016.29.AEDVEX.F.T","UKFS.2016.29.AEDVEX.F.T.26",39,
"42b3ac01-4e6f-4507-bd48-55e23b05646e","UKFS","D06","UKFS","2016-07-20T22:05Z","2016-07-22T13:12Z","UKFS.2016.29.AEDVEX.F.T","UKFS.2016.29.AEDVEX.F.T.25",39,
"5a2377d5-1f18-4bc3-9702-5e7c85053672","UKFS","D06","UKFS","2016-07-20T22:05Z","2016-07-22T13:12Z","UKFS.2016.29.AEDVEX.F.T","UKFS.2016.29.AEDVEX.F.T.30",38,
"da9d06e3-8f59-4a12-8a48-a0751f2ac697","UKFS","D06","UKFS","2016-07-20T22:05Z","2016-07-22T13:12Z","UKFS.2016.29.AEDVEX.F.T","UKFS.2016.29.AEDVEX.F.T.17",39,
"d93aab46-498f-460d-b883-3a114386cd98","UKFS","D06","UKFS","2016-07-20T22:05Z","2016-07-22T13:12Z","UKFS.2016.29.AEDVEX.F.T","UKFS.2016.29.AEDVEX.F.T.23",39,
"90fa05a7-3502-4192-b25b-ed4391b34911","UKFS","D06","UKFS","2016-07-20T22:05Z","2016-07-22T13:12Z","UKFS.2016.29.AEDVEX.F.T","UKFS.2016.29.AEDVEX.F.T.22",39,
"d54e21c1-b41b-47fe-a659-3994ed44f8e5","UKFS","D06","UKFS","2016-07-20T22:05Z","2016-07-22T13:12Z","UKFS.2016.29.AEDVEX.F.T","UKFS.2016.29.AEDVEX.F.T.27",39,
"5579e6ff-8ba8-435e-9b30-71bb5f405a56","UKFS","D06","UKFS","2016-07-20T22:05Z","2016-07-22T13:12Z","UKFS.2016.29.AEDVEX.F.T","UKFS.2016.29.AEDVEX.F.T.31",38,
"58581b82-d91d-4d39-a5e8-88fea977effa","UKFS","D06","UKFS","2016-07-20T22:05Z","2016-07-22T13:12Z","UKFS.2016.29.AEDVEX.F.T","UKFS.2016.29.AEDVEX.F.T.28",38,
"5ba12434-381e-400a-9a0e-fd5b7efad46a","UKFS","D06","UKFS","2016-07-20T22:05Z","2016-07-22T13:12Z","UKFS.2016.29.AEDVEX.F.T","UKFS.2016.29.AEDVEX.F.T.12",39,
"8bce276b-63f3-4d96-9b33-410facde2bee","UKFS","D06","UKFS","2016-07-20T22:05Z","2016-07-22T13:12Z","UKFS.2016.29.AEDVEX.F.T","UKFS.2016.29.AEDVEX.F.T.07",39,
"c7f74e2e-441e-473b-aaee-44140ced02d2","UKFS","D06","UKFS","2016-07-20T22:05Z","2016-07-22T13:12Z","UKFS.2016.29.AEDVEX.F.T","UKFS.2016.29.AEDVEX.F.T.15",39,
"b397a01b-d992-4aa3-b8bf-be1729a6681f","UKFS","D06","UKFS","2016-07-20T22:05Z","2016-07-22T13:12Z","UKFS.2016.29.AEDVEX.F.T","UKFS.2016.29.AEDVEX.F.T.10",39,
"2557f181-b038-4cff-b8df-e7b5f4e6abfe","UKFS","D06","UKFS","2016-07-20T22:05Z","2016-07-22T13:12Z","UKFS.2016.29.AEDVEX.F.T","UKFS.2016.29.AEDVEX.F.T.05",39,
"4a97a83e-0a24-45de-a380-3a9968ee9851","UKFS","D06","UKFS","2016-07-20T22:05Z","2016-07-22T13:12Z","UKFS.2016.29.AEDVEX.F.T","UKFS.2016.29.AEDVEX.F.T.14",39,
"3290462d-e7df-4ef0-8f25-fd6144596663","UKFS","D06","UKFS","2016-07-20T22:05Z","2016-07-22T13:12Z","UKFS.2016.29.AEDVEX.F.T","UKFS.2016.29.AEDVEX.F.T.16",39,
"c2e9c0d7-8a98-4c42-b25f-d54a859932aa","UKFS","D06","UKFS","2016-07-20T22:05Z","2016-07-22T13:12Z","UKFS.2016.29.AEDVEX.F.T","UKFS.2016.29.AEDVEX.F.T.08",39,
"a1d860bb-bbaa-436f-95b2-421216687c55","UKFS","D06","UKFS","2016-07-20T22:05Z","2016-07-22T13:12Z","UKFS.2016.29.AEDVEX.F.T","UKFS.2016.29.AEDVEX.F.T.11",39,
"0e266fb8-5ffb-40f8-8c6f-16746c375d4e","UKFS","D06","UKFS","2016-07-20T22:05Z","2016-07-22T13:12Z","UKFS.2016.29.AEDVEX.F.T","UKFS.2016.29.AEDVEX.F.T.04",39,
"d6ab9ff3-eae5-4541-b293-dc646fa5c36d","UKFS","D06","UKFS","2016-07-20T22:05Z","2016-07-22T13:12Z","UKFS.2016.29.AEDVEX.F.T","UKFS.2016.29.AEDVEX.F.T.02",39,
"7c765f51-7a5a-489c-96f0-f3d0bbef3aa0","UKFS","D06","UKFS","2016-07-20T22:05Z","2016-07-22T13:12Z","UKFS.2016.29.AEDVEX.F.T","UKFS.2016.29.AEDVEX.F.T.06",39,
"24e92a86-da1a-47a7-a651-58bfd997f52a","UKFS","D06","UKFS","2016-07-20T22:05Z","2016-07-22T13:12Z","UKFS.2016.29.AEDVEX.F.T","UKFS.2016.29.AEDVEX.F.T.09",39,
"b0398a5a-f5f7-4b31-beb7-93f1617f2515","UKFS","D06","UKFS","2016-07-20T22:05Z","2016-07-22T13:12Z","UKFS.2016.29.AEDVEX.F.T","UKFS.2016.29.AEDVEX.F.T.13",39,
"0fd4c5c6-e8eb-4cbe-b8a9-b5437ebcd200","UKFS","D06","UKFS","2016-07-20T22:05Z","2016-07-22T13:12Z","UKFS.2016.29.AEDVEX.F.T","UKFS.2016.29.AEDVEX.F.T.01",39,
"f83ead6b-2812-42d2-a5c0-ac1939764020","UKFS","D06","UKFS","2016-07-20T22:05Z","2016-07-22T13:12Z","UKFS.2016.29.AEDVEX.F.T","UKFS.2016.29.AEDVEX.F.T.03",39,
"7f914302-9b62-4410-914e-7ca573bb8430","UKFS","D06","UKFS","2016-07-20T22:05Z","2016-07-22T13:12Z","UKFS.2016.29.CULERR.F.T","UKFS.2016.29.CULERR.F.T.05",38,
"22f9ed3d-836b-4597-bba6-5ae90c61522f","UKFS","D06","UKFS","2016-07-20T22:05Z","2016-07-22T13:12Z","UKFS.2016.29.CULERR.F.T","UKFS.2016.29.CULERR.F.T.02",38,
