uid,namedLocation,domainID,siteID,startCollectDate,endCollectDate,testingID,testingVialID,poolSize,dataQF
"6b7d8529-901b-4389-aced-d3299044d36f","TALL","D08","TALL","2016-09-12T20:51Z","2016-09-14T13:51Z","TALL.2016.37.CULERR.F.T","TALL.2016.37.CULERR.F.T.01",24,
"65567d35-cf30-42b2-ac80-9e04d36c821e","TALL","D08","TALL","2016-09-12T20:51Z","2016-09-14T13:51Z","TALL.2016.37.CULERR.F.T","TALL.2016.37.CULERR.F.T.02",23,
"4ed0412a-fce2-43eb-84f9-79ec8ff70351","TALL","D08","TALL","2016-09-12T20:51Z","2016-09-14T13:51Z","TALL.2016.37.AEDATL.F.T","TALL.2016.37.AEDATL.F.T.01",25,
"15e65f7f-11cc-4dd5-8be4-30c6c243b737","TALL","D08","TALL","2016-09-12T20:51Z","2016-09-14T13:51Z","TALL.2016.37.AEDATL.F.T","TALL.2016.37.AEDATL.F.T.02",24,
"a0934ba1-059f-4fbf-a66a-2035ac125e1f","TALL","D08","TALL","2016-09-26T20:44Z","2016-09-28T13:18Z","TALL.2016.39.AEDATL.F.T","TALL.2016.39.AEDATL.F.T.02",20,
"f83fd3a2-c7da-4a3d-942c-8ccf6374b29a","TALL","D08","TALL","2016-09-26T20:44Z","2016-09-28T13:18Z","TALL.2016.39.AEDATL.F.T","TALL.2016.39.AEDATL.F.T.01",21,
"4d8304a7-ecaa-4a64-89b3-a9239841cd73","TALL","D08","TALL","2016-09-26T20:44Z","2016-09-28T14:25Z","TALL.2016.39.CULERR.F.T","TALL.2016.39.CULERR.F.T.01",38,
"1e039a9b-ca5a-4f09-b18e-b9c0bd9a3ae0","TALL","D08","TALL","2016-09-26T20:44Z","2016-09-28T14:25Z","TALL.2016.39.AEDVEX.F.T","TALL.2016.39.AEDVEX.F.T.01",34,
