uid,namedLocation,domainID,siteID,startCollectDate,endCollectDate,testingID,testingVialID,poolSize,dataQF
"54a12a60-6e76-47b2-a66a-0795c3328887","CLBJ","D11","CLBJ","2016-08-02T23:05Z","2016-08-04T13:31Z","CLBJ.2016.31.CULCOR.F.T","CLBJ.2016.31.CULCOR.F.T.01",15,
"7798bc78-8ed0-49da-8862-b65f1e501f0a","CLBJ","D11","CLBJ","2016-08-02T23:05Z","2016-08-04T13:38Z","CLBJ.2016.31.CULERR.F.T","CLBJ.2016.31.CULERR.F.T.15",39,
"f25dec11-968a-476a-bb61-9b36f533ea83","CLBJ","D11","CLBJ","2016-08-02T23:05Z","2016-08-04T13:38Z","CLBJ.2016.31.CULERR.F.T","CLBJ.2016.31.CULERR.F.T.17",39,
"69f026ed-72ec-4665-a9c9-a96793bd40e5","CLBJ","D11","CLBJ","2016-08-02T23:05Z","2016-08-04T13:38Z","CLBJ.2016.31.CULERR.F.T","CLBJ.2016.31.CULERR.F.T.09",39,
"750ecd99-3fce-495c-82ed-24f814939ce3","CLBJ","D11","CLBJ","2016-08-02T23:05Z","2016-08-04T13:38Z","CLBJ.2016.31.CULERR.F.T","CLBJ.2016.31.CULERR.F.T.12",39,
"9f0957a0-8455-4e72-8976-730c2e26cde8","CLBJ","D11","CLBJ","2016-08-02T23:05Z","2016-08-04T13:38Z","CLBJ.2016.31.CULERR.F.T","CLBJ.2016.31.CULERR.F.T.11",39,
"1ebeec34-d8b8-4abb-9b55-864ce2cbf3bc","CLBJ","D11","CLBJ","2016-08-02T23:05Z","2016-08-04T13:38Z","CLBJ.2016.31.CULERR.F.T","CLBJ.2016.31.CULERR.F.T.08",39,
"8a383160-00fe-42f7-b5ba-a6cc24e03d42","CLBJ","D11","CLBJ","2016-08-02T23:05Z","2016-08-04T13:38Z","CLBJ.2016.31.CULERR.F.T","CLBJ.2016.31.CULERR.F.T.28",39,
"16864943-bdc9-4b7c-9397-e3df76bb5aa8","CLBJ","D11","CLBJ","2016-08-02T23:05Z","2016-08-04T13:38Z","CLBJ.2016.31.CULERR.F.T","CLBJ.2016.31.CULERR.F.T.29",39,
"31ee7c34-62cd-4556-a920-05bee08f5102","CLBJ","D11","CLBJ","2016-08-02T23:05Z","2016-08-04T13:38Z","CLBJ.2016.31.CULERR.F.T","CLBJ.2016.31.CULERR.F.T.10",39,
"ca922a19-e29f-459a-b4b2-cbc2482f0053","CLBJ","D11","CLBJ","2016-08-02T23:05Z","2016-08-04T13:38Z","CLBJ.2016.31.CULERR.F.T","CLBJ.2016.31.CULERR.F.T.21",39,
"f947f7d3-49ad-4551-8267-26a8d8473da9","CLBJ","D11","CLBJ","2016-08-02T23:05Z","2016-08-04T13:38Z","CLBJ.2016.31.CULERR.F.T","CLBJ.2016.31.CULERR.F.T.07",39,
"9513016e-39ff-49ee-a036-b7a8a8130317","CLBJ","D11","CLBJ","2016-08-02T23:05Z","2016-08-04T13:38Z","CLBJ.2016.31.CULERR.F.T","CLBJ.2016.31.CULERR.F.T.23",39,
"acd7eeb6-cda9-42d5-b24e-0ddc20bd139a","CLBJ","D11","CLBJ","2016-08-02T23:05Z","2016-08-04T13:38Z","CLBJ.2016.31.CULERR.F.T","CLBJ.2016.31.CULERR.F.T.26",39,
"96bb2491-f0ea-46ab-8777-a5a5c5ddbbee","CLBJ","D11","CLBJ","2016-08-02T23:05Z","2016-08-04T13:38Z","CLBJ.2016.31.CULERR.F.T","CLBJ.2016.31.CULERR.F.T.24",39,
"980c7068-f9f8-4d5d-919b-7a0465aee39f","CLBJ","D11","CLBJ","2016-08-02T23:05Z","2016-08-04T13:38Z","CLBJ.2016.31.CULERR.F.T","CLBJ.2016.31.CULERR.F.T.06",39,
"cfd36a36-3ace-4da3-b06f-b076b2f3a001","CLBJ","D11","CLBJ","2016-08-02T23:05Z","2016-08-04T13:38Z","CLBJ.2016.31.CULERR.F.T","CLBJ.2016.31.CULERR.F.T.25",39,
"bc9d245f-8a47-4a8d-baae-1d4eb9d0614f","CLBJ","D11","CLBJ","2016-08-02T23:05Z","2016-08-04T13:38Z","CLBJ.2016.31.CULERR.F.T","CLBJ.2016.31.CULERR.F.T.14",39,
"e316444d-4a18-4de5-9c85-e45816db0cb9","CLBJ","D11","CLBJ","2016-08-02T23:05Z","2016-08-04T13:38Z","CLBJ.2016.31.CULERR.F.T","CLBJ.2016.31.CULERR.F.T.30",39,
"79bebf52-6f68-4b86-b991-f5b7a82ff695","CLBJ","D11","CLBJ","2016-08-02T23:05Z","2016-08-04T13:38Z","CLBJ.2016.31.CULERR.F.T","CLBJ.2016.31.CULERR.F.T.16",39,
"3c6312be-4f70-48b5-8f6a-b8ab6153ce7b","CLBJ","D11","CLBJ","2016-08-02T23:05Z","2016-08-04T13:38Z","CLBJ.2016.31.CULERR.F.T","CLBJ.2016.31.CULERR.F.T.20",39,
"77b30ed1-b3fd-4697-8ebb-318d51a4f33d","CLBJ","D11","CLBJ","2016-08-02T23:05Z","2016-08-04T13:38Z","CLBJ.2016.31.CULERR.F.T","CLBJ.2016.31.CULERR.F.T.19",39,
"7d452ca8-d0e5-4aae-8604-09c08567f3b6","CLBJ","D11","CLBJ","2016-08-02T23:05Z","2016-08-04T13:38Z","CLBJ.2016.31.CULERR.F.T","CLBJ.2016.31.CULERR.F.T.18",39,
"ef46242a-d022-4ca2-a142-8f5c1c6eb872","CLBJ","D11","CLBJ","2016-08-02T23:05Z","2016-08-04T13:38Z","CLBJ.2016.31.CULERR.F.T","CLBJ.2016.31.CULERR.F.T.31",39,
"2dd7210c-2b3c-4be1-a078-1dcde7efd5a2","CLBJ","D11","CLBJ","2016-08-02T23:05Z","2016-08-04T13:38Z","CLBJ.2016.31.CULERR.F.T","CLBJ.2016.31.CULERR.F.T.05",39,
"df681a52-9aa2-4997-a8f8-146ecf4de182","CLBJ","D11","CLBJ","2016-08-02T23:05Z","2016-08-04T13:38Z","CLBJ.2016.31.CULERR.F.T","CLBJ.2016.31.CULERR.F.T.13",39,
"e305395c-77e4-45de-a735-b5ac6d30f8a3","CLBJ","D11","CLBJ","2016-08-02T23:05Z","2016-08-04T13:38Z","CLBJ.2016.31.CULERR.F.T","CLBJ.2016.31.CULERR.F.T.01",40,
"fa386559-b065-4fa0-9c8b-4e1fd577a10c","CLBJ","D11","CLBJ","2016-08-02T23:05Z","2016-08-04T13:38Z","CLBJ.2016.31.CULERR.F.T","CLBJ.2016.31.CULERR.F.T.02",40,
"ffe215b6-1325-4a6e-be2c-afca88622427","CLBJ","D11","CLBJ","2016-08-02T23:05Z","2016-08-04T13:38Z","CLBJ.2016.31.CULERR.F.T","CLBJ.2016.31.CULERR.F.T.03",40,
"88346f69-cf11-473b-baa5-615b15781218","CLBJ","D11","CLBJ","2016-08-02T23:05Z","2016-08-04T13:38Z","CLBJ.2016.31.CULERR.F.T","CLBJ.2016.31.CULERR.F.T.04",39,
"9d0cd8a8-fd57-468d-86c9-afb29127752b","CLBJ","D11","CLBJ","2016-08-02T23:05Z","2016-08-04T13:38Z","CLBJ.2016.31.CULERR.F.T","CLBJ.2016.31.CULERR.F.T.22",39,
"40af9fdd-ee90-4e71-891b-ad2613256e25","CLBJ","D11","CLBJ","2016-08-02T23:05Z","2016-08-04T13:38Z","CLBJ.2016.31.CULERR.F.T","CLBJ.2016.31.CULERR.F.T.27",39,
"de4372c8-e0d5-45c3-b977-1b143b376a43","CLBJ","D11","CLBJ","2016-08-15T21:26Z","2016-08-17T13:56Z","CLBJ.2016.33.CULERR.F.T","CLBJ.2016.33.CULERR.F.T.17",37,
"dce0013e-5077-48da-8bad-c8c8eeeef9f8","CLBJ","D11","CLBJ","2016-08-15T21:26Z","2016-08-17T13:56Z","CLBJ.2016.33.CULERR.F.T","CLBJ.2016.33.CULERR.F.T.05",38,
"a94ba56d-40ae-4f52-b5e4-3a1e4b2facec","CLBJ","D11","CLBJ","2016-08-15T21:26Z","2016-08-17T13:56Z","CLBJ.2016.33.CULERR.F.T","CLBJ.2016.33.CULERR.F.T.04",38,
"aff6a95e-84e4-4c20-aea5-7a8802258544","CLBJ","D11","CLBJ","2016-08-15T21:26Z","2016-08-17T13:56Z","CLBJ.2016.33.CULERR.F.T","CLBJ.2016.33.CULERR.F.T.18",37,
"23818c44-bed6-486d-aa80-152ee6e1aad4","CLBJ","D11","CLBJ","2016-08-15T21:26Z","2016-08-17T13:56Z","CLBJ.2016.33.CULERR.F.T","CLBJ.2016.33.CULERR.F.T.06",38,
"e9e5ad80-7ed3-4007-9cc1-c2062df474cd","CLBJ","D11","CLBJ","2016-08-15T21:26Z","2016-08-17T13:56Z","CLBJ.2016.33.CULERR.F.T","CLBJ.2016.33.CULERR.F.T.13",38,
"daf526af-d378-477b-8432-44cc6909f220","CLBJ","D11","CLBJ","2016-08-15T21:26Z","2016-08-17T13:56Z","CLBJ.2016.33.CULERR.F.T","CLBJ.2016.33.CULERR.F.T.02",38,
"8f6b91d2-a51f-42a4-acad-3425a0bd04dd","CLBJ","D11","CLBJ","2016-08-15T21:26Z","2016-08-17T13:56Z","CLBJ.2016.33.CULERR.F.T","CLBJ.2016.33.CULERR.F.T.07",38,
"bc4377ed-e64b-4593-addf-e6c9b65c62eb","CLBJ","D11","CLBJ","2016-08-15T21:26Z","2016-08-17T13:56Z","CLBJ.2016.33.CULERR.F.T","CLBJ.2016.33.CULERR.F.T.08",38,
"8f23f004-2858-4c74-bfbe-091525ccc1d4","CLBJ","D11","CLBJ","2016-08-15T21:26Z","2016-08-17T13:56Z","CLBJ.2016.33.CULERR.F.T","CLBJ.2016.33.CULERR.F.T.16",38,
"38b61f87-fdec-438b-82d8-0e163bf2dce1","CLBJ","D11","CLBJ","2016-08-15T21:26Z","2016-08-17T13:56Z","CLBJ.2016.33.CULERR.F.T","CLBJ.2016.33.CULERR.F.T.11",38,
"78443035-ff4e-4020-b723-c253ea36b699","CLBJ","D11","CLBJ","2016-08-15T21:26Z","2016-08-17T13:56Z","CLBJ.2016.33.CULERR.F.T","CLBJ.2016.33.CULERR.F.T.01",38,
"f5cb1ac9-c871-42bb-a389-66075bcf9c1f","CLBJ","D11","CLBJ","2016-08-15T21:26Z","2016-08-17T13:56Z","CLBJ.2016.33.CULERR.F.T","CLBJ.2016.33.CULERR.F.T.10",38,
"5cb949f9-2157-4062-9dec-3665e39e3103","CLBJ","D11","CLBJ","2016-08-15T21:26Z","2016-08-17T13:56Z","CLBJ.2016.33.CULERR.F.T","CLBJ.2016.33.CULERR.F.T.03",38,
"c829983b-e286-4567-a454-6258682220ee","CLBJ","D11","CLBJ","2016-08-15T21:26Z","2016-08-17T13:56Z","CLBJ.2016.33.CULERR.F.T","CLBJ.2016.33.CULERR.F.T.12",38,
"295671fc-76c1-4d32-bb42-4590e2823faa","CLBJ","D11","CLBJ","2016-08-15T21:26Z","2016-08-17T13:56Z","CLBJ.2016.33.CULERR.F.T","CLBJ.2016.33.CULERR.F.T.15",38,
"64af2bbe-3a13-4ebf-9d13-4dc1e219514d","CLBJ","D11","CLBJ","2016-08-15T21:26Z","2016-08-17T13:56Z","CLBJ.2016.33.CULERR.F.T","CLBJ.2016.33.CULERR.F.T.14",38,
"75d5ee0f-5d77-4e4d-8293-7e13795e2b07","CLBJ","D11","CLBJ","2016-08-15T21:26Z","2016-08-17T13:56Z","CLBJ.2016.33.CULERR.F.T","CLBJ.2016.33.CULERR.F.T.09",38,
"4b783ede-b2b1-4907-a614-54c6a12b8ee4","CLBJ","D11","CLBJ","2016-08-15T21:55Z","2016-08-17T13:30Z","CLBJ.2016.33.AEDVEX.F.T","CLBJ.2016.33.AEDVEX.F.T.01",31,
"8198bb11-0a11-4088-85e7-8f0d1468e5ea","CLBJ","D11","CLBJ","2016-08-29T21:00Z","2016-08-31T13:48Z","CLBJ.2016.35.AEDTRI.F.T","CLBJ.2016.35.AEDTRI.F.T.02",23,
"ce82e0cc-9db4-4c3f-8322-b9fb9ae00584","CLBJ","D11","CLBJ","2016-08-29T21:00Z","2016-08-31T13:48Z","CLBJ.2016.35.AEDTRI.F.T","CLBJ.2016.35.AEDTRI.F.T.01",23,
"6a1193b2-f7a6-4bf8-8985-c63cb09572c2","CLBJ","D11","CLBJ","2016-08-29T21:00Z","2016-08-31T13:52Z","CLBJ.2016.35.CULERR.F.T","CLBJ.2016.35.CULERR.F.T.23",39,
"e241682d-6542-4f37-ae11-8b92bfcd39c5","CLBJ","D11","CLBJ","2016-08-29T21:00Z","2016-08-31T13:52Z","CLBJ.2016.35.CULERR.F.T","CLBJ.2016.35.CULERR.F.T.28",39,
"7583d030-a62f-42e9-943c-6eee1e3f4773","CLBJ","D11","CLBJ","2016-08-29T21:00Z","2016-08-31T13:52Z","CLBJ.2016.35.CULERR.F.T","CLBJ.2016.35.CULERR.F.T.12",39,
"a5b855d3-a935-4f3a-a477-a49f61c7247d","CLBJ","D11","CLBJ","2016-08-29T21:00Z","2016-08-31T13:52Z","CLBJ.2016.35.CULERR.F.T","CLBJ.2016.35.CULERR.F.T.25",39,
"b1cd6bef-c973-4e92-9502-09498e2f9375","CLBJ","D11","CLBJ","2016-08-29T21:00Z","2016-08-31T13:52Z","CLBJ.2016.35.CULERR.F.T","CLBJ.2016.35.CULERR.F.T.22",39,
"f28ad0d0-788c-47ab-b16d-b66b5dc7df56","CLBJ","D11","CLBJ","2016-08-29T21:00Z","2016-08-31T13:52Z","CLBJ.2016.35.CULERR.F.T","CLBJ.2016.35.CULERR.F.T.15",39,
"276d987d-f933-4673-ab08-608b907c136b","CLBJ","D11","CLBJ","2016-08-29T21:00Z","2016-08-31T13:52Z","CLBJ.2016.35.CULERR.F.T","CLBJ.2016.35.CULERR.F.T.17",39,
"628946a4-a7f8-4490-828e-39ae693ce642","CLBJ","D11","CLBJ","2016-08-29T21:00Z","2016-08-31T13:52Z","CLBJ.2016.35.CULERR.F.T","CLBJ.2016.35.CULERR.F.T.13",39,
"d339d485-88f0-4ba7-8844-5c6faf11aa99","CLBJ","D11","CLBJ","2016-08-29T21:00Z","2016-08-31T13:52Z","CLBJ.2016.35.CULERR.F.T","CLBJ.2016.35.CULERR.F.T.26",39,
"c93e4ae7-ff28-4e6b-9cdd-f1b263502a1d","CLBJ","D11","CLBJ","2016-08-29T21:00Z","2016-08-31T13:52Z","CLBJ.2016.35.CULERR.F.T","CLBJ.2016.35.CULERR.F.T.19",39,
"0bb54934-748b-4aa2-8285-f60722efd321","CLBJ","D11","CLBJ","2016-08-29T21:00Z","2016-08-31T13:52Z","CLBJ.2016.35.CULERR.F.T","CLBJ.2016.35.CULERR.F.T.24",39,
"d60b92ac-74e0-49e9-b7c2-25d102695b04","CLBJ","D11","CLBJ","2016-08-29T21:00Z","2016-08-31T13:52Z","CLBJ.2016.35.CULERR.F.T","CLBJ.2016.35.CULERR.F.T.29",39,
"c0deb8f0-9337-4c32-b148-90d62071a4d2","CLBJ","D11","CLBJ","2016-08-29T21:00Z","2016-08-31T13:52Z","CLBJ.2016.35.CULERR.F.T","CLBJ.2016.35.CULERR.F.T.07",39,
"d207e62d-fe6d-4669-9450-299ede654e63","CLBJ","D11","CLBJ","2016-08-29T21:00Z","2016-08-31T13:52Z","CLBJ.2016.35.CULERR.F.T","CLBJ.2016.35.CULERR.F.T.21",39,
"497c9fda-062c-42b1-a550-2968911ace7b","CLBJ","D11","CLBJ","2016-08-29T21:00Z","2016-08-31T13:52Z","CLBJ.2016.35.CULERR.F.T","CLBJ.2016.35.CULERR.F.T.20",39,
"72a5ddd6-0f00-44f8-a106-bfafef6711d4","CLBJ","D11","CLBJ","2016-08-29T21:00Z","2016-08-31T13:52Z","CLBJ.2016.35.CULERR.F.T","CLBJ.2016.35.CULERR.F.T.10",39,
"0a94f997-0b73-48b6-aeb1-548479e42143","CLBJ","D11","CLBJ","2016-08-29T21:00Z","2016-08-31T13:52Z","CLBJ.2016.35.CULNIG.F.T","CLBJ.2016.35.CULNIG.F.T.02",23,
"e96bf6d1-11f9-42ae-a6e4-ec0c0a7f18c5","CLBJ","D11","CLBJ","2016-08-29T21:00Z","2016-08-31T13:52Z","CLBJ.2016.35.CULNIG.F.T","CLBJ.2016.35.CULNIG.F.T.01",23,
"2d9416c0-3bb3-40d7-a1b3-92cc160766bb","CLBJ","D11","CLBJ","2016-08-29T21:00Z","2016-08-31T13:52Z","CLBJ.2016.35.CULERR.F.T","CLBJ.2016.35.CULERR.F.T.06",39,
"ba547561-e5fd-4ea8-af5b-a93a4c3b0d5f","CLBJ","D11","CLBJ","2016-08-29T21:00Z","2016-08-31T13:52Z","CLBJ.2016.35.AEDVEX.F.T","CLBJ.2016.35.AEDVEX.F.T.03",34,
"58e040ca-c9c5-4afb-a56d-76a5cb216913","CLBJ","D11","CLBJ","2016-08-29T21:00Z","2016-08-31T13:52Z","CLBJ.2016.35.CULERR.F.T","CLBJ.2016.35.CULERR.F.T.30",38,
"dbc64a4f-4d43-42d9-8478-7939b068caef","CLBJ","D11","CLBJ","2016-08-29T21:00Z","2016-08-31T13:52Z","CLBJ.2016.35.CULERR.F.T","CLBJ.2016.35.CULERR.F.T.27",39,
"b6298f36-b40a-41a2-98c4-3ea3726aa7c3","CLBJ","D11","CLBJ","2016-08-29T21:00Z","2016-08-31T13:52Z","CLBJ.2016.35.CULERR.F.T","CLBJ.2016.35.CULERR.F.T.16",39,
"0d1f8f63-878b-4f74-934c-b364dc29a401","CLBJ","D11","CLBJ","2016-08-29T21:00Z","2016-08-31T13:52Z","CLBJ.2016.35.CULERR.F.T","CLBJ.2016.35.CULERR.F.T.18",39,
"3f5538a8-86c0-4cb8-a61d-ccd0616cdb36","CLBJ","D11","CLBJ","2016-08-29T21:00Z","2016-08-31T13:52Z","CLBJ.2016.35.CULERR.F.T","CLBJ.2016.35.CULERR.F.T.09",39,
"c8cda675-d5f6-4ccf-99f5-51318803a0be","CLBJ","D11","CLBJ","2016-08-29T21:00Z","2016-08-31T13:52Z","CLBJ.2016.35.CULERR.F.T","CLBJ.2016.35.CULERR.F.T.14",39,
"ab93f2a3-2752-41a0-b5a9-537165f35c1b","CLBJ","D11","CLBJ","2016-08-29T21:00Z","2016-08-31T13:52Z","CLBJ.2016.35.CULERR.F.T","CLBJ.2016.35.CULERR.F.T.31",38,
"2803b36c-581b-4520-aed5-98c78ae9c665","CLBJ","D11","CLBJ","2016-08-29T21:00Z","2016-08-31T13:52Z","CLBJ.2016.35.CULERR.F.T","CLBJ.2016.35.CULERR.F.T.11",39,
"677274e8-9785-4bbb-8558-e87a35fffde2","CLBJ","D11","CLBJ","2016-08-29T21:00Z","2016-08-31T13:52Z","CLBJ.2016.35.CULERR.F.T","CLBJ.2016.35.CULERR.F.T.08",39,
"5f3be8d9-c319-4bea-afe9-852b76157cdd","CLBJ","D11","CLBJ","2016-08-29T21:00Z","2016-08-31T13:52Z","CLBJ.2016.35.CULERR.F.T","CLBJ.2016.35.CULERR.F.T.32",38,
"aa3f3513-5695-4a7b-a4ae-61382104813c","CLBJ","D11","CLBJ","2016-08-29T21:00Z","2016-08-31T13:52Z","CLBJ.2016.35.CULERR.F.T","CLBJ.2016.35.CULERR.F.T.03",39,
"f587669d-06a1-4fb1-be16-9ad3848df344","CLBJ","D11","CLBJ","2016-08-29T21:00Z","2016-08-31T13:52Z","CLBJ.2016.35.CULERR.F.T","CLBJ.2016.35.CULERR.F.T.02",39,
"b534e088-6de4-4114-9669-e6892d944da2","CLBJ","D11","CLBJ","2016-08-29T21:00Z","2016-08-31T13:52Z","CLBJ.2016.35.CULERR.F.T","CLBJ.2016.35.CULERR.F.T.01",39,
"eaa874ae-e55d-42b2-9cec-94a0182eda23","CLBJ","D11","CLBJ","2016-08-29T21:00Z","2016-08-31T13:52Z","CLBJ.2016.35.CULERR.F.T","CLBJ.2016.35.CULERR.F.T.05",39,
"c1ca5aa1-8a78-4268-ba69-bf0cae5cf235","CLBJ","D11","CLBJ","2016-08-29T21:00Z","2016-08-31T13:52Z","CLBJ.2016.35.CULERR.F.T","CLBJ.2016.35.CULERR.F.T.04",39,
"81d95100-ac47-4567-9cba-395a4e358e57","CLBJ","D11","CLBJ","2016-08-29T21:00Z","2016-08-31T13:52Z","CLBJ.2016.35.AEDVEX.F.T","CLBJ.2016.35.AEDVEX.F.T.05",34,
"77c8cd92-7668-4021-94f2-34d6a3d27de9","CLBJ","D11","CLBJ","2016-08-29T21:00Z","2016-08-31T13:52Z","CLBJ.2016.35.AEDVEX.F.T","CLBJ.2016.35.AEDVEX.F.T.02",35,
"bf51f26c-1508-49b6-9e84-fbdcd9ee1cb6","CLBJ","D11","CLBJ","2016-08-29T21:00Z","2016-08-31T13:52Z","CLBJ.2016.35.AEDVEX.F.T","CLBJ.2016.35.AEDVEX.F.T.04",34,
"be534be5-a3fa-4f3a-830b-0b6f7f36de45","CLBJ","D11","CLBJ","2016-08-29T21:00Z","2016-08-31T13:52Z","CLBJ.2016.35.AEDVEX.F.T","CLBJ.2016.35.AEDVEX.F.T.01",35,
"a8f47073-2f36-4d5b-aa05-b7a3822fe1cd","CLBJ","D11","CLBJ","2016-08-29T21:42Z","2016-08-31T13:52Z","CLBJ.2016.35.CULCOR.F.T","CLBJ.2016.35.CULCOR.F.T.02",37,
"3dad5514-7d8f-4b80-abaa-8255e5886f76","CLBJ","D11","CLBJ","2016-08-29T21:42Z","2016-08-31T13:52Z","CLBJ.2016.35.CULCOR.F.T","CLBJ.2016.35.CULCOR.F.T.01",37,
